
*** Running vivado
    with args -log level0_wrapper.vdi -applog -m64 -product Vivado -messageDb vivado.pb -mode batch -source level0_wrapper.tcl -notrace


****** Vivado v2025.1 (64-bit)
  **** SW Build 6140274 on Wed May 21 22:58:25 MDT 2025
  **** IP Build 6138677 on Thu May 22 03:10:11 MDT 2025
  **** SharedData Build 6139179 on Tue May 20 17:58:58 MDT 2025
  **** Start of session at: Fri Feb 27 06:09:24 2026
    ** Copyright 1986-2022 Xilinx, Inc. All Rights Reserved.
    ** Copyright 2022-2025 Advanced Micro Devices, Inc. All Rights Reserved.

source level0_wrapper.tcl -notrace
INFO: Dispatch client connection id - 40507
source /home/miahafiz/NeuroRing_a_4096_5c/_x.hw.NUM_4096.CORE_5.FREQ_300/link/vivado/vpl/scripts/impl_1/_full_init_pre.tcl
INFO: [IP_Flow 19-234] Refreshing IP repositories
INFO: [IP_Flow 19-1700] Loaded user IP repository '/home/miahafiz/NeuroRing_a_4096_5c/_x.hw.NUM_4096.CORE_5.FREQ_300/link/int/xo/ip_repo/xilinx_com_hls_SynapseRouter_1_0'.
INFO: [IP_Flow 19-1700] Loaded user IP repository '/home/miahafiz/NeuroRing_a_4096_5c/_x.hw.NUM_4096.CORE_5.FREQ_300/link/int/xo/ip_repo/xilinx_com_hls_NeuroRing_1_0'.
INFO: [IP_Flow 19-1700] Loaded user IP repository '/home/miahafiz/NeuroRing_a_4096_5c/_x.hw.NUM_4096.CORE_5.FREQ_300/link/vivado/vpl/.local/hw_platform/iprepo'.
INFO: [IP_Flow 19-1700] Loaded user IP repository '/opt/xilinx/2025.1/Vitis/data/cache/xilinx'.
INFO: [IP_Flow 19-1700] Loaded user IP repository '/home/miahafiz/NeuroRing_a_4096_5c/_x.hw.NUM_4096.CORE_5.FREQ_300/link/vivado/vpl/.local/hw_platform/ipcache'.
INFO: [IP_Flow 19-1700] Loaded user IP repository '/opt/xilinx/2025.1/Vitis/data/vitis/ip'.
INFO: [IP_Flow 19-2313] Loaded Vivado IP repository '/opt/xilinx/2025.1/Vivado/data/ip'.
WARNING: [IP_Flow 19-1663] Duplicate IP found for 'xilinx.com:ip:axi_clk_metadata_adapter:1.0'. The one found in IP location '/home/miahafiz/NeuroRing_a_4096_5c/_x.hw.NUM_4096.CORE_5.FREQ_300/link/vivado/vpl/.local/hw_platform/iprepo/ipdefs/other_ipdefs/axi_clk_metadata_adapter_v1_0' will take precedence over the same IP in location /home/miahafiz/NeuroRing_a_4096_5c/_x.hw.NUM_4096.CORE_5.FREQ_300/link/vivado/vpl/.local/hw_platform/iprepo/ipdefs/pxi_ii_infra/axi_clk_metadata_adapter_v1_0
WARNING: [IP_Flow 19-1663] Duplicate IP found for 'xilinx.com:ip:axis_clk_metadata_adapter:1.0'. The one found in IP location '/home/miahafiz/NeuroRing_a_4096_5c/_x.hw.NUM_4096.CORE_5.FREQ_300/link/vivado/vpl/.local/hw_platform/iprepo/ipdefs/other_ipdefs/axis_clk_metadata_adapter_v1_0' will take precedence over the same IP in location /home/miahafiz/NeuroRing_a_4096_5c/_x.hw.NUM_4096.CORE_5.FREQ_300/link/vivado/vpl/.local/hw_platform/iprepo/ipdefs/pxi_ii_infra/axis_clk_metadata_adapter_v1_0
WARNING: [IP_Flow 19-1663] Duplicate IP found for 'xilinx.com:ip:clk_metadata_adapter:1.0'. The one found in IP location '/home/miahafiz/NeuroRing_a_4096_5c/_x.hw.NUM_4096.CORE_5.FREQ_300/link/vivado/vpl/.local/hw_platform/iprepo/ipdefs/other_ipdefs/clk_metadata_adapter_v1_0' will take precedence over the same IP in location /home/miahafiz/NeuroRing_a_4096_5c/_x.hw.NUM_4096.CORE_5.FREQ_300/link/vivado/vpl/.local/hw_platform/iprepo/ipdefs/pxi_ii_infra/clk_metadata_adapter_v1_0
WARNING: [IP_Flow 19-1663] Duplicate IP found for 'xilinx.com:ip:pipeline_reg:1.0'. The one found in IP location '/home/miahafiz/NeuroRing_a_4096_5c/_x.hw.NUM_4096.CORE_5.FREQ_300/link/vivado/vpl/.local/hw_platform/iprepo/ipdefs/other_ipdefs/pipeline_reg_v1_0' will take precedence over the same IP in location /home/miahafiz/NeuroRing_a_4096_5c/_x.hw.NUM_4096.CORE_5.FREQ_300/link/vivado/vpl/.local/hw_platform/iprepo/ipdefs/pxi_ii_infra/pipeline_reg_v1_0
Command: link_design -part xcu55c-fsvh2892-2L-e -reconfig_partitions level0_i/ulp
Design is defaulting to srcset: sources_1
Design is defaulting to constrset: constrs_1
Design is defaulting to dcp top: level0_wrapper
INFO: [Device 21-403] Loading part xcu55c-fsvh2892-2L-e
INFO: [Project 1-5699] Read binary netlist with skipMacroContent - 1
INFO: [Project 1-454] Reading design checkpoint '/home/miahafiz/NeuroRing_a_4096_5c/_x.hw.NUM_4096.CORE_5.FREQ_300/link/vivado/vpl/prj/prj.runs/my_rm_synth_1/ulp.dcp' for cell 'level0_i/ulp'
INFO: [Constraints 18-13253] Total boundary pins count on instance ulp is 3441
INFO: [Constraints 18-13252] Boundary pins count for instance ulp is greater than 1000, which could increase runtime to stitch this dcp to netlist.
INFO: [Constraints 18-13251] 501 boundary pins have been processed..
INFO: [Constraints 18-13251] 1002 boundary pins have been processed..
INFO: [Constraints 18-13251] 1503 boundary pins have been processed..
INFO: [Constraints 18-13251] 2004 boundary pins have been processed..
INFO: [Constraints 18-13251] 2505 boundary pins have been processed..
INFO: [Constraints 18-13251] 3006 boundary pins have been processed..
INFO: [Project 1-454] Reading design checkpoint '/home/miahafiz/NeuroRing_a_4096_5c/_x.hw.NUM_4096.CORE_5.FREQ_300/link/vivado/vpl/prj/prj.gen/my_rm/bd/ulp/ip/ulp_NeuroRing_0_0/ulp_NeuroRing_0_0.dcp' for cell 'level0_i/ulp/NeuroRing_0'
INFO: [Project 1-454] Reading design checkpoint '/home/miahafiz/NeuroRing_a_4096_5c/_x.hw.NUM_4096.CORE_5.FREQ_300/link/vivado/vpl/prj/prj.gen/my_rm/bd/ulp/ip/ulp_NeuroRing_1_0/ulp_NeuroRing_1_0.dcp' for cell 'level0_i/ulp/NeuroRing_1'
INFO: [Project 1-454] Reading design checkpoint '/home/miahafiz/NeuroRing_a_4096_5c/_x.hw.NUM_4096.CORE_5.FREQ_300/link/vivado/vpl/prj/prj.gen/my_rm/bd/ulp/ip/ulp_NeuroRing_2_0/ulp_NeuroRing_2_0.dcp' for cell 'level0_i/ulp/NeuroRing_2'
INFO: [Project 1-454] Reading design checkpoint '/home/miahafiz/NeuroRing_a_4096_5c/_x.hw.NUM_4096.CORE_5.FREQ_300/link/vivado/vpl/prj/prj.gen/my_rm/bd/ulp/ip/ulp_NeuroRing_3_0/ulp_NeuroRing_3_0.dcp' for cell 'level0_i/ulp/NeuroRing_3'
INFO: [Project 1-454] Reading design checkpoint '/home/miahafiz/NeuroRing_a_4096_5c/_x.hw.NUM_4096.CORE_5.FREQ_300/link/vivado/vpl/prj/prj.gen/my_rm/bd/ulp/ip/ulp_NeuroRing_4_0/ulp_NeuroRing_4_0.dcp' for cell 'level0_i/ulp/NeuroRing_4'
INFO: [Project 1-454] Reading design checkpoint '/home/miahafiz/NeuroRing_a_4096_5c/_x.hw.NUM_4096.CORE_5.FREQ_300/link/vivado/vpl/prj/prj.gen/my_rm/bd/ulp/ip/ulp_SynapseRouter_0_0/ulp_SynapseRouter_0_0.dcp' for cell 'level0_i/ulp/SynapseRouter_0'
INFO: [Project 1-454] Reading design checkpoint '/home/miahafiz/NeuroRing_a_4096_5c/_x.hw.NUM_4096.CORE_5.FREQ_300/link/vivado/vpl/prj/prj.gen/my_rm/bd/ulp/ip/ulp_SynapseRouter_1_0/ulp_SynapseRouter_1_0.dcp' for cell 'level0_i/ulp/SynapseRouter_1'
INFO: [Project 1-454] Reading design checkpoint '/home/miahafiz/NeuroRing_a_4096_5c/_x.hw.NUM_4096.CORE_5.FREQ_300/link/vivado/vpl/prj/prj.gen/my_rm/bd/ulp/ip/ulp_SynapseRouter_2_0/ulp_SynapseRouter_2_0.dcp' for cell 'level0_i/ulp/SynapseRouter_2'
INFO: [Project 1-454] Reading design checkpoint '/home/miahafiz/NeuroRing_a_4096_5c/_x.hw.NUM_4096.CORE_5.FREQ_300/link/vivado/vpl/prj/prj.gen/my_rm/bd/ulp/ip/ulp_SynapseRouter_3_0/ulp_SynapseRouter_3_0.dcp' for cell 'level0_i/ulp/SynapseRouter_3'
INFO: [Project 1-454] Reading design checkpoint '/home/miahafiz/NeuroRing_a_4096_5c/_x.hw.NUM_4096.CORE_5.FREQ_300/link/vivado/vpl/prj/prj.gen/my_rm/bd/ulp/ip/ulp_SynapseRouter_4_0/ulp_SynapseRouter_4_0.dcp' for cell 'level0_i/ulp/SynapseRouter_4'
INFO: [Project 1-454] Reading design checkpoint '/home/miahafiz/NeuroRing_a_4096_5c/_x.hw.NUM_4096.CORE_5.FREQ_300/link/vivado/vpl/prj/prj.gen/my_rm/bd/ulp/ip/ulp_axi_vip_data_0/ulp_axi_vip_data_0.dcp' for cell 'level0_i/ulp/axi_vip_data'
INFO: [Project 1-454] Reading design checkpoint '/home/miahafiz/NeuroRing_a_4096_5c/_x.hw.NUM_4096.CORE_5.FREQ_300/link/vivado/vpl/prj/prj.gen/my_rm/bd/ulp/ip/ulp_buffer_NeuroRing_0_SynapseStreamLeft_0/ulp_buffer_NeuroRing_0_SynapseStreamLeft_0.dcp' for cell 'level0_i/ulp/buffer_NeuroRing_0_SynapseStreamLeft'
INFO: [Project 1-454] Reading design checkpoint '/home/miahafiz/NeuroRing_a_4096_5c/_x.hw.NUM_4096.CORE_5.FREQ_300/link/vivado/vpl/prj/prj.gen/my_rm/bd/ulp/ip/ulp_buffer_NeuroRing_0_SynapseStreamRight_0/ulp_buffer_NeuroRing_0_SynapseStreamRight_0.dcp' for cell 'level0_i/ulp/buffer_NeuroRing_0_SynapseStreamRight'
INFO: [Project 1-454] Reading design checkpoint '/home/miahafiz/NeuroRing_a_4096_5c/_x.hw.NUM_4096.CORE_5.FREQ_300/link/vivado/vpl/prj/prj.gen/my_rm/bd/ulp/ip/ulp_buffer_NeuroRing_1_SynapseStreamLeft_0/ulp_buffer_NeuroRing_1_SynapseStreamLeft_0.dcp' for cell 'level0_i/ulp/buffer_NeuroRing_1_SynapseStreamLeft'
INFO: [Project 1-454] Reading design checkpoint '/home/miahafiz/NeuroRing_a_4096_5c/_x.hw.NUM_4096.CORE_5.FREQ_300/link/vivado/vpl/prj/prj.gen/my_rm/bd/ulp/ip/ulp_buffer_NeuroRing_1_SynapseStreamRight_0/ulp_buffer_NeuroRing_1_SynapseStreamRight_0.dcp' for cell 'level0_i/ulp/buffer_NeuroRing_1_SynapseStreamRight'
INFO: [Project 1-454] Reading design checkpoint '/home/miahafiz/NeuroRing_a_4096_5c/_x.hw.NUM_4096.CORE_5.FREQ_300/link/vivado/vpl/prj/prj.gen/my_rm/bd/ulp/ip/ulp_buffer_NeuroRing_2_SynapseStreamLeft_0/ulp_buffer_NeuroRing_2_SynapseStreamLeft_0.dcp' for cell 'level0_i/ulp/buffer_NeuroRing_2_SynapseStreamLeft'
INFO: [Project 1-454] Reading design checkpoint '/home/miahafiz/NeuroRing_a_4096_5c/_x.hw.NUM_4096.CORE_5.FREQ_300/link/vivado/vpl/prj/prj.gen/my_rm/bd/ulp/ip/ulp_buffer_NeuroRing_2_SynapseStreamRight_0/ulp_buffer_NeuroRing_2_SynapseStreamRight_0.dcp' for cell 'level0_i/ulp/buffer_NeuroRing_2_SynapseStreamRight'
INFO: [Project 1-454] Reading design checkpoint '/home/miahafiz/NeuroRing_a_4096_5c/_x.hw.NUM_4096.CORE_5.FREQ_300/link/vivado/vpl/prj/prj.gen/my_rm/bd/ulp/ip/ulp_buffer_NeuroRing_3_SynapseStreamLeft_0/ulp_buffer_NeuroRing_3_SynapseStreamLeft_0.dcp' for cell 'level0_i/ulp/buffer_NeuroRing_3_SynapseStreamLeft'
INFO: [Project 1-454] Reading design checkpoint '/home/miahafiz/NeuroRing_a_4096_5c/_x.hw.NUM_4096.CORE_5.FREQ_300/link/vivado/vpl/prj/prj.gen/my_rm/bd/ulp/ip/ulp_buffer_NeuroRing_3_SynapseStreamRight_0/ulp_buffer_NeuroRing_3_SynapseStreamRight_0.dcp' for cell 'level0_i/ulp/buffer_NeuroRing_3_SynapseStreamRight'
INFO: [Project 1-454] Reading design checkpoint '/home/miahafiz/NeuroRing_a_4096_5c/_x.hw.NUM_4096.CORE_5.FREQ_300/link/vivado/vpl/prj/prj.gen/my_rm/bd/ulp/ip/ulp_buffer_NeuroRing_4_SynapseStreamLeft_0/ulp_buffer_NeuroRing_4_SynapseStreamLeft_0.dcp' for cell 'level0_i/ulp/buffer_NeuroRing_4_SynapseStreamLeft'
INFO: [Project 1-454] Reading design checkpoint '/home/miahafiz/NeuroRing_a_4096_5c/_x.hw.NUM_4096.CORE_5.FREQ_300/link/vivado/vpl/prj/prj.gen/my_rm/bd/ulp/ip/ulp_buffer_NeuroRing_4_SynapseStreamRight_0/ulp_buffer_NeuroRing_4_SynapseStreamRight_0.dcp' for cell 'level0_i/ulp/buffer_NeuroRing_4_SynapseStreamRight'
INFO: [Project 1-454] Reading design checkpoint '/home/miahafiz/NeuroRing_a_4096_5c/_x.hw.NUM_4096.CORE_5.FREQ_300/link/vivado/vpl/prj/prj.gen/my_rm/bd/ulp/ip/ulp_buffer_SynapseRouter_0_SpikeOutWeight_0/ulp_buffer_SynapseRouter_0_SpikeOutWeight_0.dcp' for cell 'level0_i/ulp/buffer_SynapseRouter_0_SpikeOutWeight'
INFO: [Project 1-454] Reading design checkpoint '/home/miahafiz/NeuroRing_a_4096_5c/_x.hw.NUM_4096.CORE_5.FREQ_300/link/vivado/vpl/prj/prj.gen/my_rm/bd/ulp/ip/ulp_buffer_SynapseRouter_0_syn_forward_rt_left_0/ulp_buffer_SynapseRouter_0_syn_forward_rt_left_0.dcp' for cell 'level0_i/ulp/buffer_SynapseRouter_0_syn_forward_rt_left'
INFO: [Project 1-454] Reading design checkpoint '/home/miahafiz/NeuroRing_a_4096_5c/_x.hw.NUM_4096.CORE_5.FREQ_300/link/vivado/vpl/prj/prj.gen/my_rm/bd/ulp/ip/ulp_buffer_SynapseRouter_0_syn_forward_rt_right_0/ulp_buffer_SynapseRouter_0_syn_forward_rt_right_0.dcp' for cell 'level0_i/ulp/buffer_SynapseRouter_0_syn_forward_rt_right'
INFO: [Project 1-454] Reading design checkpoint '/home/miahafiz/NeuroRing_a_4096_5c/_x.hw.NUM_4096.CORE_5.FREQ_300/link/vivado/vpl/prj/prj.gen/my_rm/bd/ulp/ip/ulp_buffer_SynapseRouter_1_SpikeOutWeight_0/ulp_buffer_SynapseRouter_1_SpikeOutWeight_0.dcp' for cell 'level0_i/ulp/buffer_SynapseRouter_1_SpikeOutWeight'
INFO: [Project 1-454] Reading design checkpoint '/home/miahafiz/NeuroRing_a_4096_5c/_x.hw.NUM_4096.CORE_5.FREQ_300/link/vivado/vpl/prj/prj.gen/my_rm/bd/ulp/ip/ulp_buffer_SynapseRouter_1_syn_forward_rt_left_0/ulp_buffer_SynapseRouter_1_syn_forward_rt_left_0.dcp' for cell 'level0_i/ulp/buffer_SynapseRouter_1_syn_forward_rt_left'
INFO: [Project 1-454] Reading design checkpoint '/home/miahafiz/NeuroRing_a_4096_5c/_x.hw.NUM_4096.CORE_5.FREQ_300/link/vivado/vpl/prj/prj.gen/my_rm/bd/ulp/ip/ulp_buffer_SynapseRouter_1_syn_forward_rt_right_0/ulp_buffer_SynapseRouter_1_syn_forward_rt_right_0.dcp' for cell 'level0_i/ulp/buffer_SynapseRouter_1_syn_forward_rt_right'
INFO: [Project 1-454] Reading design checkpoint '/home/miahafiz/NeuroRing_a_4096_5c/_x.hw.NUM_4096.CORE_5.FREQ_300/link/vivado/vpl/prj/prj.gen/my_rm/bd/ulp/ip/ulp_buffer_SynapseRouter_2_SpikeOutWeight_0/ulp_buffer_SynapseRouter_2_SpikeOutWeight_0.dcp' for cell 'level0_i/ulp/buffer_SynapseRouter_2_SpikeOutWeight'
INFO: [Project 1-454] Reading design checkpoint '/home/miahafiz/NeuroRing_a_4096_5c/_x.hw.NUM_4096.CORE_5.FREQ_300/link/vivado/vpl/prj/prj.gen/my_rm/bd/ulp/ip/ulp_buffer_SynapseRouter_2_syn_forward_rt_left_0/ulp_buffer_SynapseRouter_2_syn_forward_rt_left_0.dcp' for cell 'level0_i/ulp/buffer_SynapseRouter_2_syn_forward_rt_left'
INFO: [Project 1-454] Reading design checkpoint '/home/miahafiz/NeuroRing_a_4096_5c/_x.hw.NUM_4096.CORE_5.FREQ_300/link/vivado/vpl/prj/prj.gen/my_rm/bd/ulp/ip/ulp_buffer_SynapseRouter_2_syn_forward_rt_right_0/ulp_buffer_SynapseRouter_2_syn_forward_rt_right_0.dcp' for cell 'level0_i/ulp/buffer_SynapseRouter_2_syn_forward_rt_right'
INFO: [Project 1-454] Reading design checkpoint '/home/miahafiz/NeuroRing_a_4096_5c/_x.hw.NUM_4096.CORE_5.FREQ_300/link/vivado/vpl/prj/prj.gen/my_rm/bd/ulp/ip/ulp_buffer_SynapseRouter_3_SpikeOutWeight_0/ulp_buffer_SynapseRouter_3_SpikeOutWeight_0.dcp' for cell 'level0_i/ulp/buffer_SynapseRouter_3_SpikeOutWeight'
INFO: [Project 1-454] Reading design checkpoint '/home/miahafiz/NeuroRing_a_4096_5c/_x.hw.NUM_4096.CORE_5.FREQ_300/link/vivado/vpl/prj/prj.gen/my_rm/bd/ulp/ip/ulp_buffer_SynapseRouter_3_syn_forward_rt_left_0/ulp_buffer_SynapseRouter_3_syn_forward_rt_left_0.dcp' for cell 'level0_i/ulp/buffer_SynapseRouter_3_syn_forward_rt_left'
INFO: [Project 1-454] Reading design checkpoint '/home/miahafiz/NeuroRing_a_4096_5c/_x.hw.NUM_4096.CORE_5.FREQ_300/link/vivado/vpl/prj/prj.gen/my_rm/bd/ulp/ip/ulp_buffer_SynapseRouter_3_syn_forward_rt_right_0/ulp_buffer_SynapseRouter_3_syn_forward_rt_right_0.dcp' for cell 'level0_i/ulp/buffer_SynapseRouter_3_syn_forward_rt_right'
INFO: [Project 1-454] Reading design checkpoint '/home/miahafiz/NeuroRing_a_4096_5c/_x.hw.NUM_4096.CORE_5.FREQ_300/link/vivado/vpl/prj/prj.gen/my_rm/bd/ulp/ip/ulp_buffer_SynapseRouter_4_SpikeOutWeight_0/ulp_buffer_SynapseRouter_4_SpikeOutWeight_0.dcp' for cell 'level0_i/ulp/buffer_SynapseRouter_4_SpikeOutWeight'
INFO: [Project 1-454] Reading design checkpoint '/home/miahafiz/NeuroRing_a_4096_5c/_x.hw.NUM_4096.CORE_5.FREQ_300/link/vivado/vpl/prj/prj.gen/my_rm/bd/ulp/ip/ulp_buffer_SynapseRouter_4_syn_forward_rt_left_0/ulp_buffer_SynapseRouter_4_syn_forward_rt_left_0.dcp' for cell 'level0_i/ulp/buffer_SynapseRouter_4_syn_forward_rt_left'
INFO: [Project 1-454] Reading design checkpoint '/home/miahafiz/NeuroRing_a_4096_5c/_x.hw.NUM_4096.CORE_5.FREQ_300/link/vivado/vpl/prj/prj.gen/my_rm/bd/ulp/ip/ulp_buffer_SynapseRouter_4_syn_forward_rt_right_0/ulp_buffer_SynapseRouter_4_syn_forward_rt_right_0.dcp' for cell 'level0_i/ulp/buffer_SynapseRouter_4_syn_forward_rt_right'
INFO: [Project 1-454] Reading design checkpoint '/home/miahafiz/NeuroRing_a_4096_5c/_x.hw.NUM_4096.CORE_5.FREQ_300/link/vivado/vpl/prj/prj.gen/my_rm/bd/ulp/ip/ulp_hmss_0_0/ulp_hmss_0_0.dcp' for cell 'level0_i/ulp/hmss_0'
INFO: [Project 1-454] Reading design checkpoint '/home/miahafiz/NeuroRing_a_4096_5c/_x.hw.NUM_4096.CORE_5.FREQ_300/link/vivado/vpl/prj/prj.gen/my_rm/bd/ulp/ip/ulp_ii_level0_wire_0/ulp_ii_level0_wire_0.dcp' for cell 'level0_i/ulp/ii_level0_wire'
INFO: [Project 1-454] Reading design checkpoint '/home/miahafiz/NeuroRing_a_4096_5c/_x.hw.NUM_4096.CORE_5.FREQ_300/link/vivado/vpl/prj/prj.gen/my_rm/bd/ulp/ip/ulp_proc_sys_reset_ctrl_slr0_0/ulp_proc_sys_reset_ctrl_slr0_0.dcp' for cell 'level0_i/ulp/proc_sys_reset_ctrl_slr0'
INFO: [Project 1-454] Reading design checkpoint '/home/miahafiz/NeuroRing_a_4096_5c/_x.hw.NUM_4096.CORE_5.FREQ_300/link/vivado/vpl/prj/prj.gen/my_rm/bd/ulp/ip/ulp_proc_sys_reset_ctrl_slr1_0/ulp_proc_sys_reset_ctrl_slr1_0.dcp' for cell 'level0_i/ulp/proc_sys_reset_ctrl_slr1'
INFO: [Project 1-454] Reading design checkpoint '/home/miahafiz/NeuroRing_a_4096_5c/_x.hw.NUM_4096.CORE_5.FREQ_300/link/vivado/vpl/prj/prj.gen/my_rm/bd/ulp/ip/ulp_proc_sys_reset_ctrl_slr2_0/ulp_proc_sys_reset_ctrl_slr2_0.dcp' for cell 'level0_i/ulp/proc_sys_reset_ctrl_slr2'
INFO: [Project 1-454] Reading design checkpoint '/home/miahafiz/NeuroRing_a_4096_5c/_x.hw.NUM_4096.CORE_5.FREQ_300/link/vivado/vpl/prj/prj.gen/my_rm/bd/ulp/ip/ulp_proc_sys_reset_freerun_slr0_0/ulp_proc_sys_reset_freerun_slr0_0.dcp' for cell 'level0_i/ulp/proc_sys_reset_freerun_slr0'
INFO: [Project 1-454] Reading design checkpoint '/home/miahafiz/NeuroRing_a_4096_5c/_x.hw.NUM_4096.CORE_5.FREQ_300/link/vivado/vpl/prj/prj.gen/my_rm/bd/ulp/ip/ulp_proc_sys_reset_freerun_slr1_0/ulp_proc_sys_reset_freerun_slr1_0.dcp' for cell 'level0_i/ulp/proc_sys_reset_freerun_slr1'
INFO: [Project 1-454] Reading design checkpoint '/home/miahafiz/NeuroRing_a_4096_5c/_x.hw.NUM_4096.CORE_5.FREQ_300/link/vivado/vpl/prj/prj.gen/my_rm/bd/ulp/ip/ulp_proc_sys_reset_freerun_slr2_0/ulp_proc_sys_reset_freerun_slr2_0.dcp' for cell 'level0_i/ulp/proc_sys_reset_freerun_slr2'
INFO: [Project 1-454] Reading design checkpoint '/home/miahafiz/NeuroRing_a_4096_5c/_x.hw.NUM_4096.CORE_5.FREQ_300/link/vivado/vpl/prj/prj.gen/my_rm/bd/ulp/ip/ulp_proc_sys_reset_kernel2_slr0_0/ulp_proc_sys_reset_kernel2_slr0_0.dcp' for cell 'level0_i/ulp/proc_sys_reset_kernel2_slr0'
INFO: [Project 1-454] Reading design checkpoint '/home/miahafiz/NeuroRing_a_4096_5c/_x.hw.NUM_4096.CORE_5.FREQ_300/link/vivado/vpl/prj/prj.gen/my_rm/bd/ulp/ip/ulp_proc_sys_reset_kernel2_slr1_0/ulp_proc_sys_reset_kernel2_slr1_0.dcp' for cell 'level0_i/ulp/proc_sys_reset_kernel2_slr1'
INFO: [Project 1-454] Reading design checkpoint '/home/miahafiz/NeuroRing_a_4096_5c/_x.hw.NUM_4096.CORE_5.FREQ_300/link/vivado/vpl/prj/prj.gen/my_rm/bd/ulp/ip/ulp_proc_sys_reset_kernel2_slr2_0/ulp_proc_sys_reset_kernel2_slr2_0.dcp' for cell 'level0_i/ulp/proc_sys_reset_kernel2_slr2'
INFO: [Project 1-454] Reading design checkpoint '/home/miahafiz/NeuroRing_a_4096_5c/_x.hw.NUM_4096.CORE_5.FREQ_300/link/vivado/vpl/prj/prj.gen/my_rm/bd/ulp/ip/ulp_proc_sys_reset_kernel_slr0_0/ulp_proc_sys_reset_kernel_slr0_0.dcp' for cell 'level0_i/ulp/proc_sys_reset_kernel_slr0'
INFO: [Project 1-454] Reading design checkpoint '/home/miahafiz/NeuroRing_a_4096_5c/_x.hw.NUM_4096.CORE_5.FREQ_300/link/vivado/vpl/prj/prj.gen/my_rm/bd/ulp/ip/ulp_proc_sys_reset_kernel_slr1_0/ulp_proc_sys_reset_kernel_slr1_0.dcp' for cell 'level0_i/ulp/proc_sys_reset_kernel_slr1'
INFO: [Project 1-454] Reading design checkpoint '/home/miahafiz/NeuroRing_a_4096_5c/_x.hw.NUM_4096.CORE_5.FREQ_300/link/vivado/vpl/prj/prj.gen/my_rm/bd/ulp/ip/ulp_proc_sys_reset_kernel_slr2_0/ulp_proc_sys_reset_kernel_slr2_0.dcp' for cell 'level0_i/ulp/proc_sys_reset_kernel_slr2'
INFO: [Project 1-454] Reading design checkpoint '/home/miahafiz/NeuroRing_a_4096_5c/_x.hw.NUM_4096.CORE_5.FREQ_300/link/vivado/vpl/prj/prj.gen/my_rm/bd/ulp/ip/ulp_ulp_cmp_0/ulp_ulp_cmp_0.dcp' for cell 'level0_i/ulp/ulp_cmp'
INFO: [Project 1-454] Reading design checkpoint '/home/miahafiz/NeuroRing_a_4096_5c/_x.hw.NUM_4096.CORE_5.FREQ_300/link/vivado/vpl/prj/prj.gen/my_rm/bd/ulp/ip/ulp_ulp_ucs_0/ulp_ulp_ucs_0.dcp' for cell 'level0_i/ulp/ulp_ucs'
INFO: [Project 1-454] Reading design checkpoint '/home/miahafiz/NeuroRing_a_4096_5c/_x.hw.NUM_4096.CORE_5.FREQ_300/link/vivado/vpl/prj/prj.gen/my_rm/bd/ulp/ip/ulp_axi_gpio_null_0/ulp_axi_gpio_null_0.dcp' for cell 'level0_i/ulp/SLR0/axi_gpio_null'
INFO: [Project 1-454] Reading design checkpoint '/home/miahafiz/NeuroRing_a_4096_5c/_x.hw.NUM_4096.CORE_5.FREQ_300/link/vivado/vpl/prj/prj.gen/my_rm/bd/ulp/ip/ulp_axi_vip_ctrl_userpf_0/ulp_axi_vip_ctrl_userpf_0.dcp' for cell 'level0_i/ulp/SLR0/axi_vip_ctrl_userpf'
INFO: [Project 1-454] Reading design checkpoint '/home/miahafiz/NeuroRing_a_4096_5c/_x.hw.NUM_4096.CORE_5.FREQ_300/link/vivado/vpl/prj/prj.gen/my_rm/bd/ulp/ip/ulp_regslice_control_userpf_0/ulp_regslice_control_userpf_0.dcp' for cell 'level0_i/ulp/SLR0/regslice_control_userpf'
INFO: [Project 1-454] Reading design checkpoint '/home/miahafiz/NeuroRing_a_4096_5c/_x.hw.NUM_4096.CORE_5.FREQ_300/link/vivado/vpl/prj/prj.gen/my_rm/bd/ulp/ip/ulp_interconnect_axilite_user_upgraded_ipi_imp_xbar_0/ulp_interconnect_axilite_user_upgraded_ipi_imp_xbar_0.dcp' for cell 'level0_i/ulp/SLR0/interconnect_axilite_user/xbar'
INFO: [Project 1-454] Reading design checkpoint '/home/miahafiz/NeuroRing_a_4096_5c/_x.hw.NUM_4096.CORE_5.FREQ_300/link/vivado/vpl/prj/prj.gen/my_rm/bd/ulp/ip/ulp_interconnect_axilite_user_imp_auto_cc_0/ulp_interconnect_axilite_user_imp_auto_cc_0.dcp' for cell 'level0_i/ulp/SLR0/interconnect_axilite_user/m00_couplers/auto_cc'
INFO: [Project 1-454] Reading design checkpoint '/home/miahafiz/NeuroRing_a_4096_5c/_x.hw.NUM_4096.CORE_5.FREQ_300/link/vivado/vpl/prj/prj.gen/my_rm/bd/ulp/ip/ulp_interconnect_axilite_user_imp_m00_regslice_0/ulp_interconnect_axilite_user_imp_m00_regslice_0.dcp' for cell 'level0_i/ulp/SLR0/interconnect_axilite_user/m00_couplers/m00_regslice'
INFO: [Project 1-454] Reading design checkpoint '/home/miahafiz/NeuroRing_a_4096_5c/_x.hw.NUM_4096.CORE_5.FREQ_300/link/vivado/vpl/prj/prj.gen/my_rm/bd/ulp/ip/ulp_interconnect_axilite_user_imp_auto_cc_1/ulp_interconnect_axilite_user_imp_auto_cc_1.dcp' for cell 'level0_i/ulp/SLR0/interconnect_axilite_user/m01_couplers/auto_cc'
INFO: [Project 1-454] Reading design checkpoint '/home/miahafiz/NeuroRing_a_4096_5c/_x.hw.NUM_4096.CORE_5.FREQ_300/link/vivado/vpl/prj/prj.gen/my_rm/bd/ulp/ip/ulp_interconnect_axilite_user_imp_m01_regslice_0/ulp_interconnect_axilite_user_imp_m01_regslice_0.dcp' for cell 'level0_i/ulp/SLR0/interconnect_axilite_user/m01_couplers/m01_regslice'
INFO: [Project 1-454] Reading design checkpoint '/home/miahafiz/NeuroRing_a_4096_5c/_x.hw.NUM_4096.CORE_5.FREQ_300/link/vivado/vpl/prj/prj.gen/my_rm/bd/ulp/ip/ulp_interconnect_axilite_user_imp_auto_cc_2/ulp_interconnect_axilite_user_imp_auto_cc_2.dcp' for cell 'level0_i/ulp/SLR0/interconnect_axilite_user/m02_couplers/auto_cc'
INFO: [Project 1-454] Reading design checkpoint '/home/miahafiz/NeuroRing_a_4096_5c/_x.hw.NUM_4096.CORE_5.FREQ_300/link/vivado/vpl/prj/prj.gen/my_rm/bd/ulp/ip/ulp_interconnect_axilite_user_imp_m02_regslice_0/ulp_interconnect_axilite_user_imp_m02_regslice_0.dcp' for cell 'level0_i/ulp/SLR0/interconnect_axilite_user/m02_couplers/m02_regslice'
INFO: [Project 1-454] Reading design checkpoint '/home/miahafiz/NeuroRing_a_4096_5c/_x.hw.NUM_4096.CORE_5.FREQ_300/link/vivado/vpl/prj/prj.gen/my_rm/bd/ulp/ip/ulp_interconnect_axilite_user_imp_auto_cc_3/ulp_interconnect_axilite_user_imp_auto_cc_3.dcp' for cell 'level0_i/ulp/SLR0/interconnect_axilite_user/m03_couplers/auto_cc'
INFO: [Project 1-454] Reading design checkpoint '/home/miahafiz/NeuroRing_a_4096_5c/_x.hw.NUM_4096.CORE_5.FREQ_300/link/vivado/vpl/prj/prj.gen/my_rm/bd/ulp/ip/ulp_interconnect_axilite_user_imp_m03_regslice_0/ulp_interconnect_axilite_user_imp_m03_regslice_0.dcp' for cell 'level0_i/ulp/SLR0/interconnect_axilite_user/m03_couplers/m03_regslice'
INFO: [Project 1-454] Reading design checkpoint '/home/miahafiz/NeuroRing_a_4096_5c/_x.hw.NUM_4096.CORE_5.FREQ_300/link/vivado/vpl/prj/prj.gen/my_rm/bd/ulp/ip/ulp_interconnect_axilite_user_imp_auto_cc_4/ulp_interconnect_axilite_user_imp_auto_cc_4.dcp' for cell 'level0_i/ulp/SLR0/interconnect_axilite_user/m04_couplers/auto_cc'
INFO: [Project 1-454] Reading design checkpoint '/home/miahafiz/NeuroRing_a_4096_5c/_x.hw.NUM_4096.CORE_5.FREQ_300/link/vivado/vpl/prj/prj.gen/my_rm/bd/ulp/ip/ulp_interconnect_axilite_user_imp_m04_regslice_0/ulp_interconnect_axilite_user_imp_m04_regslice_0.dcp' for cell 'level0_i/ulp/SLR0/interconnect_axilite_user/m04_couplers/m04_regslice'
INFO: [Project 1-454] Reading design checkpoint '/home/miahafiz/NeuroRing_a_4096_5c/_x.hw.NUM_4096.CORE_5.FREQ_300/link/vivado/vpl/prj/prj.gen/my_rm/bd/ulp/ip/ulp_interconnect_axilite_user_imp_auto_cc_5/ulp_interconnect_axilite_user_imp_auto_cc_5.dcp' for cell 'level0_i/ulp/SLR0/interconnect_axilite_user/m05_couplers/auto_cc'
INFO: [Project 1-454] Reading design checkpoint '/home/miahafiz/NeuroRing_a_4096_5c/_x.hw.NUM_4096.CORE_5.FREQ_300/link/vivado/vpl/prj/prj.gen/my_rm/bd/ulp/ip/ulp_interconnect_axilite_user_imp_m05_regslice_0/ulp_interconnect_axilite_user_imp_m05_regslice_0.dcp' for cell 'level0_i/ulp/SLR0/interconnect_axilite_user/m05_couplers/m05_regslice'
INFO: [Project 1-454] Reading design checkpoint '/home/miahafiz/NeuroRing_a_4096_5c/_x.hw.NUM_4096.CORE_5.FREQ_300/link/vivado/vpl/prj/prj.gen/my_rm/bd/ulp/ip/ulp_interconnect_axilite_user_imp_auto_cc_6/ulp_interconnect_axilite_user_imp_auto_cc_6.dcp' for cell 'level0_i/ulp/SLR0/interconnect_axilite_user/m06_couplers/auto_cc'
INFO: [Project 1-454] Reading design checkpoint '/home/miahafiz/NeuroRing_a_4096_5c/_x.hw.NUM_4096.CORE_5.FREQ_300/link/vivado/vpl/prj/prj.gen/my_rm/bd/ulp/ip/ulp_interconnect_axilite_user_imp_m06_regslice_0/ulp_interconnect_axilite_user_imp_m06_regslice_0.dcp' for cell 'level0_i/ulp/SLR0/interconnect_axilite_user/m06_couplers/m06_regslice'
INFO: [Project 1-454] Reading design checkpoint '/home/miahafiz/NeuroRing_a_4096_5c/_x.hw.NUM_4096.CORE_5.FREQ_300/link/vivado/vpl/prj/prj.gen/my_rm/bd/ulp/ip/ulp_interconnect_axilite_user_imp_auto_cc_7/ulp_interconnect_axilite_user_imp_auto_cc_7.dcp' for cell 'level0_i/ulp/SLR0/interconnect_axilite_user/m07_couplers/auto_cc'
INFO: [Project 1-454] Reading design checkpoint '/home/miahafiz/NeuroRing_a_4096_5c/_x.hw.NUM_4096.CORE_5.FREQ_300/link/vivado/vpl/prj/prj.gen/my_rm/bd/ulp/ip/ulp_interconnect_axilite_user_imp_m07_regslice_0/ulp_interconnect_axilite_user_imp_m07_regslice_0.dcp' for cell 'level0_i/ulp/SLR0/interconnect_axilite_user/m07_couplers/m07_regslice'
INFO: [Project 1-454] Reading design checkpoint '/home/miahafiz/NeuroRing_a_4096_5c/_x.hw.NUM_4096.CORE_5.FREQ_300/link/vivado/vpl/prj/prj.gen/my_rm/bd/ulp/ip/ulp_interconnect_axilite_user_imp_auto_cc_8/ulp_interconnect_axilite_user_imp_auto_cc_8.dcp' for cell 'level0_i/ulp/SLR0/interconnect_axilite_user/m08_couplers/auto_cc'
INFO: [Project 1-454] Reading design checkpoint '/home/miahafiz/NeuroRing_a_4096_5c/_x.hw.NUM_4096.CORE_5.FREQ_300/link/vivado/vpl/prj/prj.gen/my_rm/bd/ulp/ip/ulp_interconnect_axilite_user_imp_m08_regslice_0/ulp_interconnect_axilite_user_imp_m08_regslice_0.dcp' for cell 'level0_i/ulp/SLR0/interconnect_axilite_user/m08_couplers/m08_regslice'
INFO: [Project 1-454] Reading design checkpoint '/home/miahafiz/NeuroRing_a_4096_5c/_x.hw.NUM_4096.CORE_5.FREQ_300/link/vivado/vpl/prj/prj.gen/my_rm/bd/ulp/ip/ulp_interconnect_axilite_user_imp_auto_cc_9/ulp_interconnect_axilite_user_imp_auto_cc_9.dcp' for cell 'level0_i/ulp/SLR0/interconnect_axilite_user/m09_couplers/auto_cc'
INFO: [Project 1-454] Reading design checkpoint '/home/miahafiz/NeuroRing_a_4096_5c/_x.hw.NUM_4096.CORE_5.FREQ_300/link/vivado/vpl/prj/prj.gen/my_rm/bd/ulp/ip/ulp_interconnect_axilite_user_imp_m09_regslice_0/ulp_interconnect_axilite_user_imp_m09_regslice_0.dcp' for cell 'level0_i/ulp/SLR0/interconnect_axilite_user/m09_couplers/m09_regslice'
INFO: [Project 1-454] Reading design checkpoint '/home/miahafiz/NeuroRing_a_4096_5c/_x.hw.NUM_4096.CORE_5.FREQ_300/link/vivado/vpl/prj/prj.gen/my_rm/bd/ulp/ip/ulp_interconnect_axilite_user_imp_auto_cc_10/ulp_interconnect_axilite_user_imp_auto_cc_10.dcp' for cell 'level0_i/ulp/SLR0/interconnect_axilite_user/m10_couplers/auto_cc'
INFO: [Project 1-454] Reading design checkpoint '/home/miahafiz/NeuroRing_a_4096_5c/_x.hw.NUM_4096.CORE_5.FREQ_300/link/vivado/vpl/prj/prj.gen/my_rm/bd/ulp/ip/ulp_interconnect_axilite_user_imp_m10_regslice_0/ulp_interconnect_axilite_user_imp_m10_regslice_0.dcp' for cell 'level0_i/ulp/SLR0/interconnect_axilite_user/m10_couplers/m10_regslice'
INFO: [Project 1-454] Reading design checkpoint '/home/miahafiz/NeuroRing_a_4096_5c/_x.hw.NUM_4096.CORE_5.FREQ_300/link/vivado/vpl/prj/prj.gen/my_rm/bd/ulp/ip/ulp_interconnect_axilite_user_imp_s00_regslice_0/ulp_interconnect_axilite_user_imp_s00_regslice_0.dcp' for cell 'level0_i/ulp/SLR0/interconnect_axilite_user/s00_couplers/s00_regslice'
INFO: [Project 1-454] Reading design checkpoint '/home/miahafiz/NeuroRing_a_4096_5c/_x.hw.NUM_4096.CORE_5.FREQ_300/link/vivado/vpl/prj/prj.gen/my_rm/bd/ulp/ip/ulp_axi_gpio_null_1/ulp_axi_gpio_null_1.dcp' for cell 'level0_i/ulp/SLR1/axi_gpio_null'
INFO: [Project 1-454] Reading design checkpoint '/home/miahafiz/NeuroRing_a_4096_5c/_x.hw.NUM_4096.CORE_5.FREQ_300/link/vivado/vpl/prj/prj.gen/my_rm/bd/ulp/ip/ulp_axi_vip_ctrl_userpf_1/ulp_axi_vip_ctrl_userpf_1.dcp' for cell 'level0_i/ulp/SLR1/axi_vip_ctrl_userpf'
INFO: [Project 1-454] Reading design checkpoint '/home/miahafiz/NeuroRing_a_4096_5c/_x.hw.NUM_4096.CORE_5.FREQ_300/link/vivado/vpl/prj/prj.gen/my_rm/bd/ulp/ip/ulp_regslice_control_userpf_1/ulp_regslice_control_userpf_1.dcp' for cell 'level0_i/ulp/SLR1/regslice_control_userpf'
INFO: [Project 1-454] Reading design checkpoint '/home/miahafiz/NeuroRing_a_4096_5c/_x.hw.NUM_4096.CORE_5.FREQ_300/link/vivado/vpl/prj/prj.gen/my_rm/bd/ulp/ip/ulp_interconnect_axilite_user_imp_auto_cc_11/ulp_interconnect_axilite_user_imp_auto_cc_11.dcp' for cell 'level0_i/ulp/SLR1/interconnect_axilite_user/s00_couplers/auto_cc'
INFO: [Project 1-454] Reading design checkpoint '/home/miahafiz/NeuroRing_a_4096_5c/_x.hw.NUM_4096.CORE_5.FREQ_300/link/vivado/vpl/prj/prj.gen/my_rm/bd/ulp/ip/ulp_interconnect_axilite_user_imp_s00_regslice_1/ulp_interconnect_axilite_user_imp_s00_regslice_1.dcp' for cell 'level0_i/ulp/SLR1/interconnect_axilite_user/s00_couplers/s00_regslice'
INFO: [Project 1-454] Reading design checkpoint '/home/miahafiz/NeuroRing_a_4096_5c/_x.hw.NUM_4096.CORE_5.FREQ_300/link/vivado/vpl/prj/prj.gen/my_rm/bd/ulp/ip/ulp_axi_gpio_null_2/ulp_axi_gpio_null_2.dcp' for cell 'level0_i/ulp/SLR2/axi_gpio_null'
INFO: [Project 1-454] Reading design checkpoint '/home/miahafiz/NeuroRing_a_4096_5c/_x.hw.NUM_4096.CORE_5.FREQ_300/link/vivado/vpl/prj/prj.gen/my_rm/bd/ulp/ip/ulp_axi_vip_ctrl_userpf_2/ulp_axi_vip_ctrl_userpf_2.dcp' for cell 'level0_i/ulp/SLR2/axi_vip_ctrl_userpf'
INFO: [Project 1-454] Reading design checkpoint '/home/miahafiz/NeuroRing_a_4096_5c/_x.hw.NUM_4096.CORE_5.FREQ_300/link/vivado/vpl/prj/prj.gen/my_rm/bd/ulp/ip/ulp_regslice_control_userpf_2/ulp_regslice_control_userpf_2.dcp' for cell 'level0_i/ulp/SLR2/regslice_control_userpf'
INFO: [Project 1-454] Reading design checkpoint '/home/miahafiz/NeuroRing_a_4096_5c/_x.hw.NUM_4096.CORE_5.FREQ_300/link/vivado/vpl/prj/prj.gen/my_rm/bd/ulp/ip/ulp_interconnect_axilite_user_imp_auto_cc_12/ulp_interconnect_axilite_user_imp_auto_cc_12.dcp' for cell 'level0_i/ulp/SLR2/interconnect_axilite_user/s00_couplers/auto_cc'
INFO: [Project 1-454] Reading design checkpoint '/home/miahafiz/NeuroRing_a_4096_5c/_x.hw.NUM_4096.CORE_5.FREQ_300/link/vivado/vpl/prj/prj.gen/my_rm/bd/ulp/ip/ulp_interconnect_axilite_user_imp_s00_regslice_2/ulp_interconnect_axilite_user_imp_s00_regslice_2.dcp' for cell 'level0_i/ulp/SLR2/interconnect_axilite_user/s00_couplers/s00_regslice'
INFO: [Project 1-454] Reading design checkpoint '/home/miahafiz/NeuroRing_a_4096_5c/_x.hw.NUM_4096.CORE_5.FREQ_300/link/vivado/vpl/prj/prj.gen/my_rm/bd/ulp/ip/ulp_axi_ic_ctrl_mgmt_slr1_upgraded_ipi_imp_xbar_0/ulp_axi_ic_ctrl_mgmt_slr1_upgraded_ipi_imp_xbar_0.dcp' for cell 'level0_i/ulp/axi_ic_ctrl_mgmt_slr1/xbar'
INFO: [Project 1-454] Reading design checkpoint '/home/miahafiz/NeuroRing_a_4096_5c/_x.hw.NUM_4096.CORE_5.FREQ_300/link/vivado/vpl/prj/prj.gen/my_rm/bd/ulp/ip/ulp_hmss_0_0/bd_0/ip/ip_21/bd_85ad_axi_apb_bridge_inst_0.dcp' for cell 'level0_i/ulp/hmss_0/inst/axi_apb_bridge_inst'
INFO: [Constraints 18-13253] Total boundary pins count on instance axi_apb_bridge_inst is 215
INFO: [Project 1-454] Reading design checkpoint '/home/miahafiz/NeuroRing_a_4096_5c/_x.hw.NUM_4096.CORE_5.FREQ_300/link/vivado/vpl/prj/prj.gen/my_rm/bd/ulp/ip/ulp_hmss_0_0/bd_0/ip/ip_0/bd_85ad_hbm_inst_0.dcp' for cell 'level0_i/ulp/hmss_0/inst/hbm_inst'
INFO: [Constraints 18-13253] Total boundary pins count on instance hbm_inst is 4519
INFO: [Constraints 18-13252] Boundary pins count for instance hbm_inst is greater than 1000, which could increase runtime to stitch this dcp to netlist.
INFO: [Constraints 18-13251] 501 boundary pins have been processed..
INFO: [Constraints 18-13251] 1002 boundary pins have been processed..
INFO: [Constraints 18-13251] 1503 boundary pins have been processed..
INFO: [Constraints 18-13251] 2004 boundary pins have been processed..
INFO: [Constraints 18-13251] 2505 boundary pins have been processed..
INFO: [Constraints 18-13251] 3006 boundary pins have been processed..
INFO: [Constraints 18-13251] 3507 boundary pins have been processed..
INFO: [Constraints 18-13251] 4008 boundary pins have been processed..
INFO: [Constraints 18-13251] 4509 boundary pins have been processed..
INFO: [Project 1-454] Reading design checkpoint '/home/miahafiz/NeuroRing_a_4096_5c/_x.hw.NUM_4096.CORE_5.FREQ_300/link/vivado/vpl/prj/prj.gen/my_rm/bd/ulp/ip/ulp_hmss_0_0/bd_0/ip/ip_1/bd_85ad_hbm_reset_sync_SLR0_0.dcp' for cell 'level0_i/ulp/hmss_0/inst/hbm_reset_sync_SLR0'
INFO: [Constraints 18-13253] Total boundary pins count on instance hbm_reset_sync_SLR0 is 10
INFO: [Project 1-454] Reading design checkpoint '/home/miahafiz/NeuroRing_a_4096_5c/_x.hw.NUM_4096.CORE_5.FREQ_300/link/vivado/vpl/prj/prj.gen/my_rm/bd/ulp/ip/ulp_hmss_0_0/bd_0/ip/ip_2/bd_85ad_hbm_reset_sync_SLR2_0.dcp' for cell 'level0_i/ulp/hmss_0/inst/hbm_reset_sync_SLR2'
INFO: [Constraints 18-13253] Total boundary pins count on instance hbm_reset_sync_SLR2 is 10
INFO: [Project 1-454] Reading design checkpoint '/home/miahafiz/NeuroRing_a_4096_5c/_x.hw.NUM_4096.CORE_5.FREQ_300/link/vivado/vpl/prj/prj.gen/my_rm/bd/ulp/ip/ulp_hmss_0_0/bd_0/ip/ip_17/bd_85ad_vip_S00_0.dcp' for cell 'level0_i/ulp/hmss_0/inst/vip_S00'
INFO: [Constraints 18-13253] Total boundary pins count on instance vip_S00 is 1334
INFO: [Constraints 18-13252] Boundary pins count for instance vip_S00 is greater than 1000, which could increase runtime to stitch this dcp to netlist.
INFO: [Constraints 18-13251] 501 boundary pins have been processed..
INFO: [Constraints 18-13251] 1002 boundary pins have been processed..
INFO: [Project 1-454] Reading design checkpoint '/home/miahafiz/NeuroRing_a_4096_5c/_x.hw.NUM_4096.CORE_5.FREQ_300/link/vivado/vpl/prj/prj.gen/my_rm/bd/ulp/ip/ulp_hmss_0_0/bd_0/ip/ip_5/bd_85ad_vip_S01_0.dcp' for cell 'level0_i/ulp/hmss_0/inst/vip_S01'
INFO: [Constraints 18-13253] Total boundary pins count on instance vip_S01 is 1334
INFO: [Constraints 18-13252] Boundary pins count for instance vip_S01 is greater than 1000, which could increase runtime to stitch this dcp to netlist.
INFO: [Constraints 18-13251] 501 boundary pins have been processed..
INFO: [Constraints 18-13251] 1002 boundary pins have been processed..
INFO: [Project 1-454] Reading design checkpoint '/home/miahafiz/NeuroRing_a_4096_5c/_x.hw.NUM_4096.CORE_5.FREQ_300/link/vivado/vpl/prj/prj.gen/my_rm/bd/ulp/ip/ulp_hmss_0_0/bd_0/ip/ip_8/bd_85ad_vip_S02_0.dcp' for cell 'level0_i/ulp/hmss_0/inst/vip_S02'
INFO: [Constraints 18-13253] Total boundary pins count on instance vip_S02 is 1334
INFO: [Constraints 18-13252] Boundary pins count for instance vip_S02 is greater than 1000, which could increase runtime to stitch this dcp to netlist.
INFO: [Constraints 18-13251] 501 boundary pins have been processed..
INFO: [Constraints 18-13251] 1002 boundary pins have been processed..
INFO: [Project 1-454] Reading design checkpoint '/home/miahafiz/NeuroRing_a_4096_5c/_x.hw.NUM_4096.CORE_5.FREQ_300/link/vivado/vpl/prj/prj.gen/my_rm/bd/ulp/ip/ulp_hmss_0_0/bd_0/ip/ip_11/bd_85ad_vip_S03_0.dcp' for cell 'level0_i/ulp/hmss_0/inst/vip_S03'
INFO: [Constraints 18-13253] Total boundary pins count on instance vip_S03 is 1334
INFO: [Constraints 18-13252] Boundary pins count for instance vip_S03 is greater than 1000, which could increase runtime to stitch this dcp to netlist.
INFO: [Constraints 18-13251] 501 boundary pins have been processed..
INFO: [Constraints 18-13251] 1002 boundary pins have been processed..
INFO: [Project 1-454] Reading design checkpoint '/home/miahafiz/NeuroRing_a_4096_5c/_x.hw.NUM_4096.CORE_5.FREQ_300/link/vivado/vpl/prj/prj.gen/my_rm/bd/ulp/ip/ulp_hmss_0_0/bd_0/ip/ip_14/bd_85ad_vip_S04_0.dcp' for cell 'level0_i/ulp/hmss_0/inst/vip_S04'
INFO: [Common 17-14] Message 'Project 1-454' appears 100 times and further instances of the messages will be disabled.
INFO: [Constraints 18-13253] Total boundary pins count on instance vip_S04 is 1334
INFO: [Constraints 18-13252] Boundary pins count for instance vip_S04 is greater than 1000, which could increase runtime to stitch this dcp to netlist.
INFO: [Constraints 18-13251] 501 boundary pins have been processed..
INFO: [Constraints 18-13251] 1002 boundary pins have been processed..
INFO: [Constraints 18-13253] Total boundary pins count on instance vip_S05 is 1334
INFO: [Constraints 18-13252] Boundary pins count for instance vip_S05 is greater than 1000, which could increase runtime to stitch this dcp to netlist.
INFO: [Constraints 18-13251] 501 boundary pins have been processed..
INFO: [Constraints 18-13251] 1002 boundary pins have been processed..
INFO: [Constraints 18-13253] Total boundary pins count on instance init_reduce is 2
INFO: [Constraints 18-13253] Total boundary pins count on instance interconnect1_0 is 1417
INFO: [Constraints 18-13252] Boundary pins count for instance interconnect1_0 is greater than 1000, which could increase runtime to stitch this dcp to netlist.
INFO: [Constraints 18-13251] 501 boundary pins have been processed..
INFO: [Constraints 18-13251] 1002 boundary pins have been processed..
INFO: [Constraints 18-13253] Total boundary pins count on instance slice1_0 is 1346
INFO: [Constraints 18-13252] Boundary pins count for instance slice1_0 is greater than 1000, which could increase runtime to stitch this dcp to netlist.
INFO: [Constraints 18-13251] 501 boundary pins have been processed..
INFO: [Constraints 18-13251] 1002 boundary pins have been processed..
INFO: [Constraints 18-13253] Total boundary pins count on instance interconnect0_10 is 1923
INFO: [Constraints 18-13252] Boundary pins count for instance interconnect0_10 is greater than 1000, which could increase runtime to stitch this dcp to netlist.
INFO: [Constraints 18-13251] 501 boundary pins have been processed..
INFO: [Constraints 18-13251] 1002 boundary pins have been processed..
INFO: [Constraints 18-13251] 1503 boundary pins have been processed..
INFO: [Constraints 18-13253] Total boundary pins count on instance slice0_10 is 1346
INFO: [Constraints 18-13252] Boundary pins count for instance slice0_10 is greater than 1000, which could increase runtime to stitch this dcp to netlist.
INFO: [Constraints 18-13251] 501 boundary pins have been processed..
INFO: [Constraints 18-13251] 1002 boundary pins have been processed..
INFO: [Constraints 18-13253] Total boundary pins count on instance interconnect5_12 is 1417
INFO: [Constraints 18-13252] Boundary pins count for instance interconnect5_12 is greater than 1000, which could increase runtime to stitch this dcp to netlist.
INFO: [Constraints 18-13251] 501 boundary pins have been processed..
INFO: [Constraints 18-13251] 1002 boundary pins have been processed..
INFO: [Constraints 18-13253] Total boundary pins count on instance slice5_12 is 1346
INFO: [Constraints 18-13252] Boundary pins count for instance slice5_12 is greater than 1000, which could increase runtime to stitch this dcp to netlist.
INFO: [Constraints 18-13251] 501 boundary pins have been processed..
INFO: [Constraints 18-13251] 1002 boundary pins have been processed..
INFO: [Constraints 18-13253] Total boundary pins count on instance interconnect2_4 is 1417
INFO: [Constraints 18-13252] Boundary pins count for instance interconnect2_4 is greater than 1000, which could increase runtime to stitch this dcp to netlist.
INFO: [Constraints 18-13251] 501 boundary pins have been processed..
INFO: [Constraints 18-13251] 1002 boundary pins have been processed..
INFO: [Constraints 18-13253] Total boundary pins count on instance slice2_4 is 1346
INFO: [Constraints 18-13252] Boundary pins count for instance slice2_4 is greater than 1000, which could increase runtime to stitch this dcp to netlist.
INFO: [Constraints 18-13251] 501 boundary pins have been processed..
INFO: [Constraints 18-13251] 1002 boundary pins have been processed..
INFO: [Constraints 18-13253] Total boundary pins count on instance interconnect3_8 is 1417
INFO: [Constraints 18-13252] Boundary pins count for instance interconnect3_8 is greater than 1000, which could increase runtime to stitch this dcp to netlist.
INFO: [Constraints 18-13251] 501 boundary pins have been processed..
INFO: [Constraints 18-13251] 1002 boundary pins have been processed..
INFO: [Constraints 18-13253] Total boundary pins count on instance slice3_8 is 1346
INFO: [Constraints 18-13252] Boundary pins count for instance slice3_8 is greater than 1000, which could increase runtime to stitch this dcp to netlist.
INFO: [Constraints 18-13251] 501 boundary pins have been processed..
INFO: [Constraints 18-13251] 1002 boundary pins have been processed..
INFO: [Constraints 18-13253] Total boundary pins count on instance interconnect4_9 is 1417
INFO: [Constraints 18-13252] Boundary pins count for instance interconnect4_9 is greater than 1000, which could increase runtime to stitch this dcp to netlist.
INFO: [Constraints 18-13251] 501 boundary pins have been processed..
INFO: [Constraints 18-13251] 1002 boundary pins have been processed..
INFO: [Constraints 18-13253] Total boundary pins count on instance slice4_9 is 1346
INFO: [Constraints 18-13252] Boundary pins count for instance slice4_9 is greater than 1000, which could increase runtime to stitch this dcp to netlist.
INFO: [Constraints 18-13251] 501 boundary pins have been processed..
INFO: [Constraints 18-13251] 1002 boundary pins have been processed..
INFO: [Constraints 18-13253] Total boundary pins count on instance build_info is 94
INFO: [Constraints 18-13253] Total boundary pins count on instance user_debug_bridge is 112
INFO: [Constraints 18-13253] Total boundary pins count on instance user_debug_hub is 13
INFO: [Constraints 18-13253] Total boundary pins count on instance build_info is 94
INFO: [Constraints 18-13253] Total boundary pins count on instance clk_hbm_adapt is 2
INFO: [Constraints 18-13253] Total boundary pins count on instance clkwiz_hbm is 111
INFO: [Constraints 18-13253] Total boundary pins count on instance fanout_aresetn_hbm is 4
INFO: [Constraints 18-13253] Total boundary pins count on instance psreset_hbm is 10
INFO: [Constraints 18-13253] Total boundary pins count on instance aclk_kernel_00_adapt is 2
INFO: [Constraints 18-13253] Total boundary pins count on instance aclk_kernel_00_cont_adapt is 2
INFO: [Constraints 18-13253] Total boundary pins count on instance clkwiz_aclk_kernel_00 is 110
INFO: [Constraints 18-13253] Total boundary pins count on instance clock_throttling_aclk_kernel_00 is 17
INFO: [Constraints 18-13253] Total boundary pins count on instance psreset_kernel_00 is 10
INFO: [Constraints 18-13253] Total boundary pins count on instance fanout_aresetn_kernel_00_slr0_1 is 4
INFO: [Constraints 18-13253] Total boundary pins count on instance fanout_aresetn_kernel_00_slr0_2 is 4
INFO: [Constraints 18-13253] Total boundary pins count on instance fanout_aresetn_kernel_00_slr0_3 is 4
INFO: [Constraints 18-13253] Total boundary pins count on instance fanout_aresetn_kernel_00_slr0_4 is 4
INFO: [Constraints 18-13253] Total boundary pins count on instance fanout_aresetn_kernel_00_slr1_1 is 4
INFO: [Constraints 18-13253] Total boundary pins count on instance fanout_aresetn_kernel_00_slr1_2 is 4
INFO: [Constraints 18-13253] Total boundary pins count on instance fanout_aresetn_kernel_00_slr1_3 is 4
INFO: [Constraints 18-13253] Total boundary pins count on instance fanout_aresetn_kernel_00_slr1_4 is 4
INFO: [Constraints 18-13253] Total boundary pins count on instance fanout_aresetn_kernel_00_slr2_1 is 4
INFO: [Constraints 18-13253] Total boundary pins count on instance fanout_aresetn_kernel_00_slr2_2 is 4
INFO: [Constraints 18-13253] Total boundary pins count on instance fanout_aresetn_kernel_00_slr2_3 is 4
INFO: [Constraints 18-13253] Total boundary pins count on instance fanout_aresetn_kernel_00_slr2_4 is 4
INFO: [Constraints 18-13253] Total boundary pins count on instance aclk_kernel_01_adapt is 2
INFO: [Constraints 18-13253] Total boundary pins count on instance aclk_kernel_01_cont_adapt is 2
INFO: [Constraints 18-13253] Total boundary pins count on instance clkwiz_aclk_kernel_01 is 110
INFO: [Constraints 18-13253] Total boundary pins count on instance clock_throttling_aclk_kernel_01 is 17
INFO: [Constraints 18-13253] Total boundary pins count on instance psreset_kernel_01 is 10
INFO: [Constraints 18-13253] Total boundary pins count on instance fanout_aresetn_kernel_01_slr0_1 is 4
INFO: [Constraints 18-13253] Total boundary pins count on instance fanout_aresetn_kernel_01_slr0_2 is 4
INFO: [Constraints 18-13253] Total boundary pins count on instance fanout_aresetn_kernel_01_slr0_3 is 4
INFO: [Constraints 18-13253] Total boundary pins count on instance fanout_aresetn_kernel_01_slr0_4 is 4
INFO: [Constraints 18-13253] Total boundary pins count on instance fanout_aresetn_kernel_01_slr1_1 is 4
INFO: [Constraints 18-13253] Total boundary pins count on instance fanout_aresetn_kernel_01_slr1_2 is 4
INFO: [Constraints 18-13253] Total boundary pins count on instance fanout_aresetn_kernel_01_slr1_3 is 4
INFO: [Constraints 18-13253] Total boundary pins count on instance fanout_aresetn_kernel_01_slr1_4 is 4
INFO: [Constraints 18-13253] Total boundary pins count on instance fanout_aresetn_kernel_01_slr2_1 is 4
INFO: [Constraints 18-13253] Total boundary pins count on instance fanout_aresetn_kernel_01_slr2_2 is 4
INFO: [Constraints 18-13253] Total boundary pins count on instance fanout_aresetn_kernel_01_slr2_3 is 4
INFO: [Constraints 18-13253] Total boundary pins count on instance fanout_aresetn_kernel_01_slr2_4 is 4
INFO: [Constraints 18-13253] Total boundary pins count on instance xbar is 1106
INFO: [Constraints 18-13252] Boundary pins count for instance xbar is greater than 1000, which could increase runtime to stitch this dcp to netlist.
INFO: [Constraints 18-13251] 501 boundary pins have been processed..
INFO: [Constraints 18-13251] 1002 boundary pins have been processed..
INFO: [Constraints 18-13253] Total boundary pins count on instance fanout_aresetn_ctrl_slr0_1 is 4
INFO: [Constraints 18-13253] Total boundary pins count on instance fanout_aresetn_ctrl_slr0_2 is 4
INFO: [Constraints 18-13253] Total boundary pins count on instance fanout_aresetn_ctrl_slr0_3 is 4
INFO: [Constraints 18-13253] Total boundary pins count on instance fanout_aresetn_ctrl_slr0_4 is 4
INFO: [Constraints 18-13253] Total boundary pins count on instance fanout_aresetn_ctrl_slr1_1 is 4
INFO: [Constraints 18-13253] Total boundary pins count on instance fanout_aresetn_ctrl_slr1_2 is 4
INFO: [Constraints 18-13253] Total boundary pins count on instance fanout_aresetn_ctrl_slr1_3 is 4
INFO: [Constraints 18-13253] Total boundary pins count on instance fanout_aresetn_ctrl_slr1_4 is 4
INFO: [Constraints 18-13253] Total boundary pins count on instance fanout_aresetn_ctrl_slr2_1 is 4
INFO: [Constraints 18-13253] Total boundary pins count on instance fanout_aresetn_ctrl_slr2_2 is 4
INFO: [Constraints 18-13253] Total boundary pins count on instance fanout_aresetn_ctrl_slr2_3 is 4
INFO: [Constraints 18-13253] Total boundary pins count on instance fanout_aresetn_ctrl_slr2_4 is 4
INFO: [Constraints 18-13253] Total boundary pins count on instance fanout_aresetn_pcie_slr0_1 is 4
INFO: [Constraints 18-13253] Total boundary pins count on instance fanout_aresetn_pcie_slr0_2 is 4
INFO: [Constraints 18-13253] Total boundary pins count on instance fanout_aresetn_pcie_slr0_3 is 4
INFO: [Constraints 18-13253] Total boundary pins count on instance fanout_aresetn_pcie_slr0_4 is 4
INFO: [Constraints 18-13253] Total boundary pins count on instance fanout_aresetn_pcie_slr1_1 is 4
INFO: [Constraints 18-13253] Total boundary pins count on instance fanout_aresetn_pcie_slr1_2 is 4
INFO: [Constraints 18-13253] Total boundary pins count on instance fanout_aresetn_pcie_slr1_3 is 4
INFO: [Constraints 18-13253] Total boundary pins count on instance fanout_aresetn_pcie_slr1_4 is 4
INFO: [Constraints 18-13253] Total boundary pins count on instance fanout_aresetn_pcie_slr2_1 is 4
INFO: [Constraints 18-13253] Total boundary pins count on instance fanout_aresetn_pcie_slr2_2 is 4
INFO: [Constraints 18-13253] Total boundary pins count on instance fanout_aresetn_pcie_slr2_3 is 4
INFO: [Constraints 18-13253] Total boundary pins count on instance fanout_aresetn_pcie_slr2_4 is 4
INFO: [Constraints 18-13253] Total boundary pins count on instance frequency_counter_aclk is 150
INFO: [Constraints 18-13253] Total boundary pins count on instance frequency_counter_aclk_hbm is 150
INFO: [Constraints 18-13253] Total boundary pins count on instance frequency_counter_aclk_kernel_00 is 150
INFO: [Constraints 18-13253] Total boundary pins count on instance frequency_counter_aclk_kernel_01 is 150
INFO: [Constraints 18-13253] Total boundary pins count on instance psreset_aclk_freerun is 10
INFO: [Constraints 18-13253] Total boundary pins count on instance xbar is 692
INFO: [Constraints 18-13251] 501 boundary pins have been processed..
INFO: [Constraints 18-13253] Total boundary pins count on instance auto_cc is 280
INFO: [Constraints 18-13253] Total boundary pins count on instance clock_throttling_avg is 25
INFO: [Constraints 18-13253] Total boundary pins count on instance gapping_demand_toggle_RnM is 3
INFO: [Common 17-14] Message 'Constraints 18-13253' appears 100 times and further instances of the messages will be disabled.
Netlist sorting complete. Time (s): cpu = 00:00:08 ; elapsed = 00:00:08 . Memory (MB): peak = 4899.059 ; gain = 39.000 ; free physical = 100490 ; free virtual = 175591
INFO: [Netlist 29-17] Analyzing 29241 Unisim elements for replacement
INFO: [Netlist 29-28] Unisim Transformation completed in 7 CPU seconds
INFO: [Project 1-479] Netlist was created with Vivado 2025.1
INFO: [Project 1-570] Preparing netlist for logic optimization
WARNING: [Constraints 18-550] Could not create 'IBUF_LOW_PWR' constraint because net 'level0_i/blp/blp_i/freerun_clk/freerun_clk_ibufds/IBUF_OUT[0]' is not directly connected to top level port. 'IBUF_LOW_PWR' is ignored for synthesis but preserved for implementation.
Parsing XDC File [/home/miahafiz/NeuroRing_a_4096_5c/_x.hw.NUM_4096.CORE_5.FREQ_300/link/vivado/vpl/prj/prj.gen/my_rm/bd/ulp/ip/ulp_axi_gpio_null_0/ulp_axi_gpio_null_0_board.xdc] for cell 'level0_i/ulp/SLR0/axi_gpio_null/U0'
Finished Parsing XDC File [/home/miahafiz/NeuroRing_a_4096_5c/_x.hw.NUM_4096.CORE_5.FREQ_300/link/vivado/vpl/prj/prj.gen/my_rm/bd/ulp/ip/ulp_axi_gpio_null_0/ulp_axi_gpio_null_0_board.xdc] for cell 'level0_i/ulp/SLR0/axi_gpio_null/U0'
Parsing XDC File [/home/miahafiz/NeuroRing_a_4096_5c/_x.hw.NUM_4096.CORE_5.FREQ_300/link/vivado/vpl/prj/prj.gen/my_rm/bd/ulp/ip/ulp_axi_gpio_null_1/ulp_axi_gpio_null_1_board.xdc] for cell 'level0_i/ulp/SLR1/axi_gpio_null/U0'
Finished Parsing XDC File [/home/miahafiz/NeuroRing_a_4096_5c/_x.hw.NUM_4096.CORE_5.FREQ_300/link/vivado/vpl/prj/prj.gen/my_rm/bd/ulp/ip/ulp_axi_gpio_null_1/ulp_axi_gpio_null_1_board.xdc] for cell 'level0_i/ulp/SLR1/axi_gpio_null/U0'
Parsing XDC File [/home/miahafiz/NeuroRing_a_4096_5c/_x.hw.NUM_4096.CORE_5.FREQ_300/link/vivado/vpl/prj/prj.gen/my_rm/bd/ulp/ip/ulp_axi_gpio_null_2/ulp_axi_gpio_null_2_board.xdc] for cell 'level0_i/ulp/SLR2/axi_gpio_null/U0'
Finished Parsing XDC File [/home/miahafiz/NeuroRing_a_4096_5c/_x.hw.NUM_4096.CORE_5.FREQ_300/link/vivado/vpl/prj/prj.gen/my_rm/bd/ulp/ip/ulp_axi_gpio_null_2/ulp_axi_gpio_null_2_board.xdc] for cell 'level0_i/ulp/SLR2/axi_gpio_null/U0'
Parsing XDC File [/home/miahafiz/NeuroRing_a_4096_5c/_x.hw.NUM_4096.CORE_5.FREQ_300/link/vivado/vpl/prj/prj.gen/my_rm/bd/ulp/ip/ulp_hmss_0_0/bd_0/ip/ip_0/hdl/par/hbm_ip.xdc] for cell 'level0_i/ulp/hmss_0/inst/hbm_inst/inst'
Finished Parsing XDC File [/home/miahafiz/NeuroRing_a_4096_5c/_x.hw.NUM_4096.CORE_5.FREQ_300/link/vivado/vpl/prj/prj.gen/my_rm/bd/ulp/ip/ulp_hmss_0_0/bd_0/ip/ip_0/hdl/par/hbm_ip.xdc] for cell 'level0_i/ulp/hmss_0/inst/hbm_inst/inst'
Parsing XDC File [/home/miahafiz/NeuroRing_a_4096_5c/_x.hw.NUM_4096.CORE_5.FREQ_300/link/vivado/vpl/prj/prj.gen/my_rm/bd/ulp/ip/ulp_hmss_0_0/bd_0/ip/ip_1/bd_85ad_hbm_reset_sync_SLR0_0_board.xdc] for cell 'level0_i/ulp/hmss_0/inst/hbm_reset_sync_SLR0/U0'
Finished Parsing XDC File [/home/miahafiz/NeuroRing_a_4096_5c/_x.hw.NUM_4096.CORE_5.FREQ_300/link/vivado/vpl/prj/prj.gen/my_rm/bd/ulp/ip/ulp_hmss_0_0/bd_0/ip/ip_1/bd_85ad_hbm_reset_sync_SLR0_0_board.xdc] for cell 'level0_i/ulp/hmss_0/inst/hbm_reset_sync_SLR0/U0'
Parsing XDC File [/home/miahafiz/NeuroRing_a_4096_5c/_x.hw.NUM_4096.CORE_5.FREQ_300/link/vivado/vpl/prj/prj.gen/my_rm/bd/ulp/ip/ulp_hmss_0_0/bd_0/ip/ip_2/bd_85ad_hbm_reset_sync_SLR2_0_board.xdc] for cell 'level0_i/ulp/hmss_0/inst/hbm_reset_sync_SLR2/U0'
Finished Parsing XDC File [/home/miahafiz/NeuroRing_a_4096_5c/_x.hw.NUM_4096.CORE_5.FREQ_300/link/vivado/vpl/prj/prj.gen/my_rm/bd/ulp/ip/ulp_hmss_0_0/bd_0/ip/ip_2/bd_85ad_hbm_reset_sync_SLR2_0_board.xdc] for cell 'level0_i/ulp/hmss_0/inst/hbm_reset_sync_SLR2/U0'
Parsing XDC File [/home/miahafiz/NeuroRing_a_4096_5c/_x.hw.NUM_4096.CORE_5.FREQ_300/link/vivado/vpl/prj/prj.gen/my_rm/bd/ulp/ip/ulp_hmss_0_0/bd_1/ip/ip_1/bd_baa4_psr0_0_board.xdc] for cell 'level0_i/ulp/hmss_0/inst/path_0/interconnect1_0/inst/clk_map/psr0/U0'
Finished Parsing XDC File [/home/miahafiz/NeuroRing_a_4096_5c/_x.hw.NUM_4096.CORE_5.FREQ_300/link/vivado/vpl/prj/prj.gen/my_rm/bd/ulp/ip/ulp_hmss_0_0/bd_1/ip/ip_1/bd_baa4_psr0_0_board.xdc] for cell 'level0_i/ulp/hmss_0/inst/path_0/interconnect1_0/inst/clk_map/psr0/U0'
Parsing XDC File [/home/miahafiz/NeuroRing_a_4096_5c/_x.hw.NUM_4096.CORE_5.FREQ_300/link/vivado/vpl/prj/prj.gen/my_rm/bd/ulp/ip/ulp_hmss_0_0/bd_1/ip/ip_2/bd_baa4_psr_aclk_0_board.xdc] for cell 'level0_i/ulp/hmss_0/inst/path_0/interconnect1_0/inst/clk_map/psr_aclk/U0'
Finished Parsing XDC File [/home/miahafiz/NeuroRing_a_4096_5c/_x.hw.NUM_4096.CORE_5.FREQ_300/link/vivado/vpl/prj/prj.gen/my_rm/bd/ulp/ip/ulp_hmss_0_0/bd_1/ip/ip_2/bd_baa4_psr_aclk_0_board.xdc] for cell 'level0_i/ulp/hmss_0/inst/path_0/interconnect1_0/inst/clk_map/psr_aclk/U0'
Parsing XDC File [/home/miahafiz/NeuroRing_a_4096_5c/_x.hw.NUM_4096.CORE_5.FREQ_300/link/vivado/vpl/prj/prj.gen/my_rm/bd/ulp/ip/ulp_hmss_0_0/bd_1/ip/ip_3/bd_baa4_psr_aclk1_0_board.xdc] for cell 'level0_i/ulp/hmss_0/inst/path_0/interconnect1_0/inst/clk_map/psr_aclk1/U0'
Finished Parsing XDC File [/home/miahafiz/NeuroRing_a_4096_5c/_x.hw.NUM_4096.CORE_5.FREQ_300/link/vivado/vpl/prj/prj.gen/my_rm/bd/ulp/ip/ulp_hmss_0_0/bd_1/ip/ip_3/bd_baa4_psr_aclk1_0_board.xdc] for cell 'level0_i/ulp/hmss_0/inst/path_0/interconnect1_0/inst/clk_map/psr_aclk1/U0'
Parsing XDC File [/home/miahafiz/NeuroRing_a_4096_5c/_x.hw.NUM_4096.CORE_5.FREQ_300/link/vivado/vpl/prj/prj.gen/my_rm/bd/ulp/ip/ulp_hmss_0_0/bd_0/ip/ip_3/smartconnect.xdc] for cell 'level0_i/ulp/hmss_0/inst/path_0/interconnect1_0/inst'
WARNING: [Vivado_Tcl 4-919] Waiver ID 'CDC-1' -from list should not be empty. [/home/miahafiz/NeuroRing_a_4096_5c/_x.hw.NUM_4096.CORE_5.FREQ_300/link/vivado/vpl/prj/prj.gen/my_rm/bd/ulp/ip/ulp_hmss_0_0/bd_0/ip/ip_3/smartconnect.xdc:3]
WARNING: [Vivado_Tcl 4-921] Waiver ID 'CDC-1' -to list should not be empty. [/home/miahafiz/NeuroRing_a_4096_5c/_x.hw.NUM_4096.CORE_5.FREQ_300/link/vivado/vpl/prj/prj.gen/my_rm/bd/ulp/ip/ulp_hmss_0_0/bd_0/ip/ip_3/smartconnect.xdc:4]
WARNING: [Vivado_Tcl 4-921] Waiver ID 'CDC-1' -to list should not be empty. [/home/miahafiz/NeuroRing_a_4096_5c/_x.hw.NUM_4096.CORE_5.FREQ_300/link/vivado/vpl/prj/prj.gen/my_rm/bd/ulp/ip/ulp_hmss_0_0/bd_0/ip/ip_3/smartconnect.xdc:5]
WARNING: [Vivado_Tcl 4-921] Waiver ID 'CDC-1' -to list should not be empty. [/home/miahafiz/NeuroRing_a_4096_5c/_x.hw.NUM_4096.CORE_5.FREQ_300/link/vivado/vpl/prj/prj.gen/my_rm/bd/ulp/ip/ulp_hmss_0_0/bd_0/ip/ip_3/smartconnect.xdc:6]
WARNING: [Vivado_Tcl 4-921] Waiver ID 'CDC-1' -to list should not be empty. [/home/miahafiz/NeuroRing_a_4096_5c/_x.hw.NUM_4096.CORE_5.FREQ_300/link/vivado/vpl/prj/prj.gen/my_rm/bd/ulp/ip/ulp_hmss_0_0/bd_0/ip/ip_3/smartconnect.xdc:7]
WARNING: [Vivado_Tcl 4-921] Waiver ID 'CDC-1' -to list should not be empty. [/home/miahafiz/NeuroRing_a_4096_5c/_x.hw.NUM_4096.CORE_5.FREQ_300/link/vivado/vpl/prj/prj.gen/my_rm/bd/ulp/ip/ulp_hmss_0_0/bd_0/ip/ip_3/smartconnect.xdc:8]
WARNING: [Vivado_Tcl 4-921] Waiver ID 'CDC-1' -to list should not be empty. [/home/miahafiz/NeuroRing_a_4096_5c/_x.hw.NUM_4096.CORE_5.FREQ_300/link/vivado/vpl/prj/prj.gen/my_rm/bd/ulp/ip/ulp_hmss_0_0/bd_0/ip/ip_3/smartconnect.xdc:9]
WARNING: [Vivado_Tcl 4-921] Waiver ID 'CDC-1' -to list should not be empty. [/home/miahafiz/NeuroRing_a_4096_5c/_x.hw.NUM_4096.CORE_5.FREQ_300/link/vivado/vpl/prj/prj.gen/my_rm/bd/ulp/ip/ulp_hmss_0_0/bd_0/ip/ip_3/smartconnect.xdc:10]
WARNING: [Vivado_Tcl 4-921] Waiver ID 'CDC-1' -to list should not be empty. [/home/miahafiz/NeuroRing_a_4096_5c/_x.hw.NUM_4096.CORE_5.FREQ_300/link/vivado/vpl/prj/prj.gen/my_rm/bd/ulp/ip/ulp_hmss_0_0/bd_0/ip/ip_3/smartconnect.xdc:11]
WARNING: [Vivado_Tcl 4-921] Waiver ID 'CDC-1' -to list should not be empty. [/home/miahafiz/NeuroRing_a_4096_5c/_x.hw.NUM_4096.CORE_5.FREQ_300/link/vivado/vpl/prj/prj.gen/my_rm/bd/ulp/ip/ulp_hmss_0_0/bd_0/ip/ip_3/smartconnect.xdc:12]
WARNING: [Vivado_Tcl 4-921] Waiver ID 'CDC-1' -to list should not be empty. [/home/miahafiz/NeuroRing_a_4096_5c/_x.hw.NUM_4096.CORE_5.FREQ_300/link/vivado/vpl/prj/prj.gen/my_rm/bd/ulp/ip/ulp_hmss_0_0/bd_0/ip/ip_3/smartconnect.xdc:13]
WARNING: [Vivado_Tcl 4-921] Waiver ID 'CDC-1' -to list should not be empty. [/home/miahafiz/NeuroRing_a_4096_5c/_x.hw.NUM_4096.CORE_5.FREQ_300/link/vivado/vpl/prj/prj.gen/my_rm/bd/ulp/ip/ulp_hmss_0_0/bd_0/ip/ip_3/smartconnect.xdc:14]
WARNING: [Vivado_Tcl 4-921] Waiver ID 'CDC-1' -to list should not be empty. [/home/miahafiz/NeuroRing_a_4096_5c/_x.hw.NUM_4096.CORE_5.FREQ_300/link/vivado/vpl/prj/prj.gen/my_rm/bd/ulp/ip/ulp_hmss_0_0/bd_0/ip/ip_3/smartconnect.xdc:15]
WARNING: [Vivado_Tcl 4-921] Waiver ID 'CDC-1' -to list should not be empty. [/home/miahafiz/NeuroRing_a_4096_5c/_x.hw.NUM_4096.CORE_5.FREQ_300/link/vivado/vpl/prj/prj.gen/my_rm/bd/ulp/ip/ulp_hmss_0_0/bd_0/ip/ip_3/smartconnect.xdc:16]
WARNING: [Vivado_Tcl 4-921] Waiver ID 'CDC-1' -to list should not be empty. [/home/miahafiz/NeuroRing_a_4096_5c/_x.hw.NUM_4096.CORE_5.FREQ_300/link/vivado/vpl/prj/prj.gen/my_rm/bd/ulp/ip/ulp_hmss_0_0/bd_0/ip/ip_3/smartconnect.xdc:17]
WARNING: [Vivado_Tcl 4-921] Waiver ID 'CDC-1' -to list should not be empty. [/home/miahafiz/NeuroRing_a_4096_5c/_x.hw.NUM_4096.CORE_5.FREQ_300/link/vivado/vpl/prj/prj.gen/my_rm/bd/ulp/ip/ulp_hmss_0_0/bd_0/ip/ip_3/smartconnect.xdc:19]
WARNING: [Vivado_Tcl 4-921] Waiver ID 'CDC-1' -to list should not be empty. [/home/miahafiz/NeuroRing_a_4096_5c/_x.hw.NUM_4096.CORE_5.FREQ_300/link/vivado/vpl/prj/prj.gen/my_rm/bd/ulp/ip/ulp_hmss_0_0/bd_0/ip/ip_3/smartconnect.xdc:20]
WARNING: [Vivado_Tcl 4-921] Waiver ID 'CDC-1' -to list should not be empty. [/home/miahafiz/NeuroRing_a_4096_5c/_x.hw.NUM_4096.CORE_5.FREQ_300/link/vivado/vpl/prj/prj.gen/my_rm/bd/ulp/ip/ulp_hmss_0_0/bd_0/ip/ip_3/smartconnect.xdc:21]
WARNING: [Vivado_Tcl 4-921] Waiver ID 'CDC-1' -to list should not be empty. [/home/miahafiz/NeuroRing_a_4096_5c/_x.hw.NUM_4096.CORE_5.FREQ_300/link/vivado/vpl/prj/prj.gen/my_rm/bd/ulp/ip/ulp_hmss_0_0/bd_0/ip/ip_3/smartconnect.xdc:22]
WARNING: [Vivado_Tcl 4-921] Waiver ID 'CDC-1' -to list should not be empty. [/home/miahafiz/NeuroRing_a_4096_5c/_x.hw.NUM_4096.CORE_5.FREQ_300/link/vivado/vpl/prj/prj.gen/my_rm/bd/ulp/ip/ulp_hmss_0_0/bd_0/ip/ip_3/smartconnect.xdc:23]
WARNING: [Vivado_Tcl 4-921] Waiver ID 'CDC-1' -to list should not be empty. [/home/miahafiz/NeuroRing_a_4096_5c/_x.hw.NUM_4096.CORE_5.FREQ_300/link/vivado/vpl/prj/prj.gen/my_rm/bd/ulp/ip/ulp_hmss_0_0/bd_0/ip/ip_3/smartconnect.xdc:24]
WARNING: [Vivado_Tcl 4-921] Waiver ID 'CDC-1' -to list should not be empty. [/home/miahafiz/NeuroRing_a_4096_5c/_x.hw.NUM_4096.CORE_5.FREQ_300/link/vivado/vpl/prj/prj.gen/my_rm/bd/ulp/ip/ulp_hmss_0_0/bd_0/ip/ip_3/smartconnect.xdc:25]
WARNING: [Vivado_Tcl 4-921] Waiver ID 'CDC-1' -to list should not be empty. [/home/miahafiz/NeuroRing_a_4096_5c/_x.hw.NUM_4096.CORE_5.FREQ_300/link/vivado/vpl/prj/prj.gen/my_rm/bd/ulp/ip/ulp_hmss_0_0/bd_0/ip/ip_3/smartconnect.xdc:26]
WARNING: [Vivado_Tcl 4-921] Waiver ID 'CDC-1' -to list should not be empty. [/home/miahafiz/NeuroRing_a_4096_5c/_x.hw.NUM_4096.CORE_5.FREQ_300/link/vivado/vpl/prj/prj.gen/my_rm/bd/ulp/ip/ulp_hmss_0_0/bd_0/ip/ip_3/smartconnect.xdc:27]
WARNING: [Vivado_Tcl 4-921] Waiver ID 'CDC-1' -to list should not be empty. [/home/miahafiz/NeuroRing_a_4096_5c/_x.hw.NUM_4096.CORE_5.FREQ_300/link/vivado/vpl/prj/prj.gen/my_rm/bd/ulp/ip/ulp_hmss_0_0/bd_0/ip/ip_3/smartconnect.xdc:28]
WARNING: [Vivado_Tcl 4-921] Waiver ID 'CDC-1' -to list should not be empty. [/home/miahafiz/NeuroRing_a_4096_5c/_x.hw.NUM_4096.CORE_5.FREQ_300/link/vivado/vpl/prj/prj.gen/my_rm/bd/ulp/ip/ulp_hmss_0_0/bd_0/ip/ip_3/smartconnect.xdc:29]
WARNING: [Vivado_Tcl 4-921] Waiver ID 'CDC-1' -to list should not be empty. [/home/miahafiz/NeuroRing_a_4096_5c/_x.hw.NUM_4096.CORE_5.FREQ_300/link/vivado/vpl/prj/prj.gen/my_rm/bd/ulp/ip/ulp_hmss_0_0/bd_0/ip/ip_3/smartconnect.xdc:31]
WARNING: [Vivado_Tcl 4-921] Waiver ID 'CDC-1' -to list should not be empty. [/home/miahafiz/NeuroRing_a_4096_5c/_x.hw.NUM_4096.CORE_5.FREQ_300/link/vivado/vpl/prj/prj.gen/my_rm/bd/ulp/ip/ulp_hmss_0_0/bd_0/ip/ip_3/smartconnect.xdc:33]
WARNING: [Vivado_Tcl 4-921] Waiver ID 'CDC-1' -to list should not be empty. [/home/miahafiz/NeuroRing_a_4096_5c/_x.hw.NUM_4096.CORE_5.FREQ_300/link/vivado/vpl/prj/prj.gen/my_rm/bd/ulp/ip/ulp_hmss_0_0/bd_0/ip/ip_3/smartconnect.xdc:34]
WARNING: [Vivado_Tcl 4-921] Waiver ID 'CDC-1' -to list should not be empty. [/home/miahafiz/NeuroRing_a_4096_5c/_x.hw.NUM_4096.CORE_5.FREQ_300/link/vivado/vpl/prj/prj.gen/my_rm/bd/ulp/ip/ulp_hmss_0_0/bd_0/ip/ip_3/smartconnect.xdc:35]
WARNING: [Vivado_Tcl 4-921] Waiver ID 'CDC-1' -to list should not be empty. [/home/miahafiz/NeuroRing_a_4096_5c/_x.hw.NUM_4096.CORE_5.FREQ_300/link/vivado/vpl/prj/prj.gen/my_rm/bd/ulp/ip/ulp_hmss_0_0/bd_0/ip/ip_3/smartconnect.xdc:36]
WARNING: [Vivado_Tcl 4-921] Waiver ID 'CDC-1' -to list should not be empty. [/home/miahafiz/NeuroRing_a_4096_5c/_x.hw.NUM_4096.CORE_5.FREQ_300/link/vivado/vpl/prj/prj.gen/my_rm/bd/ulp/ip/ulp_hmss_0_0/bd_0/ip/ip_3/smartconnect.xdc:37]
WARNING: [Vivado_Tcl 4-921] Waiver ID 'CDC-1' -to list should not be empty. [/home/miahafiz/NeuroRing_a_4096_5c/_x.hw.NUM_4096.CORE_5.FREQ_300/link/vivado/vpl/prj/prj.gen/my_rm/bd/ulp/ip/ulp_hmss_0_0/bd_0/ip/ip_3/smartconnect.xdc:38]
WARNING: [Vivado_Tcl 4-921] Waiver ID 'CDC-1' -to list should not be empty. [/home/miahafiz/NeuroRing_a_4096_5c/_x.hw.NUM_4096.CORE_5.FREQ_300/link/vivado/vpl/prj/prj.gen/my_rm/bd/ulp/ip/ulp_hmss_0_0/bd_0/ip/ip_3/smartconnect.xdc:39]
WARNING: [Vivado_Tcl 4-921] Waiver ID 'CDC-1' -to list should not be empty. [/home/miahafiz/NeuroRing_a_4096_5c/_x.hw.NUM_4096.CORE_5.FREQ_300/link/vivado/vpl/prj/prj.gen/my_rm/bd/ulp/ip/ulp_hmss_0_0/bd_0/ip/ip_3/smartconnect.xdc:40]
WARNING: [Vivado_Tcl 4-921] Waiver ID 'CDC-1' -to list should not be empty. [/home/miahafiz/NeuroRing_a_4096_5c/_x.hw.NUM_4096.CORE_5.FREQ_300/link/vivado/vpl/prj/prj.gen/my_rm/bd/ulp/ip/ulp_hmss_0_0/bd_0/ip/ip_3/smartconnect.xdc:41]
WARNING: [Vivado_Tcl 4-921] Waiver ID 'CDC-2' -to list should not be empty. [/home/miahafiz/NeuroRing_a_4096_5c/_x.hw.NUM_4096.CORE_5.FREQ_300/link/vivado/vpl/prj/prj.gen/my_rm/bd/ulp/ip/ulp_hmss_0_0/bd_0/ip/ip_3/smartconnect.xdc:42]
WARNING: [Vivado_Tcl 4-921] Waiver ID 'CDC-2' -to list should not be empty. [/home/miahafiz/NeuroRing_a_4096_5c/_x.hw.NUM_4096.CORE_5.FREQ_300/link/vivado/vpl/prj/prj.gen/my_rm/bd/ulp/ip/ulp_hmss_0_0/bd_0/ip/ip_3/smartconnect.xdc:43]
WARNING: [Vivado_Tcl 4-921] Waiver ID 'CDC-2' -to list should not be empty. [/home/miahafiz/NeuroRing_a_4096_5c/_x.hw.NUM_4096.CORE_5.FREQ_300/link/vivado/vpl/prj/prj.gen/my_rm/bd/ulp/ip/ulp_hmss_0_0/bd_0/ip/ip_3/smartconnect.xdc:44]
WARNING: [Vivado_Tcl 4-921] Waiver ID 'CDC-10' -to list should not be empty. [/home/miahafiz/NeuroRing_a_4096_5c/_x.hw.NUM_4096.CORE_5.FREQ_300/link/vivado/vpl/prj/prj.gen/my_rm/bd/ulp/ip/ulp_hmss_0_0/bd_0/ip/ip_3/smartconnect.xdc:45]
WARNING: [Vivado_Tcl 4-921] Waiver ID 'CDC-10' -to list should not be empty. [/home/miahafiz/NeuroRing_a_4096_5c/_x.hw.NUM_4096.CORE_5.FREQ_300/link/vivado/vpl/prj/prj.gen/my_rm/bd/ulp/ip/ulp_hmss_0_0/bd_0/ip/ip_3/smartconnect.xdc:46]
WARNING: [Vivado_Tcl 4-921] Waiver ID 'CDC-10' -to list should not be empty. [/home/miahafiz/NeuroRing_a_4096_5c/_x.hw.NUM_4096.CORE_5.FREQ_300/link/vivado/vpl/prj/prj.gen/my_rm/bd/ulp/ip/ulp_hmss_0_0/bd_0/ip/ip_3/smartconnect.xdc:47]
WARNING: [Vivado_Tcl 4-921] Waiver ID 'CDC-4' -to list should not be empty. [/home/miahafiz/NeuroRing_a_4096_5c/_x.hw.NUM_4096.CORE_5.FREQ_300/link/vivado/vpl/prj/prj.gen/my_rm/bd/ulp/ip/ulp_hmss_0_0/bd_0/ip/ip_3/smartconnect.xdc:48]
WARNING: [Vivado_Tcl 4-921] Waiver ID 'CDC-4' -to list should not be empty. [/home/miahafiz/NeuroRing_a_4096_5c/_x.hw.NUM_4096.CORE_5.FREQ_300/link/vivado/vpl/prj/prj.gen/my_rm/bd/ulp/ip/ulp_hmss_0_0/bd_0/ip/ip_3/smartconnect.xdc:49]
WARNING: [Vivado_Tcl 4-921] Waiver ID 'CDC-4' -to list should not be empty. [/home/miahafiz/NeuroRing_a_4096_5c/_x.hw.NUM_4096.CORE_5.FREQ_300/link/vivado/vpl/prj/prj.gen/my_rm/bd/ulp/ip/ulp_hmss_0_0/bd_0/ip/ip_3/smartconnect.xdc:50]
WARNING: [Vivado_Tcl 4-921] Waiver ID 'CDC-13' -to list should not be empty. [/home/miahafiz/NeuroRing_a_4096_5c/_x.hw.NUM_4096.CORE_5.FREQ_300/link/vivado/vpl/prj/prj.gen/my_rm/bd/ulp/ip/ulp_hmss_0_0/bd_0/ip/ip_3/smartconnect.xdc:51]
WARNING: [Vivado_Tcl 4-921] Waiver ID 'CDC-13' -to list should not be empty. [/home/miahafiz/NeuroRing_a_4096_5c/_x.hw.NUM_4096.CORE_5.FREQ_300/link/vivado/vpl/prj/prj.gen/my_rm/bd/ulp/ip/ulp_hmss_0_0/bd_0/ip/ip_3/smartconnect.xdc:52]
WARNING: [Vivado_Tcl 4-919] Waiver ID 'CDC-1' -from list should not be empty. [/home/miahafiz/NeuroRing_a_4096_5c/_x.hw.NUM_4096.CORE_5.FREQ_300/link/vivado/vpl/prj/prj.gen/my_rm/bd/ulp/ip/ulp_hmss_0_0/bd_0/ip/ip_3/smartconnect.xdc:53]
WARNING: [Vivado_Tcl 4-919] Waiver ID 'CDC-13' -from list should not be empty. [/home/miahafiz/NeuroRing_a_4096_5c/_x.hw.NUM_4096.CORE_5.FREQ_300/link/vivado/vpl/prj/prj.gen/my_rm/bd/ulp/ip/ulp_hmss_0_0/bd_0/ip/ip_3/smartconnect.xdc:54]
WARNING: [Vivado_Tcl 4-921] Waiver ID 'CDC-10' -to list should not be empty. [/home/miahafiz/NeuroRing_a_4096_5c/_x.hw.NUM_4096.CORE_5.FREQ_300/link/vivado/vpl/prj/prj.gen/my_rm/bd/ulp/ip/ulp_hmss_0_0/bd_0/ip/ip_3/smartconnect.xdc:55]
WARNING: [Vivado_Tcl 4-921] Waiver ID 'CDC-11' -to list should not be empty. [/home/miahafiz/NeuroRing_a_4096_5c/_x.hw.NUM_4096.CORE_5.FREQ_300/link/vivado/vpl/prj/prj.gen/my_rm/bd/ulp/ip/ulp_hmss_0_0/bd_0/ip/ip_3/smartconnect.xdc:56]
WARNING: [Vivado_Tcl 4-921] Waiver ID 'CDC-2' -to list should not be empty. [/home/miahafiz/NeuroRing_a_4096_5c/_x.hw.NUM_4096.CORE_5.FREQ_300/link/vivado/vpl/prj/prj.gen/my_rm/bd/ulp/ip/ulp_hmss_0_0/bd_0/ip/ip_3/smartconnect.xdc:57]
Finished Parsing XDC File [/home/miahafiz/NeuroRing_a_4096_5c/_x.hw.NUM_4096.CORE_5.FREQ_300/link/vivado/vpl/prj/prj.gen/my_rm/bd/ulp/ip/ulp_hmss_0_0/bd_0/ip/ip_3/smartconnect.xdc] for cell 'level0_i/ulp/hmss_0/inst/path_0/interconnect1_0/inst'
Parsing XDC File [/home/miahafiz/NeuroRing_a_4096_5c/_x.hw.NUM_4096.CORE_5.FREQ_300/link/vivado/vpl/prj/prj.gen/my_rm/bd/ulp/ip/ulp_hmss_0_0/bd_2/ip/ip_1/bd_7ba1_psr0_0_board.xdc] for cell 'level0_i/ulp/hmss_0/inst/path_4/interconnect2_4/inst/clk_map/psr0/U0'
Finished Parsing XDC File [/home/miahafiz/NeuroRing_a_4096_5c/_x.hw.NUM_4096.CORE_5.FREQ_300/link/vivado/vpl/prj/prj.gen/my_rm/bd/ulp/ip/ulp_hmss_0_0/bd_2/ip/ip_1/bd_7ba1_psr0_0_board.xdc] for cell 'level0_i/ulp/hmss_0/inst/path_4/interconnect2_4/inst/clk_map/psr0/U0'
Parsing XDC File [/home/miahafiz/NeuroRing_a_4096_5c/_x.hw.NUM_4096.CORE_5.FREQ_300/link/vivado/vpl/prj/prj.gen/my_rm/bd/ulp/ip/ulp_hmss_0_0/bd_2/ip/ip_2/bd_7ba1_psr_aclk_0_board.xdc] for cell 'level0_i/ulp/hmss_0/inst/path_4/interconnect2_4/inst/clk_map/psr_aclk/U0'
Finished Parsing XDC File [/home/miahafiz/NeuroRing_a_4096_5c/_x.hw.NUM_4096.CORE_5.FREQ_300/link/vivado/vpl/prj/prj.gen/my_rm/bd/ulp/ip/ulp_hmss_0_0/bd_2/ip/ip_2/bd_7ba1_psr_aclk_0_board.xdc] for cell 'level0_i/ulp/hmss_0/inst/path_4/interconnect2_4/inst/clk_map/psr_aclk/U0'
Parsing XDC File [/home/miahafiz/NeuroRing_a_4096_5c/_x.hw.NUM_4096.CORE_5.FREQ_300/link/vivado/vpl/prj/prj.gen/my_rm/bd/ulp/ip/ulp_hmss_0_0/bd_2/ip/ip_3/bd_7ba1_psr_aclk1_0_board.xdc] for cell 'level0_i/ulp/hmss_0/inst/path_4/interconnect2_4/inst/clk_map/psr_aclk1/U0'
Finished Parsing XDC File [/home/miahafiz/NeuroRing_a_4096_5c/_x.hw.NUM_4096.CORE_5.FREQ_300/link/vivado/vpl/prj/prj.gen/my_rm/bd/ulp/ip/ulp_hmss_0_0/bd_2/ip/ip_3/bd_7ba1_psr_aclk1_0_board.xdc] for cell 'level0_i/ulp/hmss_0/inst/path_4/interconnect2_4/inst/clk_map/psr_aclk1/U0'
Parsing XDC File [/home/miahafiz/NeuroRing_a_4096_5c/_x.hw.NUM_4096.CORE_5.FREQ_300/link/vivado/vpl/prj/prj.gen/my_rm/bd/ulp/ip/ulp_hmss_0_0/bd_0/ip/ip_6/smartconnect.xdc] for cell 'level0_i/ulp/hmss_0/inst/path_4/interconnect2_4/inst'
WARNING: [Vivado_Tcl 4-919] Waiver ID 'CDC-1' -from list should not be empty. [/home/miahafiz/NeuroRing_a_4096_5c/_x.hw.NUM_4096.CORE_5.FREQ_300/link/vivado/vpl/prj/prj.gen/my_rm/bd/ulp/ip/ulp_hmss_0_0/bd_0/ip/ip_6/smartconnect.xdc:3]
WARNING: [Vivado_Tcl 4-921] Waiver ID 'CDC-1' -to list should not be empty. [/home/miahafiz/NeuroRing_a_4096_5c/_x.hw.NUM_4096.CORE_5.FREQ_300/link/vivado/vpl/prj/prj.gen/my_rm/bd/ulp/ip/ulp_hmss_0_0/bd_0/ip/ip_6/smartconnect.xdc:4]
WARNING: [Vivado_Tcl 4-921] Waiver ID 'CDC-1' -to list should not be empty. [/home/miahafiz/NeuroRing_a_4096_5c/_x.hw.NUM_4096.CORE_5.FREQ_300/link/vivado/vpl/prj/prj.gen/my_rm/bd/ulp/ip/ulp_hmss_0_0/bd_0/ip/ip_6/smartconnect.xdc:5]
WARNING: [Vivado_Tcl 4-921] Waiver ID 'CDC-1' -to list should not be empty. [/home/miahafiz/NeuroRing_a_4096_5c/_x.hw.NUM_4096.CORE_5.FREQ_300/link/vivado/vpl/prj/prj.gen/my_rm/bd/ulp/ip/ulp_hmss_0_0/bd_0/ip/ip_6/smartconnect.xdc:6]
WARNING: [Vivado_Tcl 4-921] Waiver ID 'CDC-1' -to list should not be empty. [/home/miahafiz/NeuroRing_a_4096_5c/_x.hw.NUM_4096.CORE_5.FREQ_300/link/vivado/vpl/prj/prj.gen/my_rm/bd/ulp/ip/ulp_hmss_0_0/bd_0/ip/ip_6/smartconnect.xdc:7]
WARNING: [Vivado_Tcl 4-921] Waiver ID 'CDC-1' -to list should not be empty. [/home/miahafiz/NeuroRing_a_4096_5c/_x.hw.NUM_4096.CORE_5.FREQ_300/link/vivado/vpl/prj/prj.gen/my_rm/bd/ulp/ip/ulp_hmss_0_0/bd_0/ip/ip_6/smartconnect.xdc:8]
WARNING: [Vivado_Tcl 4-921] Waiver ID 'CDC-1' -to list should not be empty. [/home/miahafiz/NeuroRing_a_4096_5c/_x.hw.NUM_4096.CORE_5.FREQ_300/link/vivado/vpl/prj/prj.gen/my_rm/bd/ulp/ip/ulp_hmss_0_0/bd_0/ip/ip_6/smartconnect.xdc:9]
WARNING: [Vivado_Tcl 4-921] Waiver ID 'CDC-1' -to list should not be empty. [/home/miahafiz/NeuroRing_a_4096_5c/_x.hw.NUM_4096.CORE_5.FREQ_300/link/vivado/vpl/prj/prj.gen/my_rm/bd/ulp/ip/ulp_hmss_0_0/bd_0/ip/ip_6/smartconnect.xdc:10]
WARNING: [Vivado_Tcl 4-921] Waiver ID 'CDC-1' -to list should not be empty. [/home/miahafiz/NeuroRing_a_4096_5c/_x.hw.NUM_4096.CORE_5.FREQ_300/link/vivado/vpl/prj/prj.gen/my_rm/bd/ulp/ip/ulp_hmss_0_0/bd_0/ip/ip_6/smartconnect.xdc:11]
WARNING: [Vivado_Tcl 4-921] Waiver ID 'CDC-1' -to list should not be empty. [/home/miahafiz/NeuroRing_a_4096_5c/_x.hw.NUM_4096.CORE_5.FREQ_300/link/vivado/vpl/prj/prj.gen/my_rm/bd/ulp/ip/ulp_hmss_0_0/bd_0/ip/ip_6/smartconnect.xdc:12]
WARNING: [Vivado_Tcl 4-921] Waiver ID 'CDC-1' -to list should not be empty. [/home/miahafiz/NeuroRing_a_4096_5c/_x.hw.NUM_4096.CORE_5.FREQ_300/link/vivado/vpl/prj/prj.gen/my_rm/bd/ulp/ip/ulp_hmss_0_0/bd_0/ip/ip_6/smartconnect.xdc:13]
WARNING: [Vivado_Tcl 4-921] Waiver ID 'CDC-1' -to list should not be empty. [/home/miahafiz/NeuroRing_a_4096_5c/_x.hw.NUM_4096.CORE_5.FREQ_300/link/vivado/vpl/prj/prj.gen/my_rm/bd/ulp/ip/ulp_hmss_0_0/bd_0/ip/ip_6/smartconnect.xdc:14]
WARNING: [Vivado_Tcl 4-921] Waiver ID 'CDC-1' -to list should not be empty. [/home/miahafiz/NeuroRing_a_4096_5c/_x.hw.NUM_4096.CORE_5.FREQ_300/link/vivado/vpl/prj/prj.gen/my_rm/bd/ulp/ip/ulp_hmss_0_0/bd_0/ip/ip_6/smartconnect.xdc:15]
WARNING: [Vivado_Tcl 4-921] Waiver ID 'CDC-1' -to list should not be empty. [/home/miahafiz/NeuroRing_a_4096_5c/_x.hw.NUM_4096.CORE_5.FREQ_300/link/vivado/vpl/prj/prj.gen/my_rm/bd/ulp/ip/ulp_hmss_0_0/bd_0/ip/ip_6/smartconnect.xdc:16]
WARNING: [Vivado_Tcl 4-921] Waiver ID 'CDC-1' -to list should not be empty. [/home/miahafiz/NeuroRing_a_4096_5c/_x.hw.NUM_4096.CORE_5.FREQ_300/link/vivado/vpl/prj/prj.gen/my_rm/bd/ulp/ip/ulp_hmss_0_0/bd_0/ip/ip_6/smartconnect.xdc:17]
WARNING: [Vivado_Tcl 4-921] Waiver ID 'CDC-1' -to list should not be empty. [/home/miahafiz/NeuroRing_a_4096_5c/_x.hw.NUM_4096.CORE_5.FREQ_300/link/vivado/vpl/prj/prj.gen/my_rm/bd/ulp/ip/ulp_hmss_0_0/bd_0/ip/ip_6/smartconnect.xdc:19]
WARNING: [Vivado_Tcl 4-921] Waiver ID 'CDC-1' -to list should not be empty. [/home/miahafiz/NeuroRing_a_4096_5c/_x.hw.NUM_4096.CORE_5.FREQ_300/link/vivado/vpl/prj/prj.gen/my_rm/bd/ulp/ip/ulp_hmss_0_0/bd_0/ip/ip_6/smartconnect.xdc:20]
WARNING: [Vivado_Tcl 4-921] Waiver ID 'CDC-1' -to list should not be empty. [/home/miahafiz/NeuroRing_a_4096_5c/_x.hw.NUM_4096.CORE_5.FREQ_300/link/vivado/vpl/prj/prj.gen/my_rm/bd/ulp/ip/ulp_hmss_0_0/bd_0/ip/ip_6/smartconnect.xdc:21]
WARNING: [Vivado_Tcl 4-921] Waiver ID 'CDC-1' -to list should not be empty. [/home/miahafiz/NeuroRing_a_4096_5c/_x.hw.NUM_4096.CORE_5.FREQ_300/link/vivado/vpl/prj/prj.gen/my_rm/bd/ulp/ip/ulp_hmss_0_0/bd_0/ip/ip_6/smartconnect.xdc:22]
WARNING: [Vivado_Tcl 4-921] Waiver ID 'CDC-1' -to list should not be empty. [/home/miahafiz/NeuroRing_a_4096_5c/_x.hw.NUM_4096.CORE_5.FREQ_300/link/vivado/vpl/prj/prj.gen/my_rm/bd/ulp/ip/ulp_hmss_0_0/bd_0/ip/ip_6/smartconnect.xdc:23]
WARNING: [Vivado_Tcl 4-921] Waiver ID 'CDC-1' -to list should not be empty. [/home/miahafiz/NeuroRing_a_4096_5c/_x.hw.NUM_4096.CORE_5.FREQ_300/link/vivado/vpl/prj/prj.gen/my_rm/bd/ulp/ip/ulp_hmss_0_0/bd_0/ip/ip_6/smartconnect.xdc:24]
WARNING: [Vivado_Tcl 4-921] Waiver ID 'CDC-1' -to list should not be empty. [/home/miahafiz/NeuroRing_a_4096_5c/_x.hw.NUM_4096.CORE_5.FREQ_300/link/vivado/vpl/prj/prj.gen/my_rm/bd/ulp/ip/ulp_hmss_0_0/bd_0/ip/ip_6/smartconnect.xdc:25]
WARNING: [Vivado_Tcl 4-921] Waiver ID 'CDC-1' -to list should not be empty. [/home/miahafiz/NeuroRing_a_4096_5c/_x.hw.NUM_4096.CORE_5.FREQ_300/link/vivado/vpl/prj/prj.gen/my_rm/bd/ulp/ip/ulp_hmss_0_0/bd_0/ip/ip_6/smartconnect.xdc:26]
WARNING: [Vivado_Tcl 4-921] Waiver ID 'CDC-1' -to list should not be empty. [/home/miahafiz/NeuroRing_a_4096_5c/_x.hw.NUM_4096.CORE_5.FREQ_300/link/vivado/vpl/prj/prj.gen/my_rm/bd/ulp/ip/ulp_hmss_0_0/bd_0/ip/ip_6/smartconnect.xdc:27]
WARNING: [Vivado_Tcl 4-921] Waiver ID 'CDC-1' -to list should not be empty. [/home/miahafiz/NeuroRing_a_4096_5c/_x.hw.NUM_4096.CORE_5.FREQ_300/link/vivado/vpl/prj/prj.gen/my_rm/bd/ulp/ip/ulp_hmss_0_0/bd_0/ip/ip_6/smartconnect.xdc:28]
WARNING: [Vivado_Tcl 4-921] Waiver ID 'CDC-1' -to list should not be empty. [/home/miahafiz/NeuroRing_a_4096_5c/_x.hw.NUM_4096.CORE_5.FREQ_300/link/vivado/vpl/prj/prj.gen/my_rm/bd/ulp/ip/ulp_hmss_0_0/bd_0/ip/ip_6/smartconnect.xdc:29]
WARNING: [Vivado_Tcl 4-921] Waiver ID 'CDC-1' -to list should not be empty. [/home/miahafiz/NeuroRing_a_4096_5c/_x.hw.NUM_4096.CORE_5.FREQ_300/link/vivado/vpl/prj/prj.gen/my_rm/bd/ulp/ip/ulp_hmss_0_0/bd_0/ip/ip_6/smartconnect.xdc:31]
INFO: [Common 17-14] Message 'Vivado 12-180' appears 100 times and further instances of the messages will be disabled. [Vivado 12-180:100]
WARNING: [Vivado_Tcl 4-921] Waiver ID 'CDC-1' -to list should not be empty. [/home/miahafiz/NeuroRing_a_4096_5c/_x.hw.NUM_4096.CORE_5.FREQ_300/link/vivado/vpl/prj/prj.gen/my_rm/bd/ulp/ip/ulp_hmss_0_0/bd_0/ip/ip_6/smartconnect.xdc:33]
WARNING: [Vivado_Tcl 4-921] Waiver ID 'CDC-1' -to list should not be empty. [/home/miahafiz/NeuroRing_a_4096_5c/_x.hw.NUM_4096.CORE_5.FREQ_300/link/vivado/vpl/prj/prj.gen/my_rm/bd/ulp/ip/ulp_hmss_0_0/bd_0/ip/ip_6/smartconnect.xdc:34]
WARNING: [Vivado_Tcl 4-921] Waiver ID 'CDC-1' -to list should not be empty. [/home/miahafiz/NeuroRing_a_4096_5c/_x.hw.NUM_4096.CORE_5.FREQ_300/link/vivado/vpl/prj/prj.gen/my_rm/bd/ulp/ip/ulp_hmss_0_0/bd_0/ip/ip_6/smartconnect.xdc:35]
WARNING: [Vivado_Tcl 4-921] Waiver ID 'CDC-1' -to list should not be empty. [/home/miahafiz/NeuroRing_a_4096_5c/_x.hw.NUM_4096.CORE_5.FREQ_300/link/vivado/vpl/prj/prj.gen/my_rm/bd/ulp/ip/ulp_hmss_0_0/bd_0/ip/ip_6/smartconnect.xdc:36]
WARNING: [Vivado_Tcl 4-921] Waiver ID 'CDC-1' -to list should not be empty. [/home/miahafiz/NeuroRing_a_4096_5c/_x.hw.NUM_4096.CORE_5.FREQ_300/link/vivado/vpl/prj/prj.gen/my_rm/bd/ulp/ip/ulp_hmss_0_0/bd_0/ip/ip_6/smartconnect.xdc:37]
WARNING: [Vivado_Tcl 4-921] Waiver ID 'CDC-1' -to list should not be empty. [/home/miahafiz/NeuroRing_a_4096_5c/_x.hw.NUM_4096.CORE_5.FREQ_300/link/vivado/vpl/prj/prj.gen/my_rm/bd/ulp/ip/ulp_hmss_0_0/bd_0/ip/ip_6/smartconnect.xdc:38]
WARNING: [Vivado_Tcl 4-921] Waiver ID 'CDC-1' -to list should not be empty. [/home/miahafiz/NeuroRing_a_4096_5c/_x.hw.NUM_4096.CORE_5.FREQ_300/link/vivado/vpl/prj/prj.gen/my_rm/bd/ulp/ip/ulp_hmss_0_0/bd_0/ip/ip_6/smartconnect.xdc:39]
WARNING: [Vivado_Tcl 4-921] Waiver ID 'CDC-1' -to list should not be empty. [/home/miahafiz/NeuroRing_a_4096_5c/_x.hw.NUM_4096.CORE_5.FREQ_300/link/vivado/vpl/prj/prj.gen/my_rm/bd/ulp/ip/ulp_hmss_0_0/bd_0/ip/ip_6/smartconnect.xdc:40]
WARNING: [Vivado_Tcl 4-921] Waiver ID 'CDC-1' -to list should not be empty. [/home/miahafiz/NeuroRing_a_4096_5c/_x.hw.NUM_4096.CORE_5.FREQ_300/link/vivado/vpl/prj/prj.gen/my_rm/bd/ulp/ip/ulp_hmss_0_0/bd_0/ip/ip_6/smartconnect.xdc:41]
WARNING: [Vivado_Tcl 4-921] Waiver ID 'CDC-2' -to list should not be empty. [/home/miahafiz/NeuroRing_a_4096_5c/_x.hw.NUM_4096.CORE_5.FREQ_300/link/vivado/vpl/prj/prj.gen/my_rm/bd/ulp/ip/ulp_hmss_0_0/bd_0/ip/ip_6/smartconnect.xdc:42]
WARNING: [Vivado_Tcl 4-921] Waiver ID 'CDC-2' -to list should not be empty. [/home/miahafiz/NeuroRing_a_4096_5c/_x.hw.NUM_4096.CORE_5.FREQ_300/link/vivado/vpl/prj/prj.gen/my_rm/bd/ulp/ip/ulp_hmss_0_0/bd_0/ip/ip_6/smartconnect.xdc:43]
WARNING: [Vivado_Tcl 4-921] Waiver ID 'CDC-2' -to list should not be empty. [/home/miahafiz/NeuroRing_a_4096_5c/_x.hw.NUM_4096.CORE_5.FREQ_300/link/vivado/vpl/prj/prj.gen/my_rm/bd/ulp/ip/ulp_hmss_0_0/bd_0/ip/ip_6/smartconnect.xdc:44]
WARNING: [Vivado_Tcl 4-921] Waiver ID 'CDC-10' -to list should not be empty. [/home/miahafiz/NeuroRing_a_4096_5c/_x.hw.NUM_4096.CORE_5.FREQ_300/link/vivado/vpl/prj/prj.gen/my_rm/bd/ulp/ip/ulp_hmss_0_0/bd_0/ip/ip_6/smartconnect.xdc:45]
WARNING: [Vivado_Tcl 4-921] Waiver ID 'CDC-10' -to list should not be empty. [/home/miahafiz/NeuroRing_a_4096_5c/_x.hw.NUM_4096.CORE_5.FREQ_300/link/vivado/vpl/prj/prj.gen/my_rm/bd/ulp/ip/ulp_hmss_0_0/bd_0/ip/ip_6/smartconnect.xdc:46]
WARNING: [Vivado_Tcl 4-921] Waiver ID 'CDC-10' -to list should not be empty. [/home/miahafiz/NeuroRing_a_4096_5c/_x.hw.NUM_4096.CORE_5.FREQ_300/link/vivado/vpl/prj/prj.gen/my_rm/bd/ulp/ip/ulp_hmss_0_0/bd_0/ip/ip_6/smartconnect.xdc:47]
WARNING: [Vivado_Tcl 4-921] Waiver ID 'CDC-4' -to list should not be empty. [/home/miahafiz/NeuroRing_a_4096_5c/_x.hw.NUM_4096.CORE_5.FREQ_300/link/vivado/vpl/prj/prj.gen/my_rm/bd/ulp/ip/ulp_hmss_0_0/bd_0/ip/ip_6/smartconnect.xdc:48]
WARNING: [Vivado_Tcl 4-921] Waiver ID 'CDC-4' -to list should not be empty. [/home/miahafiz/NeuroRing_a_4096_5c/_x.hw.NUM_4096.CORE_5.FREQ_300/link/vivado/vpl/prj/prj.gen/my_rm/bd/ulp/ip/ulp_hmss_0_0/bd_0/ip/ip_6/smartconnect.xdc:49]
WARNING: [Vivado_Tcl 4-921] Waiver ID 'CDC-4' -to list should not be empty. [/home/miahafiz/NeuroRing_a_4096_5c/_x.hw.NUM_4096.CORE_5.FREQ_300/link/vivado/vpl/prj/prj.gen/my_rm/bd/ulp/ip/ulp_hmss_0_0/bd_0/ip/ip_6/smartconnect.xdc:50]
WARNING: [Vivado_Tcl 4-921] Waiver ID 'CDC-13' -to list should not be empty. [/home/miahafiz/NeuroRing_a_4096_5c/_x.hw.NUM_4096.CORE_5.FREQ_300/link/vivado/vpl/prj/prj.gen/my_rm/bd/ulp/ip/ulp_hmss_0_0/bd_0/ip/ip_6/smartconnect.xdc:51]
WARNING: [Vivado_Tcl 4-921] Waiver ID 'CDC-13' -to list should not be empty. [/home/miahafiz/NeuroRing_a_4096_5c/_x.hw.NUM_4096.CORE_5.FREQ_300/link/vivado/vpl/prj/prj.gen/my_rm/bd/ulp/ip/ulp_hmss_0_0/bd_0/ip/ip_6/smartconnect.xdc:52]
WARNING: [Vivado_Tcl 4-919] Waiver ID 'CDC-1' -from list should not be empty. [/home/miahafiz/NeuroRing_a_4096_5c/_x.hw.NUM_4096.CORE_5.FREQ_300/link/vivado/vpl/prj/prj.gen/my_rm/bd/ulp/ip/ulp_hmss_0_0/bd_0/ip/ip_6/smartconnect.xdc:53]
WARNING: [Vivado_Tcl 4-919] Waiver ID 'CDC-13' -from list should not be empty. [/home/miahafiz/NeuroRing_a_4096_5c/_x.hw.NUM_4096.CORE_5.FREQ_300/link/vivado/vpl/prj/prj.gen/my_rm/bd/ulp/ip/ulp_hmss_0_0/bd_0/ip/ip_6/smartconnect.xdc:54]
WARNING: [Vivado_Tcl 4-921] Waiver ID 'CDC-10' -to list should not be empty. [/home/miahafiz/NeuroRing_a_4096_5c/_x.hw.NUM_4096.CORE_5.FREQ_300/link/vivado/vpl/prj/prj.gen/my_rm/bd/ulp/ip/ulp_hmss_0_0/bd_0/ip/ip_6/smartconnect.xdc:55]
WARNING: [Vivado_Tcl 4-921] Waiver ID 'CDC-11' -to list should not be empty. [/home/miahafiz/NeuroRing_a_4096_5c/_x.hw.NUM_4096.CORE_5.FREQ_300/link/vivado/vpl/prj/prj.gen/my_rm/bd/ulp/ip/ulp_hmss_0_0/bd_0/ip/ip_6/smartconnect.xdc:56]
WARNING: [Vivado_Tcl 4-921] Waiver ID 'CDC-2' -to list should not be empty. [/home/miahafiz/NeuroRing_a_4096_5c/_x.hw.NUM_4096.CORE_5.FREQ_300/link/vivado/vpl/prj/prj.gen/my_rm/bd/ulp/ip/ulp_hmss_0_0/bd_0/ip/ip_6/smartconnect.xdc:57]
Finished Parsing XDC File [/home/miahafiz/NeuroRing_a_4096_5c/_x.hw.NUM_4096.CORE_5.FREQ_300/link/vivado/vpl/prj/prj.gen/my_rm/bd/ulp/ip/ulp_hmss_0_0/bd_0/ip/ip_6/smartconnect.xdc] for cell 'level0_i/ulp/hmss_0/inst/path_4/interconnect2_4/inst'
Parsing XDC File [/home/miahafiz/NeuroRing_a_4096_5c/_x.hw.NUM_4096.CORE_5.FREQ_300/link/vivado/vpl/prj/prj.gen/my_rm/bd/ulp/ip/ulp_hmss_0_0/bd_3/ip/ip_1/bd_b85c_psr0_0_board.xdc] for cell 'level0_i/ulp/hmss_0/inst/path_8/interconnect3_8/inst/clk_map/psr0/U0'
Finished Parsing XDC File [/home/miahafiz/NeuroRing_a_4096_5c/_x.hw.NUM_4096.CORE_5.FREQ_300/link/vivado/vpl/prj/prj.gen/my_rm/bd/ulp/ip/ulp_hmss_0_0/bd_3/ip/ip_1/bd_b85c_psr0_0_board.xdc] for cell 'level0_i/ulp/hmss_0/inst/path_8/interconnect3_8/inst/clk_map/psr0/U0'
Parsing XDC File [/home/miahafiz/NeuroRing_a_4096_5c/_x.hw.NUM_4096.CORE_5.FREQ_300/link/vivado/vpl/prj/prj.gen/my_rm/bd/ulp/ip/ulp_hmss_0_0/bd_3/ip/ip_2/bd_b85c_psr_aclk_0_board.xdc] for cell 'level0_i/ulp/hmss_0/inst/path_8/interconnect3_8/inst/clk_map/psr_aclk/U0'
Finished Parsing XDC File [/home/miahafiz/NeuroRing_a_4096_5c/_x.hw.NUM_4096.CORE_5.FREQ_300/link/vivado/vpl/prj/prj.gen/my_rm/bd/ulp/ip/ulp_hmss_0_0/bd_3/ip/ip_2/bd_b85c_psr_aclk_0_board.xdc] for cell 'level0_i/ulp/hmss_0/inst/path_8/interconnect3_8/inst/clk_map/psr_aclk/U0'
Parsing XDC File [/home/miahafiz/NeuroRing_a_4096_5c/_x.hw.NUM_4096.CORE_5.FREQ_300/link/vivado/vpl/prj/prj.gen/my_rm/bd/ulp/ip/ulp_hmss_0_0/bd_3/ip/ip_3/bd_b85c_psr_aclk1_0_board.xdc] for cell 'level0_i/ulp/hmss_0/inst/path_8/interconnect3_8/inst/clk_map/psr_aclk1/U0'
Finished Parsing XDC File [/home/miahafiz/NeuroRing_a_4096_5c/_x.hw.NUM_4096.CORE_5.FREQ_300/link/vivado/vpl/prj/prj.gen/my_rm/bd/ulp/ip/ulp_hmss_0_0/bd_3/ip/ip_3/bd_b85c_psr_aclk1_0_board.xdc] for cell 'level0_i/ulp/hmss_0/inst/path_8/interconnect3_8/inst/clk_map/psr_aclk1/U0'
Parsing XDC File [/home/miahafiz/NeuroRing_a_4096_5c/_x.hw.NUM_4096.CORE_5.FREQ_300/link/vivado/vpl/prj/prj.gen/my_rm/bd/ulp/ip/ulp_hmss_0_0/bd_0/ip/ip_9/smartconnect.xdc] for cell 'level0_i/ulp/hmss_0/inst/path_8/interconnect3_8/inst'
WARNING: [Vivado_Tcl 4-919] Waiver ID 'CDC-1' -from list should not be empty. [/home/miahafiz/NeuroRing_a_4096_5c/_x.hw.NUM_4096.CORE_5.FREQ_300/link/vivado/vpl/prj/prj.gen/my_rm/bd/ulp/ip/ulp_hmss_0_0/bd_0/ip/ip_9/smartconnect.xdc:3]
WARNING: [Vivado_Tcl 4-921] Waiver ID 'CDC-1' -to list should not be empty. [/home/miahafiz/NeuroRing_a_4096_5c/_x.hw.NUM_4096.CORE_5.FREQ_300/link/vivado/vpl/prj/prj.gen/my_rm/bd/ulp/ip/ulp_hmss_0_0/bd_0/ip/ip_9/smartconnect.xdc:4]
WARNING: [Vivado_Tcl 4-921] Waiver ID 'CDC-1' -to list should not be empty. [/home/miahafiz/NeuroRing_a_4096_5c/_x.hw.NUM_4096.CORE_5.FREQ_300/link/vivado/vpl/prj/prj.gen/my_rm/bd/ulp/ip/ulp_hmss_0_0/bd_0/ip/ip_9/smartconnect.xdc:5]
INFO: [Common 17-14] Message 'Vivado_Tcl 4-921' appears 100 times and further instances of the messages will be disabled. [Vivado_Tcl 4-921:100]
WARNING: [Vivado_Tcl 4-919] Waiver ID 'CDC-1' -from list should not be empty. [/home/miahafiz/NeuroRing_a_4096_5c/_x.hw.NUM_4096.CORE_5.FREQ_300/link/vivado/vpl/prj/prj.gen/my_rm/bd/ulp/ip/ulp_hmss_0_0/bd_0/ip/ip_9/smartconnect.xdc:53]
WARNING: [Vivado_Tcl 4-919] Waiver ID 'CDC-13' -from list should not be empty. [/home/miahafiz/NeuroRing_a_4096_5c/_x.hw.NUM_4096.CORE_5.FREQ_300/link/vivado/vpl/prj/prj.gen/my_rm/bd/ulp/ip/ulp_hmss_0_0/bd_0/ip/ip_9/smartconnect.xdc:54]
Finished Parsing XDC File [/home/miahafiz/NeuroRing_a_4096_5c/_x.hw.NUM_4096.CORE_5.FREQ_300/link/vivado/vpl/prj/prj.gen/my_rm/bd/ulp/ip/ulp_hmss_0_0/bd_0/ip/ip_9/smartconnect.xdc] for cell 'level0_i/ulp/hmss_0/inst/path_8/interconnect3_8/inst'
Parsing XDC File [/home/miahafiz/NeuroRing_a_4096_5c/_x.hw.NUM_4096.CORE_5.FREQ_300/link/vivado/vpl/prj/prj.gen/my_rm/bd/ulp/ip/ulp_hmss_0_0/bd_4/ip/ip_1/bd_b8b8_psr0_0_board.xdc] for cell 'level0_i/ulp/hmss_0/inst/path_9/interconnect4_9/inst/clk_map/psr0/U0'
Finished Parsing XDC File [/home/miahafiz/NeuroRing_a_4096_5c/_x.hw.NUM_4096.CORE_5.FREQ_300/link/vivado/vpl/prj/prj.gen/my_rm/bd/ulp/ip/ulp_hmss_0_0/bd_4/ip/ip_1/bd_b8b8_psr0_0_board.xdc] for cell 'level0_i/ulp/hmss_0/inst/path_9/interconnect4_9/inst/clk_map/psr0/U0'
Parsing XDC File [/home/miahafiz/NeuroRing_a_4096_5c/_x.hw.NUM_4096.CORE_5.FREQ_300/link/vivado/vpl/prj/prj.gen/my_rm/bd/ulp/ip/ulp_hmss_0_0/bd_4/ip/ip_2/bd_b8b8_psr_aclk_0_board.xdc] for cell 'level0_i/ulp/hmss_0/inst/path_9/interconnect4_9/inst/clk_map/psr_aclk/U0'
Finished Parsing XDC File [/home/miahafiz/NeuroRing_a_4096_5c/_x.hw.NUM_4096.CORE_5.FREQ_300/link/vivado/vpl/prj/prj.gen/my_rm/bd/ulp/ip/ulp_hmss_0_0/bd_4/ip/ip_2/bd_b8b8_psr_aclk_0_board.xdc] for cell 'level0_i/ulp/hmss_0/inst/path_9/interconnect4_9/inst/clk_map/psr_aclk/U0'
Parsing XDC File [/home/miahafiz/NeuroRing_a_4096_5c/_x.hw.NUM_4096.CORE_5.FREQ_300/link/vivado/vpl/prj/prj.gen/my_rm/bd/ulp/ip/ulp_hmss_0_0/bd_4/ip/ip_3/bd_b8b8_psr_aclk1_0_board.xdc] for cell 'level0_i/ulp/hmss_0/inst/path_9/interconnect4_9/inst/clk_map/psr_aclk1/U0'
Finished Parsing XDC File [/home/miahafiz/NeuroRing_a_4096_5c/_x.hw.NUM_4096.CORE_5.FREQ_300/link/vivado/vpl/prj/prj.gen/my_rm/bd/ulp/ip/ulp_hmss_0_0/bd_4/ip/ip_3/bd_b8b8_psr_aclk1_0_board.xdc] for cell 'level0_i/ulp/hmss_0/inst/path_9/interconnect4_9/inst/clk_map/psr_aclk1/U0'
Parsing XDC File [/home/miahafiz/NeuroRing_a_4096_5c/_x.hw.NUM_4096.CORE_5.FREQ_300/link/vivado/vpl/prj/prj.gen/my_rm/bd/ulp/ip/ulp_hmss_0_0/bd_0/ip/ip_12/smartconnect.xdc] for cell 'level0_i/ulp/hmss_0/inst/path_9/interconnect4_9/inst'
WARNING: [Vivado_Tcl 4-919] Waiver ID 'CDC-1' -from list should not be empty. [/home/miahafiz/NeuroRing_a_4096_5c/_x.hw.NUM_4096.CORE_5.FREQ_300/link/vivado/vpl/prj/prj.gen/my_rm/bd/ulp/ip/ulp_hmss_0_0/bd_0/ip/ip_12/smartconnect.xdc:3]
WARNING: [Vivado_Tcl 4-919] Waiver ID 'CDC-1' -from list should not be empty. [/home/miahafiz/NeuroRing_a_4096_5c/_x.hw.NUM_4096.CORE_5.FREQ_300/link/vivado/vpl/prj/prj.gen/my_rm/bd/ulp/ip/ulp_hmss_0_0/bd_0/ip/ip_12/smartconnect.xdc:53]
WARNING: [Vivado_Tcl 4-919] Waiver ID 'CDC-13' -from list should not be empty. [/home/miahafiz/NeuroRing_a_4096_5c/_x.hw.NUM_4096.CORE_5.FREQ_300/link/vivado/vpl/prj/prj.gen/my_rm/bd/ulp/ip/ulp_hmss_0_0/bd_0/ip/ip_12/smartconnect.xdc:54]
Finished Parsing XDC File [/home/miahafiz/NeuroRing_a_4096_5c/_x.hw.NUM_4096.CORE_5.FREQ_300/link/vivado/vpl/prj/prj.gen/my_rm/bd/ulp/ip/ulp_hmss_0_0/bd_0/ip/ip_12/smartconnect.xdc] for cell 'level0_i/ulp/hmss_0/inst/path_9/interconnect4_9/inst'
Parsing XDC File [/home/miahafiz/NeuroRing_a_4096_5c/_x.hw.NUM_4096.CORE_5.FREQ_300/link/vivado/vpl/prj/prj.gen/my_rm/bd/ulp/ip/ulp_hmss_0_0/bd_5/ip/ip_1/bd_6fa6_psr0_0_board.xdc] for cell 'level0_i/ulp/hmss_0/inst/path_10/interconnect0_10/inst/clk_map/psr0/U0'
Finished Parsing XDC File [/home/miahafiz/NeuroRing_a_4096_5c/_x.hw.NUM_4096.CORE_5.FREQ_300/link/vivado/vpl/prj/prj.gen/my_rm/bd/ulp/ip/ulp_hmss_0_0/bd_5/ip/ip_1/bd_6fa6_psr0_0_board.xdc] for cell 'level0_i/ulp/hmss_0/inst/path_10/interconnect0_10/inst/clk_map/psr0/U0'
Parsing XDC File [/home/miahafiz/NeuroRing_a_4096_5c/_x.hw.NUM_4096.CORE_5.FREQ_300/link/vivado/vpl/prj/prj.gen/my_rm/bd/ulp/ip/ulp_hmss_0_0/bd_5/ip/ip_2/bd_6fa6_psr_aclk_0_board.xdc] for cell 'level0_i/ulp/hmss_0/inst/path_10/interconnect0_10/inst/clk_map/psr_aclk/U0'
Finished Parsing XDC File [/home/miahafiz/NeuroRing_a_4096_5c/_x.hw.NUM_4096.CORE_5.FREQ_300/link/vivado/vpl/prj/prj.gen/my_rm/bd/ulp/ip/ulp_hmss_0_0/bd_5/ip/ip_2/bd_6fa6_psr_aclk_0_board.xdc] for cell 'level0_i/ulp/hmss_0/inst/path_10/interconnect0_10/inst/clk_map/psr_aclk/U0'
Parsing XDC File [/home/miahafiz/NeuroRing_a_4096_5c/_x.hw.NUM_4096.CORE_5.FREQ_300/link/vivado/vpl/prj/prj.gen/my_rm/bd/ulp/ip/ulp_hmss_0_0/bd_5/ip/ip_3/bd_6fa6_psr_aclk1_0_board.xdc] for cell 'level0_i/ulp/hmss_0/inst/path_10/interconnect0_10/inst/clk_map/psr_aclk1/U0'
Finished Parsing XDC File [/home/miahafiz/NeuroRing_a_4096_5c/_x.hw.NUM_4096.CORE_5.FREQ_300/link/vivado/vpl/prj/prj.gen/my_rm/bd/ulp/ip/ulp_hmss_0_0/bd_5/ip/ip_3/bd_6fa6_psr_aclk1_0_board.xdc] for cell 'level0_i/ulp/hmss_0/inst/path_10/interconnect0_10/inst/clk_map/psr_aclk1/U0'
Parsing XDC File [/home/miahafiz/NeuroRing_a_4096_5c/_x.hw.NUM_4096.CORE_5.FREQ_300/link/vivado/vpl/prj/prj.gen/my_rm/bd/ulp/ip/ulp_hmss_0_0/bd_0/ip/ip_15/smartconnect.xdc] for cell 'level0_i/ulp/hmss_0/inst/path_10/interconnect0_10/inst'
WARNING: [Vivado_Tcl 4-919] Waiver ID 'CDC-1' -from list should not be empty. [/home/miahafiz/NeuroRing_a_4096_5c/_x.hw.NUM_4096.CORE_5.FREQ_300/link/vivado/vpl/prj/prj.gen/my_rm/bd/ulp/ip/ulp_hmss_0_0/bd_0/ip/ip_15/smartconnect.xdc:3]
WARNING: [Vivado_Tcl 4-919] Waiver ID 'CDC-1' -from list should not be empty. [/home/miahafiz/NeuroRing_a_4096_5c/_x.hw.NUM_4096.CORE_5.FREQ_300/link/vivado/vpl/prj/prj.gen/my_rm/bd/ulp/ip/ulp_hmss_0_0/bd_0/ip/ip_15/smartconnect.xdc:53]
WARNING: [Vivado_Tcl 4-919] Waiver ID 'CDC-13' -from list should not be empty. [/home/miahafiz/NeuroRing_a_4096_5c/_x.hw.NUM_4096.CORE_5.FREQ_300/link/vivado/vpl/prj/prj.gen/my_rm/bd/ulp/ip/ulp_hmss_0_0/bd_0/ip/ip_15/smartconnect.xdc:54]
Finished Parsing XDC File [/home/miahafiz/NeuroRing_a_4096_5c/_x.hw.NUM_4096.CORE_5.FREQ_300/link/vivado/vpl/prj/prj.gen/my_rm/bd/ulp/ip/ulp_hmss_0_0/bd_0/ip/ip_15/smartconnect.xdc] for cell 'level0_i/ulp/hmss_0/inst/path_10/interconnect0_10/inst'
Parsing XDC File [/home/miahafiz/NeuroRing_a_4096_5c/_x.hw.NUM_4096.CORE_5.FREQ_300/link/vivado/vpl/prj/prj.gen/my_rm/bd/ulp/ip/ulp_hmss_0_0/bd_6/ip/ip_1/bd_fa07_psr0_0_board.xdc] for cell 'level0_i/ulp/hmss_0/inst/path_12/interconnect5_12/inst/clk_map/psr0/U0'
Finished Parsing XDC File [/home/miahafiz/NeuroRing_a_4096_5c/_x.hw.NUM_4096.CORE_5.FREQ_300/link/vivado/vpl/prj/prj.gen/my_rm/bd/ulp/ip/ulp_hmss_0_0/bd_6/ip/ip_1/bd_fa07_psr0_0_board.xdc] for cell 'level0_i/ulp/hmss_0/inst/path_12/interconnect5_12/inst/clk_map/psr0/U0'
Parsing XDC File [/home/miahafiz/NeuroRing_a_4096_5c/_x.hw.NUM_4096.CORE_5.FREQ_300/link/vivado/vpl/prj/prj.gen/my_rm/bd/ulp/ip/ulp_hmss_0_0/bd_6/ip/ip_2/bd_fa07_psr_aclk_0_board.xdc] for cell 'level0_i/ulp/hmss_0/inst/path_12/interconnect5_12/inst/clk_map/psr_aclk/U0'
Finished Parsing XDC File [/home/miahafiz/NeuroRing_a_4096_5c/_x.hw.NUM_4096.CORE_5.FREQ_300/link/vivado/vpl/prj/prj.gen/my_rm/bd/ulp/ip/ulp_hmss_0_0/bd_6/ip/ip_2/bd_fa07_psr_aclk_0_board.xdc] for cell 'level0_i/ulp/hmss_0/inst/path_12/interconnect5_12/inst/clk_map/psr_aclk/U0'
Parsing XDC File [/home/miahafiz/NeuroRing_a_4096_5c/_x.hw.NUM_4096.CORE_5.FREQ_300/link/vivado/vpl/prj/prj.gen/my_rm/bd/ulp/ip/ulp_hmss_0_0/bd_6/ip/ip_3/bd_fa07_psr_aclk1_0_board.xdc] for cell 'level0_i/ulp/hmss_0/inst/path_12/interconnect5_12/inst/clk_map/psr_aclk1/U0'
Finished Parsing XDC File [/home/miahafiz/NeuroRing_a_4096_5c/_x.hw.NUM_4096.CORE_5.FREQ_300/link/vivado/vpl/prj/prj.gen/my_rm/bd/ulp/ip/ulp_hmss_0_0/bd_6/ip/ip_3/bd_fa07_psr_aclk1_0_board.xdc] for cell 'level0_i/ulp/hmss_0/inst/path_12/interconnect5_12/inst/clk_map/psr_aclk1/U0'
Parsing XDC File [/home/miahafiz/NeuroRing_a_4096_5c/_x.hw.NUM_4096.CORE_5.FREQ_300/link/vivado/vpl/prj/prj.gen/my_rm/bd/ulp/ip/ulp_hmss_0_0/bd_0/ip/ip_18/smartconnect.xdc] for cell 'level0_i/ulp/hmss_0/inst/path_12/interconnect5_12/inst'
WARNING: [Vivado_Tcl 4-919] Waiver ID 'CDC-1' -from list should not be empty. [/home/miahafiz/NeuroRing_a_4096_5c/_x.hw.NUM_4096.CORE_5.FREQ_300/link/vivado/vpl/prj/prj.gen/my_rm/bd/ulp/ip/ulp_hmss_0_0/bd_0/ip/ip_18/smartconnect.xdc:3]
WARNING: [Vivado_Tcl 4-919] Waiver ID 'CDC-1' -from list should not be empty. [/home/miahafiz/NeuroRing_a_4096_5c/_x.hw.NUM_4096.CORE_5.FREQ_300/link/vivado/vpl/prj/prj.gen/my_rm/bd/ulp/ip/ulp_hmss_0_0/bd_0/ip/ip_18/smartconnect.xdc:53]
WARNING: [Vivado_Tcl 4-919] Waiver ID 'CDC-13' -from list should not be empty. [/home/miahafiz/NeuroRing_a_4096_5c/_x.hw.NUM_4096.CORE_5.FREQ_300/link/vivado/vpl/prj/prj.gen/my_rm/bd/ulp/ip/ulp_hmss_0_0/bd_0/ip/ip_18/smartconnect.xdc:54]
Finished Parsing XDC File [/home/miahafiz/NeuroRing_a_4096_5c/_x.hw.NUM_4096.CORE_5.FREQ_300/link/vivado/vpl/prj/prj.gen/my_rm/bd/ulp/ip/ulp_hmss_0_0/bd_0/ip/ip_18/smartconnect.xdc] for cell 'level0_i/ulp/hmss_0/inst/path_12/interconnect5_12/inst'
Parsing XDC File [/home/miahafiz/NeuroRing_a_4096_5c/_x.hw.NUM_4096.CORE_5.FREQ_300/link/vivado/vpl/prj/prj.gen/my_rm/bd/ulp/ip/ulp_ii_level0_wire_0/uuid_stamp.xdc] for cell 'level0_i/ulp/ii_level0_wire/inst'
Finished Parsing XDC File [/home/miahafiz/NeuroRing_a_4096_5c/_x.hw.NUM_4096.CORE_5.FREQ_300/link/vivado/vpl/prj/prj.gen/my_rm/bd/ulp/ip/ulp_ii_level0_wire_0/uuid_stamp.xdc] for cell 'level0_i/ulp/ii_level0_wire/inst'
Parsing XDC File [/home/miahafiz/NeuroRing_a_4096_5c/_x.hw.NUM_4096.CORE_5.FREQ_300/link/vivado/vpl/prj/prj.gen/my_rm/bd/ulp/ip/ulp_proc_sys_reset_ctrl_slr0_0/ulp_proc_sys_reset_ctrl_slr0_0_board.xdc] for cell 'level0_i/ulp/proc_sys_reset_ctrl_slr0/U0'
Finished Parsing XDC File [/home/miahafiz/NeuroRing_a_4096_5c/_x.hw.NUM_4096.CORE_5.FREQ_300/link/vivado/vpl/prj/prj.gen/my_rm/bd/ulp/ip/ulp_proc_sys_reset_ctrl_slr0_0/ulp_proc_sys_reset_ctrl_slr0_0_board.xdc] for cell 'level0_i/ulp/proc_sys_reset_ctrl_slr0/U0'
Parsing XDC File [/home/miahafiz/NeuroRing_a_4096_5c/_x.hw.NUM_4096.CORE_5.FREQ_300/link/vivado/vpl/prj/prj.gen/my_rm/bd/ulp/ip/ulp_proc_sys_reset_ctrl_slr1_0/ulp_proc_sys_reset_ctrl_slr1_0_board.xdc] for cell 'level0_i/ulp/proc_sys_reset_ctrl_slr1/U0'
Finished Parsing XDC File [/home/miahafiz/NeuroRing_a_4096_5c/_x.hw.NUM_4096.CORE_5.FREQ_300/link/vivado/vpl/prj/prj.gen/my_rm/bd/ulp/ip/ulp_proc_sys_reset_ctrl_slr1_0/ulp_proc_sys_reset_ctrl_slr1_0_board.xdc] for cell 'level0_i/ulp/proc_sys_reset_ctrl_slr1/U0'
Parsing XDC File [/home/miahafiz/NeuroRing_a_4096_5c/_x.hw.NUM_4096.CORE_5.FREQ_300/link/vivado/vpl/prj/prj.gen/my_rm/bd/ulp/ip/ulp_proc_sys_reset_ctrl_slr2_0/ulp_proc_sys_reset_ctrl_slr2_0_board.xdc] for cell 'level0_i/ulp/proc_sys_reset_ctrl_slr2/U0'
Finished Parsing XDC File [/home/miahafiz/NeuroRing_a_4096_5c/_x.hw.NUM_4096.CORE_5.FREQ_300/link/vivado/vpl/prj/prj.gen/my_rm/bd/ulp/ip/ulp_proc_sys_reset_ctrl_slr2_0/ulp_proc_sys_reset_ctrl_slr2_0_board.xdc] for cell 'level0_i/ulp/proc_sys_reset_ctrl_slr2/U0'
Parsing XDC File [/home/miahafiz/NeuroRing_a_4096_5c/_x.hw.NUM_4096.CORE_5.FREQ_300/link/vivado/vpl/prj/prj.gen/my_rm/bd/ulp/ip/ulp_proc_sys_reset_freerun_slr0_0/ulp_proc_sys_reset_freerun_slr0_0_board.xdc] for cell 'level0_i/ulp/proc_sys_reset_freerun_slr0/U0'
Finished Parsing XDC File [/home/miahafiz/NeuroRing_a_4096_5c/_x.hw.NUM_4096.CORE_5.FREQ_300/link/vivado/vpl/prj/prj.gen/my_rm/bd/ulp/ip/ulp_proc_sys_reset_freerun_slr0_0/ulp_proc_sys_reset_freerun_slr0_0_board.xdc] for cell 'level0_i/ulp/proc_sys_reset_freerun_slr0/U0'
Parsing XDC File [/home/miahafiz/NeuroRing_a_4096_5c/_x.hw.NUM_4096.CORE_5.FREQ_300/link/vivado/vpl/prj/prj.gen/my_rm/bd/ulp/ip/ulp_proc_sys_reset_freerun_slr1_0/ulp_proc_sys_reset_freerun_slr1_0_board.xdc] for cell 'level0_i/ulp/proc_sys_reset_freerun_slr1/U0'
Finished Parsing XDC File [/home/miahafiz/NeuroRing_a_4096_5c/_x.hw.NUM_4096.CORE_5.FREQ_300/link/vivado/vpl/prj/prj.gen/my_rm/bd/ulp/ip/ulp_proc_sys_reset_freerun_slr1_0/ulp_proc_sys_reset_freerun_slr1_0_board.xdc] for cell 'level0_i/ulp/proc_sys_reset_freerun_slr1/U0'
Parsing XDC File [/home/miahafiz/NeuroRing_a_4096_5c/_x.hw.NUM_4096.CORE_5.FREQ_300/link/vivado/vpl/prj/prj.gen/my_rm/bd/ulp/ip/ulp_proc_sys_reset_freerun_slr2_0/ulp_proc_sys_reset_freerun_slr2_0_board.xdc] for cell 'level0_i/ulp/proc_sys_reset_freerun_slr2/U0'
Finished Parsing XDC File [/home/miahafiz/NeuroRing_a_4096_5c/_x.hw.NUM_4096.CORE_5.FREQ_300/link/vivado/vpl/prj/prj.gen/my_rm/bd/ulp/ip/ulp_proc_sys_reset_freerun_slr2_0/ulp_proc_sys_reset_freerun_slr2_0_board.xdc] for cell 'level0_i/ulp/proc_sys_reset_freerun_slr2/U0'
Parsing XDC File [/home/miahafiz/NeuroRing_a_4096_5c/_x.hw.NUM_4096.CORE_5.FREQ_300/link/vivado/vpl/prj/prj.gen/my_rm/bd/ulp/ip/ulp_proc_sys_reset_kernel2_slr0_0/ulp_proc_sys_reset_kernel2_slr0_0_board.xdc] for cell 'level0_i/ulp/proc_sys_reset_kernel2_slr0/U0'
Finished Parsing XDC File [/home/miahafiz/NeuroRing_a_4096_5c/_x.hw.NUM_4096.CORE_5.FREQ_300/link/vivado/vpl/prj/prj.gen/my_rm/bd/ulp/ip/ulp_proc_sys_reset_kernel2_slr0_0/ulp_proc_sys_reset_kernel2_slr0_0_board.xdc] for cell 'level0_i/ulp/proc_sys_reset_kernel2_slr0/U0'
Parsing XDC File [/home/miahafiz/NeuroRing_a_4096_5c/_x.hw.NUM_4096.CORE_5.FREQ_300/link/vivado/vpl/prj/prj.gen/my_rm/bd/ulp/ip/ulp_proc_sys_reset_kernel2_slr1_0/ulp_proc_sys_reset_kernel2_slr1_0_board.xdc] for cell 'level0_i/ulp/proc_sys_reset_kernel2_slr1/U0'
Finished Parsing XDC File [/home/miahafiz/NeuroRing_a_4096_5c/_x.hw.NUM_4096.CORE_5.FREQ_300/link/vivado/vpl/prj/prj.gen/my_rm/bd/ulp/ip/ulp_proc_sys_reset_kernel2_slr1_0/ulp_proc_sys_reset_kernel2_slr1_0_board.xdc] for cell 'level0_i/ulp/proc_sys_reset_kernel2_slr1/U0'
Parsing XDC File [/home/miahafiz/NeuroRing_a_4096_5c/_x.hw.NUM_4096.CORE_5.FREQ_300/link/vivado/vpl/prj/prj.gen/my_rm/bd/ulp/ip/ulp_proc_sys_reset_kernel2_slr2_0/ulp_proc_sys_reset_kernel2_slr2_0_board.xdc] for cell 'level0_i/ulp/proc_sys_reset_kernel2_slr2/U0'
Finished Parsing XDC File [/home/miahafiz/NeuroRing_a_4096_5c/_x.hw.NUM_4096.CORE_5.FREQ_300/link/vivado/vpl/prj/prj.gen/my_rm/bd/ulp/ip/ulp_proc_sys_reset_kernel2_slr2_0/ulp_proc_sys_reset_kernel2_slr2_0_board.xdc] for cell 'level0_i/ulp/proc_sys_reset_kernel2_slr2/U0'
Parsing XDC File [/home/miahafiz/NeuroRing_a_4096_5c/_x.hw.NUM_4096.CORE_5.FREQ_300/link/vivado/vpl/prj/prj.gen/my_rm/bd/ulp/ip/ulp_proc_sys_reset_kernel_slr0_0/ulp_proc_sys_reset_kernel_slr0_0_board.xdc] for cell 'level0_i/ulp/proc_sys_reset_kernel_slr0/U0'
Finished Parsing XDC File [/home/miahafiz/NeuroRing_a_4096_5c/_x.hw.NUM_4096.CORE_5.FREQ_300/link/vivado/vpl/prj/prj.gen/my_rm/bd/ulp/ip/ulp_proc_sys_reset_kernel_slr0_0/ulp_proc_sys_reset_kernel_slr0_0_board.xdc] for cell 'level0_i/ulp/proc_sys_reset_kernel_slr0/U0'
Parsing XDC File [/home/miahafiz/NeuroRing_a_4096_5c/_x.hw.NUM_4096.CORE_5.FREQ_300/link/vivado/vpl/prj/prj.gen/my_rm/bd/ulp/ip/ulp_proc_sys_reset_kernel_slr1_0/ulp_proc_sys_reset_kernel_slr1_0_board.xdc] for cell 'level0_i/ulp/proc_sys_reset_kernel_slr1/U0'
Finished Parsing XDC File [/home/miahafiz/NeuroRing_a_4096_5c/_x.hw.NUM_4096.CORE_5.FREQ_300/link/vivado/vpl/prj/prj.gen/my_rm/bd/ulp/ip/ulp_proc_sys_reset_kernel_slr1_0/ulp_proc_sys_reset_kernel_slr1_0_board.xdc] for cell 'level0_i/ulp/proc_sys_reset_kernel_slr1/U0'
Parsing XDC File [/home/miahafiz/NeuroRing_a_4096_5c/_x.hw.NUM_4096.CORE_5.FREQ_300/link/vivado/vpl/prj/prj.gen/my_rm/bd/ulp/ip/ulp_proc_sys_reset_kernel_slr2_0/ulp_proc_sys_reset_kernel_slr2_0_board.xdc] for cell 'level0_i/ulp/proc_sys_reset_kernel_slr2/U0'
Finished Parsing XDC File [/home/miahafiz/NeuroRing_a_4096_5c/_x.hw.NUM_4096.CORE_5.FREQ_300/link/vivado/vpl/prj/prj.gen/my_rm/bd/ulp/ip/ulp_proc_sys_reset_kernel_slr2_0/ulp_proc_sys_reset_kernel_slr2_0_board.xdc] for cell 'level0_i/ulp/proc_sys_reset_kernel_slr2/U0'
Parsing XDC File [/home/miahafiz/NeuroRing_a_4096_5c/_x.hw.NUM_4096.CORE_5.FREQ_300/link/vivado/vpl/prj/prj.gen/my_rm/bd/ulp/ip/ulp_ulp_cmp_0/bd_1/ip/ip_2/constraints/bs_switch.xdc] for cell 'level0_i/ulp/ulp_cmp/inst/user_debug_bridge/inst/bs_switch_1/inst'
Finished Parsing XDC File [/home/miahafiz/NeuroRing_a_4096_5c/_x.hw.NUM_4096.CORE_5.FREQ_300/link/vivado/vpl/prj/prj.gen/my_rm/bd/ulp/ip/ulp_ulp_cmp_0/bd_1/ip/ip_2/constraints/bs_switch.xdc] for cell 'level0_i/ulp/ulp_cmp/inst/user_debug_bridge/inst/bs_switch_1/inst'
Parsing XDC File [/home/miahafiz/NeuroRing_a_4096_5c/_x.hw.NUM_4096.CORE_5.FREQ_300/link/vivado/vpl/prj/prj.gen/my_rm/bd/ulp/ip/ulp_ulp_cmp_0/bd_2/ip/ip_0/constraints/xsdbm_cc_early.xdc] for cell 'level0_i/ulp/ulp_cmp/inst/user_debug_hub/inst/xsdbm/inst'
Finished Parsing XDC File [/home/miahafiz/NeuroRing_a_4096_5c/_x.hw.NUM_4096.CORE_5.FREQ_300/link/vivado/vpl/prj/prj.gen/my_rm/bd/ulp/ip/ulp_ulp_cmp_0/bd_2/ip/ip_0/constraints/xsdbm_cc_early.xdc] for cell 'level0_i/ulp/ulp_cmp/inst/user_debug_hub/inst/xsdbm/inst'
Parsing XDC File [/home/miahafiz/NeuroRing_a_4096_5c/_x.hw.NUM_4096.CORE_5.FREQ_300/link/vivado/vpl/prj/prj.gen/my_rm/bd/ulp/ip/ulp_ulp_ucs_0/bd_0/ip/ip_6/bd_22c0_gpio_gapping_demand_0_board.xdc] for cell 'level0_i/ulp/ulp_ucs/inst/gapping_demand/gpio_gapping_demand/U0'
Finished Parsing XDC File [/home/miahafiz/NeuroRing_a_4096_5c/_x.hw.NUM_4096.CORE_5.FREQ_300/link/vivado/vpl/prj/prj.gen/my_rm/bd/ulp/ip/ulp_ulp_ucs_0/bd_0/ip/ip_6/bd_22c0_gpio_gapping_demand_0_board.xdc] for cell 'level0_i/ulp/ulp_ucs/inst/gapping_demand/gpio_gapping_demand/U0'
Parsing XDC File [/home/miahafiz/NeuroRing_a_4096_5c/_x.hw.NUM_4096.CORE_5.FREQ_300/link/vivado/vpl/prj/prj.gen/my_rm/bd/ulp/ip/ulp_ulp_ucs_0/bd_0/ip/ip_14/bd_22c0_gpio_ucs_control_status_0_board.xdc] for cell 'level0_i/ulp/ulp_ucs/inst/ucs_control_status/gpio_ucs_control_status/U0'
Finished Parsing XDC File [/home/miahafiz/NeuroRing_a_4096_5c/_x.hw.NUM_4096.CORE_5.FREQ_300/link/vivado/vpl/prj/prj.gen/my_rm/bd/ulp/ip/ulp_ulp_ucs_0/bd_0/ip/ip_14/bd_22c0_gpio_ucs_control_status_0_board.xdc] for cell 'level0_i/ulp/ulp_ucs/inst/ucs_control_status/gpio_ucs_control_status/U0'
Parsing XDC File [/home/miahafiz/NeuroRing_a_4096_5c/_x.hw.NUM_4096.CORE_5.FREQ_300/link/vivado/vpl/prj/prj.gen/my_rm/bd/ulp/ip/ulp_ulp_ucs_0/bd_0/ip/ip_46/bd_22c0_clkwiz_hbm_0_board.xdc] for cell 'level0_i/ulp/ulp_ucs/inst/aclk_hbm_hierarchy/clkwiz_hbm/inst'
Finished Parsing XDC File [/home/miahafiz/NeuroRing_a_4096_5c/_x.hw.NUM_4096.CORE_5.FREQ_300/link/vivado/vpl/prj/prj.gen/my_rm/bd/ulp/ip/ulp_ulp_ucs_0/bd_0/ip/ip_46/bd_22c0_clkwiz_hbm_0_board.xdc] for cell 'level0_i/ulp/ulp_ucs/inst/aclk_hbm_hierarchy/clkwiz_hbm/inst'
Parsing XDC File [/home/miahafiz/NeuroRing_a_4096_5c/_x.hw.NUM_4096.CORE_5.FREQ_300/link/vivado/vpl/prj/prj.gen/my_rm/bd/ulp/ip/ulp_ulp_ucs_0/bd_0/ip/ip_46/bd_22c0_clkwiz_hbm_0.xdc] for cell 'level0_i/ulp/ulp_ucs/inst/aclk_hbm_hierarchy/clkwiz_hbm/inst'
Finished Parsing XDC File [/home/miahafiz/NeuroRing_a_4096_5c/_x.hw.NUM_4096.CORE_5.FREQ_300/link/vivado/vpl/prj/prj.gen/my_rm/bd/ulp/ip/ulp_ulp_ucs_0/bd_0/ip/ip_46/bd_22c0_clkwiz_hbm_0.xdc] for cell 'level0_i/ulp/ulp_ucs/inst/aclk_hbm_hierarchy/clkwiz_hbm/inst'
Parsing XDC File [/home/miahafiz/NeuroRing_a_4096_5c/_x.hw.NUM_4096.CORE_5.FREQ_300/link/vivado/vpl/prj/prj.gen/my_rm/bd/ulp/ip/ulp_ulp_ucs_0/bd_0/ip/ip_48/bd_22c0_psreset_hbm_0_board.xdc] for cell 'level0_i/ulp/ulp_ucs/inst/aclk_hbm_hierarchy/psreset_hbm/U0'
Finished Parsing XDC File [/home/miahafiz/NeuroRing_a_4096_5c/_x.hw.NUM_4096.CORE_5.FREQ_300/link/vivado/vpl/prj/prj.gen/my_rm/bd/ulp/ip/ulp_ulp_ucs_0/bd_0/ip/ip_48/bd_22c0_psreset_hbm_0_board.xdc] for cell 'level0_i/ulp/ulp_ucs/inst/aclk_hbm_hierarchy/psreset_hbm/U0'
Parsing XDC File [/home/miahafiz/NeuroRing_a_4096_5c/_x.hw.NUM_4096.CORE_5.FREQ_300/link/vivado/vpl/prj/prj.gen/my_rm/bd/ulp/ip/ulp_ulp_ucs_0/bd_0/ip/ip_56/bd_22c0_psreset_aclk_freerun_0_board.xdc] for cell 'level0_i/ulp/ulp_ucs/inst/frequency_counters/psreset_aclk_freerun/U0'
Finished Parsing XDC File [/home/miahafiz/NeuroRing_a_4096_5c/_x.hw.NUM_4096.CORE_5.FREQ_300/link/vivado/vpl/prj/prj.gen/my_rm/bd/ulp/ip/ulp_ulp_ucs_0/bd_0/ip/ip_56/bd_22c0_psreset_aclk_freerun_0_board.xdc] for cell 'level0_i/ulp/ulp_ucs/inst/frequency_counters/psreset_aclk_freerun/U0'
Parsing XDC File [/home/miahafiz/NeuroRing_a_4096_5c/_x.hw.NUM_4096.CORE_5.FREQ_300/link/vivado/vpl/prj/prj.gen/my_rm/bd/ulp/ip/ulp_ulp_ucs_0/bd_0/ip/ip_59/bd_22c0_clkwiz_aclk_kernel_00_0_board.xdc] for cell 'level0_i/ulp/ulp_ucs/inst/aclk_kernel_00_hierarchy/clkwiz_aclk_kernel_00/inst'
Finished Parsing XDC File [/home/miahafiz/NeuroRing_a_4096_5c/_x.hw.NUM_4096.CORE_5.FREQ_300/link/vivado/vpl/prj/prj.gen/my_rm/bd/ulp/ip/ulp_ulp_ucs_0/bd_0/ip/ip_59/bd_22c0_clkwiz_aclk_kernel_00_0_board.xdc] for cell 'level0_i/ulp/ulp_ucs/inst/aclk_kernel_00_hierarchy/clkwiz_aclk_kernel_00/inst'
Parsing XDC File [/home/miahafiz/NeuroRing_a_4096_5c/_x.hw.NUM_4096.CORE_5.FREQ_300/link/vivado/vpl/prj/prj.gen/my_rm/bd/ulp/ip/ulp_ulp_ucs_0/bd_0/ip/ip_59/bd_22c0_clkwiz_aclk_kernel_00_0.xdc] for cell 'level0_i/ulp/ulp_ucs/inst/aclk_kernel_00_hierarchy/clkwiz_aclk_kernel_00/inst'
Finished Parsing XDC File [/home/miahafiz/NeuroRing_a_4096_5c/_x.hw.NUM_4096.CORE_5.FREQ_300/link/vivado/vpl/prj/prj.gen/my_rm/bd/ulp/ip/ulp_ulp_ucs_0/bd_0/ip/ip_59/bd_22c0_clkwiz_aclk_kernel_00_0.xdc] for cell 'level0_i/ulp/ulp_ucs/inst/aclk_kernel_00_hierarchy/clkwiz_aclk_kernel_00/inst'
Parsing XDC File [/home/miahafiz/NeuroRing_a_4096_5c/_x.hw.NUM_4096.CORE_5.FREQ_300/link/vivado/vpl/prj/prj.gen/my_rm/bd/ulp/ip/ulp_ulp_ucs_0/bd_0/ip/ip_74/bd_22c0_psreset_kernel_00_0_board.xdc] for cell 'level0_i/ulp/ulp_ucs/inst/aclk_kernel_00_hierarchy/psreset_kernel_00/U0'
Finished Parsing XDC File [/home/miahafiz/NeuroRing_a_4096_5c/_x.hw.NUM_4096.CORE_5.FREQ_300/link/vivado/vpl/prj/prj.gen/my_rm/bd/ulp/ip/ulp_ulp_ucs_0/bd_0/ip/ip_74/bd_22c0_psreset_kernel_00_0_board.xdc] for cell 'level0_i/ulp/ulp_ucs/inst/aclk_kernel_00_hierarchy/psreset_kernel_00/U0'
Parsing XDC File [/home/miahafiz/NeuroRing_a_4096_5c/_x.hw.NUM_4096.CORE_5.FREQ_300/link/vivado/vpl/prj/prj.gen/my_rm/bd/ulp/ip/ulp_ulp_ucs_0/bd_0/ip/ip_77/bd_22c0_clkwiz_aclk_kernel_01_0_board.xdc] for cell 'level0_i/ulp/ulp_ucs/inst/aclk_kernel_01_hierarchy/clkwiz_aclk_kernel_01/inst'
Finished Parsing XDC File [/home/miahafiz/NeuroRing_a_4096_5c/_x.hw.NUM_4096.CORE_5.FREQ_300/link/vivado/vpl/prj/prj.gen/my_rm/bd/ulp/ip/ulp_ulp_ucs_0/bd_0/ip/ip_77/bd_22c0_clkwiz_aclk_kernel_01_0_board.xdc] for cell 'level0_i/ulp/ulp_ucs/inst/aclk_kernel_01_hierarchy/clkwiz_aclk_kernel_01/inst'
Parsing XDC File [/home/miahafiz/NeuroRing_a_4096_5c/_x.hw.NUM_4096.CORE_5.FREQ_300/link/vivado/vpl/prj/prj.gen/my_rm/bd/ulp/ip/ulp_ulp_ucs_0/bd_0/ip/ip_77/bd_22c0_clkwiz_aclk_kernel_01_0.xdc] for cell 'level0_i/ulp/ulp_ucs/inst/aclk_kernel_01_hierarchy/clkwiz_aclk_kernel_01/inst'
Finished Parsing XDC File [/home/miahafiz/NeuroRing_a_4096_5c/_x.hw.NUM_4096.CORE_5.FREQ_300/link/vivado/vpl/prj/prj.gen/my_rm/bd/ulp/ip/ulp_ulp_ucs_0/bd_0/ip/ip_77/bd_22c0_clkwiz_aclk_kernel_01_0.xdc] for cell 'level0_i/ulp/ulp_ucs/inst/aclk_kernel_01_hierarchy/clkwiz_aclk_kernel_01/inst'
Parsing XDC File [/home/miahafiz/NeuroRing_a_4096_5c/_x.hw.NUM_4096.CORE_5.FREQ_300/link/vivado/vpl/prj/prj.gen/my_rm/bd/ulp/ip/ulp_ulp_ucs_0/bd_0/ip/ip_92/bd_22c0_psreset_kernel_01_0_board.xdc] for cell 'level0_i/ulp/ulp_ucs/inst/aclk_kernel_01_hierarchy/psreset_kernel_01/U0'
Finished Parsing XDC File [/home/miahafiz/NeuroRing_a_4096_5c/_x.hw.NUM_4096.CORE_5.FREQ_300/link/vivado/vpl/prj/prj.gen/my_rm/bd/ulp/ip/ulp_ulp_ucs_0/bd_0/ip/ip_92/bd_22c0_psreset_kernel_01_0_board.xdc] for cell 'level0_i/ulp/ulp_ucs/inst/aclk_kernel_01_hierarchy/psreset_kernel_01/U0'
Parsing XDC File [/home/miahafiz/NeuroRing_a_4096_5c/_x.hw.NUM_4096.CORE_5.FREQ_300/link/vivado/vpl/prj/prj.gen/my_rm/bd/ulp/ip/ulp_ii_level0_wire_0/uuid_stamp.xdc] for cell 'level0_i/ulp/ii_level0_wire/inst'
Finished Parsing XDC File [/home/miahafiz/NeuroRing_a_4096_5c/_x.hw.NUM_4096.CORE_5.FREQ_300/link/vivado/vpl/prj/prj.gen/my_rm/bd/ulp/ip/ulp_ii_level0_wire_0/uuid_stamp.xdc] for cell 'level0_i/ulp/ii_level0_wire/inst'
Parsing XDC File [/home/miahafiz/NeuroRing_a_4096_5c/_x.hw.NUM_4096.CORE_5.FREQ_300/link/vivado/vpl/prj/prj.gen/my_rm/bd/ulp/ip/ulp_ulp_cmp_0/bd_1/ip/ip_2/constraints/bs_switch.xdc] for cell 'level0_i/ulp/ulp_cmp/inst/user_debug_bridge/inst/bs_switch_1/inst'
WARNING: [Vivado_Tcl 4-935] Waiver ID 'TIMING-14' is a duplicate and will not be added again. [/home/miahafiz/NeuroRing_a_4096_5c/_x.hw.NUM_4096.CORE_5.FREQ_300/link/vivado/vpl/prj/prj.gen/my_rm/bd/ulp/ip/ulp_ulp_cmp_0/bd_1/ip/ip_2/constraints/bs_switch.xdc:11]
Finished Parsing XDC File [/home/miahafiz/NeuroRing_a_4096_5c/_x.hw.NUM_4096.CORE_5.FREQ_300/link/vivado/vpl/prj/prj.gen/my_rm/bd/ulp/ip/ulp_ulp_cmp_0/bd_1/ip/ip_2/constraints/bs_switch.xdc] for cell 'level0_i/ulp/ulp_cmp/inst/user_debug_bridge/inst/bs_switch_1/inst'
Parsing XDC File [/home/miahafiz/NeuroRing_a_4096_5c/_x.hw.NUM_4096.CORE_5.FREQ_300/link/vivado/vpl/prj/prj.gen/my_rm/bd/ulp/ip/ulp_ulp_cmp_0/bd_2/ip/ip_0/constraints/xsdbm_cc_early.xdc] for cell 'level0_i/ulp/ulp_cmp/inst/user_debug_hub/inst/xsdbm/inst'
Finished Parsing XDC File [/home/miahafiz/NeuroRing_a_4096_5c/_x.hw.NUM_4096.CORE_5.FREQ_300/link/vivado/vpl/prj/prj.gen/my_rm/bd/ulp/ip/ulp_ulp_cmp_0/bd_2/ip/ip_0/constraints/xsdbm_cc_early.xdc] for cell 'level0_i/ulp/ulp_cmp/inst/user_debug_hub/inst/xsdbm/inst'
Parsing XDC File [/home/miahafiz/NeuroRing_a_4096_5c/_x.hw.NUM_4096.CORE_5.FREQ_300/link/vivado/vpl/prj/prj.gen/my_rm/bd/ulp/ip/ulp_hmss_0_0/bd_0/ip/ip_0/hdl/par/hbm_ip.xdc] for cell 'level0_i/ulp/hmss_0/inst/hbm_inst/inst'
Finished Parsing XDC File [/home/miahafiz/NeuroRing_a_4096_5c/_x.hw.NUM_4096.CORE_5.FREQ_300/link/vivado/vpl/prj/prj.gen/my_rm/bd/ulp/ip/ulp_hmss_0_0/bd_0/ip/ip_0/hdl/par/hbm_ip.xdc] for cell 'level0_i/ulp/hmss_0/inst/hbm_inst/inst'
Parsing XDC File [/home/miahafiz/NeuroRing_a_4096_5c/_x.hw.NUM_4096.CORE_5.FREQ_300/link/vivado/vpl/prj/prj.gen/my_rm/bd/ulp/ip/ulp_hmss_0_0/bd_0/ip/ip_1/bd_85ad_hbm_reset_sync_SLR0_0_board.xdc] for cell 'level0_i/ulp/hmss_0/inst/hbm_reset_sync_SLR0/U0'
Finished Parsing XDC File [/home/miahafiz/NeuroRing_a_4096_5c/_x.hw.NUM_4096.CORE_5.FREQ_300/link/vivado/vpl/prj/prj.gen/my_rm/bd/ulp/ip/ulp_hmss_0_0/bd_0/ip/ip_1/bd_85ad_hbm_reset_sync_SLR0_0_board.xdc] for cell 'level0_i/ulp/hmss_0/inst/hbm_reset_sync_SLR0/U0'
Parsing XDC File [/home/miahafiz/NeuroRing_a_4096_5c/_x.hw.NUM_4096.CORE_5.FREQ_300/link/vivado/vpl/prj/prj.gen/my_rm/bd/ulp/ip/ulp_hmss_0_0/bd_0/ip/ip_2/bd_85ad_hbm_reset_sync_SLR2_0_board.xdc] for cell 'level0_i/ulp/hmss_0/inst/hbm_reset_sync_SLR2/U0'
Finished Parsing XDC File [/home/miahafiz/NeuroRing_a_4096_5c/_x.hw.NUM_4096.CORE_5.FREQ_300/link/vivado/vpl/prj/prj.gen/my_rm/bd/ulp/ip/ulp_hmss_0_0/bd_0/ip/ip_2/bd_85ad_hbm_reset_sync_SLR2_0_board.xdc] for cell 'level0_i/ulp/hmss_0/inst/hbm_reset_sync_SLR2/U0'
Parsing XDC File [/home/miahafiz/NeuroRing_a_4096_5c/_x.hw.NUM_4096.CORE_5.FREQ_300/link/vivado/vpl/prj/prj.gen/my_rm/bd/ulp/ip/ulp_hmss_0_0/bd_1/ip/ip_1/bd_baa4_psr0_0_board.xdc] for cell 'level0_i/ulp/hmss_0/inst/path_0/interconnect1_0/inst/clk_map/psr0/U0'
Finished Parsing XDC File [/home/miahafiz/NeuroRing_a_4096_5c/_x.hw.NUM_4096.CORE_5.FREQ_300/link/vivado/vpl/prj/prj.gen/my_rm/bd/ulp/ip/ulp_hmss_0_0/bd_1/ip/ip_1/bd_baa4_psr0_0_board.xdc] for cell 'level0_i/ulp/hmss_0/inst/path_0/interconnect1_0/inst/clk_map/psr0/U0'
Parsing XDC File [/home/miahafiz/NeuroRing_a_4096_5c/_x.hw.NUM_4096.CORE_5.FREQ_300/link/vivado/vpl/prj/prj.gen/my_rm/bd/ulp/ip/ulp_hmss_0_0/bd_1/ip/ip_2/bd_baa4_psr_aclk_0_board.xdc] for cell 'level0_i/ulp/hmss_0/inst/path_0/interconnect1_0/inst/clk_map/psr_aclk/U0'
Finished Parsing XDC File [/home/miahafiz/NeuroRing_a_4096_5c/_x.hw.NUM_4096.CORE_5.FREQ_300/link/vivado/vpl/prj/prj.gen/my_rm/bd/ulp/ip/ulp_hmss_0_0/bd_1/ip/ip_2/bd_baa4_psr_aclk_0_board.xdc] for cell 'level0_i/ulp/hmss_0/inst/path_0/interconnect1_0/inst/clk_map/psr_aclk/U0'
Parsing XDC File [/home/miahafiz/NeuroRing_a_4096_5c/_x.hw.NUM_4096.CORE_5.FREQ_300/link/vivado/vpl/prj/prj.gen/my_rm/bd/ulp/ip/ulp_hmss_0_0/bd_1/ip/ip_3/bd_baa4_psr_aclk1_0_board.xdc] for cell 'level0_i/ulp/hmss_0/inst/path_0/interconnect1_0/inst/clk_map/psr_aclk1/U0'
Finished Parsing XDC File [/home/miahafiz/NeuroRing_a_4096_5c/_x.hw.NUM_4096.CORE_5.FREQ_300/link/vivado/vpl/prj/prj.gen/my_rm/bd/ulp/ip/ulp_hmss_0_0/bd_1/ip/ip_3/bd_baa4_psr_aclk1_0_board.xdc] for cell 'level0_i/ulp/hmss_0/inst/path_0/interconnect1_0/inst/clk_map/psr_aclk1/U0'
Parsing XDC File [/home/miahafiz/NeuroRing_a_4096_5c/_x.hw.NUM_4096.CORE_5.FREQ_300/link/vivado/vpl/prj/prj.gen/my_rm/bd/ulp/ip/ulp_hmss_0_0/bd_0/ip/ip_3/smartconnect.xdc] for cell 'level0_i/ulp/hmss_0/inst/path_0/interconnect1_0/inst'
WARNING: [Vivado_Tcl 4-935] Waiver ID 'CDC-11' is a duplicate and will not be added again. [/home/miahafiz/NeuroRing_a_4096_5c/_x.hw.NUM_4096.CORE_5.FREQ_300/link/vivado/vpl/prj/prj.gen/my_rm/bd/ulp/ip/ulp_hmss_0_0/bd_0/ip/ip_3/smartconnect.xdc:2]
WARNING: [Vivado_Tcl 4-919] Waiver ID 'CDC-1' -from list should not be empty. [/home/miahafiz/NeuroRing_a_4096_5c/_x.hw.NUM_4096.CORE_5.FREQ_300/link/vivado/vpl/prj/prj.gen/my_rm/bd/ulp/ip/ulp_hmss_0_0/bd_0/ip/ip_3/smartconnect.xdc:3]
WARNING: [Vivado_Tcl 4-935] Waiver ID 'CDC-1' is a duplicate and will not be added again. [/home/miahafiz/NeuroRing_a_4096_5c/_x.hw.NUM_4096.CORE_5.FREQ_300/link/vivado/vpl/prj/prj.gen/my_rm/bd/ulp/ip/ulp_hmss_0_0/bd_0/ip/ip_3/smartconnect.xdc:30]
WARNING: [Vivado_Tcl 4-935] Waiver ID 'CDC-1' is a duplicate and will not be added again. [/home/miahafiz/NeuroRing_a_4096_5c/_x.hw.NUM_4096.CORE_5.FREQ_300/link/vivado/vpl/prj/prj.gen/my_rm/bd/ulp/ip/ulp_hmss_0_0/bd_0/ip/ip_3/smartconnect.xdc:32]
WARNING: [Vivado_Tcl 4-919] Waiver ID 'CDC-1' -from list should not be empty. [/home/miahafiz/NeuroRing_a_4096_5c/_x.hw.NUM_4096.CORE_5.FREQ_300/link/vivado/vpl/prj/prj.gen/my_rm/bd/ulp/ip/ulp_hmss_0_0/bd_0/ip/ip_3/smartconnect.xdc:53]
WARNING: [Vivado_Tcl 4-919] Waiver ID 'CDC-13' -from list should not be empty. [/home/miahafiz/NeuroRing_a_4096_5c/_x.hw.NUM_4096.CORE_5.FREQ_300/link/vivado/vpl/prj/prj.gen/my_rm/bd/ulp/ip/ulp_hmss_0_0/bd_0/ip/ip_3/smartconnect.xdc:54]
Finished Parsing XDC File [/home/miahafiz/NeuroRing_a_4096_5c/_x.hw.NUM_4096.CORE_5.FREQ_300/link/vivado/vpl/prj/prj.gen/my_rm/bd/ulp/ip/ulp_hmss_0_0/bd_0/ip/ip_3/smartconnect.xdc] for cell 'level0_i/ulp/hmss_0/inst/path_0/interconnect1_0/inst'
Parsing XDC File [/home/miahafiz/NeuroRing_a_4096_5c/_x.hw.NUM_4096.CORE_5.FREQ_300/link/vivado/vpl/prj/prj.gen/my_rm/bd/ulp/ip/ulp_hmss_0_0/bd_2/ip/ip_1/bd_7ba1_psr0_0_board.xdc] for cell 'level0_i/ulp/hmss_0/inst/path_4/interconnect2_4/inst/clk_map/psr0/U0'
Finished Parsing XDC File [/home/miahafiz/NeuroRing_a_4096_5c/_x.hw.NUM_4096.CORE_5.FREQ_300/link/vivado/vpl/prj/prj.gen/my_rm/bd/ulp/ip/ulp_hmss_0_0/bd_2/ip/ip_1/bd_7ba1_psr0_0_board.xdc] for cell 'level0_i/ulp/hmss_0/inst/path_4/interconnect2_4/inst/clk_map/psr0/U0'
Parsing XDC File [/home/miahafiz/NeuroRing_a_4096_5c/_x.hw.NUM_4096.CORE_5.FREQ_300/link/vivado/vpl/prj/prj.gen/my_rm/bd/ulp/ip/ulp_hmss_0_0/bd_2/ip/ip_2/bd_7ba1_psr_aclk_0_board.xdc] for cell 'level0_i/ulp/hmss_0/inst/path_4/interconnect2_4/inst/clk_map/psr_aclk/U0'
Finished Parsing XDC File [/home/miahafiz/NeuroRing_a_4096_5c/_x.hw.NUM_4096.CORE_5.FREQ_300/link/vivado/vpl/prj/prj.gen/my_rm/bd/ulp/ip/ulp_hmss_0_0/bd_2/ip/ip_2/bd_7ba1_psr_aclk_0_board.xdc] for cell 'level0_i/ulp/hmss_0/inst/path_4/interconnect2_4/inst/clk_map/psr_aclk/U0'
Parsing XDC File [/home/miahafiz/NeuroRing_a_4096_5c/_x.hw.NUM_4096.CORE_5.FREQ_300/link/vivado/vpl/prj/prj.gen/my_rm/bd/ulp/ip/ulp_hmss_0_0/bd_2/ip/ip_3/bd_7ba1_psr_aclk1_0_board.xdc] for cell 'level0_i/ulp/hmss_0/inst/path_4/interconnect2_4/inst/clk_map/psr_aclk1/U0'
Finished Parsing XDC File [/home/miahafiz/NeuroRing_a_4096_5c/_x.hw.NUM_4096.CORE_5.FREQ_300/link/vivado/vpl/prj/prj.gen/my_rm/bd/ulp/ip/ulp_hmss_0_0/bd_2/ip/ip_3/bd_7ba1_psr_aclk1_0_board.xdc] for cell 'level0_i/ulp/hmss_0/inst/path_4/interconnect2_4/inst/clk_map/psr_aclk1/U0'
Parsing XDC File [/home/miahafiz/NeuroRing_a_4096_5c/_x.hw.NUM_4096.CORE_5.FREQ_300/link/vivado/vpl/prj/prj.gen/my_rm/bd/ulp/ip/ulp_hmss_0_0/bd_0/ip/ip_6/smartconnect.xdc] for cell 'level0_i/ulp/hmss_0/inst/path_4/interconnect2_4/inst'
WARNING: [Vivado_Tcl 4-935] Waiver ID 'CDC-11' is a duplicate and will not be added again. [/home/miahafiz/NeuroRing_a_4096_5c/_x.hw.NUM_4096.CORE_5.FREQ_300/link/vivado/vpl/prj/prj.gen/my_rm/bd/ulp/ip/ulp_hmss_0_0/bd_0/ip/ip_6/smartconnect.xdc:2]
WARNING: [Vivado_Tcl 4-919] Waiver ID 'CDC-1' -from list should not be empty. [/home/miahafiz/NeuroRing_a_4096_5c/_x.hw.NUM_4096.CORE_5.FREQ_300/link/vivado/vpl/prj/prj.gen/my_rm/bd/ulp/ip/ulp_hmss_0_0/bd_0/ip/ip_6/smartconnect.xdc:3]
WARNING: [Vivado_Tcl 4-935] Waiver ID 'CDC-1' is a duplicate and will not be added again. [/home/miahafiz/NeuroRing_a_4096_5c/_x.hw.NUM_4096.CORE_5.FREQ_300/link/vivado/vpl/prj/prj.gen/my_rm/bd/ulp/ip/ulp_hmss_0_0/bd_0/ip/ip_6/smartconnect.xdc:30]
WARNING: [Vivado_Tcl 4-935] Waiver ID 'CDC-1' is a duplicate and will not be added again. [/home/miahafiz/NeuroRing_a_4096_5c/_x.hw.NUM_4096.CORE_5.FREQ_300/link/vivado/vpl/prj/prj.gen/my_rm/bd/ulp/ip/ulp_hmss_0_0/bd_0/ip/ip_6/smartconnect.xdc:32]
WARNING: [Vivado_Tcl 4-919] Waiver ID 'CDC-1' -from list should not be empty. [/home/miahafiz/NeuroRing_a_4096_5c/_x.hw.NUM_4096.CORE_5.FREQ_300/link/vivado/vpl/prj/prj.gen/my_rm/bd/ulp/ip/ulp_hmss_0_0/bd_0/ip/ip_6/smartconnect.xdc:53]
WARNING: [Vivado_Tcl 4-919] Waiver ID 'CDC-13' -from list should not be empty. [/home/miahafiz/NeuroRing_a_4096_5c/_x.hw.NUM_4096.CORE_5.FREQ_300/link/vivado/vpl/prj/prj.gen/my_rm/bd/ulp/ip/ulp_hmss_0_0/bd_0/ip/ip_6/smartconnect.xdc:54]
Finished Parsing XDC File [/home/miahafiz/NeuroRing_a_4096_5c/_x.hw.NUM_4096.CORE_5.FREQ_300/link/vivado/vpl/prj/prj.gen/my_rm/bd/ulp/ip/ulp_hmss_0_0/bd_0/ip/ip_6/smartconnect.xdc] for cell 'level0_i/ulp/hmss_0/inst/path_4/interconnect2_4/inst'
Parsing XDC File [/home/miahafiz/NeuroRing_a_4096_5c/_x.hw.NUM_4096.CORE_5.FREQ_300/link/vivado/vpl/prj/prj.gen/my_rm/bd/ulp/ip/ulp_hmss_0_0/bd_3/ip/ip_1/bd_b85c_psr0_0_board.xdc] for cell 'level0_i/ulp/hmss_0/inst/path_8/interconnect3_8/inst/clk_map/psr0/U0'
Finished Parsing XDC File [/home/miahafiz/NeuroRing_a_4096_5c/_x.hw.NUM_4096.CORE_5.FREQ_300/link/vivado/vpl/prj/prj.gen/my_rm/bd/ulp/ip/ulp_hmss_0_0/bd_3/ip/ip_1/bd_b85c_psr0_0_board.xdc] for cell 'level0_i/ulp/hmss_0/inst/path_8/interconnect3_8/inst/clk_map/psr0/U0'
Parsing XDC File [/home/miahafiz/NeuroRing_a_4096_5c/_x.hw.NUM_4096.CORE_5.FREQ_300/link/vivado/vpl/prj/prj.gen/my_rm/bd/ulp/ip/ulp_hmss_0_0/bd_3/ip/ip_2/bd_b85c_psr_aclk_0_board.xdc] for cell 'level0_i/ulp/hmss_0/inst/path_8/interconnect3_8/inst/clk_map/psr_aclk/U0'
Finished Parsing XDC File [/home/miahafiz/NeuroRing_a_4096_5c/_x.hw.NUM_4096.CORE_5.FREQ_300/link/vivado/vpl/prj/prj.gen/my_rm/bd/ulp/ip/ulp_hmss_0_0/bd_3/ip/ip_2/bd_b85c_psr_aclk_0_board.xdc] for cell 'level0_i/ulp/hmss_0/inst/path_8/interconnect3_8/inst/clk_map/psr_aclk/U0'
Parsing XDC File [/home/miahafiz/NeuroRing_a_4096_5c/_x.hw.NUM_4096.CORE_5.FREQ_300/link/vivado/vpl/prj/prj.gen/my_rm/bd/ulp/ip/ulp_hmss_0_0/bd_3/ip/ip_3/bd_b85c_psr_aclk1_0_board.xdc] for cell 'level0_i/ulp/hmss_0/inst/path_8/interconnect3_8/inst/clk_map/psr_aclk1/U0'
Finished Parsing XDC File [/home/miahafiz/NeuroRing_a_4096_5c/_x.hw.NUM_4096.CORE_5.FREQ_300/link/vivado/vpl/prj/prj.gen/my_rm/bd/ulp/ip/ulp_hmss_0_0/bd_3/ip/ip_3/bd_b85c_psr_aclk1_0_board.xdc] for cell 'level0_i/ulp/hmss_0/inst/path_8/interconnect3_8/inst/clk_map/psr_aclk1/U0'
Parsing XDC File [/home/miahafiz/NeuroRing_a_4096_5c/_x.hw.NUM_4096.CORE_5.FREQ_300/link/vivado/vpl/prj/prj.gen/my_rm/bd/ulp/ip/ulp_hmss_0_0/bd_0/ip/ip_9/smartconnect.xdc] for cell 'level0_i/ulp/hmss_0/inst/path_8/interconnect3_8/inst'
WARNING: [Vivado_Tcl 4-935] Waiver ID 'CDC-11' is a duplicate and will not be added again. [/home/miahafiz/NeuroRing_a_4096_5c/_x.hw.NUM_4096.CORE_5.FREQ_300/link/vivado/vpl/prj/prj.gen/my_rm/bd/ulp/ip/ulp_hmss_0_0/bd_0/ip/ip_9/smartconnect.xdc:2]
WARNING: [Vivado_Tcl 4-919] Waiver ID 'CDC-1' -from list should not be empty. [/home/miahafiz/NeuroRing_a_4096_5c/_x.hw.NUM_4096.CORE_5.FREQ_300/link/vivado/vpl/prj/prj.gen/my_rm/bd/ulp/ip/ulp_hmss_0_0/bd_0/ip/ip_9/smartconnect.xdc:3]
WARNING: [Vivado_Tcl 4-935] Waiver ID 'CDC-1' is a duplicate and will not be added again. [/home/miahafiz/NeuroRing_a_4096_5c/_x.hw.NUM_4096.CORE_5.FREQ_300/link/vivado/vpl/prj/prj.gen/my_rm/bd/ulp/ip/ulp_hmss_0_0/bd_0/ip/ip_9/smartconnect.xdc:30]
WARNING: [Vivado_Tcl 4-935] Waiver ID 'CDC-1' is a duplicate and will not be added again. [/home/miahafiz/NeuroRing_a_4096_5c/_x.hw.NUM_4096.CORE_5.FREQ_300/link/vivado/vpl/prj/prj.gen/my_rm/bd/ulp/ip/ulp_hmss_0_0/bd_0/ip/ip_9/smartconnect.xdc:32]
WARNING: [Vivado_Tcl 4-919] Waiver ID 'CDC-1' -from list should not be empty. [/home/miahafiz/NeuroRing_a_4096_5c/_x.hw.NUM_4096.CORE_5.FREQ_300/link/vivado/vpl/prj/prj.gen/my_rm/bd/ulp/ip/ulp_hmss_0_0/bd_0/ip/ip_9/smartconnect.xdc:53]
WARNING: [Vivado_Tcl 4-919] Waiver ID 'CDC-13' -from list should not be empty. [/home/miahafiz/NeuroRing_a_4096_5c/_x.hw.NUM_4096.CORE_5.FREQ_300/link/vivado/vpl/prj/prj.gen/my_rm/bd/ulp/ip/ulp_hmss_0_0/bd_0/ip/ip_9/smartconnect.xdc:54]
Finished Parsing XDC File [/home/miahafiz/NeuroRing_a_4096_5c/_x.hw.NUM_4096.CORE_5.FREQ_300/link/vivado/vpl/prj/prj.gen/my_rm/bd/ulp/ip/ulp_hmss_0_0/bd_0/ip/ip_9/smartconnect.xdc] for cell 'level0_i/ulp/hmss_0/inst/path_8/interconnect3_8/inst'
Parsing XDC File [/home/miahafiz/NeuroRing_a_4096_5c/_x.hw.NUM_4096.CORE_5.FREQ_300/link/vivado/vpl/prj/prj.gen/my_rm/bd/ulp/ip/ulp_hmss_0_0/bd_4/ip/ip_1/bd_b8b8_psr0_0_board.xdc] for cell 'level0_i/ulp/hmss_0/inst/path_9/interconnect4_9/inst/clk_map/psr0/U0'
Finished Parsing XDC File [/home/miahafiz/NeuroRing_a_4096_5c/_x.hw.NUM_4096.CORE_5.FREQ_300/link/vivado/vpl/prj/prj.gen/my_rm/bd/ulp/ip/ulp_hmss_0_0/bd_4/ip/ip_1/bd_b8b8_psr0_0_board.xdc] for cell 'level0_i/ulp/hmss_0/inst/path_9/interconnect4_9/inst/clk_map/psr0/U0'
Parsing XDC File [/home/miahafiz/NeuroRing_a_4096_5c/_x.hw.NUM_4096.CORE_5.FREQ_300/link/vivado/vpl/prj/prj.gen/my_rm/bd/ulp/ip/ulp_hmss_0_0/bd_4/ip/ip_2/bd_b8b8_psr_aclk_0_board.xdc] for cell 'level0_i/ulp/hmss_0/inst/path_9/interconnect4_9/inst/clk_map/psr_aclk/U0'
Finished Parsing XDC File [/home/miahafiz/NeuroRing_a_4096_5c/_x.hw.NUM_4096.CORE_5.FREQ_300/link/vivado/vpl/prj/prj.gen/my_rm/bd/ulp/ip/ulp_hmss_0_0/bd_4/ip/ip_2/bd_b8b8_psr_aclk_0_board.xdc] for cell 'level0_i/ulp/hmss_0/inst/path_9/interconnect4_9/inst/clk_map/psr_aclk/U0'
Parsing XDC File [/home/miahafiz/NeuroRing_a_4096_5c/_x.hw.NUM_4096.CORE_5.FREQ_300/link/vivado/vpl/prj/prj.gen/my_rm/bd/ulp/ip/ulp_hmss_0_0/bd_4/ip/ip_3/bd_b8b8_psr_aclk1_0_board.xdc] for cell 'level0_i/ulp/hmss_0/inst/path_9/interconnect4_9/inst/clk_map/psr_aclk1/U0'
Finished Parsing XDC File [/home/miahafiz/NeuroRing_a_4096_5c/_x.hw.NUM_4096.CORE_5.FREQ_300/link/vivado/vpl/prj/prj.gen/my_rm/bd/ulp/ip/ulp_hmss_0_0/bd_4/ip/ip_3/bd_b8b8_psr_aclk1_0_board.xdc] for cell 'level0_i/ulp/hmss_0/inst/path_9/interconnect4_9/inst/clk_map/psr_aclk1/U0'
Parsing XDC File [/home/miahafiz/NeuroRing_a_4096_5c/_x.hw.NUM_4096.CORE_5.FREQ_300/link/vivado/vpl/prj/prj.gen/my_rm/bd/ulp/ip/ulp_hmss_0_0/bd_0/ip/ip_12/smartconnect.xdc] for cell 'level0_i/ulp/hmss_0/inst/path_9/interconnect4_9/inst'
WARNING: [Vivado_Tcl 4-935] Waiver ID 'CDC-11' is a duplicate and will not be added again. [/home/miahafiz/NeuroRing_a_4096_5c/_x.hw.NUM_4096.CORE_5.FREQ_300/link/vivado/vpl/prj/prj.gen/my_rm/bd/ulp/ip/ulp_hmss_0_0/bd_0/ip/ip_12/smartconnect.xdc:2]
WARNING: [Vivado_Tcl 4-919] Waiver ID 'CDC-1' -from list should not be empty. [/home/miahafiz/NeuroRing_a_4096_5c/_x.hw.NUM_4096.CORE_5.FREQ_300/link/vivado/vpl/prj/prj.gen/my_rm/bd/ulp/ip/ulp_hmss_0_0/bd_0/ip/ip_12/smartconnect.xdc:3]
WARNING: [Vivado_Tcl 4-935] Waiver ID 'CDC-1' is a duplicate and will not be added again. [/home/miahafiz/NeuroRing_a_4096_5c/_x.hw.NUM_4096.CORE_5.FREQ_300/link/vivado/vpl/prj/prj.gen/my_rm/bd/ulp/ip/ulp_hmss_0_0/bd_0/ip/ip_12/smartconnect.xdc:30]
WARNING: [Vivado_Tcl 4-935] Waiver ID 'CDC-1' is a duplicate and will not be added again. [/home/miahafiz/NeuroRing_a_4096_5c/_x.hw.NUM_4096.CORE_5.FREQ_300/link/vivado/vpl/prj/prj.gen/my_rm/bd/ulp/ip/ulp_hmss_0_0/bd_0/ip/ip_12/smartconnect.xdc:32]
WARNING: [Vivado_Tcl 4-919] Waiver ID 'CDC-1' -from list should not be empty. [/home/miahafiz/NeuroRing_a_4096_5c/_x.hw.NUM_4096.CORE_5.FREQ_300/link/vivado/vpl/prj/prj.gen/my_rm/bd/ulp/ip/ulp_hmss_0_0/bd_0/ip/ip_12/smartconnect.xdc:53]
WARNING: [Vivado_Tcl 4-919] Waiver ID 'CDC-13' -from list should not be empty. [/home/miahafiz/NeuroRing_a_4096_5c/_x.hw.NUM_4096.CORE_5.FREQ_300/link/vivado/vpl/prj/prj.gen/my_rm/bd/ulp/ip/ulp_hmss_0_0/bd_0/ip/ip_12/smartconnect.xdc:54]
Finished Parsing XDC File [/home/miahafiz/NeuroRing_a_4096_5c/_x.hw.NUM_4096.CORE_5.FREQ_300/link/vivado/vpl/prj/prj.gen/my_rm/bd/ulp/ip/ulp_hmss_0_0/bd_0/ip/ip_12/smartconnect.xdc] for cell 'level0_i/ulp/hmss_0/inst/path_9/interconnect4_9/inst'
Parsing XDC File [/home/miahafiz/NeuroRing_a_4096_5c/_x.hw.NUM_4096.CORE_5.FREQ_300/link/vivado/vpl/prj/prj.gen/my_rm/bd/ulp/ip/ulp_hmss_0_0/bd_5/ip/ip_1/bd_6fa6_psr0_0_board.xdc] for cell 'level0_i/ulp/hmss_0/inst/path_10/interconnect0_10/inst/clk_map/psr0/U0'
Finished Parsing XDC File [/home/miahafiz/NeuroRing_a_4096_5c/_x.hw.NUM_4096.CORE_5.FREQ_300/link/vivado/vpl/prj/prj.gen/my_rm/bd/ulp/ip/ulp_hmss_0_0/bd_5/ip/ip_1/bd_6fa6_psr0_0_board.xdc] for cell 'level0_i/ulp/hmss_0/inst/path_10/interconnect0_10/inst/clk_map/psr0/U0'
Parsing XDC File [/home/miahafiz/NeuroRing_a_4096_5c/_x.hw.NUM_4096.CORE_5.FREQ_300/link/vivado/vpl/prj/prj.gen/my_rm/bd/ulp/ip/ulp_hmss_0_0/bd_5/ip/ip_2/bd_6fa6_psr_aclk_0_board.xdc] for cell 'level0_i/ulp/hmss_0/inst/path_10/interconnect0_10/inst/clk_map/psr_aclk/U0'
Finished Parsing XDC File [/home/miahafiz/NeuroRing_a_4096_5c/_x.hw.NUM_4096.CORE_5.FREQ_300/link/vivado/vpl/prj/prj.gen/my_rm/bd/ulp/ip/ulp_hmss_0_0/bd_5/ip/ip_2/bd_6fa6_psr_aclk_0_board.xdc] for cell 'level0_i/ulp/hmss_0/inst/path_10/interconnect0_10/inst/clk_map/psr_aclk/U0'
Parsing XDC File [/home/miahafiz/NeuroRing_a_4096_5c/_x.hw.NUM_4096.CORE_5.FREQ_300/link/vivado/vpl/prj/prj.gen/my_rm/bd/ulp/ip/ulp_hmss_0_0/bd_5/ip/ip_3/bd_6fa6_psr_aclk1_0_board.xdc] for cell 'level0_i/ulp/hmss_0/inst/path_10/interconnect0_10/inst/clk_map/psr_aclk1/U0'
Finished Parsing XDC File [/home/miahafiz/NeuroRing_a_4096_5c/_x.hw.NUM_4096.CORE_5.FREQ_300/link/vivado/vpl/prj/prj.gen/my_rm/bd/ulp/ip/ulp_hmss_0_0/bd_5/ip/ip_3/bd_6fa6_psr_aclk1_0_board.xdc] for cell 'level0_i/ulp/hmss_0/inst/path_10/interconnect0_10/inst/clk_map/psr_aclk1/U0'
Parsing XDC File [/home/miahafiz/NeuroRing_a_4096_5c/_x.hw.NUM_4096.CORE_5.FREQ_300/link/vivado/vpl/prj/prj.gen/my_rm/bd/ulp/ip/ulp_hmss_0_0/bd_0/ip/ip_15/smartconnect.xdc] for cell 'level0_i/ulp/hmss_0/inst/path_10/interconnect0_10/inst'
WARNING: [Vivado_Tcl 4-935] Waiver ID 'CDC-11' is a duplicate and will not be added again. [/home/miahafiz/NeuroRing_a_4096_5c/_x.hw.NUM_4096.CORE_5.FREQ_300/link/vivado/vpl/prj/prj.gen/my_rm/bd/ulp/ip/ulp_hmss_0_0/bd_0/ip/ip_15/smartconnect.xdc:2]
WARNING: [Vivado_Tcl 4-919] Waiver ID 'CDC-1' -from list should not be empty. [/home/miahafiz/NeuroRing_a_4096_5c/_x.hw.NUM_4096.CORE_5.FREQ_300/link/vivado/vpl/prj/prj.gen/my_rm/bd/ulp/ip/ulp_hmss_0_0/bd_0/ip/ip_15/smartconnect.xdc:3]
WARNING: [Vivado_Tcl 4-935] Waiver ID 'CDC-1' is a duplicate and will not be added again. [/home/miahafiz/NeuroRing_a_4096_5c/_x.hw.NUM_4096.CORE_5.FREQ_300/link/vivado/vpl/prj/prj.gen/my_rm/bd/ulp/ip/ulp_hmss_0_0/bd_0/ip/ip_15/smartconnect.xdc:22]
WARNING: [Vivado_Tcl 4-935] Waiver ID 'CDC-1' is a duplicate and will not be added again. [/home/miahafiz/NeuroRing_a_4096_5c/_x.hw.NUM_4096.CORE_5.FREQ_300/link/vivado/vpl/prj/prj.gen/my_rm/bd/ulp/ip/ulp_hmss_0_0/bd_0/ip/ip_15/smartconnect.xdc:30]
WARNING: [Vivado_Tcl 4-935] Waiver ID 'CDC-1' is a duplicate and will not be added again. [/home/miahafiz/NeuroRing_a_4096_5c/_x.hw.NUM_4096.CORE_5.FREQ_300/link/vivado/vpl/prj/prj.gen/my_rm/bd/ulp/ip/ulp_hmss_0_0/bd_0/ip/ip_15/smartconnect.xdc:32]
WARNING: [Vivado_Tcl 4-935] Waiver ID 'CDC-1' is a duplicate and will not be added again. [/home/miahafiz/NeuroRing_a_4096_5c/_x.hw.NUM_4096.CORE_5.FREQ_300/link/vivado/vpl/prj/prj.gen/my_rm/bd/ulp/ip/ulp_hmss_0_0/bd_0/ip/ip_15/smartconnect.xdc:35]
WARNING: [Vivado_Tcl 4-935] Waiver ID 'CDC-1' is a duplicate and will not be added again. [/home/miahafiz/NeuroRing_a_4096_5c/_x.hw.NUM_4096.CORE_5.FREQ_300/link/vivado/vpl/prj/prj.gen/my_rm/bd/ulp/ip/ulp_hmss_0_0/bd_0/ip/ip_15/smartconnect.xdc:37]
WARNING: [Vivado_Tcl 4-935] Waiver ID 'CDC-1' is a duplicate and will not be added again. [/home/miahafiz/NeuroRing_a_4096_5c/_x.hw.NUM_4096.CORE_5.FREQ_300/link/vivado/vpl/prj/prj.gen/my_rm/bd/ulp/ip/ulp_hmss_0_0/bd_0/ip/ip_15/smartconnect.xdc:38]
WARNING: [Vivado_Tcl 4-935] Waiver ID 'CDC-1' is a duplicate and will not be added again. [/home/miahafiz/NeuroRing_a_4096_5c/_x.hw.NUM_4096.CORE_5.FREQ_300/link/vivado/vpl/prj/prj.gen/my_rm/bd/ulp/ip/ulp_hmss_0_0/bd_0/ip/ip_15/smartconnect.xdc:39]
WARNING: [Vivado_Tcl 4-919] Waiver ID 'CDC-1' -from list should not be empty. [/home/miahafiz/NeuroRing_a_4096_5c/_x.hw.NUM_4096.CORE_5.FREQ_300/link/vivado/vpl/prj/prj.gen/my_rm/bd/ulp/ip/ulp_hmss_0_0/bd_0/ip/ip_15/smartconnect.xdc:53]
WARNING: [Vivado_Tcl 4-919] Waiver ID 'CDC-13' -from list should not be empty. [/home/miahafiz/NeuroRing_a_4096_5c/_x.hw.NUM_4096.CORE_5.FREQ_300/link/vivado/vpl/prj/prj.gen/my_rm/bd/ulp/ip/ulp_hmss_0_0/bd_0/ip/ip_15/smartconnect.xdc:54]
Finished Parsing XDC File [/home/miahafiz/NeuroRing_a_4096_5c/_x.hw.NUM_4096.CORE_5.FREQ_300/link/vivado/vpl/prj/prj.gen/my_rm/bd/ulp/ip/ulp_hmss_0_0/bd_0/ip/ip_15/smartconnect.xdc] for cell 'level0_i/ulp/hmss_0/inst/path_10/interconnect0_10/inst'
Parsing XDC File [/home/miahafiz/NeuroRing_a_4096_5c/_x.hw.NUM_4096.CORE_5.FREQ_300/link/vivado/vpl/prj/prj.gen/my_rm/bd/ulp/ip/ulp_hmss_0_0/bd_6/ip/ip_1/bd_fa07_psr0_0_board.xdc] for cell 'level0_i/ulp/hmss_0/inst/path_12/interconnect5_12/inst/clk_map/psr0/U0'
Finished Parsing XDC File [/home/miahafiz/NeuroRing_a_4096_5c/_x.hw.NUM_4096.CORE_5.FREQ_300/link/vivado/vpl/prj/prj.gen/my_rm/bd/ulp/ip/ulp_hmss_0_0/bd_6/ip/ip_1/bd_fa07_psr0_0_board.xdc] for cell 'level0_i/ulp/hmss_0/inst/path_12/interconnect5_12/inst/clk_map/psr0/U0'
Parsing XDC File [/home/miahafiz/NeuroRing_a_4096_5c/_x.hw.NUM_4096.CORE_5.FREQ_300/link/vivado/vpl/prj/prj.gen/my_rm/bd/ulp/ip/ulp_hmss_0_0/bd_6/ip/ip_2/bd_fa07_psr_aclk_0_board.xdc] for cell 'level0_i/ulp/hmss_0/inst/path_12/interconnect5_12/inst/clk_map/psr_aclk/U0'
Finished Parsing XDC File [/home/miahafiz/NeuroRing_a_4096_5c/_x.hw.NUM_4096.CORE_5.FREQ_300/link/vivado/vpl/prj/prj.gen/my_rm/bd/ulp/ip/ulp_hmss_0_0/bd_6/ip/ip_2/bd_fa07_psr_aclk_0_board.xdc] for cell 'level0_i/ulp/hmss_0/inst/path_12/interconnect5_12/inst/clk_map/psr_aclk/U0'
Parsing XDC File [/home/miahafiz/NeuroRing_a_4096_5c/_x.hw.NUM_4096.CORE_5.FREQ_300/link/vivado/vpl/prj/prj.gen/my_rm/bd/ulp/ip/ulp_hmss_0_0/bd_6/ip/ip_3/bd_fa07_psr_aclk1_0_board.xdc] for cell 'level0_i/ulp/hmss_0/inst/path_12/interconnect5_12/inst/clk_map/psr_aclk1/U0'
Finished Parsing XDC File [/home/miahafiz/NeuroRing_a_4096_5c/_x.hw.NUM_4096.CORE_5.FREQ_300/link/vivado/vpl/prj/prj.gen/my_rm/bd/ulp/ip/ulp_hmss_0_0/bd_6/ip/ip_3/bd_fa07_psr_aclk1_0_board.xdc] for cell 'level0_i/ulp/hmss_0/inst/path_12/interconnect5_12/inst/clk_map/psr_aclk1/U0'
Parsing XDC File [/home/miahafiz/NeuroRing_a_4096_5c/_x.hw.NUM_4096.CORE_5.FREQ_300/link/vivado/vpl/prj/prj.gen/my_rm/bd/ulp/ip/ulp_hmss_0_0/bd_0/ip/ip_18/smartconnect.xdc] for cell 'level0_i/ulp/hmss_0/inst/path_12/interconnect5_12/inst'
WARNING: [Vivado_Tcl 4-935] Waiver ID 'CDC-11' is a duplicate and will not be added again. [/home/miahafiz/NeuroRing_a_4096_5c/_x.hw.NUM_4096.CORE_5.FREQ_300/link/vivado/vpl/prj/prj.gen/my_rm/bd/ulp/ip/ulp_hmss_0_0/bd_0/ip/ip_18/smartconnect.xdc:2]
WARNING: [Vivado_Tcl 4-919] Waiver ID 'CDC-1' -from list should not be empty. [/home/miahafiz/NeuroRing_a_4096_5c/_x.hw.NUM_4096.CORE_5.FREQ_300/link/vivado/vpl/prj/prj.gen/my_rm/bd/ulp/ip/ulp_hmss_0_0/bd_0/ip/ip_18/smartconnect.xdc:3]
WARNING: [Vivado_Tcl 4-935] Waiver ID 'CDC-1' is a duplicate and will not be added again. [/home/miahafiz/NeuroRing_a_4096_5c/_x.hw.NUM_4096.CORE_5.FREQ_300/link/vivado/vpl/prj/prj.gen/my_rm/bd/ulp/ip/ulp_hmss_0_0/bd_0/ip/ip_18/smartconnect.xdc:30]
WARNING: [Vivado_Tcl 4-935] Waiver ID 'CDC-1' is a duplicate and will not be added again. [/home/miahafiz/NeuroRing_a_4096_5c/_x.hw.NUM_4096.CORE_5.FREQ_300/link/vivado/vpl/prj/prj.gen/my_rm/bd/ulp/ip/ulp_hmss_0_0/bd_0/ip/ip_18/smartconnect.xdc:32]
WARNING: [Vivado_Tcl 4-919] Waiver ID 'CDC-1' -from list should not be empty. [/home/miahafiz/NeuroRing_a_4096_5c/_x.hw.NUM_4096.CORE_5.FREQ_300/link/vivado/vpl/prj/prj.gen/my_rm/bd/ulp/ip/ulp_hmss_0_0/bd_0/ip/ip_18/smartconnect.xdc:53]
WARNING: [Vivado_Tcl 4-919] Waiver ID 'CDC-13' -from list should not be empty. [/home/miahafiz/NeuroRing_a_4096_5c/_x.hw.NUM_4096.CORE_5.FREQ_300/link/vivado/vpl/prj/prj.gen/my_rm/bd/ulp/ip/ulp_hmss_0_0/bd_0/ip/ip_18/smartconnect.xdc:54]
Finished Parsing XDC File [/home/miahafiz/NeuroRing_a_4096_5c/_x.hw.NUM_4096.CORE_5.FREQ_300/link/vivado/vpl/prj/prj.gen/my_rm/bd/ulp/ip/ulp_hmss_0_0/bd_0/ip/ip_18/smartconnect.xdc] for cell 'level0_i/ulp/hmss_0/inst/path_12/interconnect5_12/inst'
Parsing XDC File [/home/miahafiz/NeuroRing_a_4096_5c/_x.hw.NUM_4096.CORE_5.FREQ_300/link/vivado/vpl/prj/prj.gen/my_rm/bd/ulp/ip/ulp_ulp_ucs_0/bd_0/ip/ip_6/bd_22c0_gpio_gapping_demand_0_board.xdc] for cell 'level0_i/ulp/ulp_ucs/inst/gapping_demand/gpio_gapping_demand/U0'
Finished Parsing XDC File [/home/miahafiz/NeuroRing_a_4096_5c/_x.hw.NUM_4096.CORE_5.FREQ_300/link/vivado/vpl/prj/prj.gen/my_rm/bd/ulp/ip/ulp_ulp_ucs_0/bd_0/ip/ip_6/bd_22c0_gpio_gapping_demand_0_board.xdc] for cell 'level0_i/ulp/ulp_ucs/inst/gapping_demand/gpio_gapping_demand/U0'
Parsing XDC File [/home/miahafiz/NeuroRing_a_4096_5c/_x.hw.NUM_4096.CORE_5.FREQ_300/link/vivado/vpl/prj/prj.gen/my_rm/bd/ulp/ip/ulp_ulp_ucs_0/bd_0/ip/ip_14/bd_22c0_gpio_ucs_control_status_0_board.xdc] for cell 'level0_i/ulp/ulp_ucs/inst/ucs_control_status/gpio_ucs_control_status/U0'
Finished Parsing XDC File [/home/miahafiz/NeuroRing_a_4096_5c/_x.hw.NUM_4096.CORE_5.FREQ_300/link/vivado/vpl/prj/prj.gen/my_rm/bd/ulp/ip/ulp_ulp_ucs_0/bd_0/ip/ip_14/bd_22c0_gpio_ucs_control_status_0_board.xdc] for cell 'level0_i/ulp/ulp_ucs/inst/ucs_control_status/gpio_ucs_control_status/U0'
Parsing XDC File [/home/miahafiz/NeuroRing_a_4096_5c/_x.hw.NUM_4096.CORE_5.FREQ_300/link/vivado/vpl/prj/prj.gen/my_rm/bd/ulp/ip/ulp_ulp_ucs_0/bd_0/ip/ip_46/bd_22c0_clkwiz_hbm_0_board.xdc] for cell 'level0_i/ulp/ulp_ucs/inst/aclk_hbm_hierarchy/clkwiz_hbm/inst'
Finished Parsing XDC File [/home/miahafiz/NeuroRing_a_4096_5c/_x.hw.NUM_4096.CORE_5.FREQ_300/link/vivado/vpl/prj/prj.gen/my_rm/bd/ulp/ip/ulp_ulp_ucs_0/bd_0/ip/ip_46/bd_22c0_clkwiz_hbm_0_board.xdc] for cell 'level0_i/ulp/ulp_ucs/inst/aclk_hbm_hierarchy/clkwiz_hbm/inst'
Parsing XDC File [/home/miahafiz/NeuroRing_a_4096_5c/_x.hw.NUM_4096.CORE_5.FREQ_300/link/vivado/vpl/prj/prj.gen/my_rm/bd/ulp/ip/ulp_ulp_ucs_0/bd_0/ip/ip_46/bd_22c0_clkwiz_hbm_0.xdc] for cell 'level0_i/ulp/ulp_ucs/inst/aclk_hbm_hierarchy/clkwiz_hbm/inst'
Finished Parsing XDC File [/home/miahafiz/NeuroRing_a_4096_5c/_x.hw.NUM_4096.CORE_5.FREQ_300/link/vivado/vpl/prj/prj.gen/my_rm/bd/ulp/ip/ulp_ulp_ucs_0/bd_0/ip/ip_46/bd_22c0_clkwiz_hbm_0.xdc] for cell 'level0_i/ulp/ulp_ucs/inst/aclk_hbm_hierarchy/clkwiz_hbm/inst'
Parsing XDC File [/home/miahafiz/NeuroRing_a_4096_5c/_x.hw.NUM_4096.CORE_5.FREQ_300/link/vivado/vpl/prj/prj.gen/my_rm/bd/ulp/ip/ulp_ulp_ucs_0/bd_0/ip/ip_48/bd_22c0_psreset_hbm_0_board.xdc] for cell 'level0_i/ulp/ulp_ucs/inst/aclk_hbm_hierarchy/psreset_hbm/U0'
Finished Parsing XDC File [/home/miahafiz/NeuroRing_a_4096_5c/_x.hw.NUM_4096.CORE_5.FREQ_300/link/vivado/vpl/prj/prj.gen/my_rm/bd/ulp/ip/ulp_ulp_ucs_0/bd_0/ip/ip_48/bd_22c0_psreset_hbm_0_board.xdc] for cell 'level0_i/ulp/ulp_ucs/inst/aclk_hbm_hierarchy/psreset_hbm/U0'
Parsing XDC File [/home/miahafiz/NeuroRing_a_4096_5c/_x.hw.NUM_4096.CORE_5.FREQ_300/link/vivado/vpl/prj/prj.gen/my_rm/bd/ulp/ip/ulp_ulp_ucs_0/bd_0/ip/ip_56/bd_22c0_psreset_aclk_freerun_0_board.xdc] for cell 'level0_i/ulp/ulp_ucs/inst/frequency_counters/psreset_aclk_freerun/U0'
Finished Parsing XDC File [/home/miahafiz/NeuroRing_a_4096_5c/_x.hw.NUM_4096.CORE_5.FREQ_300/link/vivado/vpl/prj/prj.gen/my_rm/bd/ulp/ip/ulp_ulp_ucs_0/bd_0/ip/ip_56/bd_22c0_psreset_aclk_freerun_0_board.xdc] for cell 'level0_i/ulp/ulp_ucs/inst/frequency_counters/psreset_aclk_freerun/U0'
Parsing XDC File [/home/miahafiz/NeuroRing_a_4096_5c/_x.hw.NUM_4096.CORE_5.FREQ_300/link/vivado/vpl/prj/prj.gen/my_rm/bd/ulp/ip/ulp_ulp_ucs_0/bd_0/ip/ip_59/bd_22c0_clkwiz_aclk_kernel_00_0_board.xdc] for cell 'level0_i/ulp/ulp_ucs/inst/aclk_kernel_00_hierarchy/clkwiz_aclk_kernel_00/inst'
Finished Parsing XDC File [/home/miahafiz/NeuroRing_a_4096_5c/_x.hw.NUM_4096.CORE_5.FREQ_300/link/vivado/vpl/prj/prj.gen/my_rm/bd/ulp/ip/ulp_ulp_ucs_0/bd_0/ip/ip_59/bd_22c0_clkwiz_aclk_kernel_00_0_board.xdc] for cell 'level0_i/ulp/ulp_ucs/inst/aclk_kernel_00_hierarchy/clkwiz_aclk_kernel_00/inst'
Parsing XDC File [/home/miahafiz/NeuroRing_a_4096_5c/_x.hw.NUM_4096.CORE_5.FREQ_300/link/vivado/vpl/prj/prj.gen/my_rm/bd/ulp/ip/ulp_ulp_ucs_0/bd_0/ip/ip_59/bd_22c0_clkwiz_aclk_kernel_00_0.xdc] for cell 'level0_i/ulp/ulp_ucs/inst/aclk_kernel_00_hierarchy/clkwiz_aclk_kernel_00/inst'
Finished Parsing XDC File [/home/miahafiz/NeuroRing_a_4096_5c/_x.hw.NUM_4096.CORE_5.FREQ_300/link/vivado/vpl/prj/prj.gen/my_rm/bd/ulp/ip/ulp_ulp_ucs_0/bd_0/ip/ip_59/bd_22c0_clkwiz_aclk_kernel_00_0.xdc] for cell 'level0_i/ulp/ulp_ucs/inst/aclk_kernel_00_hierarchy/clkwiz_aclk_kernel_00/inst'
Parsing XDC File [/home/miahafiz/NeuroRing_a_4096_5c/_x.hw.NUM_4096.CORE_5.FREQ_300/link/vivado/vpl/prj/prj.gen/my_rm/bd/ulp/ip/ulp_ulp_ucs_0/bd_0/ip/ip_74/bd_22c0_psreset_kernel_00_0_board.xdc] for cell 'level0_i/ulp/ulp_ucs/inst/aclk_kernel_00_hierarchy/psreset_kernel_00/U0'
Finished Parsing XDC File [/home/miahafiz/NeuroRing_a_4096_5c/_x.hw.NUM_4096.CORE_5.FREQ_300/link/vivado/vpl/prj/prj.gen/my_rm/bd/ulp/ip/ulp_ulp_ucs_0/bd_0/ip/ip_74/bd_22c0_psreset_kernel_00_0_board.xdc] for cell 'level0_i/ulp/ulp_ucs/inst/aclk_kernel_00_hierarchy/psreset_kernel_00/U0'
Parsing XDC File [/home/miahafiz/NeuroRing_a_4096_5c/_x.hw.NUM_4096.CORE_5.FREQ_300/link/vivado/vpl/prj/prj.gen/my_rm/bd/ulp/ip/ulp_ulp_ucs_0/bd_0/ip/ip_77/bd_22c0_clkwiz_aclk_kernel_01_0_board.xdc] for cell 'level0_i/ulp/ulp_ucs/inst/aclk_kernel_01_hierarchy/clkwiz_aclk_kernel_01/inst'
Finished Parsing XDC File [/home/miahafiz/NeuroRing_a_4096_5c/_x.hw.NUM_4096.CORE_5.FREQ_300/link/vivado/vpl/prj/prj.gen/my_rm/bd/ulp/ip/ulp_ulp_ucs_0/bd_0/ip/ip_77/bd_22c0_clkwiz_aclk_kernel_01_0_board.xdc] for cell 'level0_i/ulp/ulp_ucs/inst/aclk_kernel_01_hierarchy/clkwiz_aclk_kernel_01/inst'
Parsing XDC File [/home/miahafiz/NeuroRing_a_4096_5c/_x.hw.NUM_4096.CORE_5.FREQ_300/link/vivado/vpl/prj/prj.gen/my_rm/bd/ulp/ip/ulp_ulp_ucs_0/bd_0/ip/ip_77/bd_22c0_clkwiz_aclk_kernel_01_0.xdc] for cell 'level0_i/ulp/ulp_ucs/inst/aclk_kernel_01_hierarchy/clkwiz_aclk_kernel_01/inst'
Finished Parsing XDC File [/home/miahafiz/NeuroRing_a_4096_5c/_x.hw.NUM_4096.CORE_5.FREQ_300/link/vivado/vpl/prj/prj.gen/my_rm/bd/ulp/ip/ulp_ulp_ucs_0/bd_0/ip/ip_77/bd_22c0_clkwiz_aclk_kernel_01_0.xdc] for cell 'level0_i/ulp/ulp_ucs/inst/aclk_kernel_01_hierarchy/clkwiz_aclk_kernel_01/inst'
Parsing XDC File [/home/miahafiz/NeuroRing_a_4096_5c/_x.hw.NUM_4096.CORE_5.FREQ_300/link/vivado/vpl/prj/prj.gen/my_rm/bd/ulp/ip/ulp_ulp_ucs_0/bd_0/ip/ip_92/bd_22c0_psreset_kernel_01_0_board.xdc] for cell 'level0_i/ulp/ulp_ucs/inst/aclk_kernel_01_hierarchy/psreset_kernel_01/U0'
Finished Parsing XDC File [/home/miahafiz/NeuroRing_a_4096_5c/_x.hw.NUM_4096.CORE_5.FREQ_300/link/vivado/vpl/prj/prj.gen/my_rm/bd/ulp/ip/ulp_ulp_ucs_0/bd_0/ip/ip_92/bd_22c0_psreset_kernel_01_0_board.xdc] for cell 'level0_i/ulp/ulp_ucs/inst/aclk_kernel_01_hierarchy/psreset_kernel_01/U0'
Parsing XDC File [/home/miahafiz/NeuroRing_a_4096_5c/_x.hw.NUM_4096.CORE_5.FREQ_300/link/vivado/vpl/prj/prj.gen/my_rm/bd/ulp/ip/ulp_proc_sys_reset_ctrl_slr0_0/ulp_proc_sys_reset_ctrl_slr0_0_board.xdc] for cell 'level0_i/ulp/proc_sys_reset_ctrl_slr0/U0'
Finished Parsing XDC File [/home/miahafiz/NeuroRing_a_4096_5c/_x.hw.NUM_4096.CORE_5.FREQ_300/link/vivado/vpl/prj/prj.gen/my_rm/bd/ulp/ip/ulp_proc_sys_reset_ctrl_slr0_0/ulp_proc_sys_reset_ctrl_slr0_0_board.xdc] for cell 'level0_i/ulp/proc_sys_reset_ctrl_slr0/U0'
Parsing XDC File [/home/miahafiz/NeuroRing_a_4096_5c/_x.hw.NUM_4096.CORE_5.FREQ_300/link/vivado/vpl/prj/prj.gen/my_rm/bd/ulp/ip/ulp_proc_sys_reset_ctrl_slr1_0/ulp_proc_sys_reset_ctrl_slr1_0_board.xdc] for cell 'level0_i/ulp/proc_sys_reset_ctrl_slr1/U0'
Finished Parsing XDC File [/home/miahafiz/NeuroRing_a_4096_5c/_x.hw.NUM_4096.CORE_5.FREQ_300/link/vivado/vpl/prj/prj.gen/my_rm/bd/ulp/ip/ulp_proc_sys_reset_ctrl_slr1_0/ulp_proc_sys_reset_ctrl_slr1_0_board.xdc] for cell 'level0_i/ulp/proc_sys_reset_ctrl_slr1/U0'
Parsing XDC File [/home/miahafiz/NeuroRing_a_4096_5c/_x.hw.NUM_4096.CORE_5.FREQ_300/link/vivado/vpl/prj/prj.gen/my_rm/bd/ulp/ip/ulp_proc_sys_reset_ctrl_slr2_0/ulp_proc_sys_reset_ctrl_slr2_0_board.xdc] for cell 'level0_i/ulp/proc_sys_reset_ctrl_slr2/U0'
Finished Parsing XDC File [/home/miahafiz/NeuroRing_a_4096_5c/_x.hw.NUM_4096.CORE_5.FREQ_300/link/vivado/vpl/prj/prj.gen/my_rm/bd/ulp/ip/ulp_proc_sys_reset_ctrl_slr2_0/ulp_proc_sys_reset_ctrl_slr2_0_board.xdc] for cell 'level0_i/ulp/proc_sys_reset_ctrl_slr2/U0'
Parsing XDC File [/home/miahafiz/NeuroRing_a_4096_5c/_x.hw.NUM_4096.CORE_5.FREQ_300/link/vivado/vpl/prj/prj.gen/my_rm/bd/ulp/ip/ulp_proc_sys_reset_kernel_slr0_0/ulp_proc_sys_reset_kernel_slr0_0_board.xdc] for cell 'level0_i/ulp/proc_sys_reset_kernel_slr0/U0'
Finished Parsing XDC File [/home/miahafiz/NeuroRing_a_4096_5c/_x.hw.NUM_4096.CORE_5.FREQ_300/link/vivado/vpl/prj/prj.gen/my_rm/bd/ulp/ip/ulp_proc_sys_reset_kernel_slr0_0/ulp_proc_sys_reset_kernel_slr0_0_board.xdc] for cell 'level0_i/ulp/proc_sys_reset_kernel_slr0/U0'
Parsing XDC File [/home/miahafiz/NeuroRing_a_4096_5c/_x.hw.NUM_4096.CORE_5.FREQ_300/link/vivado/vpl/prj/prj.gen/my_rm/bd/ulp/ip/ulp_proc_sys_reset_kernel_slr1_0/ulp_proc_sys_reset_kernel_slr1_0_board.xdc] for cell 'level0_i/ulp/proc_sys_reset_kernel_slr1/U0'
Finished Parsing XDC File [/home/miahafiz/NeuroRing_a_4096_5c/_x.hw.NUM_4096.CORE_5.FREQ_300/link/vivado/vpl/prj/prj.gen/my_rm/bd/ulp/ip/ulp_proc_sys_reset_kernel_slr1_0/ulp_proc_sys_reset_kernel_slr1_0_board.xdc] for cell 'level0_i/ulp/proc_sys_reset_kernel_slr1/U0'
Parsing XDC File [/home/miahafiz/NeuroRing_a_4096_5c/_x.hw.NUM_4096.CORE_5.FREQ_300/link/vivado/vpl/prj/prj.gen/my_rm/bd/ulp/ip/ulp_proc_sys_reset_kernel_slr2_0/ulp_proc_sys_reset_kernel_slr2_0_board.xdc] for cell 'level0_i/ulp/proc_sys_reset_kernel_slr2/U0'
Finished Parsing XDC File [/home/miahafiz/NeuroRing_a_4096_5c/_x.hw.NUM_4096.CORE_5.FREQ_300/link/vivado/vpl/prj/prj.gen/my_rm/bd/ulp/ip/ulp_proc_sys_reset_kernel_slr2_0/ulp_proc_sys_reset_kernel_slr2_0_board.xdc] for cell 'level0_i/ulp/proc_sys_reset_kernel_slr2/U0'
Parsing XDC File [/home/miahafiz/NeuroRing_a_4096_5c/_x.hw.NUM_4096.CORE_5.FREQ_300/link/vivado/vpl/prj/prj.gen/my_rm/bd/ulp/ip/ulp_proc_sys_reset_kernel2_slr0_0/ulp_proc_sys_reset_kernel2_slr0_0_board.xdc] for cell 'level0_i/ulp/proc_sys_reset_kernel2_slr0/U0'
Finished Parsing XDC File [/home/miahafiz/NeuroRing_a_4096_5c/_x.hw.NUM_4096.CORE_5.FREQ_300/link/vivado/vpl/prj/prj.gen/my_rm/bd/ulp/ip/ulp_proc_sys_reset_kernel2_slr0_0/ulp_proc_sys_reset_kernel2_slr0_0_board.xdc] for cell 'level0_i/ulp/proc_sys_reset_kernel2_slr0/U0'
Parsing XDC File [/home/miahafiz/NeuroRing_a_4096_5c/_x.hw.NUM_4096.CORE_5.FREQ_300/link/vivado/vpl/prj/prj.gen/my_rm/bd/ulp/ip/ulp_proc_sys_reset_kernel2_slr1_0/ulp_proc_sys_reset_kernel2_slr1_0_board.xdc] for cell 'level0_i/ulp/proc_sys_reset_kernel2_slr1/U0'
Finished Parsing XDC File [/home/miahafiz/NeuroRing_a_4096_5c/_x.hw.NUM_4096.CORE_5.FREQ_300/link/vivado/vpl/prj/prj.gen/my_rm/bd/ulp/ip/ulp_proc_sys_reset_kernel2_slr1_0/ulp_proc_sys_reset_kernel2_slr1_0_board.xdc] for cell 'level0_i/ulp/proc_sys_reset_kernel2_slr1/U0'
Parsing XDC File [/home/miahafiz/NeuroRing_a_4096_5c/_x.hw.NUM_4096.CORE_5.FREQ_300/link/vivado/vpl/prj/prj.gen/my_rm/bd/ulp/ip/ulp_proc_sys_reset_kernel2_slr2_0/ulp_proc_sys_reset_kernel2_slr2_0_board.xdc] for cell 'level0_i/ulp/proc_sys_reset_kernel2_slr2/U0'
Finished Parsing XDC File [/home/miahafiz/NeuroRing_a_4096_5c/_x.hw.NUM_4096.CORE_5.FREQ_300/link/vivado/vpl/prj/prj.gen/my_rm/bd/ulp/ip/ulp_proc_sys_reset_kernel2_slr2_0/ulp_proc_sys_reset_kernel2_slr2_0_board.xdc] for cell 'level0_i/ulp/proc_sys_reset_kernel2_slr2/U0'
Parsing XDC File [/home/miahafiz/NeuroRing_a_4096_5c/_x.hw.NUM_4096.CORE_5.FREQ_300/link/vivado/vpl/prj/prj.gen/my_rm/bd/ulp/ip/ulp_proc_sys_reset_freerun_slr0_0/ulp_proc_sys_reset_freerun_slr0_0_board.xdc] for cell 'level0_i/ulp/proc_sys_reset_freerun_slr0/U0'
Finished Parsing XDC File [/home/miahafiz/NeuroRing_a_4096_5c/_x.hw.NUM_4096.CORE_5.FREQ_300/link/vivado/vpl/prj/prj.gen/my_rm/bd/ulp/ip/ulp_proc_sys_reset_freerun_slr0_0/ulp_proc_sys_reset_freerun_slr0_0_board.xdc] for cell 'level0_i/ulp/proc_sys_reset_freerun_slr0/U0'
Parsing XDC File [/home/miahafiz/NeuroRing_a_4096_5c/_x.hw.NUM_4096.CORE_5.FREQ_300/link/vivado/vpl/prj/prj.gen/my_rm/bd/ulp/ip/ulp_proc_sys_reset_freerun_slr1_0/ulp_proc_sys_reset_freerun_slr1_0_board.xdc] for cell 'level0_i/ulp/proc_sys_reset_freerun_slr1/U0'
Finished Parsing XDC File [/home/miahafiz/NeuroRing_a_4096_5c/_x.hw.NUM_4096.CORE_5.FREQ_300/link/vivado/vpl/prj/prj.gen/my_rm/bd/ulp/ip/ulp_proc_sys_reset_freerun_slr1_0/ulp_proc_sys_reset_freerun_slr1_0_board.xdc] for cell 'level0_i/ulp/proc_sys_reset_freerun_slr1/U0'
Parsing XDC File [/home/miahafiz/NeuroRing_a_4096_5c/_x.hw.NUM_4096.CORE_5.FREQ_300/link/vivado/vpl/prj/prj.gen/my_rm/bd/ulp/ip/ulp_proc_sys_reset_freerun_slr2_0/ulp_proc_sys_reset_freerun_slr2_0_board.xdc] for cell 'level0_i/ulp/proc_sys_reset_freerun_slr2/U0'
Finished Parsing XDC File [/home/miahafiz/NeuroRing_a_4096_5c/_x.hw.NUM_4096.CORE_5.FREQ_300/link/vivado/vpl/prj/prj.gen/my_rm/bd/ulp/ip/ulp_proc_sys_reset_freerun_slr2_0/ulp_proc_sys_reset_freerun_slr2_0_board.xdc] for cell 'level0_i/ulp/proc_sys_reset_freerun_slr2/U0'
Parsing XDC File [/home/miahafiz/NeuroRing_a_4096_5c/_x.hw.NUM_4096.CORE_5.FREQ_300/link/vivado/vpl/prj/prj.gen/my_rm/bd/ulp/ip/ulp_axi_gpio_null_0/ulp_axi_gpio_null_0_board.xdc] for cell 'level0_i/ulp/SLR0/axi_gpio_null/U0'
Finished Parsing XDC File [/home/miahafiz/NeuroRing_a_4096_5c/_x.hw.NUM_4096.CORE_5.FREQ_300/link/vivado/vpl/prj/prj.gen/my_rm/bd/ulp/ip/ulp_axi_gpio_null_0/ulp_axi_gpio_null_0_board.xdc] for cell 'level0_i/ulp/SLR0/axi_gpio_null/U0'
Parsing XDC File [/home/miahafiz/NeuroRing_a_4096_5c/_x.hw.NUM_4096.CORE_5.FREQ_300/link/vivado/vpl/prj/prj.gen/my_rm/bd/ulp/ip/ulp_axi_gpio_null_1/ulp_axi_gpio_null_1_board.xdc] for cell 'level0_i/ulp/SLR1/axi_gpio_null/U0'
Finished Parsing XDC File [/home/miahafiz/NeuroRing_a_4096_5c/_x.hw.NUM_4096.CORE_5.FREQ_300/link/vivado/vpl/prj/prj.gen/my_rm/bd/ulp/ip/ulp_axi_gpio_null_1/ulp_axi_gpio_null_1_board.xdc] for cell 'level0_i/ulp/SLR1/axi_gpio_null/U0'
Parsing XDC File [/home/miahafiz/NeuroRing_a_4096_5c/_x.hw.NUM_4096.CORE_5.FREQ_300/link/vivado/vpl/prj/prj.gen/my_rm/bd/ulp/ip/ulp_axi_gpio_null_2/ulp_axi_gpio_null_2_board.xdc] for cell 'level0_i/ulp/SLR2/axi_gpio_null/U0'
Finished Parsing XDC File [/home/miahafiz/NeuroRing_a_4096_5c/_x.hw.NUM_4096.CORE_5.FREQ_300/link/vivado/vpl/prj/prj.gen/my_rm/bd/ulp/ip/ulp_axi_gpio_null_2/ulp_axi_gpio_null_2_board.xdc] for cell 'level0_i/ulp/SLR2/axi_gpio_null/U0'
Parsing XDC File [/home/miahafiz/NeuroRing_a_4096_5c/_x.hw.NUM_4096.CORE_5.FREQ_300/link/vivado/vpl/.local/hw_platform/hw_bb_locked/level0_wrapper_board.xdc]
Finished Parsing XDC File [/home/miahafiz/NeuroRing_a_4096_5c/_x.hw.NUM_4096.CORE_5.FREQ_300/link/vivado/vpl/.local/hw_platform/hw_bb_locked/level0_wrapper_board.xdc]
Parsing XDC File [/home/miahafiz/NeuroRing_a_4096_5c/_x.hw.NUM_4096.CORE_5.FREQ_300/link/vivado/vpl/.local/hw_platform/hw_bb_locked/level0_wrapper_early.xdc]
INFO: [Constraints 18-4422] SNAPPING_MODE is set so implementation will use the DERIVED_RANGES which may be different then the GRID_RANGES. [impl.alt.pblocks.xdc:174]
add_cells_to_pblock: Time (s): cpu = 00:00:07 ; elapsed = 00:00:07 . Memory (MB): peak = 6270.383 ; gain = 20.438 ; free physical = 99755 ; free virtual = 174863
INFO: [Constraints 18-4421] A LAGUNA range, without usable sites, was added to DERIVED_RANGES for purposes of keeping the Programmable Unit together within the reconfigurable pblock. [impl.alt.pblocks.xdc:174]
WARNING: [Vivado 12-4417] Setting CLOCK_DELAY_GROUP on net 'level0_i/blp/blp_i/ss_hif/inst/pcie/inst/bd_39ab_pcie_0_gt_top_i/diablo_gt.diablo_gt_phy_wrapper/gt_wizard.gtwizard_top_i/bd_39ab_pcie_0_gt_i/inst/gen_gtwizard_gtye4_top.bd_39ab_pcie_0_gt_gtwizard_gtye4_inst/gen_gtwizard_gtye4.gen_channel_container[24].gen_enabled_channel.gtye4_channel_wrapper_inst/channel_inst/GTYE4_CHANNEL_TXOUTCLK[0]' which is not driven by a global clock buffer. The resulting constraint will not have the desired effect. [ip_pcie4c_uscale_plus_x1y0.xdc:196]
WARNING: [Vivado 12-4417] Setting CLOCK_DELAY_GROUP on net 'level0_i/blp/blp_i/ss_hif/inst/pcie/inst/bd_39ab_pcie_0_gt_top_i/diablo_gt.diablo_gt_phy_wrapper/gt_wizard.gtwizard_top_i/bd_39ab_pcie_0_gt_i/inst/gen_gtwizard_gtye4_top.bd_39ab_pcie_0_gt_gtwizard_gtye4_inst/gen_gtwizard_gtye4.gen_channel_container[24].gen_enabled_channel.gtye4_channel_wrapper_inst/channel_inst/GTYE4_CHANNEL_TXOUTCLK[1]' which is not driven by a global clock buffer. The resulting constraint will not have the desired effect. [ip_pcie4c_uscale_plus_x1y0.xdc:196]
WARNING: [Vivado 12-4417] Setting CLOCK_DELAY_GROUP on net 'level0_i/blp/blp_i/ss_hif/inst/pcie/inst/bd_39ab_pcie_0_gt_top_i/diablo_gt.diablo_gt_phy_wrapper/gt_wizard.gtwizard_top_i/bd_39ab_pcie_0_gt_i/inst/gen_gtwizard_gtye4_top.bd_39ab_pcie_0_gt_gtwizard_gtye4_inst/gen_gtwizard_gtye4.gen_channel_container[24].gen_enabled_channel.gtye4_channel_wrapper_inst/channel_inst/GTYE4_CHANNEL_TXOUTCLK[2]' which is not driven by a global clock buffer. The resulting constraint will not have the desired effect. [ip_pcie4c_uscale_plus_x1y0.xdc:196]
WARNING: [Vivado 12-4417] Setting CLOCK_DELAY_GROUP on net 'level0_i/blp/blp_i/ss_hif/inst/pcie/inst/bd_39ab_pcie_0_gt_top_i/diablo_gt.diablo_gt_phy_wrapper/gt_wizard.gtwizard_top_i/bd_39ab_pcie_0_gt_i/inst/gen_gtwizard_gtye4_top.bd_39ab_pcie_0_gt_gtwizard_gtye4_inst/gen_gtwizard_gtye4.gen_channel_container[24].gen_enabled_channel.gtye4_channel_wrapper_inst/channel_inst/GTYE4_CHANNEL_TXOUTCLK[3]' which is not driven by a global clock buffer. The resulting constraint will not have the desired effect. [ip_pcie4c_uscale_plus_x1y0.xdc:196]
WARNING: [Vivado 12-4417] Setting CLOCK_DELAY_GROUP on net 'level0_i/blp/blp_i/ss_hif/inst/pcie/inst/bd_39ab_pcie_0_gt_top_i/diablo_gt.diablo_gt_phy_wrapper/gt_wizard.gtwizard_top_i/bd_39ab_pcie_0_gt_i/inst/gen_gtwizard_gtye4_top.bd_39ab_pcie_0_gt_gtwizard_gtye4_inst/gen_gtwizard_gtye4.gen_channel_container[25].gen_enabled_channel.gtye4_channel_wrapper_inst/channel_inst/GTYE4_CHANNEL_TXOUTCLK[0]' which is not driven by a global clock buffer. The resulting constraint will not have the desired effect. [ip_pcie4c_uscale_plus_x1y0.xdc:196]
WARNING: [Vivado 12-4417] Setting CLOCK_DELAY_GROUP on net 'level0_i/blp/blp_i/ss_hif/inst/pcie/inst/bd_39ab_pcie_0_gt_top_i/diablo_gt.diablo_gt_phy_wrapper/gt_wizard.gtwizard_top_i/bd_39ab_pcie_0_gt_i/inst/gen_gtwizard_gtye4_top.bd_39ab_pcie_0_gt_gtwizard_gtye4_inst/gen_gtwizard_gtye4.gen_channel_container[25].gen_enabled_channel.gtye4_channel_wrapper_inst/channel_inst/GTYE4_CHANNEL_TXOUTCLK[1]' which is not driven by a global clock buffer. The resulting constraint will not have the desired effect. [ip_pcie4c_uscale_plus_x1y0.xdc:196]
WARNING: [Vivado 12-4417] Setting CLOCK_DELAY_GROUP on net 'level0_i/blp/blp_i/ss_hif/inst/pcie/inst/bd_39ab_pcie_0_gt_top_i/diablo_gt.diablo_gt_phy_wrapper/gt_wizard.gtwizard_top_i/bd_39ab_pcie_0_gt_i/inst/gen_gtwizard_gtye4_top.bd_39ab_pcie_0_gt_gtwizard_gtye4_inst/gen_gtwizard_gtye4.gen_channel_container[25].gen_enabled_channel.gtye4_channel_wrapper_inst/channel_inst/GTYE4_CHANNEL_TXOUTCLK[2]' which is not driven by a global clock buffer. The resulting constraint will not have the desired effect. [ip_pcie4c_uscale_plus_x1y0.xdc:196]
WARNING: [Vivado 12-4417] Setting CLOCK_DELAY_GROUP on net 'level0_i/blp/blp_i/ss_hif/inst/pcie/inst/bd_39ab_pcie_0_gt_top_i/diablo_gt.diablo_gt_phy_wrapper/gt_wizard.gtwizard_top_i/bd_39ab_pcie_0_gt_i/inst/gen_gtwizard_gtye4_top.bd_39ab_pcie_0_gt_gtwizard_gtye4_inst/gen_gtwizard_gtye4.gen_channel_container[25].gen_enabled_channel.gtye4_channel_wrapper_inst/channel_inst/GTYE4_CHANNEL_TXOUTCLK[3]' which is not driven by a global clock buffer. The resulting constraint will not have the desired effect. [ip_pcie4c_uscale_plus_x1y0.xdc:196]
WARNING: [Vivado 12-4417] Setting CLOCK_DELAY_GROUP on net 'level0_i/blp/blp_i/ss_hif/inst/pcie/inst/bd_39ab_pcie_0_gt_top_i/diablo_gt.diablo_gt_phy_wrapper/gt_wizard.gtwizard_top_i/bd_39ab_pcie_0_gt_i/inst/gen_gtwizard_gtye4_top.bd_39ab_pcie_0_gt_gtwizard_gtye4_inst/gen_gtwizard_gtye4.gen_channel_container[26].gen_enabled_channel.gtye4_channel_wrapper_inst/channel_inst/GTYE4_CHANNEL_TXOUTCLK[0]' which is not driven by a global clock buffer. The resulting constraint will not have the desired effect. [ip_pcie4c_uscale_plus_x1y0.xdc:196]
WARNING: [Vivado 12-4417] Setting CLOCK_DELAY_GROUP on net 'level0_i/blp/blp_i/ss_hif/inst/pcie/inst/bd_39ab_pcie_0_gt_top_i/diablo_gt.diablo_gt_phy_wrapper/gt_wizard.gtwizard_top_i/bd_39ab_pcie_0_gt_i/inst/gen_gtwizard_gtye4_top.bd_39ab_pcie_0_gt_gtwizard_gtye4_inst/gen_gtwizard_gtye4.gen_channel_container[26].gen_enabled_channel.gtye4_channel_wrapper_inst/channel_inst/GTYE4_CHANNEL_TXOUTCLK[1]' which is not driven by a global clock buffer. The resulting constraint will not have the desired effect. [ip_pcie4c_uscale_plus_x1y0.xdc:196]
WARNING: [Vivado 12-4417] Setting CLOCK_DELAY_GROUP on net 'level0_i/blp/blp_i/ss_hif/inst/pcie/inst/bd_39ab_pcie_0_gt_top_i/diablo_gt.diablo_gt_phy_wrapper/gt_wizard.gtwizard_top_i/bd_39ab_pcie_0_gt_i/inst/gen_gtwizard_gtye4_top.bd_39ab_pcie_0_gt_gtwizard_gtye4_inst/gen_gtwizard_gtye4.gen_channel_container[26].gen_enabled_channel.gtye4_channel_wrapper_inst/channel_inst/GTYE4_CHANNEL_TXOUTCLK[2]' which is not driven by a global clock buffer. The resulting constraint will not have the desired effect. [ip_pcie4c_uscale_plus_x1y0.xdc:196]
WARNING: [Vivado 12-4417] Setting CLOCK_DELAY_GROUP on net 'level0_i/blp/blp_i/ss_hif/inst/pcie/inst/bd_39ab_pcie_0_gt_top_i/diablo_gt.diablo_gt_phy_wrapper/gt_wizard.gtwizard_top_i/bd_39ab_pcie_0_gt_i/inst/gen_gtwizard_gtye4_top.bd_39ab_pcie_0_gt_gtwizard_gtye4_inst/gen_gtwizard_gtye4.gen_channel_container[26].gen_enabled_channel.gtye4_channel_wrapper_inst/channel_inst/GTYE4_CHANNEL_TXOUTCLK[3]' which is not driven by a global clock buffer. The resulting constraint will not have the desired effect. [ip_pcie4c_uscale_plus_x1y0.xdc:196]
WARNING: [Vivado 12-4417] Setting CLOCK_DELAY_GROUP on net 'level0_i/blp/blp_i/ss_hif/inst/pcie/inst/bd_39ab_pcie_0_gt_top_i/diablo_gt.diablo_gt_phy_wrapper/gt_wizard.gtwizard_top_i/bd_39ab_pcie_0_gt_i/inst/gen_gtwizard_gtye4_top.bd_39ab_pcie_0_gt_gtwizard_gtye4_inst/gen_gtwizard_gtye4.gen_channel_container[27].gen_enabled_channel.gtye4_channel_wrapper_inst/channel_inst/GTYE4_CHANNEL_TXOUTCLK[0]' which is not driven by a global clock buffer. The resulting constraint will not have the desired effect. [ip_pcie4c_uscale_plus_x1y0.xdc:196]
WARNING: [Vivado 12-4417] Setting CLOCK_DELAY_GROUP on net 'level0_i/blp/blp_i/ss_hif/inst/pcie/inst/bd_39ab_pcie_0_gt_top_i/diablo_gt.diablo_gt_phy_wrapper/gt_wizard.gtwizard_top_i/bd_39ab_pcie_0_gt_i/inst/gen_gtwizard_gtye4_top.bd_39ab_pcie_0_gt_gtwizard_gtye4_inst/gen_gtwizard_gtye4.gen_channel_container[27].gen_enabled_channel.gtye4_channel_wrapper_inst/channel_inst/GTYE4_CHANNEL_TXOUTCLK[1]' which is not driven by a global clock buffer. The resulting constraint will not have the desired effect. [ip_pcie4c_uscale_plus_x1y0.xdc:196]
WARNING: [Vivado 12-4417] Setting CLOCK_DELAY_GROUP on net 'level0_i/blp/blp_i/ss_hif/inst/pcie/inst/bd_39ab_pcie_0_gt_top_i/diablo_gt.diablo_gt_phy_wrapper/gt_wizard.gtwizard_top_i/bd_39ab_pcie_0_gt_i/inst/gen_gtwizard_gtye4_top.bd_39ab_pcie_0_gt_gtwizard_gtye4_inst/gen_gtwizard_gtye4.gen_channel_container[27].gen_enabled_channel.gtye4_channel_wrapper_inst/channel_inst/GTYE4_CHANNEL_TXOUTCLK[2]' which is not driven by a global clock buffer. The resulting constraint will not have the desired effect. [ip_pcie4c_uscale_plus_x1y0.xdc:196]
WARNING: [Vivado 12-4417] Setting CLOCK_DELAY_GROUP on net 'level0_i/blp/blp_i/ss_hif/inst/pcie/inst/bd_39ab_pcie_0_gt_top_i/diablo_gt.diablo_gt_phy_wrapper/gt_wizard.gtwizard_top_i/bd_39ab_pcie_0_gt_i/inst/gen_gtwizard_gtye4_top.bd_39ab_pcie_0_gt_gtwizard_gtye4_inst/gen_gtwizard_gtye4.gen_channel_container[27].gen_enabled_channel.gtye4_channel_wrapper_inst/channel_inst/GTYE4_CHANNEL_TXOUTCLK[3]' which is not driven by a global clock buffer. The resulting constraint will not have the desired effect. [ip_pcie4c_uscale_plus_x1y0.xdc:196]
INFO: [Power 33-23] Power model is not available for STARTUP_8SERIES_GEN.STARTUP3_8SERIES_inst [ip_pcie4c_uscale_plus_x1y0.xdc:225]
WARNING: [Timing 38-172] LUT was found on clock network. Both rising/falling clock edges are propagated from LUT output pin. Use set_clock_sense to specify if that clock should be inverted or not. e.g. set_clock_sense -positive/-negative level0_i/blp/blp_i/ss_cmp/inst/mgmt_debug_bridge/inst/bs_mux/inst/drck_INST_0/O [ip_pcie4c_uscale_plus_x1y0.xdc:225]
WARNING: [Timing 38-172] LUT was found on clock network. Both rising/falling clock edges are propagated from LUT output pin. Use set_clock_sense to specify if that clock should be inverted or not. e.g. set_clock_sense -positive/-negative level0_i/blp/blp_i/ss_cmp/inst/mgmt_debug_bridge/inst/bs_mux/inst/update_INST_0/O [ip_pcie4c_uscale_plus_x1y0.xdc:225]
set_switching_activity: Time (s): cpu = 00:03:59 ; elapsed = 00:01:09 . Memory (MB): peak = 11076.715 ; gain = 2314.219 ; free physical = 89499 ; free virtual = 164651
WARNING: [Vivado_Tcl 4-2057] Waiver ID 'DPIP-2' object list specifies likely unusable hierarchical instance 'level0_i/blp/blp_i/ss_cmc/inst/microblaze_cmc/U0/MicroBlaze_Core_I/Performance.Core/Data_Flow_I/MUL_Unit_I/Use_HW_MUL.Using_DSP48_Architectures.Doing_mul64.Virtex_MUL64.dsp_module_I2/Using_DSP48E1.DSP48E1_I1'. [bd_c91f_microblaze_cmc_0.xdc:8]
WARNING: [Vivado_Tcl 4-2057] Waiver ID 'DPIP-2' object list specifies likely unusable hierarchical instance 'level0_i/blp/blp_i/ss_cmc/inst/microblaze_cmc/U0/MicroBlaze_Core_I/Performance.Core/Data_Flow_I/MUL_Unit_I/Use_HW_MUL.Using_DSP48_Architectures.Doing_mul64.Virtex_MUL64.dsp_module_I3/Using_DSP48E1.DSP48E1_I1'. [bd_c91f_microblaze_cmc_0.xdc:8]
WARNING: [Vivado_Tcl 4-2057] Waiver ID 'DPIP-2' object list specifies likely unusable hierarchical instance 'level0_i/blp/blp_i/ss_cmc/inst/microblaze_cmc/U0/MicroBlaze_Core_I/Performance.Core/Data_Flow_I/MUL_Unit_I/Use_HW_MUL.Using_DSP48_Architectures.Doing_mul64.Virtex_MUL64.dsp_module_I4/Using_DSP48E1.DSP48E1_I1'. [bd_c91f_microblaze_cmc_0.xdc:8]
WARNING: [Vivado_Tcl 4-2057] Waiver ID 'DPIP-2' object list specifies likely unusable hierarchical instance 'level0_i/blp/blp_i/ss_cmc/inst/microblaze_cmc/U0/MicroBlaze_Core_I/Performance.Core/Data_Flow_I/MUL_Unit_I/Use_HW_MUL.Using_DSP48_Architectures.dsp_module_I1/Using_DSP48E1.DSP48E1_I1'. [bd_c91f_microblaze_cmc_0.xdc:8]
WARNING: [Vivado_Tcl 4-2057] Waiver ID 'DPIP-2' object list specifies likely unusable hierarchical instance 'level0_i/blp/blp_i/ss_cmc/inst/microblaze_cmc/U0/MicroBlaze_Core_I/Performance.Core/Data_Flow_I/MUL_Unit_I/Use_HW_MUL.Using_DSP48_Architectures.Doing_mul64.Virtex_MUL64.dsp_module_I2/Using_DSP48E1.DSP48E1_I1'. [bd_c91f_microblaze_cmc_0.xdc:11]
WARNING: [Vivado_Tcl 4-2057] Waiver ID 'DPIP-2' object list specifies likely unusable hierarchical instance 'level0_i/blp/blp_i/ss_cmc/inst/microblaze_cmc/U0/MicroBlaze_Core_I/Performance.Core/Data_Flow_I/MUL_Unit_I/Use_HW_MUL.Using_DSP48_Architectures.Doing_mul64.Virtex_MUL64.dsp_module_I3/Using_DSP48E1.DSP48E1_I1'. [bd_c91f_microblaze_cmc_0.xdc:11]
WARNING: [Vivado_Tcl 4-2057] Waiver ID 'DPIP-2' object list specifies likely unusable hierarchical instance 'level0_i/blp/blp_i/ss_cmc/inst/microblaze_cmc/U0/MicroBlaze_Core_I/Performance.Core/Data_Flow_I/MUL_Unit_I/Use_HW_MUL.Using_DSP48_Architectures.Doing_mul64.Virtex_MUL64.dsp_module_I4/Using_DSP48E1.DSP48E1_I1'. [bd_c91f_microblaze_cmc_0.xdc:11]
WARNING: [Vivado_Tcl 4-2057] Waiver ID 'DPIP-2' object list specifies likely unusable hierarchical instance 'level0_i/blp/blp_i/ss_cmc/inst/microblaze_cmc/U0/MicroBlaze_Core_I/Performance.Core/Data_Flow_I/MUL_Unit_I/Use_HW_MUL.Using_DSP48_Architectures.dsp_module_I1/Using_DSP48E1.DSP48E1_I1'. [bd_c91f_microblaze_cmc_0.xdc:11]
WARNING: [Vivado_Tcl 4-2057] Waiver ID 'DPOP-3' object list specifies likely unusable hierarchical instance 'level0_i/blp/blp_i/ss_cmc/inst/microblaze_cmc/U0/MicroBlaze_Core_I/Performance.Core/Data_Flow_I/MUL_Unit_I/Use_HW_MUL.Using_DSP48_Architectures.Doing_mul64.Virtex_MUL64.dsp_module_I2/Using_DSP48E1.DSP48E1_I1'. [bd_c91f_microblaze_cmc_0.xdc:14]
WARNING: [Vivado_Tcl 4-2057] Waiver ID 'DPOP-3' object list specifies likely unusable hierarchical instance 'level0_i/blp/blp_i/ss_cmc/inst/microblaze_cmc/U0/MicroBlaze_Core_I/Performance.Core/Data_Flow_I/MUL_Unit_I/Use_HW_MUL.Using_DSP48_Architectures.Doing_mul64.Virtex_MUL64.dsp_module_I3/Using_DSP48E1.DSP48E1_I1'. [bd_c91f_microblaze_cmc_0.xdc:14]
WARNING: [Vivado_Tcl 4-2057] Waiver ID 'DPOP-3' object list specifies likely unusable hierarchical instance 'level0_i/blp/blp_i/ss_cmc/inst/microblaze_cmc/U0/MicroBlaze_Core_I/Performance.Core/Data_Flow_I/MUL_Unit_I/Use_HW_MUL.Using_DSP48_Architectures.Doing_mul64.Virtex_MUL64.dsp_module_I4/Using_DSP48E1.DSP48E1_I1'. [bd_c91f_microblaze_cmc_0.xdc:14]
WARNING: [Vivado_Tcl 4-2057] Waiver ID 'DPOP-3' object list specifies likely unusable hierarchical instance 'level0_i/blp/blp_i/ss_cmc/inst/microblaze_cmc/U0/MicroBlaze_Core_I/Performance.Core/Data_Flow_I/MUL_Unit_I/Use_HW_MUL.Using_DSP48_Architectures.dsp_module_I1/Using_DSP48E1.DSP48E1_I1'. [bd_c91f_microblaze_cmc_0.xdc:14]
WARNING: [Vivado_Tcl 4-2057] Waiver ID 'DPOP-3' object list specifies likely unusable hierarchical instance 'level0_i/blp/blp_i/ss_cmc/inst/microblaze_cmc/U0/MicroBlaze_Core_I/Performance.Core/Data_Flow_I/MUL_Unit_I/Use_HW_MUL.Using_DSP48_Architectures.Doing_mul64.Virtex_MUL64.dsp_module_I2/Using_DSP48E1.DSP48E1_I1'. [bd_c91f_microblaze_cmc_0.xdc:20]
WARNING: [Vivado_Tcl 4-2057] Waiver ID 'DPOP-3' object list specifies likely unusable hierarchical instance 'level0_i/blp/blp_i/ss_cmc/inst/microblaze_cmc/U0/MicroBlaze_Core_I/Performance.Core/Data_Flow_I/MUL_Unit_I/Use_HW_MUL.Using_DSP48_Architectures.Doing_mul64.Virtex_MUL64.dsp_module_I3/Using_DSP48E1.DSP48E1_I1'. [bd_c91f_microblaze_cmc_0.xdc:20]
WARNING: [Vivado_Tcl 4-2057] Waiver ID 'DPOP-3' object list specifies likely unusable hierarchical instance 'level0_i/blp/blp_i/ss_cmc/inst/microblaze_cmc/U0/MicroBlaze_Core_I/Performance.Core/Data_Flow_I/MUL_Unit_I/Use_HW_MUL.Using_DSP48_Architectures.Doing_mul64.Virtex_MUL64.dsp_module_I4/Using_DSP48E1.DSP48E1_I1'. [bd_c91f_microblaze_cmc_0.xdc:20]
WARNING: [Vivado_Tcl 4-2057] Waiver ID 'DPOP-3' object list specifies likely unusable hierarchical instance 'level0_i/blp/blp_i/ss_cmc/inst/microblaze_cmc/U0/MicroBlaze_Core_I/Performance.Core/Data_Flow_I/MUL_Unit_I/Use_HW_MUL.Using_DSP48_Architectures.dsp_module_I1/Using_DSP48E1.DSP48E1_I1'. [bd_c91f_microblaze_cmc_0.xdc:20]
WARNING: [Vivado_Tcl 4-2057] Waiver ID 'DPOP-4' object list specifies likely unusable hierarchical instance 'level0_i/blp/blp_i/ss_cmc/inst/microblaze_cmc/U0/MicroBlaze_Core_I/Performance.Core/Data_Flow_I/MUL_Unit_I/Use_HW_MUL.Using_DSP48_Architectures.Doing_mul64.Virtex_MUL64.dsp_module_I2/Using_DSP48E1.DSP48E1_I1'. [bd_c91f_microblaze_cmc_0.xdc:23]
WARNING: [Vivado_Tcl 4-2057] Waiver ID 'DPOP-4' object list specifies likely unusable hierarchical instance 'level0_i/blp/blp_i/ss_cmc/inst/microblaze_cmc/U0/MicroBlaze_Core_I/Performance.Core/Data_Flow_I/MUL_Unit_I/Use_HW_MUL.Using_DSP48_Architectures.Doing_mul64.Virtex_MUL64.dsp_module_I3/Using_DSP48E1.DSP48E1_I1'. [bd_c91f_microblaze_cmc_0.xdc:23]
WARNING: [Vivado_Tcl 4-2057] Waiver ID 'DPOP-4' object list specifies likely unusable hierarchical instance 'level0_i/blp/blp_i/ss_cmc/inst/microblaze_cmc/U0/MicroBlaze_Core_I/Performance.Core/Data_Flow_I/MUL_Unit_I/Use_HW_MUL.Using_DSP48_Architectures.Doing_mul64.Virtex_MUL64.dsp_module_I4/Using_DSP48E1.DSP48E1_I1'. [bd_c91f_microblaze_cmc_0.xdc:23]
WARNING: [Vivado_Tcl 4-2057] Waiver ID 'DPOP-4' object list specifies likely unusable hierarchical instance 'level0_i/blp/blp_i/ss_cmc/inst/microblaze_cmc/U0/MicroBlaze_Core_I/Performance.Core/Data_Flow_I/MUL_Unit_I/Use_HW_MUL.Using_DSP48_Architectures.dsp_module_I1/Using_DSP48E1.DSP48E1_I1'. [bd_c91f_microblaze_cmc_0.xdc:23]
WARNING: [Vivado_Tcl 4-2057] Waiver ID 'DPOP-4' object list specifies likely unusable hierarchical instance 'level0_i/blp/blp_i/ss_cmc/inst/microblaze_cmc/U0/MicroBlaze_Core_I/Performance.Core/Data_Flow_I/MUL_Unit_I/Use_HW_MUL.Using_DSP48_Architectures.Doing_mul64.Virtex_MUL64.dsp_module_I2/Using_DSP48E1.DSP48E1_I1'. [bd_c91f_microblaze_cmc_0.xdc:26]
WARNING: [Vivado_Tcl 4-2057] Waiver ID 'DPOP-4' object list specifies likely unusable hierarchical instance 'level0_i/blp/blp_i/ss_cmc/inst/microblaze_cmc/U0/MicroBlaze_Core_I/Performance.Core/Data_Flow_I/MUL_Unit_I/Use_HW_MUL.Using_DSP48_Architectures.Doing_mul64.Virtex_MUL64.dsp_module_I3/Using_DSP48E1.DSP48E1_I1'. [bd_c91f_microblaze_cmc_0.xdc:26]
WARNING: [Vivado_Tcl 4-2057] Waiver ID 'DPOP-4' object list specifies likely unusable hierarchical instance 'level0_i/blp/blp_i/ss_cmc/inst/microblaze_cmc/U0/MicroBlaze_Core_I/Performance.Core/Data_Flow_I/MUL_Unit_I/Use_HW_MUL.Using_DSP48_Architectures.Doing_mul64.Virtex_MUL64.dsp_module_I4/Using_DSP48E1.DSP48E1_I1'. [bd_c91f_microblaze_cmc_0.xdc:26]
WARNING: [Vivado_Tcl 4-2057] Waiver ID 'DPOP-4' object list specifies likely unusable hierarchical instance 'level0_i/blp/blp_i/ss_cmc/inst/microblaze_cmc/U0/MicroBlaze_Core_I/Performance.Core/Data_Flow_I/MUL_Unit_I/Use_HW_MUL.Using_DSP48_Architectures.dsp_module_I1/Using_DSP48E1.DSP48E1_I1'. [bd_c91f_microblaze_cmc_0.xdc:26]
WARNING: [Vivado_Tcl 4-2057] Waiver ID 'DPOP-4' object list specifies likely unusable hierarchical instance 'level0_i/blp/blp_i/ss_cmc/inst/microblaze_cmc/U0/MicroBlaze_Core_I/Performance.Core/Data_Flow_I/MUL_Unit_I/Use_HW_MUL.Using_DSP48_Architectures.Doing_mul64.Virtex_MUL64.dsp_module_I2/Using_DSP48E1.DSP48E1_I1'. [bd_c91f_microblaze_cmc_0.xdc:29]
WARNING: [Vivado_Tcl 4-2057] Waiver ID 'DPOP-4' object list specifies likely unusable hierarchical instance 'level0_i/blp/blp_i/ss_cmc/inst/microblaze_cmc/U0/MicroBlaze_Core_I/Performance.Core/Data_Flow_I/MUL_Unit_I/Use_HW_MUL.Using_DSP48_Architectures.Doing_mul64.Virtex_MUL64.dsp_module_I3/Using_DSP48E1.DSP48E1_I1'. [bd_c91f_microblaze_cmc_0.xdc:29]
WARNING: [Vivado_Tcl 4-2057] Waiver ID 'DPOP-4' object list specifies likely unusable hierarchical instance 'level0_i/blp/blp_i/ss_cmc/inst/microblaze_cmc/U0/MicroBlaze_Core_I/Performance.Core/Data_Flow_I/MUL_Unit_I/Use_HW_MUL.Using_DSP48_Architectures.Doing_mul64.Virtex_MUL64.dsp_module_I4/Using_DSP48E1.DSP48E1_I1'. [bd_c91f_microblaze_cmc_0.xdc:29]
WARNING: [Vivado_Tcl 4-2057] Waiver ID 'DPOP-4' object list specifies likely unusable hierarchical instance 'level0_i/blp/blp_i/ss_cmc/inst/microblaze_cmc/U0/MicroBlaze_Core_I/Performance.Core/Data_Flow_I/MUL_Unit_I/Use_HW_MUL.Using_DSP48_Architectures.dsp_module_I1/Using_DSP48E1.DSP48E1_I1'. [bd_c91f_microblaze_cmc_0.xdc:29]
Finished Parsing XDC File [/home/miahafiz/NeuroRing_a_4096_5c/_x.hw.NUM_4096.CORE_5.FREQ_300/link/vivado/vpl/.local/hw_platform/hw_bb_locked/level0_wrapper_early.xdc]
Parsing XDC File [/home/miahafiz/NeuroRing_a_4096_5c/_x.hw.NUM_4096.CORE_5.FREQ_300/link/vivado/vpl/.local/hw_platform/tcl_hooks/impl.xdc]
get_pins: Time (s): cpu = 00:00:09 ; elapsed = 00:00:09 . Memory (MB): peak = 11172.699 ; gain = 95.984 ; free physical = 87688 ; free virtual = 162840
get_pins: Time (s): cpu = 00:00:11 ; elapsed = 00:00:11 . Memory (MB): peak = 11172.699 ; gain = 0.000 ; free physical = 87503 ; free virtual = 162664
Finished Parsing XDC File [/home/miahafiz/NeuroRing_a_4096_5c/_x.hw.NUM_4096.CORE_5.FREQ_300/link/vivado/vpl/.local/hw_platform/tcl_hooks/impl.xdc]
Parsing XDC File [/home/miahafiz/NeuroRing_a_4096_5c/_x.hw.NUM_4096.CORE_5.FREQ_300/link/vivado/vpl/output/dont_partition.xdc]
get_cells: Time (s): cpu = 00:00:14 ; elapsed = 00:00:14 . Memory (MB): peak = 11172.699 ; gain = 0.000 ; free physical = 86943 ; free virtual = 162112
Finished Parsing XDC File [/home/miahafiz/NeuroRing_a_4096_5c/_x.hw.NUM_4096.CORE_5.FREQ_300/link/vivado/vpl/output/dont_partition.xdc]
Parsing XDC File [/home/miahafiz/NeuroRing_a_4096_5c/_x.hw.NUM_4096.CORE_5.FREQ_300/link/vivado/vpl/.local/hw_platform/hw_bb_locked/level0_wrapper.xdc]
INFO: [Timing 38-2] Deriving generated clocks [xsdbm_gc_late_late.xdc:55]
all_fanout: Time (s): cpu = 00:00:48 ; elapsed = 00:00:12 . Memory (MB): peak = 11172.699 ; gain = 0.000 ; free physical = 86869 ; free virtual = 162038
Finished Parsing XDC File [/home/miahafiz/NeuroRing_a_4096_5c/_x.hw.NUM_4096.CORE_5.FREQ_300/link/vivado/vpl/.local/hw_platform/hw_bb_locked/level0_wrapper.xdc]
Parsing XDC File [/home/miahafiz/NeuroRing_a_4096_5c/_x.hw.NUM_4096.CORE_5.FREQ_300/link/vivado/vpl/.local/hw_platform/hw_bb_locked/level0_wrapper_late.xdc]
INFO: [Vivado 12-24630] Instance: 'level0_i/ulp' is a DFX HD.RECONFIGURABLE module.
get_clocks: Time (s): cpu = 00:00:22 ; elapsed = 00:00:08 . Memory (MB): peak = 11172.699 ; gain = 0.000 ; free physical = 86317 ; free virtual = 161486
get_clocks: Time (s): cpu = 00:00:51 ; elapsed = 00:00:17 . Memory (MB): peak = 11172.699 ; gain = 0.000 ; free physical = 85123 ; free virtual = 160292
INFO: [Vivado 12-2286] Implicit search of objects for pattern 'clk_sck' matched to 'clock' objects. [impl.clocks.xdc:32]
Resolution: To avoid ambiguous patterns, provide proper objects using get commands e.g. [get_nets xyz].
INFO: [Vivado 12-2286] Implicit search of objects for pattern 'clk_sck' matched to 'clock' objects. [impl.clocks.xdc:33]
Resolution: To avoid ambiguous patterns, provide proper objects using get commands e.g. [get_nets xyz].
INFO: [Vivado 12-2286] Implicit search of objects for pattern 'clk_sck' matched to 'clock' objects. [impl.clocks.xdc:36]
Resolution: To avoid ambiguous patterns, provide proper objects using get commands e.g. [get_nets xyz].
Finished Parsing XDC File [/home/miahafiz/NeuroRing_a_4096_5c/_x.hw.NUM_4096.CORE_5.FREQ_300/link/vivado/vpl/.local/hw_platform/hw_bb_locked/level0_wrapper_late.xdc]
INFO: [Designutils 20-5722] Start Reading Physical Databases.
Reading placement.
Reading placer database...
Read Old Netlist Cache: Time (s): cpu = 00:00:00.43 ; elapsed = 00:00:00.46 . Memory (MB): peak = 11172.699 ; gain = 0.000 ; free physical = 84864 ; free virtual = 160039
Read Device Cache: Time (s): cpu = 00:00:00.05 ; elapsed = 00:00:00.04 . Memory (MB): peak = 11172.699 ; gain = 0.000 ; free physical = 84862 ; free virtual = 160038
Read PlaceDB: Time (s): cpu = 00:00:07 ; elapsed = 00:00:07 . Memory (MB): peak = 11172.699 ; gain = 0.000 ; free physical = 84766 ; free virtual = 159959
Read PulsedLatchDB: Time (s): cpu = 00:00:00 ; elapsed = 00:00:00 . Memory (MB): peak = 11172.699 ; gain = 0.000 ; free physical = 84765 ; free virtual = 159958
Reading routing.
Read RouteStorage: Time (s): cpu = 00:00:06 ; elapsed = 00:00:06 . Memory (MB): peak = 11172.699 ; gain = 0.000 ; free physical = 84734 ; free virtual = 159950
Read Physdb Files: Time (s): cpu = 00:00:13 ; elapsed = 00:00:14 . Memory (MB): peak = 11172.699 ; gain = 0.000 ; free physical = 84733 ; free virtual = 159949
Restored from archive | CPU: 14.380000 secs | Memory: 251.448303 MB |
Finished XDEF File Restore: Time (s): cpu = 00:00:14 ; elapsed = 00:00:14 . Memory (MB): peak = 11172.699 ; gain = 0.000 ; free physical = 84732 ; free virtual = 159947
WARNING: [Constraints 18-4434] Global Clock Buffer 'level0_i/blp/blp_i/freerun_clk/bufg_div/U0/USE_BUFGCE_DIV2.GEN_BUFGCE_DIV2[0].BUFGCE_DIV2_I' is LOCed to site 'BUFGCE_DIV_X0Y4'. Using a LOC constraint to assign the placement of a Global Clock Buffer can result in sub-optimal placement results.
Resolution: Remove the LOC constraint and use the CLOCK_REGION constraint to assign a Global Clock Buffer to a CLOCK_REGION.
WARNING: [Constraints 18-4434] Global Clock Buffer 'level0_i/blp/blp_i/ss_cmp/inst/jtag_fallback/inst/bs_switch/inst/BSCAN_SWITCH.N_EXT_BSCAN.u_bufg_icon_tck' is LOCed to site 'BUFGCE_X0Y30'. Using a LOC constraint to assign the placement of a Global Clock Buffer can result in sub-optimal placement results.
Resolution: Remove the LOC constraint and use the CLOCK_REGION constraint to assign a Global Clock Buffer to a CLOCK_REGION.
WARNING: [Constraints 18-4434] Global Clock Buffer 'level0_i/blp/blp_i/ss_cmp/inst/mdm_board_control/U0/No_Dbg_Reg_Access.BUFG_DRCK/Using_FPGA.Native' is LOCed to site 'BUFGCE_X0Y104'. Using a LOC constraint to assign the placement of a Global Clock Buffer can result in sub-optimal placement results.
Resolution: Remove the LOC constraint and use the CLOCK_REGION constraint to assign a Global Clock Buffer to a CLOCK_REGION.
WARNING: [Constraints 18-4434] Global Clock Buffer 'level0_i/blp/blp_i/ss_cmp/inst/mdm_board_control/U0/Use_External.Use_BSCANID.No_Dbg_Reg_Access.BUFG_UPDATE/Using_FPGA.Native' is LOCed to site 'BUFGCE_X0Y110'. Using a LOC constraint to assign the placement of a Global Clock Buffer can result in sub-optimal placement results.
Resolution: Remove the LOC constraint and use the CLOCK_REGION constraint to assign a Global Clock Buffer to a CLOCK_REGION.
WARNING: [Constraints 18-4434] Global Clock Buffer 'level0_i/blp/blp_i/ss_cmp/inst/mgmt_debug_bridge/inst/bs_mux/inst/u_bufg_mux' is LOCed to site 'BUFGCTRL_X0Y11'. Using a LOC constraint to assign the placement of a Global Clock Buffer can result in sub-optimal placement results.
Resolution: Remove the LOC constraint and use the CLOCK_REGION constraint to assign a Global Clock Buffer to a CLOCK_REGION.
WARNING: [Constraints 18-4434] Global Clock Buffer 'level0_i/blp/blp_i/ss_cmp/inst/mgmt_debug_bridge/inst/bsip/inst/USE_SOFTBSCAN.U_TAP_TCKBUFG' is LOCed to site 'BUFGCE_X0Y31'. Using a LOC constraint to assign the placement of a Global Clock Buffer can result in sub-optimal placement results.
Resolution: Remove the LOC constraint and use the CLOCK_REGION constraint to assign a Global Clock Buffer to a CLOCK_REGION.
WARNING: [Constraints 18-4434] Global Clock Buffer 'level0_i/blp/blp_i/ss_hif/inst/clkwiz_level0_periph/inst/clkout1_buf' is LOCed to site 'BUFGCE_X0Y28'. Using a LOC constraint to assign the placement of a Global Clock Buffer can result in sub-optimal placement results.
Resolution: Remove the LOC constraint and use the CLOCK_REGION constraint to assign a Global Clock Buffer to a CLOCK_REGION.
WARNING: [Constraints 18-4434] Global Clock Buffer 'level0_i/blp/blp_i/ss_hif/inst/clkwiz_level0_periph/inst/clkout2_buf' is LOCed to site 'BUFGCE_X0Y24'. Using a LOC constraint to assign the placement of a Global Clock Buffer can result in sub-optimal placement results.
Resolution: Remove the LOC constraint and use the CLOCK_REGION constraint to assign a Global Clock Buffer to a CLOCK_REGION.
WARNING: [Constraints 18-4434] Global Clock Buffer 'level0_i/blp/blp_i/ss_hif/inst/pcie/inst/bufg_gt_sysclk' is LOCed to site 'BUFG_GT_X1Y25'. Using a LOC constraint to assign the placement of a Global Clock Buffer can result in sub-optimal placement results.
Resolution: Remove the LOC constraint and use the CLOCK_REGION constraint to assign a Global Clock Buffer to a CLOCK_REGION.
WARNING: [Constraints 18-4434] Global Clock Buffer 'level0_i/blp/blp_i/ss_hif/inst/pcie/inst/bd_39ab_pcie_0_gt_top_i/diablo_gt.diablo_gt_phy_wrapper/gt_wizard.gtwizard_top_i/bd_39ab_pcie_0_gt_i/inst/gen_gtwizard_gtye4_top.bd_39ab_pcie_0_gt_gtwizard_gtye4_inst/gen_gtwizard_gtye4.gen_cpll_cal_gtye4.gen_cpll_cal_inst[0].gen_inst_cpll_cal.gtwizard_ultrascale_v1_7_10_gtye4_cpll_cal_inst/gtwizard_ultrascale_v1_7_10_gtye4_cpll_cal_tx_i/bufg_gt_txoutclkmon_inst' is LOCed to site 'BUFG_GT_X1Y17'. Using a LOC constraint to assign the placement of a Global Clock Buffer can result in sub-optimal placement results.
Resolution: Remove the LOC constraint and use the CLOCK_REGION constraint to assign a Global Clock Buffer to a CLOCK_REGION.
WARNING: [Constraints 18-4434] Global Clock Buffer 'level0_i/blp/blp_i/ss_hif/inst/pcie/inst/bd_39ab_pcie_0_gt_top_i/diablo_gt.diablo_gt_phy_wrapper/gt_wizard.gtwizard_top_i/bd_39ab_pcie_0_gt_i/inst/gen_gtwizard_gtye4_top.bd_39ab_pcie_0_gt_gtwizard_gtye4_inst/gen_gtwizard_gtye4.gen_cpll_cal_gtye4.gen_cpll_cal_inst[10].gen_inst_cpll_cal.gtwizard_ultrascale_v1_7_10_gtye4_cpll_cal_inst/gtwizard_ultrascale_v1_7_10_gtye4_cpll_cal_tx_i/bufg_gt_txoutclkmon_inst' is LOCed to site 'BUFG_GT_X1Y65'. Using a LOC constraint to assign the placement of a Global Clock Buffer can result in sub-optimal placement results.
Resolution: Remove the LOC constraint and use the CLOCK_REGION constraint to assign a Global Clock Buffer to a CLOCK_REGION.
WARNING: [Constraints 18-4434] Global Clock Buffer 'level0_i/blp/blp_i/ss_hif/inst/pcie/inst/bd_39ab_pcie_0_gt_top_i/diablo_gt.diablo_gt_phy_wrapper/gt_wizard.gtwizard_top_i/bd_39ab_pcie_0_gt_i/inst/gen_gtwizard_gtye4_top.bd_39ab_pcie_0_gt_gtwizard_gtye4_inst/gen_gtwizard_gtye4.gen_cpll_cal_gtye4.gen_cpll_cal_inst[11].gen_inst_cpll_cal.gtwizard_ultrascale_v1_7_10_gtye4_cpll_cal_inst/gtwizard_ultrascale_v1_7_10_gtye4_cpll_cal_tx_i/bufg_gt_txoutclkmon_inst' is LOCed to site 'BUFG_GT_X1Y50'. Using a LOC constraint to assign the placement of a Global Clock Buffer can result in sub-optimal placement results.
Resolution: Remove the LOC constraint and use the CLOCK_REGION constraint to assign a Global Clock Buffer to a CLOCK_REGION.
WARNING: [Constraints 18-4434] Global Clock Buffer 'level0_i/blp/blp_i/ss_hif/inst/pcie/inst/bd_39ab_pcie_0_gt_top_i/diablo_gt.diablo_gt_phy_wrapper/gt_wizard.gtwizard_top_i/bd_39ab_pcie_0_gt_i/inst/gen_gtwizard_gtye4_top.bd_39ab_pcie_0_gt_gtwizard_gtye4_inst/gen_gtwizard_gtye4.gen_cpll_cal_gtye4.gen_cpll_cal_inst[12].gen_inst_cpll_cal.gtwizard_ultrascale_v1_7_10_gtye4_cpll_cal_inst/gtwizard_ultrascale_v1_7_10_gtye4_cpll_cal_tx_i/bufg_gt_txoutclkmon_inst' is LOCed to site 'BUFG_GT_X1Y81'. Using a LOC constraint to assign the placement of a Global Clock Buffer can result in sub-optimal placement results.
Resolution: Remove the LOC constraint and use the CLOCK_REGION constraint to assign a Global Clock Buffer to a CLOCK_REGION.
WARNING: [Constraints 18-4434] Global Clock Buffer 'level0_i/blp/blp_i/ss_hif/inst/pcie/inst/bd_39ab_pcie_0_gt_top_i/diablo_gt.diablo_gt_phy_wrapper/gt_wizard.gtwizard_top_i/bd_39ab_pcie_0_gt_i/inst/gen_gtwizard_gtye4_top.bd_39ab_pcie_0_gt_gtwizard_gtye4_inst/gen_gtwizard_gtye4.gen_cpll_cal_gtye4.gen_cpll_cal_inst[13].gen_inst_cpll_cal.gtwizard_ultrascale_v1_7_10_gtye4_cpll_cal_inst/gtwizard_ultrascale_v1_7_10_gtye4_cpll_cal_tx_i/bufg_gt_txoutclkmon_inst' is LOCed to site 'BUFG_GT_X1Y89'. Using a LOC constraint to assign the placement of a Global Clock Buffer can result in sub-optimal placement results.
Resolution: Remove the LOC constraint and use the CLOCK_REGION constraint to assign a Global Clock Buffer to a CLOCK_REGION.
WARNING: [Constraints 18-4434] Global Clock Buffer 'level0_i/blp/blp_i/ss_hif/inst/pcie/inst/bd_39ab_pcie_0_gt_top_i/diablo_gt.diablo_gt_phy_wrapper/gt_wizard.gtwizard_top_i/bd_39ab_pcie_0_gt_i/inst/gen_gtwizard_gtye4_top.bd_39ab_pcie_0_gt_gtwizard_gtye4_inst/gen_gtwizard_gtye4.gen_cpll_cal_gtye4.gen_cpll_cal_inst[14].gen_inst_cpll_cal.gtwizard_ultrascale_v1_7_10_gtye4_cpll_cal_inst/gtwizard_ultrascale_v1_7_10_gtye4_cpll_cal_tx_i/bufg_gt_txoutclkmon_inst' is LOCed to site 'BUFG_GT_X1Y95'. Using a LOC constraint to assign the placement of a Global Clock Buffer can result in sub-optimal placement results.
Resolution: Remove the LOC constraint and use the CLOCK_REGION constraint to assign a Global Clock Buffer to a CLOCK_REGION.
WARNING: [Constraints 18-4434] Global Clock Buffer 'level0_i/blp/blp_i/ss_hif/inst/pcie/inst/bd_39ab_pcie_0_gt_top_i/diablo_gt.diablo_gt_phy_wrapper/gt_wizard.gtwizard_top_i/bd_39ab_pcie_0_gt_i/inst/gen_gtwizard_gtye4_top.bd_39ab_pcie_0_gt_gtwizard_gtye4_inst/gen_gtwizard_gtye4.gen_cpll_cal_gtye4.gen_cpll_cal_inst[15].gen_inst_cpll_cal.gtwizard_ultrascale_v1_7_10_gtye4_cpll_cal_inst/gtwizard_ultrascale_v1_7_10_gtye4_cpll_cal_tx_i/bufg_gt_txoutclkmon_inst' is LOCed to site 'BUFG_GT_X1Y87'. Using a LOC constraint to assign the placement of a Global Clock Buffer can result in sub-optimal placement results.
Resolution: Remove the LOC constraint and use the CLOCK_REGION constraint to assign a Global Clock Buffer to a CLOCK_REGION.
WARNING: [Constraints 18-4434] Global Clock Buffer 'level0_i/blp/blp_i/ss_hif/inst/pcie/inst/bd_39ab_pcie_0_gt_top_i/diablo_gt.diablo_gt_phy_wrapper/gt_wizard.gtwizard_top_i/bd_39ab_pcie_0_gt_i/inst/gen_gtwizard_gtye4_top.bd_39ab_pcie_0_gt_gtwizard_gtye4_inst/gen_gtwizard_gtye4.gen_cpll_cal_gtye4.gen_cpll_cal_inst[1].gen_inst_cpll_cal.gtwizard_ultrascale_v1_7_10_gtye4_cpll_cal_inst/gtwizard_ultrascale_v1_7_10_gtye4_cpll_cal_tx_i/bufg_gt_txoutclkmon_inst' is LOCed to site 'BUFG_GT_X1Y9'. Using a LOC constraint to assign the placement of a Global Clock Buffer can result in sub-optimal placement results.
Resolution: Remove the LOC constraint and use the CLOCK_REGION constraint to assign a Global Clock Buffer to a CLOCK_REGION.
WARNING: [Constraints 18-4434] Global Clock Buffer 'level0_i/blp/blp_i/ss_hif/inst/pcie/inst/bd_39ab_pcie_0_gt_top_i/diablo_gt.diablo_gt_phy_wrapper/gt_wizard.gtwizard_top_i/bd_39ab_pcie_0_gt_i/inst/gen_gtwizard_gtye4_top.bd_39ab_pcie_0_gt_gtwizard_gtye4_inst/gen_gtwizard_gtye4.gen_cpll_cal_gtye4.gen_cpll_cal_inst[2].gen_inst_cpll_cal.gtwizard_ultrascale_v1_7_10_gtye4_cpll_cal_inst/gtwizard_ultrascale_v1_7_10_gtye4_cpll_cal_tx_i/bufg_gt_txoutclkmon_inst' is LOCed to site 'BUFG_GT_X1Y23'. Using a LOC constraint to assign the placement of a Global Clock Buffer can result in sub-optimal placement results.
Resolution: Remove the LOC constraint and use the CLOCK_REGION constraint to assign a Global Clock Buffer to a CLOCK_REGION.
WARNING: [Constraints 18-4434] Global Clock Buffer 'level0_i/blp/blp_i/ss_hif/inst/pcie/inst/bd_39ab_pcie_0_gt_top_i/diablo_gt.diablo_gt_phy_wrapper/gt_wizard.gtwizard_top_i/bd_39ab_pcie_0_gt_i/inst/gen_gtwizard_gtye4_top.bd_39ab_pcie_0_gt_gtwizard_gtye4_inst/gen_gtwizard_gtye4.gen_cpll_cal_gtye4.gen_cpll_cal_inst[3].gen_inst_cpll_cal.gtwizard_ultrascale_v1_7_10_gtye4_cpll_cal_inst/gtwizard_ultrascale_v1_7_10_gtye4_cpll_cal_tx_i/bufg_gt_txoutclkmon_inst' is LOCed to site 'BUFG_GT_X1Y15'. Using a LOC constraint to assign the placement of a Global Clock Buffer can result in sub-optimal placement results.
Resolution: Remove the LOC constraint and use the CLOCK_REGION constraint to assign a Global Clock Buffer to a CLOCK_REGION.
WARNING: [Constraints 18-4434] Global Clock Buffer 'level0_i/blp/blp_i/ss_hif/inst/pcie/inst/bd_39ab_pcie_0_gt_top_i/diablo_gt.diablo_gt_phy_wrapper/gt_wizard.gtwizard_top_i/bd_39ab_pcie_0_gt_i/inst/gen_gtwizard_gtye4_top.bd_39ab_pcie_0_gt_gtwizard_gtye4_inst/gen_gtwizard_gtye4.gen_cpll_cal_gtye4.gen_cpll_cal_inst[4].gen_inst_cpll_cal.gtwizard_ultrascale_v1_7_10_gtye4_cpll_cal_inst/gtwizard_ultrascale_v1_7_10_gtye4_cpll_cal_tx_i/bufg_gt_txoutclkmon_inst' is LOCed to site 'BUFG_GT_X1Y26'. Using a LOC constraint to assign the placement of a Global Clock Buffer can result in sub-optimal placement results.
Resolution: Remove the LOC constraint and use the CLOCK_REGION constraint to assign a Global Clock Buffer to a CLOCK_REGION.
WARNING: [Constraints 18-4434] Global Clock Buffer 'level0_i/blp/blp_i/ss_hif/inst/pcie/inst/bd_39ab_pcie_0_gt_top_i/diablo_gt.diablo_gt_phy_wrapper/gt_wizard.gtwizard_top_i/bd_39ab_pcie_0_gt_i/inst/gen_gtwizard_gtye4_top.bd_39ab_pcie_0_gt_gtwizard_gtye4_inst/gen_gtwizard_gtye4.gen_cpll_cal_gtye4.gen_cpll_cal_inst[5].gen_inst_cpll_cal.gtwizard_ultrascale_v1_7_10_gtye4_cpll_cal_inst/gtwizard_ultrascale_v1_7_10_gtye4_cpll_cal_tx_i/bufg_gt_txoutclkmon_inst' is LOCed to site 'BUFG_GT_X1Y32'. Using a LOC constraint to assign the placement of a Global Clock Buffer can result in sub-optimal placement results.
Resolution: Remove the LOC constraint and use the CLOCK_REGION constraint to assign a Global Clock Buffer to a CLOCK_REGION.
WARNING: [Constraints 18-4434] Global Clock Buffer 'level0_i/blp/blp_i/ss_hif/inst/pcie/inst/bd_39ab_pcie_0_gt_top_i/diablo_gt.diablo_gt_phy_wrapper/gt_wizard.gtwizard_top_i/bd_39ab_pcie_0_gt_i/inst/gen_gtwizard_gtye4_top.bd_39ab_pcie_0_gt_gtwizard_gtye4_inst/gen_gtwizard_gtye4.gen_cpll_cal_gtye4.gen_cpll_cal_inst[6].gen_inst_cpll_cal.gtwizard_ultrascale_v1_7_10_gtye4_cpll_cal_inst/gtwizard_ultrascale_v1_7_10_gtye4_cpll_cal_tx_i/bufg_gt_txoutclkmon_inst' is LOCed to site 'BUFG_GT_X1Y31'. Using a LOC constraint to assign the placement of a Global Clock Buffer can result in sub-optimal placement results.
Resolution: Remove the LOC constraint and use the CLOCK_REGION constraint to assign a Global Clock Buffer to a CLOCK_REGION.
WARNING: [Constraints 18-4434] Global Clock Buffer 'level0_i/blp/blp_i/ss_hif/inst/pcie/inst/bd_39ab_pcie_0_gt_top_i/diablo_gt.diablo_gt_phy_wrapper/gt_wizard.gtwizard_top_i/bd_39ab_pcie_0_gt_i/inst/gen_gtwizard_gtye4_top.bd_39ab_pcie_0_gt_gtwizard_gtye4_inst/gen_gtwizard_gtye4.gen_cpll_cal_gtye4.gen_cpll_cal_inst[7].gen_inst_cpll_cal.gtwizard_ultrascale_v1_7_10_gtye4_cpll_cal_inst/gtwizard_ultrascale_v1_7_10_gtye4_cpll_cal_tx_i/bufg_gt_txoutclkmon_inst' is LOCed to site 'BUFG_GT_X1Y34'. Using a LOC constraint to assign the placement of a Global Clock Buffer can result in sub-optimal placement results.
Resolution: Remove the LOC constraint and use the CLOCK_REGION constraint to assign a Global Clock Buffer to a CLOCK_REGION.
WARNING: [Constraints 18-4434] Global Clock Buffer 'level0_i/blp/blp_i/ss_hif/inst/pcie/inst/bd_39ab_pcie_0_gt_top_i/diablo_gt.diablo_gt_phy_wrapper/gt_wizard.gtwizard_top_i/bd_39ab_pcie_0_gt_i/inst/gen_gtwizard_gtye4_top.bd_39ab_pcie_0_gt_gtwizard_gtye4_inst/gen_gtwizard_gtye4.gen_cpll_cal_gtye4.gen_cpll_cal_inst[8].gen_inst_cpll_cal.gtwizard_ultrascale_v1_7_10_gtye4_cpll_cal_inst/gtwizard_ultrascale_v1_7_10_gtye4_cpll_cal_tx_i/bufg_gt_txoutclkmon_inst' is LOCed to site 'BUFG_GT_X1Y60'. Using a LOC constraint to assign the placement of a Global Clock Buffer can result in sub-optimal placement results.
Resolution: Remove the LOC constraint and use the CLOCK_REGION constraint to assign a Global Clock Buffer to a CLOCK_REGION.
WARNING: [Constraints 18-4434] Global Clock Buffer 'level0_i/blp/blp_i/ss_hif/inst/pcie/inst/bd_39ab_pcie_0_gt_top_i/diablo_gt.diablo_gt_phy_wrapper/gt_wizard.gtwizard_top_i/bd_39ab_pcie_0_gt_i/inst/gen_gtwizard_gtye4_top.bd_39ab_pcie_0_gt_gtwizard_gtye4_inst/gen_gtwizard_gtye4.gen_cpll_cal_gtye4.gen_cpll_cal_inst[9].gen_inst_cpll_cal.gtwizard_ultrascale_v1_7_10_gtye4_cpll_cal_inst/gtwizard_ultrascale_v1_7_10_gtye4_cpll_cal_tx_i/bufg_gt_txoutclkmon_inst' is LOCed to site 'BUFG_GT_X1Y63'. Using a LOC constraint to assign the placement of a Global Clock Buffer can result in sub-optimal placement results.
Resolution: Remove the LOC constraint and use the CLOCK_REGION constraint to assign a Global Clock Buffer to a CLOCK_REGION.
WARNING: [Constraints 18-4434] Global Clock Buffer 'level0_i/blp/blp_i/ss_hif/inst/pcie/inst/bd_39ab_pcie_0_gt_top_i/diablo_gt.diablo_gt_phy_wrapper/phy_clk_i/bufg_gt_coreclk' is LOCed to site 'BUFG_GT_X1Y86'. Using a LOC constraint to assign the placement of a Global Clock Buffer can result in sub-optimal placement results.
Resolution: Remove the LOC constraint and use the CLOCK_REGION constraint to assign a Global Clock Buffer to a CLOCK_REGION.
WARNING: [Constraints 18-4434] Global Clock Buffer 'level0_i/blp/blp_i/ss_hif/inst/pcie/inst/bd_39ab_pcie_0_gt_top_i/diablo_gt.diablo_gt_phy_wrapper/phy_clk_i/bufg_gt_intclk' is LOCed to site 'BUFG_GT_X1Y85'. Using a LOC constraint to assign the placement of a Global Clock Buffer can result in sub-optimal placement results.
Resolution: Remove the LOC constraint and use the CLOCK_REGION constraint to assign a Global Clock Buffer to a CLOCK_REGION.
WARNING: [Constraints 18-4434] Global Clock Buffer 'level0_i/blp/blp_i/ss_hif/inst/pcie/inst/bd_39ab_pcie_0_gt_top_i/diablo_gt.diablo_gt_phy_wrapper/phy_clk_i/bufg_gt_mcapclk' is LOCed to site 'BUFG_GT_X1Y94'. Using a LOC constraint to assign the placement of a Global Clock Buffer can result in sub-optimal placement results.
Resolution: Remove the LOC constraint and use the CLOCK_REGION constraint to assign a Global Clock Buffer to a CLOCK_REGION.
WARNING: [Constraints 18-4434] Global Clock Buffer 'level0_i/blp/blp_i/ss_hif/inst/pcie/inst/bd_39ab_pcie_0_gt_top_i/diablo_gt.diablo_gt_phy_wrapper/phy_clk_i/bufg_gt_pclk' is LOCed to site 'BUFG_GT_X1Y93'. Using a LOC constraint to assign the placement of a Global Clock Buffer can result in sub-optimal placement results.
Resolution: Remove the LOC constraint and use the CLOCK_REGION constraint to assign a Global Clock Buffer to a CLOCK_REGION.
WARNING: [Constraints 18-4434] Global Clock Buffer 'level0_i/blp/blp_i/ss_hif/inst/pcie/inst/bd_39ab_pcie_0_gt_top_i/diablo_gt.diablo_gt_phy_wrapper/phy_clk_i/bufg_gt_userclk' is LOCed to site 'BUFG_GT_X1Y92'. Using a LOC constraint to assign the placement of a Global Clock Buffer can result in sub-optimal placement results.
Resolution: Remove the LOC constraint and use the CLOCK_REGION constraint to assign a Global Clock Buffer to a CLOCK_REGION.
Parsing XDC File [/home/miahafiz/NeuroRing_a_4096_5c/_x.hw.NUM_4096.CORE_5.FREQ_300/link/vivado/vpl/prj/prj.gen/my_rm/bd/ulp/ip/ulp_hmss_0_0/bd_0/ip/ip_4/bd_85ad_slice1_0_0_clocks.xdc] for cell 'level0_i/ulp/hmss_0/inst/path_0/slice1_0/inst'
Finished Parsing XDC File [/home/miahafiz/NeuroRing_a_4096_5c/_x.hw.NUM_4096.CORE_5.FREQ_300/link/vivado/vpl/prj/prj.gen/my_rm/bd/ulp/ip/ulp_hmss_0_0/bd_0/ip/ip_4/bd_85ad_slice1_0_0_clocks.xdc] for cell 'level0_i/ulp/hmss_0/inst/path_0/slice1_0/inst'
Parsing XDC File [/home/miahafiz/NeuroRing_a_4096_5c/_x.hw.NUM_4096.CORE_5.FREQ_300/link/vivado/vpl/prj/prj.gen/my_rm/bd/ulp/ip/ulp_hmss_0_0/bd_0/ip/ip_7/bd_85ad_slice2_4_0_clocks.xdc] for cell 'level0_i/ulp/hmss_0/inst/path_4/slice2_4/inst'
Finished Parsing XDC File [/home/miahafiz/NeuroRing_a_4096_5c/_x.hw.NUM_4096.CORE_5.FREQ_300/link/vivado/vpl/prj/prj.gen/my_rm/bd/ulp/ip/ulp_hmss_0_0/bd_0/ip/ip_7/bd_85ad_slice2_4_0_clocks.xdc] for cell 'level0_i/ulp/hmss_0/inst/path_4/slice2_4/inst'
Parsing XDC File [/home/miahafiz/NeuroRing_a_4096_5c/_x.hw.NUM_4096.CORE_5.FREQ_300/link/vivado/vpl/prj/prj.gen/my_rm/bd/ulp/ip/ulp_hmss_0_0/bd_0/ip/ip_10/bd_85ad_slice3_8_0_clocks.xdc] for cell 'level0_i/ulp/hmss_0/inst/path_8/slice3_8/inst'
Finished Parsing XDC File [/home/miahafiz/NeuroRing_a_4096_5c/_x.hw.NUM_4096.CORE_5.FREQ_300/link/vivado/vpl/prj/prj.gen/my_rm/bd/ulp/ip/ulp_hmss_0_0/bd_0/ip/ip_10/bd_85ad_slice3_8_0_clocks.xdc] for cell 'level0_i/ulp/hmss_0/inst/path_8/slice3_8/inst'
Parsing XDC File [/home/miahafiz/NeuroRing_a_4096_5c/_x.hw.NUM_4096.CORE_5.FREQ_300/link/vivado/vpl/prj/prj.gen/my_rm/bd/ulp/ip/ulp_hmss_0_0/bd_0/ip/ip_13/bd_85ad_slice4_9_0_clocks.xdc] for cell 'level0_i/ulp/hmss_0/inst/path_9/slice4_9/inst'
Finished Parsing XDC File [/home/miahafiz/NeuroRing_a_4096_5c/_x.hw.NUM_4096.CORE_5.FREQ_300/link/vivado/vpl/prj/prj.gen/my_rm/bd/ulp/ip/ulp_hmss_0_0/bd_0/ip/ip_13/bd_85ad_slice4_9_0_clocks.xdc] for cell 'level0_i/ulp/hmss_0/inst/path_9/slice4_9/inst'
Parsing XDC File [/home/miahafiz/NeuroRing_a_4096_5c/_x.hw.NUM_4096.CORE_5.FREQ_300/link/vivado/vpl/prj/prj.gen/my_rm/bd/ulp/ip/ulp_hmss_0_0/bd_0/ip/ip_16/bd_85ad_slice0_10_0_clocks.xdc] for cell 'level0_i/ulp/hmss_0/inst/path_10/slice0_10/inst'
Finished Parsing XDC File [/home/miahafiz/NeuroRing_a_4096_5c/_x.hw.NUM_4096.CORE_5.FREQ_300/link/vivado/vpl/prj/prj.gen/my_rm/bd/ulp/ip/ulp_hmss_0_0/bd_0/ip/ip_16/bd_85ad_slice0_10_0_clocks.xdc] for cell 'level0_i/ulp/hmss_0/inst/path_10/slice0_10/inst'
Parsing XDC File [/home/miahafiz/NeuroRing_a_4096_5c/_x.hw.NUM_4096.CORE_5.FREQ_300/link/vivado/vpl/prj/prj.gen/my_rm/bd/ulp/ip/ulp_hmss_0_0/bd_0/ip/ip_19/bd_85ad_slice5_12_0_clocks.xdc] for cell 'level0_i/ulp/hmss_0/inst/path_12/slice5_12/inst'
Finished Parsing XDC File [/home/miahafiz/NeuroRing_a_4096_5c/_x.hw.NUM_4096.CORE_5.FREQ_300/link/vivado/vpl/prj/prj.gen/my_rm/bd/ulp/ip/ulp_hmss_0_0/bd_0/ip/ip_19/bd_85ad_slice5_12_0_clocks.xdc] for cell 'level0_i/ulp/hmss_0/inst/path_12/slice5_12/inst'
Parsing XDC File [/home/miahafiz/NeuroRing_a_4096_5c/_x.hw.NUM_4096.CORE_5.FREQ_300/link/vivado/vpl/prj/prj.gen/my_rm/bd/ulp/ip/ulp_hmss_0_0/ulp_hmss_0_0.xdc] for cell 'level0_i/ulp/hmss_0/inst'
INFO: [Vivado 12-3520] Assignment of 'interconnect1_0' to a pblock 'pblock_dynamic_SLR0' means that all children of 'path_0' are in the pblock. Changing the pblock assignment to 'path_0'. [/home/miahafiz/NeuroRing_a_4096_5c/_x.hw.NUM_4096.CORE_5.FREQ_300/link/vivado/vpl/prj/prj.gen/my_rm/bd/ulp/ip/ulp_hmss_0_0/ulp_hmss_0_0.xdc:62]
INFO: [Vivado 12-3520] Assignment of 'interconnect2_4' to a pblock 'pblock_dynamic_SLR0' means that all children of 'path_4' are in the pblock. Changing the pblock assignment to 'path_4'. [/home/miahafiz/NeuroRing_a_4096_5c/_x.hw.NUM_4096.CORE_5.FREQ_300/link/vivado/vpl/prj/prj.gen/my_rm/bd/ulp/ip/ulp_hmss_0_0/ulp_hmss_0_0.xdc:66]
INFO: [Vivado 12-3520] Assignment of 'interconnect3_8' to a pblock 'pblock_dynamic_SLR0' means that all children of 'path_8' are in the pblock. Changing the pblock assignment to 'path_8'. [/home/miahafiz/NeuroRing_a_4096_5c/_x.hw.NUM_4096.CORE_5.FREQ_300/link/vivado/vpl/prj/prj.gen/my_rm/bd/ulp/ip/ulp_hmss_0_0/ulp_hmss_0_0.xdc:70]
INFO: [Vivado 12-3520] Assignment of 'interconnect4_9' to a pblock 'pblock_dynamic_SLR0' means that all children of 'path_9' are in the pblock. Changing the pblock assignment to 'path_9'. [/home/miahafiz/NeuroRing_a_4096_5c/_x.hw.NUM_4096.CORE_5.FREQ_300/link/vivado/vpl/prj/prj.gen/my_rm/bd/ulp/ip/ulp_hmss_0_0/ulp_hmss_0_0.xdc:74]
INFO: [Vivado 12-3520] Assignment of 'interconnect5_12' to a pblock 'pblock_dynamic_SLR0' means that all children of 'path_12' are in the pblock. Changing the pblock assignment to 'path_12'. [/home/miahafiz/NeuroRing_a_4096_5c/_x.hw.NUM_4096.CORE_5.FREQ_300/link/vivado/vpl/prj/prj.gen/my_rm/bd/ulp/ip/ulp_hmss_0_0/ulp_hmss_0_0.xdc:78]
Finished Parsing XDC File [/home/miahafiz/NeuroRing_a_4096_5c/_x.hw.NUM_4096.CORE_5.FREQ_300/link/vivado/vpl/prj/prj.gen/my_rm/bd/ulp/ip/ulp_hmss_0_0/ulp_hmss_0_0.xdc] for cell 'level0_i/ulp/hmss_0/inst'
Parsing XDC File [/home/miahafiz/NeuroRing_a_4096_5c/_x.hw.NUM_4096.CORE_5.FREQ_300/link/vivado/vpl/prj/prj.gen/my_rm/bd/ulp/ip/ulp_ii_level0_wire_0/bd_0/ip/ip_5/bd_5941_s_ip_axi_ctrl_mgmt_00_0_clocks.xdc] for cell 'level0_i/ulp/ii_level0_wire/inst/pxi_ii_core/inst/s_ip_axi_ctrl_mgmt_00/inst'
Finished Parsing XDC File [/home/miahafiz/NeuroRing_a_4096_5c/_x.hw.NUM_4096.CORE_5.FREQ_300/link/vivado/vpl/prj/prj.gen/my_rm/bd/ulp/ip/ulp_ii_level0_wire_0/bd_0/ip/ip_5/bd_5941_s_ip_axi_ctrl_mgmt_00_0_clocks.xdc] for cell 'level0_i/ulp/ii_level0_wire/inst/pxi_ii_core/inst/s_ip_axi_ctrl_mgmt_00/inst'
Parsing XDC File [/home/miahafiz/NeuroRing_a_4096_5c/_x.hw.NUM_4096.CORE_5.FREQ_300/link/vivado/vpl/prj/prj.gen/my_rm/bd/ulp/ip/ulp_ii_level0_wire_0/bd_0/ip/ip_6/bd_5941_m_ip_axi_ctrl_mgmt_00_0_clocks.xdc] for cell 'level0_i/ulp/ii_level0_wire/inst/pxi_ii_core/inst/m_ip_axi_ctrl_mgmt_00/inst'
Finished Parsing XDC File [/home/miahafiz/NeuroRing_a_4096_5c/_x.hw.NUM_4096.CORE_5.FREQ_300/link/vivado/vpl/prj/prj.gen/my_rm/bd/ulp/ip/ulp_ii_level0_wire_0/bd_0/ip/ip_6/bd_5941_m_ip_axi_ctrl_mgmt_00_0_clocks.xdc] for cell 'level0_i/ulp/ii_level0_wire/inst/pxi_ii_core/inst/m_ip_axi_ctrl_mgmt_00/inst'
Parsing XDC File [/home/miahafiz/NeuroRing_a_4096_5c/_x.hw.NUM_4096.CORE_5.FREQ_300/link/vivado/vpl/prj/prj.gen/my_rm/bd/ulp/ip/ulp_ii_level0_wire_0/bd_0/ip/ip_7/bd_5941_s_ip_axi_ctrl_mgmt_01_0_clocks.xdc] for cell 'level0_i/ulp/ii_level0_wire/inst/pxi_ii_core/inst/s_ip_axi_ctrl_mgmt_01/inst'
Finished Parsing XDC File [/home/miahafiz/NeuroRing_a_4096_5c/_x.hw.NUM_4096.CORE_5.FREQ_300/link/vivado/vpl/prj/prj.gen/my_rm/bd/ulp/ip/ulp_ii_level0_wire_0/bd_0/ip/ip_7/bd_5941_s_ip_axi_ctrl_mgmt_01_0_clocks.xdc] for cell 'level0_i/ulp/ii_level0_wire/inst/pxi_ii_core/inst/s_ip_axi_ctrl_mgmt_01/inst'
Parsing XDC File [/home/miahafiz/NeuroRing_a_4096_5c/_x.hw.NUM_4096.CORE_5.FREQ_300/link/vivado/vpl/prj/prj.gen/my_rm/bd/ulp/ip/ulp_ii_level0_wire_0/bd_0/ip/ip_8/bd_5941_m_ip_axi_ctrl_mgmt_01_0_clocks.xdc] for cell 'level0_i/ulp/ii_level0_wire/inst/pxi_ii_core/inst/m_ip_axi_ctrl_mgmt_01/inst'
Finished Parsing XDC File [/home/miahafiz/NeuroRing_a_4096_5c/_x.hw.NUM_4096.CORE_5.FREQ_300/link/vivado/vpl/prj/prj.gen/my_rm/bd/ulp/ip/ulp_ii_level0_wire_0/bd_0/ip/ip_8/bd_5941_m_ip_axi_ctrl_mgmt_01_0_clocks.xdc] for cell 'level0_i/ulp/ii_level0_wire/inst/pxi_ii_core/inst/m_ip_axi_ctrl_mgmt_01/inst'
Parsing XDC File [/home/miahafiz/NeuroRing_a_4096_5c/_x.hw.NUM_4096.CORE_5.FREQ_300/link/vivado/vpl/prj/prj.gen/my_rm/bd/ulp/ip/ulp_ii_level0_wire_0/bd_0/ip/ip_9/bd_5941_s_ip_axi_ctrl_user_00_0_clocks.xdc] for cell 'level0_i/ulp/ii_level0_wire/inst/pxi_ii_core/inst/s_ip_axi_ctrl_user_00/inst'
Finished Parsing XDC File [/home/miahafiz/NeuroRing_a_4096_5c/_x.hw.NUM_4096.CORE_5.FREQ_300/link/vivado/vpl/prj/prj.gen/my_rm/bd/ulp/ip/ulp_ii_level0_wire_0/bd_0/ip/ip_9/bd_5941_s_ip_axi_ctrl_user_00_0_clocks.xdc] for cell 'level0_i/ulp/ii_level0_wire/inst/pxi_ii_core/inst/s_ip_axi_ctrl_user_00/inst'
Parsing XDC File [/home/miahafiz/NeuroRing_a_4096_5c/_x.hw.NUM_4096.CORE_5.FREQ_300/link/vivado/vpl/prj/prj.gen/my_rm/bd/ulp/ip/ulp_ii_level0_wire_0/bd_0/ip/ip_10/bd_5941_m_ip_axi_ctrl_user_00_0_clocks.xdc] for cell 'level0_i/ulp/ii_level0_wire/inst/pxi_ii_core/inst/m_ip_axi_ctrl_user_00/inst'
Finished Parsing XDC File [/home/miahafiz/NeuroRing_a_4096_5c/_x.hw.NUM_4096.CORE_5.FREQ_300/link/vivado/vpl/prj/prj.gen/my_rm/bd/ulp/ip/ulp_ii_level0_wire_0/bd_0/ip/ip_10/bd_5941_m_ip_axi_ctrl_user_00_0_clocks.xdc] for cell 'level0_i/ulp/ii_level0_wire/inst/pxi_ii_core/inst/m_ip_axi_ctrl_user_00/inst'
Parsing XDC File [/home/miahafiz/NeuroRing_a_4096_5c/_x.hw.NUM_4096.CORE_5.FREQ_300/link/vivado/vpl/prj/prj.gen/my_rm/bd/ulp/ip/ulp_ii_level0_wire_0/bd_0/ip/ip_11/bd_5941_s_ip_axi_ctrl_user_01_0_clocks.xdc] for cell 'level0_i/ulp/ii_level0_wire/inst/pxi_ii_core/inst/s_ip_axi_ctrl_user_01/inst'
Finished Parsing XDC File [/home/miahafiz/NeuroRing_a_4096_5c/_x.hw.NUM_4096.CORE_5.FREQ_300/link/vivado/vpl/prj/prj.gen/my_rm/bd/ulp/ip/ulp_ii_level0_wire_0/bd_0/ip/ip_11/bd_5941_s_ip_axi_ctrl_user_01_0_clocks.xdc] for cell 'level0_i/ulp/ii_level0_wire/inst/pxi_ii_core/inst/s_ip_axi_ctrl_user_01/inst'
Parsing XDC File [/home/miahafiz/NeuroRing_a_4096_5c/_x.hw.NUM_4096.CORE_5.FREQ_300/link/vivado/vpl/prj/prj.gen/my_rm/bd/ulp/ip/ulp_ii_level0_wire_0/bd_0/ip/ip_12/bd_5941_m_ip_axi_ctrl_user_01_0_clocks.xdc] for cell 'level0_i/ulp/ii_level0_wire/inst/pxi_ii_core/inst/m_ip_axi_ctrl_user_01/inst'
Finished Parsing XDC File [/home/miahafiz/NeuroRing_a_4096_5c/_x.hw.NUM_4096.CORE_5.FREQ_300/link/vivado/vpl/prj/prj.gen/my_rm/bd/ulp/ip/ulp_ii_level0_wire_0/bd_0/ip/ip_12/bd_5941_m_ip_axi_ctrl_user_01_0_clocks.xdc] for cell 'level0_i/ulp/ii_level0_wire/inst/pxi_ii_core/inst/m_ip_axi_ctrl_user_01/inst'
Parsing XDC File [/home/miahafiz/NeuroRing_a_4096_5c/_x.hw.NUM_4096.CORE_5.FREQ_300/link/vivado/vpl/prj/prj.gen/my_rm/bd/ulp/ip/ulp_ii_level0_wire_0/bd_0/ip/ip_13/bd_5941_s_ip_axi_ctrl_user_02_0_clocks.xdc] for cell 'level0_i/ulp/ii_level0_wire/inst/pxi_ii_core/inst/s_ip_axi_ctrl_user_02/inst'
Finished Parsing XDC File [/home/miahafiz/NeuroRing_a_4096_5c/_x.hw.NUM_4096.CORE_5.FREQ_300/link/vivado/vpl/prj/prj.gen/my_rm/bd/ulp/ip/ulp_ii_level0_wire_0/bd_0/ip/ip_13/bd_5941_s_ip_axi_ctrl_user_02_0_clocks.xdc] for cell 'level0_i/ulp/ii_level0_wire/inst/pxi_ii_core/inst/s_ip_axi_ctrl_user_02/inst'
Parsing XDC File [/home/miahafiz/NeuroRing_a_4096_5c/_x.hw.NUM_4096.CORE_5.FREQ_300/link/vivado/vpl/prj/prj.gen/my_rm/bd/ulp/ip/ulp_ii_level0_wire_0/bd_0/ip/ip_14/bd_5941_m_ip_axi_ctrl_user_02_0_clocks.xdc] for cell 'level0_i/ulp/ii_level0_wire/inst/pxi_ii_core/inst/m_ip_axi_ctrl_user_02/inst'
Finished Parsing XDC File [/home/miahafiz/NeuroRing_a_4096_5c/_x.hw.NUM_4096.CORE_5.FREQ_300/link/vivado/vpl/prj/prj.gen/my_rm/bd/ulp/ip/ulp_ii_level0_wire_0/bd_0/ip/ip_14/bd_5941_m_ip_axi_ctrl_user_02_0_clocks.xdc] for cell 'level0_i/ulp/ii_level0_wire/inst/pxi_ii_core/inst/m_ip_axi_ctrl_user_02/inst'
Parsing XDC File [/home/miahafiz/NeuroRing_a_4096_5c/_x.hw.NUM_4096.CORE_5.FREQ_300/link/vivado/vpl/prj/prj.gen/my_rm/bd/ulp/ip/ulp_ii_level0_wire_0/bd_0/ip/ip_15/bd_5941_s_ip_axi_ctrl_user_03_0_clocks.xdc] for cell 'level0_i/ulp/ii_level0_wire/inst/pxi_ii_core/inst/s_ip_axi_ctrl_user_03/inst'
Finished Parsing XDC File [/home/miahafiz/NeuroRing_a_4096_5c/_x.hw.NUM_4096.CORE_5.FREQ_300/link/vivado/vpl/prj/prj.gen/my_rm/bd/ulp/ip/ulp_ii_level0_wire_0/bd_0/ip/ip_15/bd_5941_s_ip_axi_ctrl_user_03_0_clocks.xdc] for cell 'level0_i/ulp/ii_level0_wire/inst/pxi_ii_core/inst/s_ip_axi_ctrl_user_03/inst'
Parsing XDC File [/home/miahafiz/NeuroRing_a_4096_5c/_x.hw.NUM_4096.CORE_5.FREQ_300/link/vivado/vpl/prj/prj.gen/my_rm/bd/ulp/ip/ulp_ii_level0_wire_0/bd_0/ip/ip_16/bd_5941_m_ip_axi_ctrl_user_03_0_clocks.xdc] for cell 'level0_i/ulp/ii_level0_wire/inst/pxi_ii_core/inst/m_ip_axi_ctrl_user_03/inst'
Finished Parsing XDC File [/home/miahafiz/NeuroRing_a_4096_5c/_x.hw.NUM_4096.CORE_5.FREQ_300/link/vivado/vpl/prj/prj.gen/my_rm/bd/ulp/ip/ulp_ii_level0_wire_0/bd_0/ip/ip_16/bd_5941_m_ip_axi_ctrl_user_03_0_clocks.xdc] for cell 'level0_i/ulp/ii_level0_wire/inst/pxi_ii_core/inst/m_ip_axi_ctrl_user_03/inst'
Parsing XDC File [/home/miahafiz/NeuroRing_a_4096_5c/_x.hw.NUM_4096.CORE_5.FREQ_300/link/vivado/vpl/prj/prj.gen/my_rm/bd/ulp/ip/ulp_ii_level0_wire_0/bd_0/ip/ip_17/bd_5941_s_ip_axi_data_c2h_00_0_clocks.xdc] for cell 'level0_i/ulp/ii_level0_wire/inst/pxi_ii_core/inst/s_ip_axi_data_c2h_00/inst'
Finished Parsing XDC File [/home/miahafiz/NeuroRing_a_4096_5c/_x.hw.NUM_4096.CORE_5.FREQ_300/link/vivado/vpl/prj/prj.gen/my_rm/bd/ulp/ip/ulp_ii_level0_wire_0/bd_0/ip/ip_17/bd_5941_s_ip_axi_data_c2h_00_0_clocks.xdc] for cell 'level0_i/ulp/ii_level0_wire/inst/pxi_ii_core/inst/s_ip_axi_data_c2h_00/inst'
Parsing XDC File [/home/miahafiz/NeuroRing_a_4096_5c/_x.hw.NUM_4096.CORE_5.FREQ_300/link/vivado/vpl/prj/prj.gen/my_rm/bd/ulp/ip/ulp_ii_level0_wire_0/bd_0/ip/ip_18/bd_5941_m_ip_axi_data_c2h_00_0_clocks.xdc] for cell 'level0_i/ulp/ii_level0_wire/inst/pxi_ii_core/inst/m_ip_axi_data_c2h_00/inst'
Finished Parsing XDC File [/home/miahafiz/NeuroRing_a_4096_5c/_x.hw.NUM_4096.CORE_5.FREQ_300/link/vivado/vpl/prj/prj.gen/my_rm/bd/ulp/ip/ulp_ii_level0_wire_0/bd_0/ip/ip_18/bd_5941_m_ip_axi_data_c2h_00_0_clocks.xdc] for cell 'level0_i/ulp/ii_level0_wire/inst/pxi_ii_core/inst/m_ip_axi_data_c2h_00/inst'
Parsing XDC File [/home/miahafiz/NeuroRing_a_4096_5c/_x.hw.NUM_4096.CORE_5.FREQ_300/link/vivado/vpl/prj/prj.gen/my_rm/bd/ulp/ip/ulp_ii_level0_wire_0/bd_0/ip/ip_19/bd_5941_s_ip_axi_data_h2c_00_0_clocks.xdc] for cell 'level0_i/ulp/ii_level0_wire/inst/pxi_ii_core/inst/s_ip_axi_data_h2c_00/inst'
Finished Parsing XDC File [/home/miahafiz/NeuroRing_a_4096_5c/_x.hw.NUM_4096.CORE_5.FREQ_300/link/vivado/vpl/prj/prj.gen/my_rm/bd/ulp/ip/ulp_ii_level0_wire_0/bd_0/ip/ip_19/bd_5941_s_ip_axi_data_h2c_00_0_clocks.xdc] for cell 'level0_i/ulp/ii_level0_wire/inst/pxi_ii_core/inst/s_ip_axi_data_h2c_00/inst'
Parsing XDC File [/home/miahafiz/NeuroRing_a_4096_5c/_x.hw.NUM_4096.CORE_5.FREQ_300/link/vivado/vpl/prj/prj.gen/my_rm/bd/ulp/ip/ulp_ii_level0_wire_0/bd_0/ip/ip_20/bd_5941_m_ip_axi_data_h2c_00_0_clocks.xdc] for cell 'level0_i/ulp/ii_level0_wire/inst/pxi_ii_core/inst/m_ip_axi_data_h2c_00/inst'
Finished Parsing XDC File [/home/miahafiz/NeuroRing_a_4096_5c/_x.hw.NUM_4096.CORE_5.FREQ_300/link/vivado/vpl/prj/prj.gen/my_rm/bd/ulp/ip/ulp_ii_level0_wire_0/bd_0/ip/ip_20/bd_5941_m_ip_axi_data_h2c_00_0_clocks.xdc] for cell 'level0_i/ulp/ii_level0_wire/inst/pxi_ii_core/inst/m_ip_axi_data_h2c_00/inst'
Parsing XDC File [/home/miahafiz/NeuroRing_a_4096_5c/_x.hw.NUM_4096.CORE_5.FREQ_300/link/vivado/vpl/prj/prj.gen/my_rm/bd/ulp/ip/ulp_interconnect_axilite_user_imp_auto_cc_0/ulp_interconnect_axilite_user_imp_auto_cc_0_clocks.xdc] for cell 'level0_i/ulp/SLR0/interconnect_axilite_user/m00_couplers/auto_cc/inst'
Finished Parsing XDC File [/home/miahafiz/NeuroRing_a_4096_5c/_x.hw.NUM_4096.CORE_5.FREQ_300/link/vivado/vpl/prj/prj.gen/my_rm/bd/ulp/ip/ulp_interconnect_axilite_user_imp_auto_cc_0/ulp_interconnect_axilite_user_imp_auto_cc_0_clocks.xdc] for cell 'level0_i/ulp/SLR0/interconnect_axilite_user/m00_couplers/auto_cc/inst'
Parsing XDC File [/home/miahafiz/NeuroRing_a_4096_5c/_x.hw.NUM_4096.CORE_5.FREQ_300/link/vivado/vpl/prj/prj.gen/my_rm/bd/ulp/ip/ulp_interconnect_axilite_user_imp_auto_cc_1/ulp_interconnect_axilite_user_imp_auto_cc_1_clocks.xdc] for cell 'level0_i/ulp/SLR0/interconnect_axilite_user/m01_couplers/auto_cc/inst'
Finished Parsing XDC File [/home/miahafiz/NeuroRing_a_4096_5c/_x.hw.NUM_4096.CORE_5.FREQ_300/link/vivado/vpl/prj/prj.gen/my_rm/bd/ulp/ip/ulp_interconnect_axilite_user_imp_auto_cc_1/ulp_interconnect_axilite_user_imp_auto_cc_1_clocks.xdc] for cell 'level0_i/ulp/SLR0/interconnect_axilite_user/m01_couplers/auto_cc/inst'
Parsing XDC File [/home/miahafiz/NeuroRing_a_4096_5c/_x.hw.NUM_4096.CORE_5.FREQ_300/link/vivado/vpl/prj/prj.gen/my_rm/bd/ulp/ip/ulp_interconnect_axilite_user_imp_auto_cc_10/ulp_interconnect_axilite_user_imp_auto_cc_10_clocks.xdc] for cell 'level0_i/ulp/SLR0/interconnect_axilite_user/m10_couplers/auto_cc/inst'
Finished Parsing XDC File [/home/miahafiz/NeuroRing_a_4096_5c/_x.hw.NUM_4096.CORE_5.FREQ_300/link/vivado/vpl/prj/prj.gen/my_rm/bd/ulp/ip/ulp_interconnect_axilite_user_imp_auto_cc_10/ulp_interconnect_axilite_user_imp_auto_cc_10_clocks.xdc] for cell 'level0_i/ulp/SLR0/interconnect_axilite_user/m10_couplers/auto_cc/inst'
Parsing XDC File [/home/miahafiz/NeuroRing_a_4096_5c/_x.hw.NUM_4096.CORE_5.FREQ_300/link/vivado/vpl/prj/prj.gen/my_rm/bd/ulp/ip/ulp_interconnect_axilite_user_imp_auto_cc_11/ulp_interconnect_axilite_user_imp_auto_cc_11_clocks.xdc] for cell 'level0_i/ulp/SLR1/interconnect_axilite_user/s00_couplers/auto_cc/inst'
Finished Parsing XDC File [/home/miahafiz/NeuroRing_a_4096_5c/_x.hw.NUM_4096.CORE_5.FREQ_300/link/vivado/vpl/prj/prj.gen/my_rm/bd/ulp/ip/ulp_interconnect_axilite_user_imp_auto_cc_11/ulp_interconnect_axilite_user_imp_auto_cc_11_clocks.xdc] for cell 'level0_i/ulp/SLR1/interconnect_axilite_user/s00_couplers/auto_cc/inst'
Parsing XDC File [/home/miahafiz/NeuroRing_a_4096_5c/_x.hw.NUM_4096.CORE_5.FREQ_300/link/vivado/vpl/prj/prj.gen/my_rm/bd/ulp/ip/ulp_interconnect_axilite_user_imp_auto_cc_12/ulp_interconnect_axilite_user_imp_auto_cc_12_clocks.xdc] for cell 'level0_i/ulp/SLR2/interconnect_axilite_user/s00_couplers/auto_cc/inst'
Finished Parsing XDC File [/home/miahafiz/NeuroRing_a_4096_5c/_x.hw.NUM_4096.CORE_5.FREQ_300/link/vivado/vpl/prj/prj.gen/my_rm/bd/ulp/ip/ulp_interconnect_axilite_user_imp_auto_cc_12/ulp_interconnect_axilite_user_imp_auto_cc_12_clocks.xdc] for cell 'level0_i/ulp/SLR2/interconnect_axilite_user/s00_couplers/auto_cc/inst'
Parsing XDC File [/home/miahafiz/NeuroRing_a_4096_5c/_x.hw.NUM_4096.CORE_5.FREQ_300/link/vivado/vpl/prj/prj.gen/my_rm/bd/ulp/ip/ulp_interconnect_axilite_user_imp_auto_cc_2/ulp_interconnect_axilite_user_imp_auto_cc_2_clocks.xdc] for cell 'level0_i/ulp/SLR0/interconnect_axilite_user/m02_couplers/auto_cc/inst'
Finished Parsing XDC File [/home/miahafiz/NeuroRing_a_4096_5c/_x.hw.NUM_4096.CORE_5.FREQ_300/link/vivado/vpl/prj/prj.gen/my_rm/bd/ulp/ip/ulp_interconnect_axilite_user_imp_auto_cc_2/ulp_interconnect_axilite_user_imp_auto_cc_2_clocks.xdc] for cell 'level0_i/ulp/SLR0/interconnect_axilite_user/m02_couplers/auto_cc/inst'
Parsing XDC File [/home/miahafiz/NeuroRing_a_4096_5c/_x.hw.NUM_4096.CORE_5.FREQ_300/link/vivado/vpl/prj/prj.gen/my_rm/bd/ulp/ip/ulp_interconnect_axilite_user_imp_auto_cc_3/ulp_interconnect_axilite_user_imp_auto_cc_3_clocks.xdc] for cell 'level0_i/ulp/SLR0/interconnect_axilite_user/m03_couplers/auto_cc/inst'
Finished Parsing XDC File [/home/miahafiz/NeuroRing_a_4096_5c/_x.hw.NUM_4096.CORE_5.FREQ_300/link/vivado/vpl/prj/prj.gen/my_rm/bd/ulp/ip/ulp_interconnect_axilite_user_imp_auto_cc_3/ulp_interconnect_axilite_user_imp_auto_cc_3_clocks.xdc] for cell 'level0_i/ulp/SLR0/interconnect_axilite_user/m03_couplers/auto_cc/inst'
Parsing XDC File [/home/miahafiz/NeuroRing_a_4096_5c/_x.hw.NUM_4096.CORE_5.FREQ_300/link/vivado/vpl/prj/prj.gen/my_rm/bd/ulp/ip/ulp_interconnect_axilite_user_imp_auto_cc_4/ulp_interconnect_axilite_user_imp_auto_cc_4_clocks.xdc] for cell 'level0_i/ulp/SLR0/interconnect_axilite_user/m04_couplers/auto_cc/inst'
Finished Parsing XDC File [/home/miahafiz/NeuroRing_a_4096_5c/_x.hw.NUM_4096.CORE_5.FREQ_300/link/vivado/vpl/prj/prj.gen/my_rm/bd/ulp/ip/ulp_interconnect_axilite_user_imp_auto_cc_4/ulp_interconnect_axilite_user_imp_auto_cc_4_clocks.xdc] for cell 'level0_i/ulp/SLR0/interconnect_axilite_user/m04_couplers/auto_cc/inst'
Parsing XDC File [/home/miahafiz/NeuroRing_a_4096_5c/_x.hw.NUM_4096.CORE_5.FREQ_300/link/vivado/vpl/prj/prj.gen/my_rm/bd/ulp/ip/ulp_interconnect_axilite_user_imp_auto_cc_5/ulp_interconnect_axilite_user_imp_auto_cc_5_clocks.xdc] for cell 'level0_i/ulp/SLR0/interconnect_axilite_user/m05_couplers/auto_cc/inst'
Finished Parsing XDC File [/home/miahafiz/NeuroRing_a_4096_5c/_x.hw.NUM_4096.CORE_5.FREQ_300/link/vivado/vpl/prj/prj.gen/my_rm/bd/ulp/ip/ulp_interconnect_axilite_user_imp_auto_cc_5/ulp_interconnect_axilite_user_imp_auto_cc_5_clocks.xdc] for cell 'level0_i/ulp/SLR0/interconnect_axilite_user/m05_couplers/auto_cc/inst'
Parsing XDC File [/home/miahafiz/NeuroRing_a_4096_5c/_x.hw.NUM_4096.CORE_5.FREQ_300/link/vivado/vpl/prj/prj.gen/my_rm/bd/ulp/ip/ulp_interconnect_axilite_user_imp_auto_cc_6/ulp_interconnect_axilite_user_imp_auto_cc_6_clocks.xdc] for cell 'level0_i/ulp/SLR0/interconnect_axilite_user/m06_couplers/auto_cc/inst'
Finished Parsing XDC File [/home/miahafiz/NeuroRing_a_4096_5c/_x.hw.NUM_4096.CORE_5.FREQ_300/link/vivado/vpl/prj/prj.gen/my_rm/bd/ulp/ip/ulp_interconnect_axilite_user_imp_auto_cc_6/ulp_interconnect_axilite_user_imp_auto_cc_6_clocks.xdc] for cell 'level0_i/ulp/SLR0/interconnect_axilite_user/m06_couplers/auto_cc/inst'
Parsing XDC File [/home/miahafiz/NeuroRing_a_4096_5c/_x.hw.NUM_4096.CORE_5.FREQ_300/link/vivado/vpl/prj/prj.gen/my_rm/bd/ulp/ip/ulp_interconnect_axilite_user_imp_auto_cc_7/ulp_interconnect_axilite_user_imp_auto_cc_7_clocks.xdc] for cell 'level0_i/ulp/SLR0/interconnect_axilite_user/m07_couplers/auto_cc/inst'
Finished Parsing XDC File [/home/miahafiz/NeuroRing_a_4096_5c/_x.hw.NUM_4096.CORE_5.FREQ_300/link/vivado/vpl/prj/prj.gen/my_rm/bd/ulp/ip/ulp_interconnect_axilite_user_imp_auto_cc_7/ulp_interconnect_axilite_user_imp_auto_cc_7_clocks.xdc] for cell 'level0_i/ulp/SLR0/interconnect_axilite_user/m07_couplers/auto_cc/inst'
Parsing XDC File [/home/miahafiz/NeuroRing_a_4096_5c/_x.hw.NUM_4096.CORE_5.FREQ_300/link/vivado/vpl/prj/prj.gen/my_rm/bd/ulp/ip/ulp_interconnect_axilite_user_imp_auto_cc_8/ulp_interconnect_axilite_user_imp_auto_cc_8_clocks.xdc] for cell 'level0_i/ulp/SLR0/interconnect_axilite_user/m08_couplers/auto_cc/inst'
Finished Parsing XDC File [/home/miahafiz/NeuroRing_a_4096_5c/_x.hw.NUM_4096.CORE_5.FREQ_300/link/vivado/vpl/prj/prj.gen/my_rm/bd/ulp/ip/ulp_interconnect_axilite_user_imp_auto_cc_8/ulp_interconnect_axilite_user_imp_auto_cc_8_clocks.xdc] for cell 'level0_i/ulp/SLR0/interconnect_axilite_user/m08_couplers/auto_cc/inst'
Parsing XDC File [/home/miahafiz/NeuroRing_a_4096_5c/_x.hw.NUM_4096.CORE_5.FREQ_300/link/vivado/vpl/prj/prj.gen/my_rm/bd/ulp/ip/ulp_interconnect_axilite_user_imp_auto_cc_9/ulp_interconnect_axilite_user_imp_auto_cc_9_clocks.xdc] for cell 'level0_i/ulp/SLR0/interconnect_axilite_user/m09_couplers/auto_cc/inst'
Finished Parsing XDC File [/home/miahafiz/NeuroRing_a_4096_5c/_x.hw.NUM_4096.CORE_5.FREQ_300/link/vivado/vpl/prj/prj.gen/my_rm/bd/ulp/ip/ulp_interconnect_axilite_user_imp_auto_cc_9/ulp_interconnect_axilite_user_imp_auto_cc_9_clocks.xdc] for cell 'level0_i/ulp/SLR0/interconnect_axilite_user/m09_couplers/auto_cc/inst'
Parsing XDC File [/home/miahafiz/NeuroRing_a_4096_5c/_x.hw.NUM_4096.CORE_5.FREQ_300/link/vivado/vpl/prj/prj.gen/my_rm/bd/ulp/ip/ulp_interconnect_axilite_user_imp_m00_regslice_0/ulp_interconnect_axilite_user_imp_m00_regslice_0_clocks.xdc] for cell 'level0_i/ulp/SLR0/interconnect_axilite_user/m00_couplers/m00_regslice/inst'
Finished Parsing XDC File [/home/miahafiz/NeuroRing_a_4096_5c/_x.hw.NUM_4096.CORE_5.FREQ_300/link/vivado/vpl/prj/prj.gen/my_rm/bd/ulp/ip/ulp_interconnect_axilite_user_imp_m00_regslice_0/ulp_interconnect_axilite_user_imp_m00_regslice_0_clocks.xdc] for cell 'level0_i/ulp/SLR0/interconnect_axilite_user/m00_couplers/m00_regslice/inst'
Parsing XDC File [/home/miahafiz/NeuroRing_a_4096_5c/_x.hw.NUM_4096.CORE_5.FREQ_300/link/vivado/vpl/prj/prj.gen/my_rm/bd/ulp/ip/ulp_interconnect_axilite_user_imp_m01_regslice_0/ulp_interconnect_axilite_user_imp_m01_regslice_0_clocks.xdc] for cell 'level0_i/ulp/SLR0/interconnect_axilite_user/m01_couplers/m01_regslice/inst'
Finished Parsing XDC File [/home/miahafiz/NeuroRing_a_4096_5c/_x.hw.NUM_4096.CORE_5.FREQ_300/link/vivado/vpl/prj/prj.gen/my_rm/bd/ulp/ip/ulp_interconnect_axilite_user_imp_m01_regslice_0/ulp_interconnect_axilite_user_imp_m01_regslice_0_clocks.xdc] for cell 'level0_i/ulp/SLR0/interconnect_axilite_user/m01_couplers/m01_regslice/inst'
Parsing XDC File [/home/miahafiz/NeuroRing_a_4096_5c/_x.hw.NUM_4096.CORE_5.FREQ_300/link/vivado/vpl/prj/prj.gen/my_rm/bd/ulp/ip/ulp_interconnect_axilite_user_imp_m02_regslice_0/ulp_interconnect_axilite_user_imp_m02_regslice_0_clocks.xdc] for cell 'level0_i/ulp/SLR0/interconnect_axilite_user/m02_couplers/m02_regslice/inst'
Finished Parsing XDC File [/home/miahafiz/NeuroRing_a_4096_5c/_x.hw.NUM_4096.CORE_5.FREQ_300/link/vivado/vpl/prj/prj.gen/my_rm/bd/ulp/ip/ulp_interconnect_axilite_user_imp_m02_regslice_0/ulp_interconnect_axilite_user_imp_m02_regslice_0_clocks.xdc] for cell 'level0_i/ulp/SLR0/interconnect_axilite_user/m02_couplers/m02_regslice/inst'
Parsing XDC File [/home/miahafiz/NeuroRing_a_4096_5c/_x.hw.NUM_4096.CORE_5.FREQ_300/link/vivado/vpl/prj/prj.gen/my_rm/bd/ulp/ip/ulp_interconnect_axilite_user_imp_m03_regslice_0/ulp_interconnect_axilite_user_imp_m03_regslice_0_clocks.xdc] for cell 'level0_i/ulp/SLR0/interconnect_axilite_user/m03_couplers/m03_regslice/inst'
Finished Parsing XDC File [/home/miahafiz/NeuroRing_a_4096_5c/_x.hw.NUM_4096.CORE_5.FREQ_300/link/vivado/vpl/prj/prj.gen/my_rm/bd/ulp/ip/ulp_interconnect_axilite_user_imp_m03_regslice_0/ulp_interconnect_axilite_user_imp_m03_regslice_0_clocks.xdc] for cell 'level0_i/ulp/SLR0/interconnect_axilite_user/m03_couplers/m03_regslice/inst'
Parsing XDC File [/home/miahafiz/NeuroRing_a_4096_5c/_x.hw.NUM_4096.CORE_5.FREQ_300/link/vivado/vpl/prj/prj.gen/my_rm/bd/ulp/ip/ulp_interconnect_axilite_user_imp_m04_regslice_0/ulp_interconnect_axilite_user_imp_m04_regslice_0_clocks.xdc] for cell 'level0_i/ulp/SLR0/interconnect_axilite_user/m04_couplers/m04_regslice/inst'
Finished Parsing XDC File [/home/miahafiz/NeuroRing_a_4096_5c/_x.hw.NUM_4096.CORE_5.FREQ_300/link/vivado/vpl/prj/prj.gen/my_rm/bd/ulp/ip/ulp_interconnect_axilite_user_imp_m04_regslice_0/ulp_interconnect_axilite_user_imp_m04_regslice_0_clocks.xdc] for cell 'level0_i/ulp/SLR0/interconnect_axilite_user/m04_couplers/m04_regslice/inst'
Parsing XDC File [/home/miahafiz/NeuroRing_a_4096_5c/_x.hw.NUM_4096.CORE_5.FREQ_300/link/vivado/vpl/prj/prj.gen/my_rm/bd/ulp/ip/ulp_interconnect_axilite_user_imp_m05_regslice_0/ulp_interconnect_axilite_user_imp_m05_regslice_0_clocks.xdc] for cell 'level0_i/ulp/SLR0/interconnect_axilite_user/m05_couplers/m05_regslice/inst'
Finished Parsing XDC File [/home/miahafiz/NeuroRing_a_4096_5c/_x.hw.NUM_4096.CORE_5.FREQ_300/link/vivado/vpl/prj/prj.gen/my_rm/bd/ulp/ip/ulp_interconnect_axilite_user_imp_m05_regslice_0/ulp_interconnect_axilite_user_imp_m05_regslice_0_clocks.xdc] for cell 'level0_i/ulp/SLR0/interconnect_axilite_user/m05_couplers/m05_regslice/inst'
Parsing XDC File [/home/miahafiz/NeuroRing_a_4096_5c/_x.hw.NUM_4096.CORE_5.FREQ_300/link/vivado/vpl/prj/prj.gen/my_rm/bd/ulp/ip/ulp_interconnect_axilite_user_imp_m06_regslice_0/ulp_interconnect_axilite_user_imp_m06_regslice_0_clocks.xdc] for cell 'level0_i/ulp/SLR0/interconnect_axilite_user/m06_couplers/m06_regslice/inst'
Finished Parsing XDC File [/home/miahafiz/NeuroRing_a_4096_5c/_x.hw.NUM_4096.CORE_5.FREQ_300/link/vivado/vpl/prj/prj.gen/my_rm/bd/ulp/ip/ulp_interconnect_axilite_user_imp_m06_regslice_0/ulp_interconnect_axilite_user_imp_m06_regslice_0_clocks.xdc] for cell 'level0_i/ulp/SLR0/interconnect_axilite_user/m06_couplers/m06_regslice/inst'
Parsing XDC File [/home/miahafiz/NeuroRing_a_4096_5c/_x.hw.NUM_4096.CORE_5.FREQ_300/link/vivado/vpl/prj/prj.gen/my_rm/bd/ulp/ip/ulp_interconnect_axilite_user_imp_m07_regslice_0/ulp_interconnect_axilite_user_imp_m07_regslice_0_clocks.xdc] for cell 'level0_i/ulp/SLR0/interconnect_axilite_user/m07_couplers/m07_regslice/inst'
Finished Parsing XDC File [/home/miahafiz/NeuroRing_a_4096_5c/_x.hw.NUM_4096.CORE_5.FREQ_300/link/vivado/vpl/prj/prj.gen/my_rm/bd/ulp/ip/ulp_interconnect_axilite_user_imp_m07_regslice_0/ulp_interconnect_axilite_user_imp_m07_regslice_0_clocks.xdc] for cell 'level0_i/ulp/SLR0/interconnect_axilite_user/m07_couplers/m07_regslice/inst'
Parsing XDC File [/home/miahafiz/NeuroRing_a_4096_5c/_x.hw.NUM_4096.CORE_5.FREQ_300/link/vivado/vpl/prj/prj.gen/my_rm/bd/ulp/ip/ulp_interconnect_axilite_user_imp_m08_regslice_0/ulp_interconnect_axilite_user_imp_m08_regslice_0_clocks.xdc] for cell 'level0_i/ulp/SLR0/interconnect_axilite_user/m08_couplers/m08_regslice/inst'
Finished Parsing XDC File [/home/miahafiz/NeuroRing_a_4096_5c/_x.hw.NUM_4096.CORE_5.FREQ_300/link/vivado/vpl/prj/prj.gen/my_rm/bd/ulp/ip/ulp_interconnect_axilite_user_imp_m08_regslice_0/ulp_interconnect_axilite_user_imp_m08_regslice_0_clocks.xdc] for cell 'level0_i/ulp/SLR0/interconnect_axilite_user/m08_couplers/m08_regslice/inst'
Parsing XDC File [/home/miahafiz/NeuroRing_a_4096_5c/_x.hw.NUM_4096.CORE_5.FREQ_300/link/vivado/vpl/prj/prj.gen/my_rm/bd/ulp/ip/ulp_interconnect_axilite_user_imp_m09_regslice_0/ulp_interconnect_axilite_user_imp_m09_regslice_0_clocks.xdc] for cell 'level0_i/ulp/SLR0/interconnect_axilite_user/m09_couplers/m09_regslice/inst'
Finished Parsing XDC File [/home/miahafiz/NeuroRing_a_4096_5c/_x.hw.NUM_4096.CORE_5.FREQ_300/link/vivado/vpl/prj/prj.gen/my_rm/bd/ulp/ip/ulp_interconnect_axilite_user_imp_m09_regslice_0/ulp_interconnect_axilite_user_imp_m09_regslice_0_clocks.xdc] for cell 'level0_i/ulp/SLR0/interconnect_axilite_user/m09_couplers/m09_regslice/inst'
Parsing XDC File [/home/miahafiz/NeuroRing_a_4096_5c/_x.hw.NUM_4096.CORE_5.FREQ_300/link/vivado/vpl/prj/prj.gen/my_rm/bd/ulp/ip/ulp_interconnect_axilite_user_imp_m10_regslice_0/ulp_interconnect_axilite_user_imp_m10_regslice_0_clocks.xdc] for cell 'level0_i/ulp/SLR0/interconnect_axilite_user/m10_couplers/m10_regslice/inst'
Finished Parsing XDC File [/home/miahafiz/NeuroRing_a_4096_5c/_x.hw.NUM_4096.CORE_5.FREQ_300/link/vivado/vpl/prj/prj.gen/my_rm/bd/ulp/ip/ulp_interconnect_axilite_user_imp_m10_regslice_0/ulp_interconnect_axilite_user_imp_m10_regslice_0_clocks.xdc] for cell 'level0_i/ulp/SLR0/interconnect_axilite_user/m10_couplers/m10_regslice/inst'
Parsing XDC File [/home/miahafiz/NeuroRing_a_4096_5c/_x.hw.NUM_4096.CORE_5.FREQ_300/link/vivado/vpl/prj/prj.gen/my_rm/bd/ulp/ip/ulp_interconnect_axilite_user_imp_s00_regslice_0/ulp_interconnect_axilite_user_imp_s00_regslice_0_clocks.xdc] for cell 'level0_i/ulp/SLR0/interconnect_axilite_user/s00_couplers/s00_regslice/inst'
Finished Parsing XDC File [/home/miahafiz/NeuroRing_a_4096_5c/_x.hw.NUM_4096.CORE_5.FREQ_300/link/vivado/vpl/prj/prj.gen/my_rm/bd/ulp/ip/ulp_interconnect_axilite_user_imp_s00_regslice_0/ulp_interconnect_axilite_user_imp_s00_regslice_0_clocks.xdc] for cell 'level0_i/ulp/SLR0/interconnect_axilite_user/s00_couplers/s00_regslice/inst'
Parsing XDC File [/home/miahafiz/NeuroRing_a_4096_5c/_x.hw.NUM_4096.CORE_5.FREQ_300/link/vivado/vpl/prj/prj.gen/my_rm/bd/ulp/ip/ulp_interconnect_axilite_user_imp_s00_regslice_1/ulp_interconnect_axilite_user_imp_s00_regslice_1_clocks.xdc] for cell 'level0_i/ulp/SLR1/interconnect_axilite_user/s00_couplers/s00_regslice/inst'
Finished Parsing XDC File [/home/miahafiz/NeuroRing_a_4096_5c/_x.hw.NUM_4096.CORE_5.FREQ_300/link/vivado/vpl/prj/prj.gen/my_rm/bd/ulp/ip/ulp_interconnect_axilite_user_imp_s00_regslice_1/ulp_interconnect_axilite_user_imp_s00_regslice_1_clocks.xdc] for cell 'level0_i/ulp/SLR1/interconnect_axilite_user/s00_couplers/s00_regslice/inst'
Parsing XDC File [/home/miahafiz/NeuroRing_a_4096_5c/_x.hw.NUM_4096.CORE_5.FREQ_300/link/vivado/vpl/prj/prj.gen/my_rm/bd/ulp/ip/ulp_interconnect_axilite_user_imp_s00_regslice_2/ulp_interconnect_axilite_user_imp_s00_regslice_2_clocks.xdc] for cell 'level0_i/ulp/SLR2/interconnect_axilite_user/s00_couplers/s00_regslice/inst'
Finished Parsing XDC File [/home/miahafiz/NeuroRing_a_4096_5c/_x.hw.NUM_4096.CORE_5.FREQ_300/link/vivado/vpl/prj/prj.gen/my_rm/bd/ulp/ip/ulp_interconnect_axilite_user_imp_s00_regslice_2/ulp_interconnect_axilite_user_imp_s00_regslice_2_clocks.xdc] for cell 'level0_i/ulp/SLR2/interconnect_axilite_user/s00_couplers/s00_regslice/inst'
Parsing XDC File [/home/miahafiz/NeuroRing_a_4096_5c/_x.hw.NUM_4096.CORE_5.FREQ_300/link/vivado/vpl/prj/prj.gen/my_rm/bd/ulp/ip/ulp_proc_sys_reset_ctrl_slr0_0/ulp_proc_sys_reset_ctrl_slr0_0_slr.xdc] for cell 'level0_i/ulp/proc_sys_reset_ctrl_slr0/U0'
INFO: [Vivado 12-3520] Assignment of 'SEQ, PR_OUT_DFF[0].FDRE_PER, FDRE_inst, GND, ACTIVE_LOW_BSR_OUT_DFF[0].FDRE_BSR_N, ACTIVE_LOW_PR_OUT_DFF[0].FDRE_PER_N, EXT_LPF, BSR_OUT_DFF[0].FDRE_BSR, and VCC' to a pblock 'pblock_dynamic_SLR0' means that all children of 'proc_sys_reset_ctrl_slr0' are in the pblock. Changing the pblock assignment to 'proc_sys_reset_ctrl_slr0'. [/home/miahafiz/NeuroRing_a_4096_5c/_x.hw.NUM_4096.CORE_5.FREQ_300/link/vivado/vpl/prj/prj.gen/my_rm/bd/ulp/ip/ulp_proc_sys_reset_ctrl_slr0_0/ulp_proc_sys_reset_ctrl_slr0_0_slr.xdc:55]
Finished Parsing XDC File [/home/miahafiz/NeuroRing_a_4096_5c/_x.hw.NUM_4096.CORE_5.FREQ_300/link/vivado/vpl/prj/prj.gen/my_rm/bd/ulp/ip/ulp_proc_sys_reset_ctrl_slr0_0/ulp_proc_sys_reset_ctrl_slr0_0_slr.xdc] for cell 'level0_i/ulp/proc_sys_reset_ctrl_slr0/U0'
Parsing XDC File [/home/miahafiz/NeuroRing_a_4096_5c/_x.hw.NUM_4096.CORE_5.FREQ_300/link/vivado/vpl/prj/prj.gen/my_rm/bd/ulp/ip/ulp_proc_sys_reset_ctrl_slr1_0/ulp_proc_sys_reset_ctrl_slr1_0_slr.xdc] for cell 'level0_i/ulp/proc_sys_reset_ctrl_slr1/U0'
INFO: [Vivado 12-3520] Assignment of 'ACTIVE_LOW_PR_OUT_DFF[0].FDRE_PER_N, VCC, SEQ, PR_OUT_DFF[0].FDRE_PER, GND, ACTIVE_LOW_BSR_OUT_DFF[0].FDRE_BSR_N, BSR_OUT_DFF[0].FDRE_BSR, FDRE_inst, and EXT_LPF' to a pblock 'pblock_dynamic_SLR1' means that all children of 'proc_sys_reset_ctrl_slr1' are in the pblock. Changing the pblock assignment to 'proc_sys_reset_ctrl_slr1'. [/home/miahafiz/NeuroRing_a_4096_5c/_x.hw.NUM_4096.CORE_5.FREQ_300/link/vivado/vpl/prj/prj.gen/my_rm/bd/ulp/ip/ulp_proc_sys_reset_ctrl_slr1_0/ulp_proc_sys_reset_ctrl_slr1_0_slr.xdc:55]
Finished Parsing XDC File [/home/miahafiz/NeuroRing_a_4096_5c/_x.hw.NUM_4096.CORE_5.FREQ_300/link/vivado/vpl/prj/prj.gen/my_rm/bd/ulp/ip/ulp_proc_sys_reset_ctrl_slr1_0/ulp_proc_sys_reset_ctrl_slr1_0_slr.xdc] for cell 'level0_i/ulp/proc_sys_reset_ctrl_slr1/U0'
Parsing XDC File [/home/miahafiz/NeuroRing_a_4096_5c/_x.hw.NUM_4096.CORE_5.FREQ_300/link/vivado/vpl/prj/prj.gen/my_rm/bd/ulp/ip/ulp_proc_sys_reset_ctrl_slr2_0/ulp_proc_sys_reset_ctrl_slr2_0_slr.xdc] for cell 'level0_i/ulp/proc_sys_reset_ctrl_slr2/U0'
INFO: [Vivado 12-3520] Assignment of 'VCC, SEQ, PR_OUT_DFF[0].FDRE_PER, GND, FDRE_inst, ACTIVE_LOW_BSR_OUT_DFF[0].FDRE_BSR_N, ACTIVE_LOW_PR_OUT_DFF[0].FDRE_PER_N, EXT_LPF, and BSR_OUT_DFF[0].FDRE_BSR' to a pblock 'pblock_dynamic_SLR2' means that all children of 'proc_sys_reset_ctrl_slr2' are in the pblock. Changing the pblock assignment to 'proc_sys_reset_ctrl_slr2'. [/home/miahafiz/NeuroRing_a_4096_5c/_x.hw.NUM_4096.CORE_5.FREQ_300/link/vivado/vpl/prj/prj.gen/my_rm/bd/ulp/ip/ulp_proc_sys_reset_ctrl_slr2_0/ulp_proc_sys_reset_ctrl_slr2_0_slr.xdc:55]
Finished Parsing XDC File [/home/miahafiz/NeuroRing_a_4096_5c/_x.hw.NUM_4096.CORE_5.FREQ_300/link/vivado/vpl/prj/prj.gen/my_rm/bd/ulp/ip/ulp_proc_sys_reset_ctrl_slr2_0/ulp_proc_sys_reset_ctrl_slr2_0_slr.xdc] for cell 'level0_i/ulp/proc_sys_reset_ctrl_slr2/U0'
Parsing XDC File [/home/miahafiz/NeuroRing_a_4096_5c/_x.hw.NUM_4096.CORE_5.FREQ_300/link/vivado/vpl/prj/prj.gen/my_rm/bd/ulp/ip/ulp_proc_sys_reset_freerun_slr0_0/ulp_proc_sys_reset_freerun_slr0_0_slr.xdc] for cell 'level0_i/ulp/proc_sys_reset_freerun_slr0/U0'
INFO: [Vivado 12-3520] Assignment of 'VCC, SEQ, PR_OUT_DFF[0].FDRE_PER, GND, FDRE_inst, ACTIVE_LOW_BSR_OUT_DFF[0].FDRE_BSR_N, BSR_OUT_DFF[0].FDRE_BSR, ACTIVE_LOW_PR_OUT_DFF[0].FDRE_PER_N, and EXT_LPF' to a pblock 'pblock_dynamic_SLR0' means that all children of 'proc_sys_reset_freerun_slr0' are in the pblock. Changing the pblock assignment to 'proc_sys_reset_freerun_slr0'. [/home/miahafiz/NeuroRing_a_4096_5c/_x.hw.NUM_4096.CORE_5.FREQ_300/link/vivado/vpl/prj/prj.gen/my_rm/bd/ulp/ip/ulp_proc_sys_reset_freerun_slr0_0/ulp_proc_sys_reset_freerun_slr0_0_slr.xdc:55]
Finished Parsing XDC File [/home/miahafiz/NeuroRing_a_4096_5c/_x.hw.NUM_4096.CORE_5.FREQ_300/link/vivado/vpl/prj/prj.gen/my_rm/bd/ulp/ip/ulp_proc_sys_reset_freerun_slr0_0/ulp_proc_sys_reset_freerun_slr0_0_slr.xdc] for cell 'level0_i/ulp/proc_sys_reset_freerun_slr0/U0'
Parsing XDC File [/home/miahafiz/NeuroRing_a_4096_5c/_x.hw.NUM_4096.CORE_5.FREQ_300/link/vivado/vpl/prj/prj.gen/my_rm/bd/ulp/ip/ulp_proc_sys_reset_freerun_slr1_0/ulp_proc_sys_reset_freerun_slr1_0_slr.xdc] for cell 'level0_i/ulp/proc_sys_reset_freerun_slr1/U0'
INFO: [Vivado 12-3520] Assignment of 'EXT_LPF, ACTIVE_LOW_PR_OUT_DFF[0].FDRE_PER_N, BSR_OUT_DFF[0].FDRE_BSR, ACTIVE_LOW_BSR_OUT_DFF[0].FDRE_BSR_N, FDRE_inst, GND, PR_OUT_DFF[0].FDRE_PER, SEQ, and VCC' to a pblock 'pblock_dynamic_SLR1' means that all children of 'proc_sys_reset_freerun_slr1' are in the pblock. Changing the pblock assignment to 'proc_sys_reset_freerun_slr1'. [/home/miahafiz/NeuroRing_a_4096_5c/_x.hw.NUM_4096.CORE_5.FREQ_300/link/vivado/vpl/prj/prj.gen/my_rm/bd/ulp/ip/ulp_proc_sys_reset_freerun_slr1_0/ulp_proc_sys_reset_freerun_slr1_0_slr.xdc:55]
Finished Parsing XDC File [/home/miahafiz/NeuroRing_a_4096_5c/_x.hw.NUM_4096.CORE_5.FREQ_300/link/vivado/vpl/prj/prj.gen/my_rm/bd/ulp/ip/ulp_proc_sys_reset_freerun_slr1_0/ulp_proc_sys_reset_freerun_slr1_0_slr.xdc] for cell 'level0_i/ulp/proc_sys_reset_freerun_slr1/U0'
Parsing XDC File [/home/miahafiz/NeuroRing_a_4096_5c/_x.hw.NUM_4096.CORE_5.FREQ_300/link/vivado/vpl/prj/prj.gen/my_rm/bd/ulp/ip/ulp_proc_sys_reset_freerun_slr2_0/ulp_proc_sys_reset_freerun_slr2_0_slr.xdc] for cell 'level0_i/ulp/proc_sys_reset_freerun_slr2/U0'
INFO: [Vivado 12-3520] Assignment of 'BSR_OUT_DFF[0].FDRE_BSR, ACTIVE_LOW_PR_OUT_DFF[0].FDRE_PER_N, ACTIVE_LOW_BSR_OUT_DFF[0].FDRE_BSR_N, EXT_LPF, FDRE_inst, GND, PR_OUT_DFF[0].FDRE_PER, SEQ, and VCC' to a pblock 'pblock_dynamic_SLR2' means that all children of 'proc_sys_reset_freerun_slr2' are in the pblock. Changing the pblock assignment to 'proc_sys_reset_freerun_slr2'. [/home/miahafiz/NeuroRing_a_4096_5c/_x.hw.NUM_4096.CORE_5.FREQ_300/link/vivado/vpl/prj/prj.gen/my_rm/bd/ulp/ip/ulp_proc_sys_reset_freerun_slr2_0/ulp_proc_sys_reset_freerun_slr2_0_slr.xdc:55]
Finished Parsing XDC File [/home/miahafiz/NeuroRing_a_4096_5c/_x.hw.NUM_4096.CORE_5.FREQ_300/link/vivado/vpl/prj/prj.gen/my_rm/bd/ulp/ip/ulp_proc_sys_reset_freerun_slr2_0/ulp_proc_sys_reset_freerun_slr2_0_slr.xdc] for cell 'level0_i/ulp/proc_sys_reset_freerun_slr2/U0'
Parsing XDC File [/home/miahafiz/NeuroRing_a_4096_5c/_x.hw.NUM_4096.CORE_5.FREQ_300/link/vivado/vpl/prj/prj.gen/my_rm/bd/ulp/ip/ulp_proc_sys_reset_kernel2_slr0_0/ulp_proc_sys_reset_kernel2_slr0_0_slr.xdc] for cell 'level0_i/ulp/proc_sys_reset_kernel2_slr0/U0'
INFO: [Vivado 12-3520] Assignment of 'EXT_LPF, ACTIVE_LOW_PR_OUT_DFF[0].FDRE_PER_N, BSR_OUT_DFF[0].FDRE_BSR, ACTIVE_LOW_BSR_OUT_DFF[0].FDRE_BSR_N, FDRE_inst, GND, PR_OUT_DFF[0].FDRE_PER, SEQ, and VCC' to a pblock 'pblock_dynamic_SLR0' means that all children of 'proc_sys_reset_kernel2_slr0' are in the pblock. Changing the pblock assignment to 'proc_sys_reset_kernel2_slr0'. [/home/miahafiz/NeuroRing_a_4096_5c/_x.hw.NUM_4096.CORE_5.FREQ_300/link/vivado/vpl/prj/prj.gen/my_rm/bd/ulp/ip/ulp_proc_sys_reset_kernel2_slr0_0/ulp_proc_sys_reset_kernel2_slr0_0_slr.xdc:55]
Finished Parsing XDC File [/home/miahafiz/NeuroRing_a_4096_5c/_x.hw.NUM_4096.CORE_5.FREQ_300/link/vivado/vpl/prj/prj.gen/my_rm/bd/ulp/ip/ulp_proc_sys_reset_kernel2_slr0_0/ulp_proc_sys_reset_kernel2_slr0_0_slr.xdc] for cell 'level0_i/ulp/proc_sys_reset_kernel2_slr0/U0'
Parsing XDC File [/home/miahafiz/NeuroRing_a_4096_5c/_x.hw.NUM_4096.CORE_5.FREQ_300/link/vivado/vpl/prj/prj.gen/my_rm/bd/ulp/ip/ulp_proc_sys_reset_kernel2_slr1_0/ulp_proc_sys_reset_kernel2_slr1_0_slr.xdc] for cell 'level0_i/ulp/proc_sys_reset_kernel2_slr1/U0'
INFO: [Vivado 12-3520] Assignment of 'EXT_LPF, ACTIVE_LOW_PR_OUT_DFF[0].FDRE_PER_N, BSR_OUT_DFF[0].FDRE_BSR, ACTIVE_LOW_BSR_OUT_DFF[0].FDRE_BSR_N, FDRE_inst, GND, PR_OUT_DFF[0].FDRE_PER, SEQ, and VCC' to a pblock 'pblock_dynamic_SLR1' means that all children of 'proc_sys_reset_kernel2_slr1' are in the pblock. Changing the pblock assignment to 'proc_sys_reset_kernel2_slr1'. [/home/miahafiz/NeuroRing_a_4096_5c/_x.hw.NUM_4096.CORE_5.FREQ_300/link/vivado/vpl/prj/prj.gen/my_rm/bd/ulp/ip/ulp_proc_sys_reset_kernel2_slr1_0/ulp_proc_sys_reset_kernel2_slr1_0_slr.xdc:55]
Finished Parsing XDC File [/home/miahafiz/NeuroRing_a_4096_5c/_x.hw.NUM_4096.CORE_5.FREQ_300/link/vivado/vpl/prj/prj.gen/my_rm/bd/ulp/ip/ulp_proc_sys_reset_kernel2_slr1_0/ulp_proc_sys_reset_kernel2_slr1_0_slr.xdc] for cell 'level0_i/ulp/proc_sys_reset_kernel2_slr1/U0'
Parsing XDC File [/home/miahafiz/NeuroRing_a_4096_5c/_x.hw.NUM_4096.CORE_5.FREQ_300/link/vivado/vpl/prj/prj.gen/my_rm/bd/ulp/ip/ulp_proc_sys_reset_kernel2_slr2_0/ulp_proc_sys_reset_kernel2_slr2_0_slr.xdc] for cell 'level0_i/ulp/proc_sys_reset_kernel2_slr2/U0'
INFO: [Vivado 12-3520] Assignment of 'EXT_LPF, ACTIVE_LOW_PR_OUT_DFF[0].FDRE_PER_N, BSR_OUT_DFF[0].FDRE_BSR, ACTIVE_LOW_BSR_OUT_DFF[0].FDRE_BSR_N, FDRE_inst, GND, PR_OUT_DFF[0].FDRE_PER, SEQ, and VCC' to a pblock 'pblock_dynamic_SLR2' means that all children of 'proc_sys_reset_kernel2_slr2' are in the pblock. Changing the pblock assignment to 'proc_sys_reset_kernel2_slr2'. [/home/miahafiz/NeuroRing_a_4096_5c/_x.hw.NUM_4096.CORE_5.FREQ_300/link/vivado/vpl/prj/prj.gen/my_rm/bd/ulp/ip/ulp_proc_sys_reset_kernel2_slr2_0/ulp_proc_sys_reset_kernel2_slr2_0_slr.xdc:55]
Finished Parsing XDC File [/home/miahafiz/NeuroRing_a_4096_5c/_x.hw.NUM_4096.CORE_5.FREQ_300/link/vivado/vpl/prj/prj.gen/my_rm/bd/ulp/ip/ulp_proc_sys_reset_kernel2_slr2_0/ulp_proc_sys_reset_kernel2_slr2_0_slr.xdc] for cell 'level0_i/ulp/proc_sys_reset_kernel2_slr2/U0'
Parsing XDC File [/home/miahafiz/NeuroRing_a_4096_5c/_x.hw.NUM_4096.CORE_5.FREQ_300/link/vivado/vpl/prj/prj.gen/my_rm/bd/ulp/ip/ulp_proc_sys_reset_kernel_slr0_0/ulp_proc_sys_reset_kernel_slr0_0_slr.xdc] for cell 'level0_i/ulp/proc_sys_reset_kernel_slr0/U0'
INFO: [Vivado 12-3520] Assignment of 'BSR_OUT_DFF[0].FDRE_BSR, EXT_LPF, ACTIVE_LOW_PR_OUT_DFF[0].FDRE_PER_N, ACTIVE_LOW_BSR_OUT_DFF[0].FDRE_BSR_N, FDRE_inst, GND, PR_OUT_DFF[0].FDRE_PER, SEQ, and VCC' to a pblock 'pblock_dynamic_SLR0' means that all children of 'proc_sys_reset_kernel_slr0' are in the pblock. Changing the pblock assignment to 'proc_sys_reset_kernel_slr0'. [/home/miahafiz/NeuroRing_a_4096_5c/_x.hw.NUM_4096.CORE_5.FREQ_300/link/vivado/vpl/prj/prj.gen/my_rm/bd/ulp/ip/ulp_proc_sys_reset_kernel_slr0_0/ulp_proc_sys_reset_kernel_slr0_0_slr.xdc:55]
Finished Parsing XDC File [/home/miahafiz/NeuroRing_a_4096_5c/_x.hw.NUM_4096.CORE_5.FREQ_300/link/vivado/vpl/prj/prj.gen/my_rm/bd/ulp/ip/ulp_proc_sys_reset_kernel_slr0_0/ulp_proc_sys_reset_kernel_slr0_0_slr.xdc] for cell 'level0_i/ulp/proc_sys_reset_kernel_slr0/U0'
Parsing XDC File [/home/miahafiz/NeuroRing_a_4096_5c/_x.hw.NUM_4096.CORE_5.FREQ_300/link/vivado/vpl/prj/prj.gen/my_rm/bd/ulp/ip/ulp_proc_sys_reset_kernel_slr1_0/ulp_proc_sys_reset_kernel_slr1_0_slr.xdc] for cell 'level0_i/ulp/proc_sys_reset_kernel_slr1/U0'
INFO: [Vivado 12-3520] Assignment of 'BSR_OUT_DFF[0].FDRE_BSR, EXT_LPF, ACTIVE_LOW_PR_OUT_DFF[0].FDRE_PER_N, ACTIVE_LOW_BSR_OUT_DFF[0].FDRE_BSR_N, FDRE_inst, GND, PR_OUT_DFF[0].FDRE_PER, SEQ, and VCC' to a pblock 'pblock_dynamic_SLR1' means that all children of 'proc_sys_reset_kernel_slr1' are in the pblock. Changing the pblock assignment to 'proc_sys_reset_kernel_slr1'. [/home/miahafiz/NeuroRing_a_4096_5c/_x.hw.NUM_4096.CORE_5.FREQ_300/link/vivado/vpl/prj/prj.gen/my_rm/bd/ulp/ip/ulp_proc_sys_reset_kernel_slr1_0/ulp_proc_sys_reset_kernel_slr1_0_slr.xdc:55]
Finished Parsing XDC File [/home/miahafiz/NeuroRing_a_4096_5c/_x.hw.NUM_4096.CORE_5.FREQ_300/link/vivado/vpl/prj/prj.gen/my_rm/bd/ulp/ip/ulp_proc_sys_reset_kernel_slr1_0/ulp_proc_sys_reset_kernel_slr1_0_slr.xdc] for cell 'level0_i/ulp/proc_sys_reset_kernel_slr1/U0'
Parsing XDC File [/home/miahafiz/NeuroRing_a_4096_5c/_x.hw.NUM_4096.CORE_5.FREQ_300/link/vivado/vpl/prj/prj.gen/my_rm/bd/ulp/ip/ulp_proc_sys_reset_kernel_slr2_0/ulp_proc_sys_reset_kernel_slr2_0_slr.xdc] for cell 'level0_i/ulp/proc_sys_reset_kernel_slr2/U0'
INFO: [Vivado 12-3520] Assignment of 'BSR_OUT_DFF[0].FDRE_BSR, EXT_LPF, ACTIVE_LOW_PR_OUT_DFF[0].FDRE_PER_N, ACTIVE_LOW_BSR_OUT_DFF[0].FDRE_BSR_N, FDRE_inst, GND, PR_OUT_DFF[0].FDRE_PER, SEQ, and VCC' to a pblock 'pblock_dynamic_SLR2' means that all children of 'proc_sys_reset_kernel_slr2' are in the pblock. Changing the pblock assignment to 'proc_sys_reset_kernel_slr2'. [/home/miahafiz/NeuroRing_a_4096_5c/_x.hw.NUM_4096.CORE_5.FREQ_300/link/vivado/vpl/prj/prj.gen/my_rm/bd/ulp/ip/ulp_proc_sys_reset_kernel_slr2_0/ulp_proc_sys_reset_kernel_slr2_0_slr.xdc:55]
Finished Parsing XDC File [/home/miahafiz/NeuroRing_a_4096_5c/_x.hw.NUM_4096.CORE_5.FREQ_300/link/vivado/vpl/prj/prj.gen/my_rm/bd/ulp/ip/ulp_proc_sys_reset_kernel_slr2_0/ulp_proc_sys_reset_kernel_slr2_0_slr.xdc] for cell 'level0_i/ulp/proc_sys_reset_kernel_slr2/U0'
Parsing XDC File [/home/miahafiz/NeuroRing_a_4096_5c/_x.hw.NUM_4096.CORE_5.FREQ_300/link/vivado/vpl/prj/prj.gen/my_rm/bd/ulp/ip/ulp_regslice_control_userpf_0/ulp_regslice_control_userpf_0_clocks.xdc] for cell 'level0_i/ulp/SLR0/regslice_control_userpf/inst'
Finished Parsing XDC File [/home/miahafiz/NeuroRing_a_4096_5c/_x.hw.NUM_4096.CORE_5.FREQ_300/link/vivado/vpl/prj/prj.gen/my_rm/bd/ulp/ip/ulp_regslice_control_userpf_0/ulp_regslice_control_userpf_0_clocks.xdc] for cell 'level0_i/ulp/SLR0/regslice_control_userpf/inst'
Parsing XDC File [/home/miahafiz/NeuroRing_a_4096_5c/_x.hw.NUM_4096.CORE_5.FREQ_300/link/vivado/vpl/prj/prj.gen/my_rm/bd/ulp/ip/ulp_regslice_control_userpf_0/ulp_regslice_control_userpf_0_slr.xdc] for cell 'level0_i/ulp/SLR0/regslice_control_userpf/inst'
Finished Parsing XDC File [/home/miahafiz/NeuroRing_a_4096_5c/_x.hw.NUM_4096.CORE_5.FREQ_300/link/vivado/vpl/prj/prj.gen/my_rm/bd/ulp/ip/ulp_regslice_control_userpf_0/ulp_regslice_control_userpf_0_slr.xdc] for cell 'level0_i/ulp/SLR0/regslice_control_userpf/inst'
Parsing XDC File [/home/miahafiz/NeuroRing_a_4096_5c/_x.hw.NUM_4096.CORE_5.FREQ_300/link/vivado/vpl/prj/prj.gen/my_rm/bd/ulp/ip/ulp_regslice_control_userpf_1/ulp_regslice_control_userpf_1_clocks.xdc] for cell 'level0_i/ulp/SLR1/regslice_control_userpf/inst'
Finished Parsing XDC File [/home/miahafiz/NeuroRing_a_4096_5c/_x.hw.NUM_4096.CORE_5.FREQ_300/link/vivado/vpl/prj/prj.gen/my_rm/bd/ulp/ip/ulp_regslice_control_userpf_1/ulp_regslice_control_userpf_1_clocks.xdc] for cell 'level0_i/ulp/SLR1/regslice_control_userpf/inst'
Parsing XDC File [/home/miahafiz/NeuroRing_a_4096_5c/_x.hw.NUM_4096.CORE_5.FREQ_300/link/vivado/vpl/prj/prj.gen/my_rm/bd/ulp/ip/ulp_regslice_control_userpf_1/ulp_regslice_control_userpf_1_slr.xdc] for cell 'level0_i/ulp/SLR1/regslice_control_userpf/inst'
Finished Parsing XDC File [/home/miahafiz/NeuroRing_a_4096_5c/_x.hw.NUM_4096.CORE_5.FREQ_300/link/vivado/vpl/prj/prj.gen/my_rm/bd/ulp/ip/ulp_regslice_control_userpf_1/ulp_regslice_control_userpf_1_slr.xdc] for cell 'level0_i/ulp/SLR1/regslice_control_userpf/inst'
Parsing XDC File [/home/miahafiz/NeuroRing_a_4096_5c/_x.hw.NUM_4096.CORE_5.FREQ_300/link/vivado/vpl/prj/prj.gen/my_rm/bd/ulp/ip/ulp_regslice_control_userpf_2/ulp_regslice_control_userpf_2_clocks.xdc] for cell 'level0_i/ulp/SLR2/regslice_control_userpf/inst'
Finished Parsing XDC File [/home/miahafiz/NeuroRing_a_4096_5c/_x.hw.NUM_4096.CORE_5.FREQ_300/link/vivado/vpl/prj/prj.gen/my_rm/bd/ulp/ip/ulp_regslice_control_userpf_2/ulp_regslice_control_userpf_2_clocks.xdc] for cell 'level0_i/ulp/SLR2/regslice_control_userpf/inst'
Parsing XDC File [/home/miahafiz/NeuroRing_a_4096_5c/_x.hw.NUM_4096.CORE_5.FREQ_300/link/vivado/vpl/prj/prj.gen/my_rm/bd/ulp/ip/ulp_regslice_control_userpf_2/ulp_regslice_control_userpf_2_slr.xdc] for cell 'level0_i/ulp/SLR2/regslice_control_userpf/inst'
Finished Parsing XDC File [/home/miahafiz/NeuroRing_a_4096_5c/_x.hw.NUM_4096.CORE_5.FREQ_300/link/vivado/vpl/prj/prj.gen/my_rm/bd/ulp/ip/ulp_regslice_control_userpf_2/ulp_regslice_control_userpf_2_slr.xdc] for cell 'level0_i/ulp/SLR2/regslice_control_userpf/inst'
Parsing XDC File [/home/miahafiz/NeuroRing_a_4096_5c/_x.hw.NUM_4096.CORE_5.FREQ_300/link/vivado/vpl/prj/prj.gen/my_rm/bd/ulp/ip/ulp_ulp_cmp_0/bd_1/ip/ip_0/constraints/axi_jtag.xdc] for cell 'level0_i/ulp/ulp_cmp/inst/user_debug_bridge/inst/axi_jtag/inst'
Finished Parsing XDC File [/home/miahafiz/NeuroRing_a_4096_5c/_x.hw.NUM_4096.CORE_5.FREQ_300/link/vivado/vpl/prj/prj.gen/my_rm/bd/ulp/ip/ulp_ulp_cmp_0/bd_1/ip/ip_0/constraints/axi_jtag.xdc] for cell 'level0_i/ulp/ulp_cmp/inst/user_debug_bridge/inst/axi_jtag/inst'
Parsing XDC File [/home/miahafiz/NeuroRing_a_4096_5c/_x.hw.NUM_4096.CORE_5.FREQ_300/link/vivado/vpl/prj/prj.gen/my_rm/bd/ulp/ip/ulp_ulp_cmp_0/bd_1/ip/ip_1/constraints/bsip.xdc] for cell 'level0_i/ulp/ulp_cmp/inst/user_debug_bridge/inst/bsip/inst'
Finished Parsing XDC File [/home/miahafiz/NeuroRing_a_4096_5c/_x.hw.NUM_4096.CORE_5.FREQ_300/link/vivado/vpl/prj/prj.gen/my_rm/bd/ulp/ip/ulp_ulp_cmp_0/bd_1/ip/ip_1/constraints/bsip.xdc] for cell 'level0_i/ulp/ulp_cmp/inst/user_debug_bridge/inst/bsip/inst'
Parsing XDC File [/home/miahafiz/NeuroRing_a_4096_5c/_x.hw.NUM_4096.CORE_5.FREQ_300/link/vivado/vpl/prj/prj.gen/my_rm/bd/ulp/ip/ulp_ulp_cmp_0/bd_2/ip/ip_0/constraints/xsdbm_cc_late.xdc] for cell 'level0_i/ulp/ulp_cmp/inst/user_debug_hub/inst/xsdbm/inst'
Finished Parsing XDC File [/home/miahafiz/NeuroRing_a_4096_5c/_x.hw.NUM_4096.CORE_5.FREQ_300/link/vivado/vpl/prj/prj.gen/my_rm/bd/ulp/ip/ulp_ulp_cmp_0/bd_2/ip/ip_0/constraints/xsdbm_cc_late.xdc] for cell 'level0_i/ulp/ulp_cmp/inst/user_debug_hub/inst/xsdbm/inst'
Parsing XDC File [/home/miahafiz/NeuroRing_a_4096_5c/_x.hw.NUM_4096.CORE_5.FREQ_300/link/vivado/vpl/prj/prj.gen/my_rm/bd/ulp/ip/ulp_ulp_cmp_0/bd_2/ip/ip_0/constraints/xsdbm_gc_late.xdc] for cell 'level0_i/ulp/ulp_cmp/inst/user_debug_hub/inst/xsdbm/inst'
Finished Parsing XDC File [/home/miahafiz/NeuroRing_a_4096_5c/_x.hw.NUM_4096.CORE_5.FREQ_300/link/vivado/vpl/prj/prj.gen/my_rm/bd/ulp/ip/ulp_ulp_cmp_0/bd_2/ip/ip_0/constraints/xsdbm_gc_late.xdc] for cell 'level0_i/ulp/ulp_cmp/inst/user_debug_hub/inst/xsdbm/inst'
Parsing XDC File [/home/miahafiz/NeuroRing_a_4096_5c/_x.hw.NUM_4096.CORE_5.FREQ_300/link/vivado/vpl/prj/prj.gen/my_rm/bd/ulp/ip/ulp_ulp_cmp_0/ulp_ulp_cmp_0.xdc] for cell 'level0_i/ulp/ulp_cmp/inst'
Finished Parsing XDC File [/home/miahafiz/NeuroRing_a_4096_5c/_x.hw.NUM_4096.CORE_5.FREQ_300/link/vivado/vpl/prj/prj.gen/my_rm/bd/ulp/ip/ulp_ulp_cmp_0/ulp_ulp_cmp_0.xdc] for cell 'level0_i/ulp/ulp_cmp/inst'
Parsing XDC File [/home/miahafiz/NeuroRing_a_4096_5c/_x.hw.NUM_4096.CORE_5.FREQ_300/link/vivado/vpl/prj/prj.gen/my_rm/bd/ulp/ip/ulp_ulp_ucs_0/bd_0/ip/ip_46/bd_22c0_clkwiz_hbm_0_late.xdc] for cell 'level0_i/ulp/ulp_ucs/inst/aclk_hbm_hierarchy/clkwiz_hbm/inst'
Finished Parsing XDC File [/home/miahafiz/NeuroRing_a_4096_5c/_x.hw.NUM_4096.CORE_5.FREQ_300/link/vivado/vpl/prj/prj.gen/my_rm/bd/ulp/ip/ulp_ulp_ucs_0/bd_0/ip/ip_46/bd_22c0_clkwiz_hbm_0_late.xdc] for cell 'level0_i/ulp/ulp_ucs/inst/aclk_hbm_hierarchy/clkwiz_hbm/inst'
Parsing XDC File [/home/miahafiz/NeuroRing_a_4096_5c/_x.hw.NUM_4096.CORE_5.FREQ_300/link/vivado/vpl/prj/prj.gen/my_rm/bd/ulp/ip/ulp_ulp_ucs_0/bd_0/ip/ip_93/bd_22c0_axi_ic_ctrl_mgmt_freq_imp_auto_cc_0_clocks.xdc] for cell 'level0_i/ulp/ulp_ucs/inst/frequency_counters/axi_ic_ctrl_mgmt_freq/s00_couplers/auto_cc/inst'
Finished Parsing XDC File [/home/miahafiz/NeuroRing_a_4096_5c/_x.hw.NUM_4096.CORE_5.FREQ_300/link/vivado/vpl/prj/prj.gen/my_rm/bd/ulp/ip/ulp_ulp_ucs_0/bd_0/ip/ip_93/bd_22c0_axi_ic_ctrl_mgmt_freq_imp_auto_cc_0_clocks.xdc] for cell 'level0_i/ulp/ulp_ucs/inst/frequency_counters/axi_ic_ctrl_mgmt_freq/s00_couplers/auto_cc/inst'
Parsing XDC File [/home/miahafiz/NeuroRing_a_4096_5c/_x.hw.NUM_4096.CORE_5.FREQ_300/link/vivado/vpl/prj/prj.gen/my_rm/bd/ulp/ip/ulp_ulp_ucs_0/bd_0/ip/ip_59/bd_22c0_clkwiz_aclk_kernel_00_0_late.xdc] for cell 'level0_i/ulp/ulp_ucs/inst/aclk_kernel_00_hierarchy/clkwiz_aclk_kernel_00/inst'
Finished Parsing XDC File [/home/miahafiz/NeuroRing_a_4096_5c/_x.hw.NUM_4096.CORE_5.FREQ_300/link/vivado/vpl/prj/prj.gen/my_rm/bd/ulp/ip/ulp_ulp_ucs_0/bd_0/ip/ip_59/bd_22c0_clkwiz_aclk_kernel_00_0_late.xdc] for cell 'level0_i/ulp/ulp_ucs/inst/aclk_kernel_00_hierarchy/clkwiz_aclk_kernel_00/inst'
Parsing XDC File [/home/miahafiz/NeuroRing_a_4096_5c/_x.hw.NUM_4096.CORE_5.FREQ_300/link/vivado/vpl/prj/prj.gen/my_rm/bd/ulp/ip/ulp_ulp_ucs_0/bd_0/ip/ip_60/bd_22c0_clock_throttling_aclk_kernel_00_0.xdc] for cell 'level0_i/ulp/ulp_ucs/inst/aclk_kernel_00_hierarchy/clock_throttling_aclk_kernel_00/U0'
Finished Parsing XDC File [/home/miahafiz/NeuroRing_a_4096_5c/_x.hw.NUM_4096.CORE_5.FREQ_300/link/vivado/vpl/prj/prj.gen/my_rm/bd/ulp/ip/ulp_ulp_ucs_0/bd_0/ip/ip_60/bd_22c0_clock_throttling_aclk_kernel_00_0.xdc] for cell 'level0_i/ulp/ulp_ucs/inst/aclk_kernel_00_hierarchy/clock_throttling_aclk_kernel_00/U0'
Parsing XDC File [/home/miahafiz/NeuroRing_a_4096_5c/_x.hw.NUM_4096.CORE_5.FREQ_300/link/vivado/vpl/prj/prj.gen/my_rm/bd/ulp/ip/ulp_ulp_ucs_0/bd_0/ip/ip_77/bd_22c0_clkwiz_aclk_kernel_01_0_late.xdc] for cell 'level0_i/ulp/ulp_ucs/inst/aclk_kernel_01_hierarchy/clkwiz_aclk_kernel_01/inst'
Finished Parsing XDC File [/home/miahafiz/NeuroRing_a_4096_5c/_x.hw.NUM_4096.CORE_5.FREQ_300/link/vivado/vpl/prj/prj.gen/my_rm/bd/ulp/ip/ulp_ulp_ucs_0/bd_0/ip/ip_77/bd_22c0_clkwiz_aclk_kernel_01_0_late.xdc] for cell 'level0_i/ulp/ulp_ucs/inst/aclk_kernel_01_hierarchy/clkwiz_aclk_kernel_01/inst'
Parsing XDC File [/home/miahafiz/NeuroRing_a_4096_5c/_x.hw.NUM_4096.CORE_5.FREQ_300/link/vivado/vpl/prj/prj.gen/my_rm/bd/ulp/ip/ulp_ulp_ucs_0/bd_0/ip/ip_78/bd_22c0_clock_throttling_aclk_kernel_01_0.xdc] for cell 'level0_i/ulp/ulp_ucs/inst/aclk_kernel_01_hierarchy/clock_throttling_aclk_kernel_01/U0'
Finished Parsing XDC File [/home/miahafiz/NeuroRing_a_4096_5c/_x.hw.NUM_4096.CORE_5.FREQ_300/link/vivado/vpl/prj/prj.gen/my_rm/bd/ulp/ip/ulp_ulp_ucs_0/bd_0/ip/ip_78/bd_22c0_clock_throttling_aclk_kernel_01_0.xdc] for cell 'level0_i/ulp/ulp_ucs/inst/aclk_kernel_01_hierarchy/clock_throttling_aclk_kernel_01/U0'
Parsing XDC File [/home/miahafiz/NeuroRing_a_4096_5c/_x.hw.NUM_4096.CORE_5.FREQ_300/link/vivado/vpl/prj/prj.gen/my_rm/bd/ulp/ip/ulp_ulp_ucs_0/ulp_ulp_ucs_0.xdc] for cell 'level0_i/ulp/ulp_ucs/inst'
Finished Parsing XDC File [/home/miahafiz/NeuroRing_a_4096_5c/_x.hw.NUM_4096.CORE_5.FREQ_300/link/vivado/vpl/prj/prj.gen/my_rm/bd/ulp/ip/ulp_ulp_ucs_0/ulp_ulp_ucs_0.xdc] for cell 'level0_i/ulp/ulp_ucs/inst'
Parsing XDC File [/home/miahafiz/NeuroRing_a_4096_5c/_x.hw.NUM_4096.CORE_5.FREQ_300/link/vivado/vpl/prj/prj.gen/my_rm/bd/ulp/ip/ulp_ii_level0_wire_0/bd_0/ip/ip_5/bd_5941_s_ip_axi_ctrl_mgmt_00_0_clocks.xdc] for cell 'level0_i/ulp/ii_level0_wire/inst/pxi_ii_core/inst/s_ip_axi_ctrl_mgmt_00/inst'
Finished Parsing XDC File [/home/miahafiz/NeuroRing_a_4096_5c/_x.hw.NUM_4096.CORE_5.FREQ_300/link/vivado/vpl/prj/prj.gen/my_rm/bd/ulp/ip/ulp_ii_level0_wire_0/bd_0/ip/ip_5/bd_5941_s_ip_axi_ctrl_mgmt_00_0_clocks.xdc] for cell 'level0_i/ulp/ii_level0_wire/inst/pxi_ii_core/inst/s_ip_axi_ctrl_mgmt_00/inst'
Parsing XDC File [/home/miahafiz/NeuroRing_a_4096_5c/_x.hw.NUM_4096.CORE_5.FREQ_300/link/vivado/vpl/prj/prj.gen/my_rm/bd/ulp/ip/ulp_ii_level0_wire_0/bd_0/ip/ip_6/bd_5941_m_ip_axi_ctrl_mgmt_00_0_clocks.xdc] for cell 'level0_i/ulp/ii_level0_wire/inst/pxi_ii_core/inst/m_ip_axi_ctrl_mgmt_00/inst'
Finished Parsing XDC File [/home/miahafiz/NeuroRing_a_4096_5c/_x.hw.NUM_4096.CORE_5.FREQ_300/link/vivado/vpl/prj/prj.gen/my_rm/bd/ulp/ip/ulp_ii_level0_wire_0/bd_0/ip/ip_6/bd_5941_m_ip_axi_ctrl_mgmt_00_0_clocks.xdc] for cell 'level0_i/ulp/ii_level0_wire/inst/pxi_ii_core/inst/m_ip_axi_ctrl_mgmt_00/inst'
Parsing XDC File [/home/miahafiz/NeuroRing_a_4096_5c/_x.hw.NUM_4096.CORE_5.FREQ_300/link/vivado/vpl/prj/prj.gen/my_rm/bd/ulp/ip/ulp_ii_level0_wire_0/bd_0/ip/ip_7/bd_5941_s_ip_axi_ctrl_mgmt_01_0_clocks.xdc] for cell 'level0_i/ulp/ii_level0_wire/inst/pxi_ii_core/inst/s_ip_axi_ctrl_mgmt_01/inst'
Finished Parsing XDC File [/home/miahafiz/NeuroRing_a_4096_5c/_x.hw.NUM_4096.CORE_5.FREQ_300/link/vivado/vpl/prj/prj.gen/my_rm/bd/ulp/ip/ulp_ii_level0_wire_0/bd_0/ip/ip_7/bd_5941_s_ip_axi_ctrl_mgmt_01_0_clocks.xdc] for cell 'level0_i/ulp/ii_level0_wire/inst/pxi_ii_core/inst/s_ip_axi_ctrl_mgmt_01/inst'
Parsing XDC File [/home/miahafiz/NeuroRing_a_4096_5c/_x.hw.NUM_4096.CORE_5.FREQ_300/link/vivado/vpl/prj/prj.gen/my_rm/bd/ulp/ip/ulp_ii_level0_wire_0/bd_0/ip/ip_8/bd_5941_m_ip_axi_ctrl_mgmt_01_0_clocks.xdc] for cell 'level0_i/ulp/ii_level0_wire/inst/pxi_ii_core/inst/m_ip_axi_ctrl_mgmt_01/inst'
Finished Parsing XDC File [/home/miahafiz/NeuroRing_a_4096_5c/_x.hw.NUM_4096.CORE_5.FREQ_300/link/vivado/vpl/prj/prj.gen/my_rm/bd/ulp/ip/ulp_ii_level0_wire_0/bd_0/ip/ip_8/bd_5941_m_ip_axi_ctrl_mgmt_01_0_clocks.xdc] for cell 'level0_i/ulp/ii_level0_wire/inst/pxi_ii_core/inst/m_ip_axi_ctrl_mgmt_01/inst'
Parsing XDC File [/home/miahafiz/NeuroRing_a_4096_5c/_x.hw.NUM_4096.CORE_5.FREQ_300/link/vivado/vpl/prj/prj.gen/my_rm/bd/ulp/ip/ulp_ii_level0_wire_0/bd_0/ip/ip_9/bd_5941_s_ip_axi_ctrl_user_00_0_clocks.xdc] for cell 'level0_i/ulp/ii_level0_wire/inst/pxi_ii_core/inst/s_ip_axi_ctrl_user_00/inst'
Finished Parsing XDC File [/home/miahafiz/NeuroRing_a_4096_5c/_x.hw.NUM_4096.CORE_5.FREQ_300/link/vivado/vpl/prj/prj.gen/my_rm/bd/ulp/ip/ulp_ii_level0_wire_0/bd_0/ip/ip_9/bd_5941_s_ip_axi_ctrl_user_00_0_clocks.xdc] for cell 'level0_i/ulp/ii_level0_wire/inst/pxi_ii_core/inst/s_ip_axi_ctrl_user_00/inst'
Parsing XDC File [/home/miahafiz/NeuroRing_a_4096_5c/_x.hw.NUM_4096.CORE_5.FREQ_300/link/vivado/vpl/prj/prj.gen/my_rm/bd/ulp/ip/ulp_ii_level0_wire_0/bd_0/ip/ip_10/bd_5941_m_ip_axi_ctrl_user_00_0_clocks.xdc] for cell 'level0_i/ulp/ii_level0_wire/inst/pxi_ii_core/inst/m_ip_axi_ctrl_user_00/inst'
Finished Parsing XDC File [/home/miahafiz/NeuroRing_a_4096_5c/_x.hw.NUM_4096.CORE_5.FREQ_300/link/vivado/vpl/prj/prj.gen/my_rm/bd/ulp/ip/ulp_ii_level0_wire_0/bd_0/ip/ip_10/bd_5941_m_ip_axi_ctrl_user_00_0_clocks.xdc] for cell 'level0_i/ulp/ii_level0_wire/inst/pxi_ii_core/inst/m_ip_axi_ctrl_user_00/inst'
Parsing XDC File [/home/miahafiz/NeuroRing_a_4096_5c/_x.hw.NUM_4096.CORE_5.FREQ_300/link/vivado/vpl/prj/prj.gen/my_rm/bd/ulp/ip/ulp_ii_level0_wire_0/bd_0/ip/ip_11/bd_5941_s_ip_axi_ctrl_user_01_0_clocks.xdc] for cell 'level0_i/ulp/ii_level0_wire/inst/pxi_ii_core/inst/s_ip_axi_ctrl_user_01/inst'
Finished Parsing XDC File [/home/miahafiz/NeuroRing_a_4096_5c/_x.hw.NUM_4096.CORE_5.FREQ_300/link/vivado/vpl/prj/prj.gen/my_rm/bd/ulp/ip/ulp_ii_level0_wire_0/bd_0/ip/ip_11/bd_5941_s_ip_axi_ctrl_user_01_0_clocks.xdc] for cell 'level0_i/ulp/ii_level0_wire/inst/pxi_ii_core/inst/s_ip_axi_ctrl_user_01/inst'
Parsing XDC File [/home/miahafiz/NeuroRing_a_4096_5c/_x.hw.NUM_4096.CORE_5.FREQ_300/link/vivado/vpl/prj/prj.gen/my_rm/bd/ulp/ip/ulp_ii_level0_wire_0/bd_0/ip/ip_12/bd_5941_m_ip_axi_ctrl_user_01_0_clocks.xdc] for cell 'level0_i/ulp/ii_level0_wire/inst/pxi_ii_core/inst/m_ip_axi_ctrl_user_01/inst'
Finished Parsing XDC File [/home/miahafiz/NeuroRing_a_4096_5c/_x.hw.NUM_4096.CORE_5.FREQ_300/link/vivado/vpl/prj/prj.gen/my_rm/bd/ulp/ip/ulp_ii_level0_wire_0/bd_0/ip/ip_12/bd_5941_m_ip_axi_ctrl_user_01_0_clocks.xdc] for cell 'level0_i/ulp/ii_level0_wire/inst/pxi_ii_core/inst/m_ip_axi_ctrl_user_01/inst'
Parsing XDC File [/home/miahafiz/NeuroRing_a_4096_5c/_x.hw.NUM_4096.CORE_5.FREQ_300/link/vivado/vpl/prj/prj.gen/my_rm/bd/ulp/ip/ulp_ii_level0_wire_0/bd_0/ip/ip_13/bd_5941_s_ip_axi_ctrl_user_02_0_clocks.xdc] for cell 'level0_i/ulp/ii_level0_wire/inst/pxi_ii_core/inst/s_ip_axi_ctrl_user_02/inst'
Finished Parsing XDC File [/home/miahafiz/NeuroRing_a_4096_5c/_x.hw.NUM_4096.CORE_5.FREQ_300/link/vivado/vpl/prj/prj.gen/my_rm/bd/ulp/ip/ulp_ii_level0_wire_0/bd_0/ip/ip_13/bd_5941_s_ip_axi_ctrl_user_02_0_clocks.xdc] for cell 'level0_i/ulp/ii_level0_wire/inst/pxi_ii_core/inst/s_ip_axi_ctrl_user_02/inst'
Parsing XDC File [/home/miahafiz/NeuroRing_a_4096_5c/_x.hw.NUM_4096.CORE_5.FREQ_300/link/vivado/vpl/prj/prj.gen/my_rm/bd/ulp/ip/ulp_ii_level0_wire_0/bd_0/ip/ip_14/bd_5941_m_ip_axi_ctrl_user_02_0_clocks.xdc] for cell 'level0_i/ulp/ii_level0_wire/inst/pxi_ii_core/inst/m_ip_axi_ctrl_user_02/inst'
Finished Parsing XDC File [/home/miahafiz/NeuroRing_a_4096_5c/_x.hw.NUM_4096.CORE_5.FREQ_300/link/vivado/vpl/prj/prj.gen/my_rm/bd/ulp/ip/ulp_ii_level0_wire_0/bd_0/ip/ip_14/bd_5941_m_ip_axi_ctrl_user_02_0_clocks.xdc] for cell 'level0_i/ulp/ii_level0_wire/inst/pxi_ii_core/inst/m_ip_axi_ctrl_user_02/inst'
Parsing XDC File [/home/miahafiz/NeuroRing_a_4096_5c/_x.hw.NUM_4096.CORE_5.FREQ_300/link/vivado/vpl/prj/prj.gen/my_rm/bd/ulp/ip/ulp_ii_level0_wire_0/bd_0/ip/ip_15/bd_5941_s_ip_axi_ctrl_user_03_0_clocks.xdc] for cell 'level0_i/ulp/ii_level0_wire/inst/pxi_ii_core/inst/s_ip_axi_ctrl_user_03/inst'
Finished Parsing XDC File [/home/miahafiz/NeuroRing_a_4096_5c/_x.hw.NUM_4096.CORE_5.FREQ_300/link/vivado/vpl/prj/prj.gen/my_rm/bd/ulp/ip/ulp_ii_level0_wire_0/bd_0/ip/ip_15/bd_5941_s_ip_axi_ctrl_user_03_0_clocks.xdc] for cell 'level0_i/ulp/ii_level0_wire/inst/pxi_ii_core/inst/s_ip_axi_ctrl_user_03/inst'
Parsing XDC File [/home/miahafiz/NeuroRing_a_4096_5c/_x.hw.NUM_4096.CORE_5.FREQ_300/link/vivado/vpl/prj/prj.gen/my_rm/bd/ulp/ip/ulp_ii_level0_wire_0/bd_0/ip/ip_16/bd_5941_m_ip_axi_ctrl_user_03_0_clocks.xdc] for cell 'level0_i/ulp/ii_level0_wire/inst/pxi_ii_core/inst/m_ip_axi_ctrl_user_03/inst'
Finished Parsing XDC File [/home/miahafiz/NeuroRing_a_4096_5c/_x.hw.NUM_4096.CORE_5.FREQ_300/link/vivado/vpl/prj/prj.gen/my_rm/bd/ulp/ip/ulp_ii_level0_wire_0/bd_0/ip/ip_16/bd_5941_m_ip_axi_ctrl_user_03_0_clocks.xdc] for cell 'level0_i/ulp/ii_level0_wire/inst/pxi_ii_core/inst/m_ip_axi_ctrl_user_03/inst'
Parsing XDC File [/home/miahafiz/NeuroRing_a_4096_5c/_x.hw.NUM_4096.CORE_5.FREQ_300/link/vivado/vpl/prj/prj.gen/my_rm/bd/ulp/ip/ulp_ii_level0_wire_0/bd_0/ip/ip_17/bd_5941_s_ip_axi_data_c2h_00_0_clocks.xdc] for cell 'level0_i/ulp/ii_level0_wire/inst/pxi_ii_core/inst/s_ip_axi_data_c2h_00/inst'
Finished Parsing XDC File [/home/miahafiz/NeuroRing_a_4096_5c/_x.hw.NUM_4096.CORE_5.FREQ_300/link/vivado/vpl/prj/prj.gen/my_rm/bd/ulp/ip/ulp_ii_level0_wire_0/bd_0/ip/ip_17/bd_5941_s_ip_axi_data_c2h_00_0_clocks.xdc] for cell 'level0_i/ulp/ii_level0_wire/inst/pxi_ii_core/inst/s_ip_axi_data_c2h_00/inst'
Parsing XDC File [/home/miahafiz/NeuroRing_a_4096_5c/_x.hw.NUM_4096.CORE_5.FREQ_300/link/vivado/vpl/prj/prj.gen/my_rm/bd/ulp/ip/ulp_ii_level0_wire_0/bd_0/ip/ip_18/bd_5941_m_ip_axi_data_c2h_00_0_clocks.xdc] for cell 'level0_i/ulp/ii_level0_wire/inst/pxi_ii_core/inst/m_ip_axi_data_c2h_00/inst'
Finished Parsing XDC File [/home/miahafiz/NeuroRing_a_4096_5c/_x.hw.NUM_4096.CORE_5.FREQ_300/link/vivado/vpl/prj/prj.gen/my_rm/bd/ulp/ip/ulp_ii_level0_wire_0/bd_0/ip/ip_18/bd_5941_m_ip_axi_data_c2h_00_0_clocks.xdc] for cell 'level0_i/ulp/ii_level0_wire/inst/pxi_ii_core/inst/m_ip_axi_data_c2h_00/inst'
Parsing XDC File [/home/miahafiz/NeuroRing_a_4096_5c/_x.hw.NUM_4096.CORE_5.FREQ_300/link/vivado/vpl/prj/prj.gen/my_rm/bd/ulp/ip/ulp_ii_level0_wire_0/bd_0/ip/ip_19/bd_5941_s_ip_axi_data_h2c_00_0_clocks.xdc] for cell 'level0_i/ulp/ii_level0_wire/inst/pxi_ii_core/inst/s_ip_axi_data_h2c_00/inst'
Finished Parsing XDC File [/home/miahafiz/NeuroRing_a_4096_5c/_x.hw.NUM_4096.CORE_5.FREQ_300/link/vivado/vpl/prj/prj.gen/my_rm/bd/ulp/ip/ulp_ii_level0_wire_0/bd_0/ip/ip_19/bd_5941_s_ip_axi_data_h2c_00_0_clocks.xdc] for cell 'level0_i/ulp/ii_level0_wire/inst/pxi_ii_core/inst/s_ip_axi_data_h2c_00/inst'
Parsing XDC File [/home/miahafiz/NeuroRing_a_4096_5c/_x.hw.NUM_4096.CORE_5.FREQ_300/link/vivado/vpl/prj/prj.gen/my_rm/bd/ulp/ip/ulp_ii_level0_wire_0/bd_0/ip/ip_20/bd_5941_m_ip_axi_data_h2c_00_0_clocks.xdc] for cell 'level0_i/ulp/ii_level0_wire/inst/pxi_ii_core/inst/m_ip_axi_data_h2c_00/inst'
Finished Parsing XDC File [/home/miahafiz/NeuroRing_a_4096_5c/_x.hw.NUM_4096.CORE_5.FREQ_300/link/vivado/vpl/prj/prj.gen/my_rm/bd/ulp/ip/ulp_ii_level0_wire_0/bd_0/ip/ip_20/bd_5941_m_ip_axi_data_h2c_00_0_clocks.xdc] for cell 'level0_i/ulp/ii_level0_wire/inst/pxi_ii_core/inst/m_ip_axi_data_h2c_00/inst'
Parsing XDC File [/home/miahafiz/NeuroRing_a_4096_5c/_x.hw.NUM_4096.CORE_5.FREQ_300/link/vivado/vpl/prj/prj.gen/my_rm/bd/ulp/ip/ulp_ulp_cmp_0/bd_1/ip/ip_0/constraints/axi_jtag.xdc] for cell 'level0_i/ulp/ulp_cmp/inst/user_debug_bridge/inst/axi_jtag/inst'
WARNING: [Constraints 18-619] A clock with name 'level0_i/ulp/ulp_cmp/inst/user_debug_bridge/inst/axi_jtag/inst/u_jtag_proc/tck_i_reg/Q' already exists, overwriting the previous clock with the same name. [/home/miahafiz/NeuroRing_a_4096_5c/_x.hw.NUM_4096.CORE_5.FREQ_300/link/vivado/vpl/prj/prj.gen/my_rm/bd/ulp/ip/ulp_ulp_cmp_0/bd_1/ip/ip_0/constraints/axi_jtag.xdc:8]
WARNING: [Vivado_Tcl 4-935] Waiver ID 'CDC-1' is a duplicate and will not be added again. [/home/miahafiz/NeuroRing_a_4096_5c/_x.hw.NUM_4096.CORE_5.FREQ_300/link/vivado/vpl/prj/prj.gen/my_rm/bd/ulp/ip/ulp_ulp_cmp_0/bd_1/ip/ip_0/constraints/axi_jtag.xdc:16]
WARNING: [Vivado_Tcl 4-935] Waiver ID 'CDC-1' is a duplicate and will not be added again. [/home/miahafiz/NeuroRing_a_4096_5c/_x.hw.NUM_4096.CORE_5.FREQ_300/link/vivado/vpl/prj/prj.gen/my_rm/bd/ulp/ip/ulp_ulp_cmp_0/bd_1/ip/ip_0/constraints/axi_jtag.xdc:17]
WARNING: [Vivado_Tcl 4-935] Waiver ID 'CDC-15' is a duplicate and will not be added again. [/home/miahafiz/NeuroRing_a_4096_5c/_x.hw.NUM_4096.CORE_5.FREQ_300/link/vivado/vpl/prj/prj.gen/my_rm/bd/ulp/ip/ulp_ulp_cmp_0/bd_1/ip/ip_0/constraints/axi_jtag.xdc:18]
Finished Parsing XDC File [/home/miahafiz/NeuroRing_a_4096_5c/_x.hw.NUM_4096.CORE_5.FREQ_300/link/vivado/vpl/prj/prj.gen/my_rm/bd/ulp/ip/ulp_ulp_cmp_0/bd_1/ip/ip_0/constraints/axi_jtag.xdc] for cell 'level0_i/ulp/ulp_cmp/inst/user_debug_bridge/inst/axi_jtag/inst'
Parsing XDC File [/home/miahafiz/NeuroRing_a_4096_5c/_x.hw.NUM_4096.CORE_5.FREQ_300/link/vivado/vpl/prj/prj.gen/my_rm/bd/ulp/ip/ulp_ulp_cmp_0/bd_1/ip/ip_1/constraints/bsip.xdc] for cell 'level0_i/ulp/ulp_cmp/inst/user_debug_bridge/inst/bsip/inst'
WARNING: [Constraints 18-619] A clock with name 'level0_i/ulp/ulp_cmp/inst/user_debug_bridge/inst/bsip/inst/USE_SOFTBSCAN.U_BSCAN_TAP/U_BASETAP/U_TAP/UPDATEDR_O_reg/Q' already exists, overwriting the previous clock with the same name. [/home/miahafiz/NeuroRing_a_4096_5c/_x.hw.NUM_4096.CORE_5.FREQ_300/link/vivado/vpl/prj/prj.gen/my_rm/bd/ulp/ip/ulp_ulp_cmp_0/bd_1/ip/ip_1/constraints/bsip.xdc:8]
Finished Parsing XDC File [/home/miahafiz/NeuroRing_a_4096_5c/_x.hw.NUM_4096.CORE_5.FREQ_300/link/vivado/vpl/prj/prj.gen/my_rm/bd/ulp/ip/ulp_ulp_cmp_0/bd_1/ip/ip_1/constraints/bsip.xdc] for cell 'level0_i/ulp/ulp_cmp/inst/user_debug_bridge/inst/bsip/inst'
Parsing XDC File [/home/miahafiz/NeuroRing_a_4096_5c/_x.hw.NUM_4096.CORE_5.FREQ_300/link/vivado/vpl/prj/prj.gen/my_rm/bd/ulp/ip/ulp_ulp_cmp_0/bd_2/ip/ip_0/constraints/xsdbm_cc_late.xdc] for cell 'level0_i/ulp/ulp_cmp/inst/user_debug_hub/inst/xsdbm/inst'
Finished Parsing XDC File [/home/miahafiz/NeuroRing_a_4096_5c/_x.hw.NUM_4096.CORE_5.FREQ_300/link/vivado/vpl/prj/prj.gen/my_rm/bd/ulp/ip/ulp_ulp_cmp_0/bd_2/ip/ip_0/constraints/xsdbm_cc_late.xdc] for cell 'level0_i/ulp/ulp_cmp/inst/user_debug_hub/inst/xsdbm/inst'
Parsing XDC File [/home/miahafiz/NeuroRing_a_4096_5c/_x.hw.NUM_4096.CORE_5.FREQ_300/link/vivado/vpl/prj/prj.gen/my_rm/bd/ulp/ip/ulp_ulp_cmp_0/bd_2/ip/ip_0/constraints/xsdbm_gc_late.xdc] for cell 'level0_i/ulp/ulp_cmp/inst/user_debug_hub/inst/xsdbm/inst'
Finished Parsing XDC File [/home/miahafiz/NeuroRing_a_4096_5c/_x.hw.NUM_4096.CORE_5.FREQ_300/link/vivado/vpl/prj/prj.gen/my_rm/bd/ulp/ip/ulp_ulp_cmp_0/bd_2/ip/ip_0/constraints/xsdbm_gc_late.xdc] for cell 'level0_i/ulp/ulp_cmp/inst/user_debug_hub/inst/xsdbm/inst'
Parsing XDC File [/home/miahafiz/NeuroRing_a_4096_5c/_x.hw.NUM_4096.CORE_5.FREQ_300/link/vivado/vpl/prj/prj.gen/my_rm/bd/ulp/ip/ulp_ulp_cmp_0/ulp_ulp_cmp_0.xdc] for cell 'level0_i/ulp/ulp_cmp/inst'
Finished Parsing XDC File [/home/miahafiz/NeuroRing_a_4096_5c/_x.hw.NUM_4096.CORE_5.FREQ_300/link/vivado/vpl/prj/prj.gen/my_rm/bd/ulp/ip/ulp_ulp_cmp_0/ulp_ulp_cmp_0.xdc] for cell 'level0_i/ulp/ulp_cmp/inst'
Parsing XDC File [/home/miahafiz/NeuroRing_a_4096_5c/_x.hw.NUM_4096.CORE_5.FREQ_300/link/vivado/vpl/prj/prj.gen/my_rm/bd/ulp/ip/ulp_hmss_0_0/bd_0/ip/ip_4/bd_85ad_slice1_0_0_clocks.xdc] for cell 'level0_i/ulp/hmss_0/inst/path_0/slice1_0/inst'
Finished Parsing XDC File [/home/miahafiz/NeuroRing_a_4096_5c/_x.hw.NUM_4096.CORE_5.FREQ_300/link/vivado/vpl/prj/prj.gen/my_rm/bd/ulp/ip/ulp_hmss_0_0/bd_0/ip/ip_4/bd_85ad_slice1_0_0_clocks.xdc] for cell 'level0_i/ulp/hmss_0/inst/path_0/slice1_0/inst'
Parsing XDC File [/home/miahafiz/NeuroRing_a_4096_5c/_x.hw.NUM_4096.CORE_5.FREQ_300/link/vivado/vpl/prj/prj.gen/my_rm/bd/ulp/ip/ulp_hmss_0_0/bd_0/ip/ip_7/bd_85ad_slice2_4_0_clocks.xdc] for cell 'level0_i/ulp/hmss_0/inst/path_4/slice2_4/inst'
Finished Parsing XDC File [/home/miahafiz/NeuroRing_a_4096_5c/_x.hw.NUM_4096.CORE_5.FREQ_300/link/vivado/vpl/prj/prj.gen/my_rm/bd/ulp/ip/ulp_hmss_0_0/bd_0/ip/ip_7/bd_85ad_slice2_4_0_clocks.xdc] for cell 'level0_i/ulp/hmss_0/inst/path_4/slice2_4/inst'
Parsing XDC File [/home/miahafiz/NeuroRing_a_4096_5c/_x.hw.NUM_4096.CORE_5.FREQ_300/link/vivado/vpl/prj/prj.gen/my_rm/bd/ulp/ip/ulp_hmss_0_0/bd_0/ip/ip_10/bd_85ad_slice3_8_0_clocks.xdc] for cell 'level0_i/ulp/hmss_0/inst/path_8/slice3_8/inst'
Finished Parsing XDC File [/home/miahafiz/NeuroRing_a_4096_5c/_x.hw.NUM_4096.CORE_5.FREQ_300/link/vivado/vpl/prj/prj.gen/my_rm/bd/ulp/ip/ulp_hmss_0_0/bd_0/ip/ip_10/bd_85ad_slice3_8_0_clocks.xdc] for cell 'level0_i/ulp/hmss_0/inst/path_8/slice3_8/inst'
Parsing XDC File [/home/miahafiz/NeuroRing_a_4096_5c/_x.hw.NUM_4096.CORE_5.FREQ_300/link/vivado/vpl/prj/prj.gen/my_rm/bd/ulp/ip/ulp_hmss_0_0/bd_0/ip/ip_13/bd_85ad_slice4_9_0_clocks.xdc] for cell 'level0_i/ulp/hmss_0/inst/path_9/slice4_9/inst'
Finished Parsing XDC File [/home/miahafiz/NeuroRing_a_4096_5c/_x.hw.NUM_4096.CORE_5.FREQ_300/link/vivado/vpl/prj/prj.gen/my_rm/bd/ulp/ip/ulp_hmss_0_0/bd_0/ip/ip_13/bd_85ad_slice4_9_0_clocks.xdc] for cell 'level0_i/ulp/hmss_0/inst/path_9/slice4_9/inst'
Parsing XDC File [/home/miahafiz/NeuroRing_a_4096_5c/_x.hw.NUM_4096.CORE_5.FREQ_300/link/vivado/vpl/prj/prj.gen/my_rm/bd/ulp/ip/ulp_hmss_0_0/bd_0/ip/ip_16/bd_85ad_slice0_10_0_clocks.xdc] for cell 'level0_i/ulp/hmss_0/inst/path_10/slice0_10/inst'
WARNING: [Vivado_Tcl 4-935] Waiver ID 'CDC-7' is a duplicate and will not be added again. [/home/miahafiz/NeuroRing_a_4096_5c/_x.hw.NUM_4096.CORE_5.FREQ_300/link/vivado/vpl/prj/prj.gen/my_rm/bd/ulp/ip/ulp_hmss_0_0/bd_0/ip/ip_16/bd_85ad_slice0_10_0_clocks.xdc:14]
Finished Parsing XDC File [/home/miahafiz/NeuroRing_a_4096_5c/_x.hw.NUM_4096.CORE_5.FREQ_300/link/vivado/vpl/prj/prj.gen/my_rm/bd/ulp/ip/ulp_hmss_0_0/bd_0/ip/ip_16/bd_85ad_slice0_10_0_clocks.xdc] for cell 'level0_i/ulp/hmss_0/inst/path_10/slice0_10/inst'
Parsing XDC File [/home/miahafiz/NeuroRing_a_4096_5c/_x.hw.NUM_4096.CORE_5.FREQ_300/link/vivado/vpl/prj/prj.gen/my_rm/bd/ulp/ip/ulp_hmss_0_0/bd_0/ip/ip_19/bd_85ad_slice5_12_0_clocks.xdc] for cell 'level0_i/ulp/hmss_0/inst/path_12/slice5_12/inst'
Finished Parsing XDC File [/home/miahafiz/NeuroRing_a_4096_5c/_x.hw.NUM_4096.CORE_5.FREQ_300/link/vivado/vpl/prj/prj.gen/my_rm/bd/ulp/ip/ulp_hmss_0_0/bd_0/ip/ip_19/bd_85ad_slice5_12_0_clocks.xdc] for cell 'level0_i/ulp/hmss_0/inst/path_12/slice5_12/inst'
Parsing XDC File [/home/miahafiz/NeuroRing_a_4096_5c/_x.hw.NUM_4096.CORE_5.FREQ_300/link/vivado/vpl/prj/prj.gen/my_rm/bd/ulp/ip/ulp_hmss_0_0/ulp_hmss_0_0.xdc] for cell 'level0_i/ulp/hmss_0/inst'
Finished Parsing XDC File [/home/miahafiz/NeuroRing_a_4096_5c/_x.hw.NUM_4096.CORE_5.FREQ_300/link/vivado/vpl/prj/prj.gen/my_rm/bd/ulp/ip/ulp_hmss_0_0/ulp_hmss_0_0.xdc] for cell 'level0_i/ulp/hmss_0/inst'
Parsing XDC File [/home/miahafiz/NeuroRing_a_4096_5c/_x.hw.NUM_4096.CORE_5.FREQ_300/link/vivado/vpl/prj/prj.gen/my_rm/bd/ulp/ip/ulp_ulp_ucs_0/bd_0/ip/ip_46/bd_22c0_clkwiz_hbm_0_late.xdc] for cell 'level0_i/ulp/ulp_ucs/inst/aclk_hbm_hierarchy/clkwiz_hbm/inst'
Finished Parsing XDC File [/home/miahafiz/NeuroRing_a_4096_5c/_x.hw.NUM_4096.CORE_5.FREQ_300/link/vivado/vpl/prj/prj.gen/my_rm/bd/ulp/ip/ulp_ulp_ucs_0/bd_0/ip/ip_46/bd_22c0_clkwiz_hbm_0_late.xdc] for cell 'level0_i/ulp/ulp_ucs/inst/aclk_hbm_hierarchy/clkwiz_hbm/inst'
Parsing XDC File [/home/miahafiz/NeuroRing_a_4096_5c/_x.hw.NUM_4096.CORE_5.FREQ_300/link/vivado/vpl/prj/prj.gen/my_rm/bd/ulp/ip/ulp_ulp_ucs_0/bd_0/ip/ip_93/bd_22c0_axi_ic_ctrl_mgmt_freq_imp_auto_cc_0_clocks.xdc] for cell 'level0_i/ulp/ulp_ucs/inst/frequency_counters/axi_ic_ctrl_mgmt_freq/s00_couplers/auto_cc/inst'
Finished Parsing XDC File [/home/miahafiz/NeuroRing_a_4096_5c/_x.hw.NUM_4096.CORE_5.FREQ_300/link/vivado/vpl/prj/prj.gen/my_rm/bd/ulp/ip/ulp_ulp_ucs_0/bd_0/ip/ip_93/bd_22c0_axi_ic_ctrl_mgmt_freq_imp_auto_cc_0_clocks.xdc] for cell 'level0_i/ulp/ulp_ucs/inst/frequency_counters/axi_ic_ctrl_mgmt_freq/s00_couplers/auto_cc/inst'
Parsing XDC File [/home/miahafiz/NeuroRing_a_4096_5c/_x.hw.NUM_4096.CORE_5.FREQ_300/link/vivado/vpl/prj/prj.gen/my_rm/bd/ulp/ip/ulp_ulp_ucs_0/bd_0/ip/ip_59/bd_22c0_clkwiz_aclk_kernel_00_0_late.xdc] for cell 'level0_i/ulp/ulp_ucs/inst/aclk_kernel_00_hierarchy/clkwiz_aclk_kernel_00/inst'
Finished Parsing XDC File [/home/miahafiz/NeuroRing_a_4096_5c/_x.hw.NUM_4096.CORE_5.FREQ_300/link/vivado/vpl/prj/prj.gen/my_rm/bd/ulp/ip/ulp_ulp_ucs_0/bd_0/ip/ip_59/bd_22c0_clkwiz_aclk_kernel_00_0_late.xdc] for cell 'level0_i/ulp/ulp_ucs/inst/aclk_kernel_00_hierarchy/clkwiz_aclk_kernel_00/inst'
Parsing XDC File [/home/miahafiz/NeuroRing_a_4096_5c/_x.hw.NUM_4096.CORE_5.FREQ_300/link/vivado/vpl/prj/prj.gen/my_rm/bd/ulp/ip/ulp_ulp_ucs_0/bd_0/ip/ip_60/bd_22c0_clock_throttling_aclk_kernel_00_0.xdc] for cell 'level0_i/ulp/ulp_ucs/inst/aclk_kernel_00_hierarchy/clock_throttling_aclk_kernel_00/U0'
Finished Parsing XDC File [/home/miahafiz/NeuroRing_a_4096_5c/_x.hw.NUM_4096.CORE_5.FREQ_300/link/vivado/vpl/prj/prj.gen/my_rm/bd/ulp/ip/ulp_ulp_ucs_0/bd_0/ip/ip_60/bd_22c0_clock_throttling_aclk_kernel_00_0.xdc] for cell 'level0_i/ulp/ulp_ucs/inst/aclk_kernel_00_hierarchy/clock_throttling_aclk_kernel_00/U0'
Parsing XDC File [/home/miahafiz/NeuroRing_a_4096_5c/_x.hw.NUM_4096.CORE_5.FREQ_300/link/vivado/vpl/prj/prj.gen/my_rm/bd/ulp/ip/ulp_ulp_ucs_0/bd_0/ip/ip_77/bd_22c0_clkwiz_aclk_kernel_01_0_late.xdc] for cell 'level0_i/ulp/ulp_ucs/inst/aclk_kernel_01_hierarchy/clkwiz_aclk_kernel_01/inst'
Finished Parsing XDC File [/home/miahafiz/NeuroRing_a_4096_5c/_x.hw.NUM_4096.CORE_5.FREQ_300/link/vivado/vpl/prj/prj.gen/my_rm/bd/ulp/ip/ulp_ulp_ucs_0/bd_0/ip/ip_77/bd_22c0_clkwiz_aclk_kernel_01_0_late.xdc] for cell 'level0_i/ulp/ulp_ucs/inst/aclk_kernel_01_hierarchy/clkwiz_aclk_kernel_01/inst'
Parsing XDC File [/home/miahafiz/NeuroRing_a_4096_5c/_x.hw.NUM_4096.CORE_5.FREQ_300/link/vivado/vpl/prj/prj.gen/my_rm/bd/ulp/ip/ulp_ulp_ucs_0/bd_0/ip/ip_78/bd_22c0_clock_throttling_aclk_kernel_01_0.xdc] for cell 'level0_i/ulp/ulp_ucs/inst/aclk_kernel_01_hierarchy/clock_throttling_aclk_kernel_01/U0'
Finished Parsing XDC File [/home/miahafiz/NeuroRing_a_4096_5c/_x.hw.NUM_4096.CORE_5.FREQ_300/link/vivado/vpl/prj/prj.gen/my_rm/bd/ulp/ip/ulp_ulp_ucs_0/bd_0/ip/ip_78/bd_22c0_clock_throttling_aclk_kernel_01_0.xdc] for cell 'level0_i/ulp/ulp_ucs/inst/aclk_kernel_01_hierarchy/clock_throttling_aclk_kernel_01/U0'
Parsing XDC File [/home/miahafiz/NeuroRing_a_4096_5c/_x.hw.NUM_4096.CORE_5.FREQ_300/link/vivado/vpl/prj/prj.gen/my_rm/bd/ulp/ip/ulp_ulp_ucs_0/ulp_ulp_ucs_0.xdc] for cell 'level0_i/ulp/ulp_ucs/inst'
Finished Parsing XDC File [/home/miahafiz/NeuroRing_a_4096_5c/_x.hw.NUM_4096.CORE_5.FREQ_300/link/vivado/vpl/prj/prj.gen/my_rm/bd/ulp/ip/ulp_ulp_ucs_0/ulp_ulp_ucs_0.xdc] for cell 'level0_i/ulp/ulp_ucs/inst'
Parsing XDC File [/home/miahafiz/NeuroRing_a_4096_5c/_x.hw.NUM_4096.CORE_5.FREQ_300/link/vivado/vpl/prj/prj.gen/my_rm/bd/ulp/ip/ulp_proc_sys_reset_ctrl_slr0_0/ulp_proc_sys_reset_ctrl_slr0_0_slr.xdc] for cell 'level0_i/ulp/proc_sys_reset_ctrl_slr0/U0'
Finished Parsing XDC File [/home/miahafiz/NeuroRing_a_4096_5c/_x.hw.NUM_4096.CORE_5.FREQ_300/link/vivado/vpl/prj/prj.gen/my_rm/bd/ulp/ip/ulp_proc_sys_reset_ctrl_slr0_0/ulp_proc_sys_reset_ctrl_slr0_0_slr.xdc] for cell 'level0_i/ulp/proc_sys_reset_ctrl_slr0/U0'
Parsing XDC File [/home/miahafiz/NeuroRing_a_4096_5c/_x.hw.NUM_4096.CORE_5.FREQ_300/link/vivado/vpl/prj/prj.gen/my_rm/bd/ulp/ip/ulp_proc_sys_reset_ctrl_slr1_0/ulp_proc_sys_reset_ctrl_slr1_0_slr.xdc] for cell 'level0_i/ulp/proc_sys_reset_ctrl_slr1/U0'
Finished Parsing XDC File [/home/miahafiz/NeuroRing_a_4096_5c/_x.hw.NUM_4096.CORE_5.FREQ_300/link/vivado/vpl/prj/prj.gen/my_rm/bd/ulp/ip/ulp_proc_sys_reset_ctrl_slr1_0/ulp_proc_sys_reset_ctrl_slr1_0_slr.xdc] for cell 'level0_i/ulp/proc_sys_reset_ctrl_slr1/U0'
Parsing XDC File [/home/miahafiz/NeuroRing_a_4096_5c/_x.hw.NUM_4096.CORE_5.FREQ_300/link/vivado/vpl/prj/prj.gen/my_rm/bd/ulp/ip/ulp_proc_sys_reset_ctrl_slr2_0/ulp_proc_sys_reset_ctrl_slr2_0_slr.xdc] for cell 'level0_i/ulp/proc_sys_reset_ctrl_slr2/U0'
Finished Parsing XDC File [/home/miahafiz/NeuroRing_a_4096_5c/_x.hw.NUM_4096.CORE_5.FREQ_300/link/vivado/vpl/prj/prj.gen/my_rm/bd/ulp/ip/ulp_proc_sys_reset_ctrl_slr2_0/ulp_proc_sys_reset_ctrl_slr2_0_slr.xdc] for cell 'level0_i/ulp/proc_sys_reset_ctrl_slr2/U0'
Parsing XDC File [/home/miahafiz/NeuroRing_a_4096_5c/_x.hw.NUM_4096.CORE_5.FREQ_300/link/vivado/vpl/prj/prj.gen/my_rm/bd/ulp/ip/ulp_proc_sys_reset_kernel_slr0_0/ulp_proc_sys_reset_kernel_slr0_0_slr.xdc] for cell 'level0_i/ulp/proc_sys_reset_kernel_slr0/U0'
Finished Parsing XDC File [/home/miahafiz/NeuroRing_a_4096_5c/_x.hw.NUM_4096.CORE_5.FREQ_300/link/vivado/vpl/prj/prj.gen/my_rm/bd/ulp/ip/ulp_proc_sys_reset_kernel_slr0_0/ulp_proc_sys_reset_kernel_slr0_0_slr.xdc] for cell 'level0_i/ulp/proc_sys_reset_kernel_slr0/U0'
Parsing XDC File [/home/miahafiz/NeuroRing_a_4096_5c/_x.hw.NUM_4096.CORE_5.FREQ_300/link/vivado/vpl/prj/prj.gen/my_rm/bd/ulp/ip/ulp_proc_sys_reset_kernel_slr1_0/ulp_proc_sys_reset_kernel_slr1_0_slr.xdc] for cell 'level0_i/ulp/proc_sys_reset_kernel_slr1/U0'
Finished Parsing XDC File [/home/miahafiz/NeuroRing_a_4096_5c/_x.hw.NUM_4096.CORE_5.FREQ_300/link/vivado/vpl/prj/prj.gen/my_rm/bd/ulp/ip/ulp_proc_sys_reset_kernel_slr1_0/ulp_proc_sys_reset_kernel_slr1_0_slr.xdc] for cell 'level0_i/ulp/proc_sys_reset_kernel_slr1/U0'
Parsing XDC File [/home/miahafiz/NeuroRing_a_4096_5c/_x.hw.NUM_4096.CORE_5.FREQ_300/link/vivado/vpl/prj/prj.gen/my_rm/bd/ulp/ip/ulp_proc_sys_reset_kernel_slr2_0/ulp_proc_sys_reset_kernel_slr2_0_slr.xdc] for cell 'level0_i/ulp/proc_sys_reset_kernel_slr2/U0'
Finished Parsing XDC File [/home/miahafiz/NeuroRing_a_4096_5c/_x.hw.NUM_4096.CORE_5.FREQ_300/link/vivado/vpl/prj/prj.gen/my_rm/bd/ulp/ip/ulp_proc_sys_reset_kernel_slr2_0/ulp_proc_sys_reset_kernel_slr2_0_slr.xdc] for cell 'level0_i/ulp/proc_sys_reset_kernel_slr2/U0'
Parsing XDC File [/home/miahafiz/NeuroRing_a_4096_5c/_x.hw.NUM_4096.CORE_5.FREQ_300/link/vivado/vpl/prj/prj.gen/my_rm/bd/ulp/ip/ulp_proc_sys_reset_kernel2_slr0_0/ulp_proc_sys_reset_kernel2_slr0_0_slr.xdc] for cell 'level0_i/ulp/proc_sys_reset_kernel2_slr0/U0'
Finished Parsing XDC File [/home/miahafiz/NeuroRing_a_4096_5c/_x.hw.NUM_4096.CORE_5.FREQ_300/link/vivado/vpl/prj/prj.gen/my_rm/bd/ulp/ip/ulp_proc_sys_reset_kernel2_slr0_0/ulp_proc_sys_reset_kernel2_slr0_0_slr.xdc] for cell 'level0_i/ulp/proc_sys_reset_kernel2_slr0/U0'
Parsing XDC File [/home/miahafiz/NeuroRing_a_4096_5c/_x.hw.NUM_4096.CORE_5.FREQ_300/link/vivado/vpl/prj/prj.gen/my_rm/bd/ulp/ip/ulp_proc_sys_reset_kernel2_slr1_0/ulp_proc_sys_reset_kernel2_slr1_0_slr.xdc] for cell 'level0_i/ulp/proc_sys_reset_kernel2_slr1/U0'
Finished Parsing XDC File [/home/miahafiz/NeuroRing_a_4096_5c/_x.hw.NUM_4096.CORE_5.FREQ_300/link/vivado/vpl/prj/prj.gen/my_rm/bd/ulp/ip/ulp_proc_sys_reset_kernel2_slr1_0/ulp_proc_sys_reset_kernel2_slr1_0_slr.xdc] for cell 'level0_i/ulp/proc_sys_reset_kernel2_slr1/U0'
Parsing XDC File [/home/miahafiz/NeuroRing_a_4096_5c/_x.hw.NUM_4096.CORE_5.FREQ_300/link/vivado/vpl/prj/prj.gen/my_rm/bd/ulp/ip/ulp_proc_sys_reset_kernel2_slr2_0/ulp_proc_sys_reset_kernel2_slr2_0_slr.xdc] for cell 'level0_i/ulp/proc_sys_reset_kernel2_slr2/U0'
Finished Parsing XDC File [/home/miahafiz/NeuroRing_a_4096_5c/_x.hw.NUM_4096.CORE_5.FREQ_300/link/vivado/vpl/prj/prj.gen/my_rm/bd/ulp/ip/ulp_proc_sys_reset_kernel2_slr2_0/ulp_proc_sys_reset_kernel2_slr2_0_slr.xdc] for cell 'level0_i/ulp/proc_sys_reset_kernel2_slr2/U0'
Parsing XDC File [/home/miahafiz/NeuroRing_a_4096_5c/_x.hw.NUM_4096.CORE_5.FREQ_300/link/vivado/vpl/prj/prj.gen/my_rm/bd/ulp/ip/ulp_proc_sys_reset_freerun_slr0_0/ulp_proc_sys_reset_freerun_slr0_0_slr.xdc] for cell 'level0_i/ulp/proc_sys_reset_freerun_slr0/U0'
Finished Parsing XDC File [/home/miahafiz/NeuroRing_a_4096_5c/_x.hw.NUM_4096.CORE_5.FREQ_300/link/vivado/vpl/prj/prj.gen/my_rm/bd/ulp/ip/ulp_proc_sys_reset_freerun_slr0_0/ulp_proc_sys_reset_freerun_slr0_0_slr.xdc] for cell 'level0_i/ulp/proc_sys_reset_freerun_slr0/U0'
Parsing XDC File [/home/miahafiz/NeuroRing_a_4096_5c/_x.hw.NUM_4096.CORE_5.FREQ_300/link/vivado/vpl/prj/prj.gen/my_rm/bd/ulp/ip/ulp_proc_sys_reset_freerun_slr1_0/ulp_proc_sys_reset_freerun_slr1_0_slr.xdc] for cell 'level0_i/ulp/proc_sys_reset_freerun_slr1/U0'
Finished Parsing XDC File [/home/miahafiz/NeuroRing_a_4096_5c/_x.hw.NUM_4096.CORE_5.FREQ_300/link/vivado/vpl/prj/prj.gen/my_rm/bd/ulp/ip/ulp_proc_sys_reset_freerun_slr1_0/ulp_proc_sys_reset_freerun_slr1_0_slr.xdc] for cell 'level0_i/ulp/proc_sys_reset_freerun_slr1/U0'
Parsing XDC File [/home/miahafiz/NeuroRing_a_4096_5c/_x.hw.NUM_4096.CORE_5.FREQ_300/link/vivado/vpl/prj/prj.gen/my_rm/bd/ulp/ip/ulp_proc_sys_reset_freerun_slr2_0/ulp_proc_sys_reset_freerun_slr2_0_slr.xdc] for cell 'level0_i/ulp/proc_sys_reset_freerun_slr2/U0'
Finished Parsing XDC File [/home/miahafiz/NeuroRing_a_4096_5c/_x.hw.NUM_4096.CORE_5.FREQ_300/link/vivado/vpl/prj/prj.gen/my_rm/bd/ulp/ip/ulp_proc_sys_reset_freerun_slr2_0/ulp_proc_sys_reset_freerun_slr2_0_slr.xdc] for cell 'level0_i/ulp/proc_sys_reset_freerun_slr2/U0'
Parsing XDC File [/home/miahafiz/NeuroRing_a_4096_5c/_x.hw.NUM_4096.CORE_5.FREQ_300/link/vivado/vpl/prj/prj.gen/my_rm/bd/ulp/ip/ulp_interconnect_axilite_user_imp_s00_regslice_0/ulp_interconnect_axilite_user_imp_s00_regslice_0_clocks.xdc] for cell 'level0_i/ulp/SLR0/interconnect_axilite_user/s00_couplers/s00_regslice/inst'
Finished Parsing XDC File [/home/miahafiz/NeuroRing_a_4096_5c/_x.hw.NUM_4096.CORE_5.FREQ_300/link/vivado/vpl/prj/prj.gen/my_rm/bd/ulp/ip/ulp_interconnect_axilite_user_imp_s00_regslice_0/ulp_interconnect_axilite_user_imp_s00_regslice_0_clocks.xdc] for cell 'level0_i/ulp/SLR0/interconnect_axilite_user/s00_couplers/s00_regslice/inst'
Parsing XDC File [/home/miahafiz/NeuroRing_a_4096_5c/_x.hw.NUM_4096.CORE_5.FREQ_300/link/vivado/vpl/prj/prj.gen/my_rm/bd/ulp/ip/ulp_interconnect_axilite_user_imp_m00_regslice_0/ulp_interconnect_axilite_user_imp_m00_regslice_0_clocks.xdc] for cell 'level0_i/ulp/SLR0/interconnect_axilite_user/m00_couplers/m00_regslice/inst'
Finished Parsing XDC File [/home/miahafiz/NeuroRing_a_4096_5c/_x.hw.NUM_4096.CORE_5.FREQ_300/link/vivado/vpl/prj/prj.gen/my_rm/bd/ulp/ip/ulp_interconnect_axilite_user_imp_m00_regslice_0/ulp_interconnect_axilite_user_imp_m00_regslice_0_clocks.xdc] for cell 'level0_i/ulp/SLR0/interconnect_axilite_user/m00_couplers/m00_regslice/inst'
Parsing XDC File [/home/miahafiz/NeuroRing_a_4096_5c/_x.hw.NUM_4096.CORE_5.FREQ_300/link/vivado/vpl/prj/prj.gen/my_rm/bd/ulp/ip/ulp_interconnect_axilite_user_imp_auto_cc_0/ulp_interconnect_axilite_user_imp_auto_cc_0_clocks.xdc] for cell 'level0_i/ulp/SLR0/interconnect_axilite_user/m00_couplers/auto_cc/inst'
Finished Parsing XDC File [/home/miahafiz/NeuroRing_a_4096_5c/_x.hw.NUM_4096.CORE_5.FREQ_300/link/vivado/vpl/prj/prj.gen/my_rm/bd/ulp/ip/ulp_interconnect_axilite_user_imp_auto_cc_0/ulp_interconnect_axilite_user_imp_auto_cc_0_clocks.xdc] for cell 'level0_i/ulp/SLR0/interconnect_axilite_user/m00_couplers/auto_cc/inst'
Parsing XDC File [/home/miahafiz/NeuroRing_a_4096_5c/_x.hw.NUM_4096.CORE_5.FREQ_300/link/vivado/vpl/prj/prj.gen/my_rm/bd/ulp/ip/ulp_interconnect_axilite_user_imp_m01_regslice_0/ulp_interconnect_axilite_user_imp_m01_regslice_0_clocks.xdc] for cell 'level0_i/ulp/SLR0/interconnect_axilite_user/m01_couplers/m01_regslice/inst'
Finished Parsing XDC File [/home/miahafiz/NeuroRing_a_4096_5c/_x.hw.NUM_4096.CORE_5.FREQ_300/link/vivado/vpl/prj/prj.gen/my_rm/bd/ulp/ip/ulp_interconnect_axilite_user_imp_m01_regslice_0/ulp_interconnect_axilite_user_imp_m01_regslice_0_clocks.xdc] for cell 'level0_i/ulp/SLR0/interconnect_axilite_user/m01_couplers/m01_regslice/inst'
Parsing XDC File [/home/miahafiz/NeuroRing_a_4096_5c/_x.hw.NUM_4096.CORE_5.FREQ_300/link/vivado/vpl/prj/prj.gen/my_rm/bd/ulp/ip/ulp_interconnect_axilite_user_imp_auto_cc_1/ulp_interconnect_axilite_user_imp_auto_cc_1_clocks.xdc] for cell 'level0_i/ulp/SLR0/interconnect_axilite_user/m01_couplers/auto_cc/inst'
Finished Parsing XDC File [/home/miahafiz/NeuroRing_a_4096_5c/_x.hw.NUM_4096.CORE_5.FREQ_300/link/vivado/vpl/prj/prj.gen/my_rm/bd/ulp/ip/ulp_interconnect_axilite_user_imp_auto_cc_1/ulp_interconnect_axilite_user_imp_auto_cc_1_clocks.xdc] for cell 'level0_i/ulp/SLR0/interconnect_axilite_user/m01_couplers/auto_cc/inst'
Parsing XDC File [/home/miahafiz/NeuroRing_a_4096_5c/_x.hw.NUM_4096.CORE_5.FREQ_300/link/vivado/vpl/prj/prj.gen/my_rm/bd/ulp/ip/ulp_interconnect_axilite_user_imp_m02_regslice_0/ulp_interconnect_axilite_user_imp_m02_regslice_0_clocks.xdc] for cell 'level0_i/ulp/SLR0/interconnect_axilite_user/m02_couplers/m02_regslice/inst'
Finished Parsing XDC File [/home/miahafiz/NeuroRing_a_4096_5c/_x.hw.NUM_4096.CORE_5.FREQ_300/link/vivado/vpl/prj/prj.gen/my_rm/bd/ulp/ip/ulp_interconnect_axilite_user_imp_m02_regslice_0/ulp_interconnect_axilite_user_imp_m02_regslice_0_clocks.xdc] for cell 'level0_i/ulp/SLR0/interconnect_axilite_user/m02_couplers/m02_regslice/inst'
Parsing XDC File [/home/miahafiz/NeuroRing_a_4096_5c/_x.hw.NUM_4096.CORE_5.FREQ_300/link/vivado/vpl/prj/prj.gen/my_rm/bd/ulp/ip/ulp_interconnect_axilite_user_imp_auto_cc_2/ulp_interconnect_axilite_user_imp_auto_cc_2_clocks.xdc] for cell 'level0_i/ulp/SLR0/interconnect_axilite_user/m02_couplers/auto_cc/inst'
Finished Parsing XDC File [/home/miahafiz/NeuroRing_a_4096_5c/_x.hw.NUM_4096.CORE_5.FREQ_300/link/vivado/vpl/prj/prj.gen/my_rm/bd/ulp/ip/ulp_interconnect_axilite_user_imp_auto_cc_2/ulp_interconnect_axilite_user_imp_auto_cc_2_clocks.xdc] for cell 'level0_i/ulp/SLR0/interconnect_axilite_user/m02_couplers/auto_cc/inst'
Parsing XDC File [/home/miahafiz/NeuroRing_a_4096_5c/_x.hw.NUM_4096.CORE_5.FREQ_300/link/vivado/vpl/prj/prj.gen/my_rm/bd/ulp/ip/ulp_interconnect_axilite_user_imp_m03_regslice_0/ulp_interconnect_axilite_user_imp_m03_regslice_0_clocks.xdc] for cell 'level0_i/ulp/SLR0/interconnect_axilite_user/m03_couplers/m03_regslice/inst'
Finished Parsing XDC File [/home/miahafiz/NeuroRing_a_4096_5c/_x.hw.NUM_4096.CORE_5.FREQ_300/link/vivado/vpl/prj/prj.gen/my_rm/bd/ulp/ip/ulp_interconnect_axilite_user_imp_m03_regslice_0/ulp_interconnect_axilite_user_imp_m03_regslice_0_clocks.xdc] for cell 'level0_i/ulp/SLR0/interconnect_axilite_user/m03_couplers/m03_regslice/inst'
Parsing XDC File [/home/miahafiz/NeuroRing_a_4096_5c/_x.hw.NUM_4096.CORE_5.FREQ_300/link/vivado/vpl/prj/prj.gen/my_rm/bd/ulp/ip/ulp_interconnect_axilite_user_imp_auto_cc_3/ulp_interconnect_axilite_user_imp_auto_cc_3_clocks.xdc] for cell 'level0_i/ulp/SLR0/interconnect_axilite_user/m03_couplers/auto_cc/inst'
Finished Parsing XDC File [/home/miahafiz/NeuroRing_a_4096_5c/_x.hw.NUM_4096.CORE_5.FREQ_300/link/vivado/vpl/prj/prj.gen/my_rm/bd/ulp/ip/ulp_interconnect_axilite_user_imp_auto_cc_3/ulp_interconnect_axilite_user_imp_auto_cc_3_clocks.xdc] for cell 'level0_i/ulp/SLR0/interconnect_axilite_user/m03_couplers/auto_cc/inst'
Parsing XDC File [/home/miahafiz/NeuroRing_a_4096_5c/_x.hw.NUM_4096.CORE_5.FREQ_300/link/vivado/vpl/prj/prj.gen/my_rm/bd/ulp/ip/ulp_interconnect_axilite_user_imp_m04_regslice_0/ulp_interconnect_axilite_user_imp_m04_regslice_0_clocks.xdc] for cell 'level0_i/ulp/SLR0/interconnect_axilite_user/m04_couplers/m04_regslice/inst'
Finished Parsing XDC File [/home/miahafiz/NeuroRing_a_4096_5c/_x.hw.NUM_4096.CORE_5.FREQ_300/link/vivado/vpl/prj/prj.gen/my_rm/bd/ulp/ip/ulp_interconnect_axilite_user_imp_m04_regslice_0/ulp_interconnect_axilite_user_imp_m04_regslice_0_clocks.xdc] for cell 'level0_i/ulp/SLR0/interconnect_axilite_user/m04_couplers/m04_regslice/inst'
Parsing XDC File [/home/miahafiz/NeuroRing_a_4096_5c/_x.hw.NUM_4096.CORE_5.FREQ_300/link/vivado/vpl/prj/prj.gen/my_rm/bd/ulp/ip/ulp_interconnect_axilite_user_imp_auto_cc_4/ulp_interconnect_axilite_user_imp_auto_cc_4_clocks.xdc] for cell 'level0_i/ulp/SLR0/interconnect_axilite_user/m04_couplers/auto_cc/inst'
Finished Parsing XDC File [/home/miahafiz/NeuroRing_a_4096_5c/_x.hw.NUM_4096.CORE_5.FREQ_300/link/vivado/vpl/prj/prj.gen/my_rm/bd/ulp/ip/ulp_interconnect_axilite_user_imp_auto_cc_4/ulp_interconnect_axilite_user_imp_auto_cc_4_clocks.xdc] for cell 'level0_i/ulp/SLR0/interconnect_axilite_user/m04_couplers/auto_cc/inst'
Parsing XDC File [/home/miahafiz/NeuroRing_a_4096_5c/_x.hw.NUM_4096.CORE_5.FREQ_300/link/vivado/vpl/prj/prj.gen/my_rm/bd/ulp/ip/ulp_interconnect_axilite_user_imp_m05_regslice_0/ulp_interconnect_axilite_user_imp_m05_regslice_0_clocks.xdc] for cell 'level0_i/ulp/SLR0/interconnect_axilite_user/m05_couplers/m05_regslice/inst'
Finished Parsing XDC File [/home/miahafiz/NeuroRing_a_4096_5c/_x.hw.NUM_4096.CORE_5.FREQ_300/link/vivado/vpl/prj/prj.gen/my_rm/bd/ulp/ip/ulp_interconnect_axilite_user_imp_m05_regslice_0/ulp_interconnect_axilite_user_imp_m05_regslice_0_clocks.xdc] for cell 'level0_i/ulp/SLR0/interconnect_axilite_user/m05_couplers/m05_regslice/inst'
Parsing XDC File [/home/miahafiz/NeuroRing_a_4096_5c/_x.hw.NUM_4096.CORE_5.FREQ_300/link/vivado/vpl/prj/prj.gen/my_rm/bd/ulp/ip/ulp_interconnect_axilite_user_imp_auto_cc_5/ulp_interconnect_axilite_user_imp_auto_cc_5_clocks.xdc] for cell 'level0_i/ulp/SLR0/interconnect_axilite_user/m05_couplers/auto_cc/inst'
Finished Parsing XDC File [/home/miahafiz/NeuroRing_a_4096_5c/_x.hw.NUM_4096.CORE_5.FREQ_300/link/vivado/vpl/prj/prj.gen/my_rm/bd/ulp/ip/ulp_interconnect_axilite_user_imp_auto_cc_5/ulp_interconnect_axilite_user_imp_auto_cc_5_clocks.xdc] for cell 'level0_i/ulp/SLR0/interconnect_axilite_user/m05_couplers/auto_cc/inst'
Parsing XDC File [/home/miahafiz/NeuroRing_a_4096_5c/_x.hw.NUM_4096.CORE_5.FREQ_300/link/vivado/vpl/prj/prj.gen/my_rm/bd/ulp/ip/ulp_interconnect_axilite_user_imp_m06_regslice_0/ulp_interconnect_axilite_user_imp_m06_regslice_0_clocks.xdc] for cell 'level0_i/ulp/SLR0/interconnect_axilite_user/m06_couplers/m06_regslice/inst'
Finished Parsing XDC File [/home/miahafiz/NeuroRing_a_4096_5c/_x.hw.NUM_4096.CORE_5.FREQ_300/link/vivado/vpl/prj/prj.gen/my_rm/bd/ulp/ip/ulp_interconnect_axilite_user_imp_m06_regslice_0/ulp_interconnect_axilite_user_imp_m06_regslice_0_clocks.xdc] for cell 'level0_i/ulp/SLR0/interconnect_axilite_user/m06_couplers/m06_regslice/inst'
Parsing XDC File [/home/miahafiz/NeuroRing_a_4096_5c/_x.hw.NUM_4096.CORE_5.FREQ_300/link/vivado/vpl/prj/prj.gen/my_rm/bd/ulp/ip/ulp_interconnect_axilite_user_imp_auto_cc_6/ulp_interconnect_axilite_user_imp_auto_cc_6_clocks.xdc] for cell 'level0_i/ulp/SLR0/interconnect_axilite_user/m06_couplers/auto_cc/inst'
Finished Parsing XDC File [/home/miahafiz/NeuroRing_a_4096_5c/_x.hw.NUM_4096.CORE_5.FREQ_300/link/vivado/vpl/prj/prj.gen/my_rm/bd/ulp/ip/ulp_interconnect_axilite_user_imp_auto_cc_6/ulp_interconnect_axilite_user_imp_auto_cc_6_clocks.xdc] for cell 'level0_i/ulp/SLR0/interconnect_axilite_user/m06_couplers/auto_cc/inst'
Parsing XDC File [/home/miahafiz/NeuroRing_a_4096_5c/_x.hw.NUM_4096.CORE_5.FREQ_300/link/vivado/vpl/prj/prj.gen/my_rm/bd/ulp/ip/ulp_interconnect_axilite_user_imp_m07_regslice_0/ulp_interconnect_axilite_user_imp_m07_regslice_0_clocks.xdc] for cell 'level0_i/ulp/SLR0/interconnect_axilite_user/m07_couplers/m07_regslice/inst'
Finished Parsing XDC File [/home/miahafiz/NeuroRing_a_4096_5c/_x.hw.NUM_4096.CORE_5.FREQ_300/link/vivado/vpl/prj/prj.gen/my_rm/bd/ulp/ip/ulp_interconnect_axilite_user_imp_m07_regslice_0/ulp_interconnect_axilite_user_imp_m07_regslice_0_clocks.xdc] for cell 'level0_i/ulp/SLR0/interconnect_axilite_user/m07_couplers/m07_regslice/inst'
Parsing XDC File [/home/miahafiz/NeuroRing_a_4096_5c/_x.hw.NUM_4096.CORE_5.FREQ_300/link/vivado/vpl/prj/prj.gen/my_rm/bd/ulp/ip/ulp_interconnect_axilite_user_imp_auto_cc_7/ulp_interconnect_axilite_user_imp_auto_cc_7_clocks.xdc] for cell 'level0_i/ulp/SLR0/interconnect_axilite_user/m07_couplers/auto_cc/inst'
Finished Parsing XDC File [/home/miahafiz/NeuroRing_a_4096_5c/_x.hw.NUM_4096.CORE_5.FREQ_300/link/vivado/vpl/prj/prj.gen/my_rm/bd/ulp/ip/ulp_interconnect_axilite_user_imp_auto_cc_7/ulp_interconnect_axilite_user_imp_auto_cc_7_clocks.xdc] for cell 'level0_i/ulp/SLR0/interconnect_axilite_user/m07_couplers/auto_cc/inst'
Parsing XDC File [/home/miahafiz/NeuroRing_a_4096_5c/_x.hw.NUM_4096.CORE_5.FREQ_300/link/vivado/vpl/prj/prj.gen/my_rm/bd/ulp/ip/ulp_interconnect_axilite_user_imp_m08_regslice_0/ulp_interconnect_axilite_user_imp_m08_regslice_0_clocks.xdc] for cell 'level0_i/ulp/SLR0/interconnect_axilite_user/m08_couplers/m08_regslice/inst'
Finished Parsing XDC File [/home/miahafiz/NeuroRing_a_4096_5c/_x.hw.NUM_4096.CORE_5.FREQ_300/link/vivado/vpl/prj/prj.gen/my_rm/bd/ulp/ip/ulp_interconnect_axilite_user_imp_m08_regslice_0/ulp_interconnect_axilite_user_imp_m08_regslice_0_clocks.xdc] for cell 'level0_i/ulp/SLR0/interconnect_axilite_user/m08_couplers/m08_regslice/inst'
Parsing XDC File [/home/miahafiz/NeuroRing_a_4096_5c/_x.hw.NUM_4096.CORE_5.FREQ_300/link/vivado/vpl/prj/prj.gen/my_rm/bd/ulp/ip/ulp_interconnect_axilite_user_imp_auto_cc_8/ulp_interconnect_axilite_user_imp_auto_cc_8_clocks.xdc] for cell 'level0_i/ulp/SLR0/interconnect_axilite_user/m08_couplers/auto_cc/inst'
Finished Parsing XDC File [/home/miahafiz/NeuroRing_a_4096_5c/_x.hw.NUM_4096.CORE_5.FREQ_300/link/vivado/vpl/prj/prj.gen/my_rm/bd/ulp/ip/ulp_interconnect_axilite_user_imp_auto_cc_8/ulp_interconnect_axilite_user_imp_auto_cc_8_clocks.xdc] for cell 'level0_i/ulp/SLR0/interconnect_axilite_user/m08_couplers/auto_cc/inst'
Parsing XDC File [/home/miahafiz/NeuroRing_a_4096_5c/_x.hw.NUM_4096.CORE_5.FREQ_300/link/vivado/vpl/prj/prj.gen/my_rm/bd/ulp/ip/ulp_interconnect_axilite_user_imp_m09_regslice_0/ulp_interconnect_axilite_user_imp_m09_regslice_0_clocks.xdc] for cell 'level0_i/ulp/SLR0/interconnect_axilite_user/m09_couplers/m09_regslice/inst'
Finished Parsing XDC File [/home/miahafiz/NeuroRing_a_4096_5c/_x.hw.NUM_4096.CORE_5.FREQ_300/link/vivado/vpl/prj/prj.gen/my_rm/bd/ulp/ip/ulp_interconnect_axilite_user_imp_m09_regslice_0/ulp_interconnect_axilite_user_imp_m09_regslice_0_clocks.xdc] for cell 'level0_i/ulp/SLR0/interconnect_axilite_user/m09_couplers/m09_regslice/inst'
Parsing XDC File [/home/miahafiz/NeuroRing_a_4096_5c/_x.hw.NUM_4096.CORE_5.FREQ_300/link/vivado/vpl/prj/prj.gen/my_rm/bd/ulp/ip/ulp_interconnect_axilite_user_imp_auto_cc_9/ulp_interconnect_axilite_user_imp_auto_cc_9_clocks.xdc] for cell 'level0_i/ulp/SLR0/interconnect_axilite_user/m09_couplers/auto_cc/inst'
Finished Parsing XDC File [/home/miahafiz/NeuroRing_a_4096_5c/_x.hw.NUM_4096.CORE_5.FREQ_300/link/vivado/vpl/prj/prj.gen/my_rm/bd/ulp/ip/ulp_interconnect_axilite_user_imp_auto_cc_9/ulp_interconnect_axilite_user_imp_auto_cc_9_clocks.xdc] for cell 'level0_i/ulp/SLR0/interconnect_axilite_user/m09_couplers/auto_cc/inst'
Parsing XDC File [/home/miahafiz/NeuroRing_a_4096_5c/_x.hw.NUM_4096.CORE_5.FREQ_300/link/vivado/vpl/prj/prj.gen/my_rm/bd/ulp/ip/ulp_interconnect_axilite_user_imp_m10_regslice_0/ulp_interconnect_axilite_user_imp_m10_regslice_0_clocks.xdc] for cell 'level0_i/ulp/SLR0/interconnect_axilite_user/m10_couplers/m10_regslice/inst'
Finished Parsing XDC File [/home/miahafiz/NeuroRing_a_4096_5c/_x.hw.NUM_4096.CORE_5.FREQ_300/link/vivado/vpl/prj/prj.gen/my_rm/bd/ulp/ip/ulp_interconnect_axilite_user_imp_m10_regslice_0/ulp_interconnect_axilite_user_imp_m10_regslice_0_clocks.xdc] for cell 'level0_i/ulp/SLR0/interconnect_axilite_user/m10_couplers/m10_regslice/inst'
Parsing XDC File [/home/miahafiz/NeuroRing_a_4096_5c/_x.hw.NUM_4096.CORE_5.FREQ_300/link/vivado/vpl/prj/prj.gen/my_rm/bd/ulp/ip/ulp_interconnect_axilite_user_imp_auto_cc_10/ulp_interconnect_axilite_user_imp_auto_cc_10_clocks.xdc] for cell 'level0_i/ulp/SLR0/interconnect_axilite_user/m10_couplers/auto_cc/inst'
Finished Parsing XDC File [/home/miahafiz/NeuroRing_a_4096_5c/_x.hw.NUM_4096.CORE_5.FREQ_300/link/vivado/vpl/prj/prj.gen/my_rm/bd/ulp/ip/ulp_interconnect_axilite_user_imp_auto_cc_10/ulp_interconnect_axilite_user_imp_auto_cc_10_clocks.xdc] for cell 'level0_i/ulp/SLR0/interconnect_axilite_user/m10_couplers/auto_cc/inst'
Parsing XDC File [/home/miahafiz/NeuroRing_a_4096_5c/_x.hw.NUM_4096.CORE_5.FREQ_300/link/vivado/vpl/prj/prj.gen/my_rm/bd/ulp/ip/ulp_regslice_control_userpf_0/ulp_regslice_control_userpf_0_clocks.xdc] for cell 'level0_i/ulp/SLR0/regslice_control_userpf/inst'
Finished Parsing XDC File [/home/miahafiz/NeuroRing_a_4096_5c/_x.hw.NUM_4096.CORE_5.FREQ_300/link/vivado/vpl/prj/prj.gen/my_rm/bd/ulp/ip/ulp_regslice_control_userpf_0/ulp_regslice_control_userpf_0_clocks.xdc] for cell 'level0_i/ulp/SLR0/regslice_control_userpf/inst'
Parsing XDC File [/home/miahafiz/NeuroRing_a_4096_5c/_x.hw.NUM_4096.CORE_5.FREQ_300/link/vivado/vpl/prj/prj.gen/my_rm/bd/ulp/ip/ulp_regslice_control_userpf_0/ulp_regslice_control_userpf_0_slr.xdc] for cell 'level0_i/ulp/SLR0/regslice_control_userpf/inst'
Finished Parsing XDC File [/home/miahafiz/NeuroRing_a_4096_5c/_x.hw.NUM_4096.CORE_5.FREQ_300/link/vivado/vpl/prj/prj.gen/my_rm/bd/ulp/ip/ulp_regslice_control_userpf_0/ulp_regslice_control_userpf_0_slr.xdc] for cell 'level0_i/ulp/SLR0/regslice_control_userpf/inst'
Parsing XDC File [/home/miahafiz/NeuroRing_a_4096_5c/_x.hw.NUM_4096.CORE_5.FREQ_300/link/vivado/vpl/prj/prj.gen/my_rm/bd/ulp/ip/ulp_interconnect_axilite_user_imp_s00_regslice_1/ulp_interconnect_axilite_user_imp_s00_regslice_1_clocks.xdc] for cell 'level0_i/ulp/SLR1/interconnect_axilite_user/s00_couplers/s00_regslice/inst'
Finished Parsing XDC File [/home/miahafiz/NeuroRing_a_4096_5c/_x.hw.NUM_4096.CORE_5.FREQ_300/link/vivado/vpl/prj/prj.gen/my_rm/bd/ulp/ip/ulp_interconnect_axilite_user_imp_s00_regslice_1/ulp_interconnect_axilite_user_imp_s00_regslice_1_clocks.xdc] for cell 'level0_i/ulp/SLR1/interconnect_axilite_user/s00_couplers/s00_regslice/inst'
Parsing XDC File [/home/miahafiz/NeuroRing_a_4096_5c/_x.hw.NUM_4096.CORE_5.FREQ_300/link/vivado/vpl/prj/prj.gen/my_rm/bd/ulp/ip/ulp_interconnect_axilite_user_imp_auto_cc_11/ulp_interconnect_axilite_user_imp_auto_cc_11_clocks.xdc] for cell 'level0_i/ulp/SLR1/interconnect_axilite_user/s00_couplers/auto_cc/inst'
Finished Parsing XDC File [/home/miahafiz/NeuroRing_a_4096_5c/_x.hw.NUM_4096.CORE_5.FREQ_300/link/vivado/vpl/prj/prj.gen/my_rm/bd/ulp/ip/ulp_interconnect_axilite_user_imp_auto_cc_11/ulp_interconnect_axilite_user_imp_auto_cc_11_clocks.xdc] for cell 'level0_i/ulp/SLR1/interconnect_axilite_user/s00_couplers/auto_cc/inst'
Parsing XDC File [/home/miahafiz/NeuroRing_a_4096_5c/_x.hw.NUM_4096.CORE_5.FREQ_300/link/vivado/vpl/prj/prj.gen/my_rm/bd/ulp/ip/ulp_regslice_control_userpf_1/ulp_regslice_control_userpf_1_clocks.xdc] for cell 'level0_i/ulp/SLR1/regslice_control_userpf/inst'
Finished Parsing XDC File [/home/miahafiz/NeuroRing_a_4096_5c/_x.hw.NUM_4096.CORE_5.FREQ_300/link/vivado/vpl/prj/prj.gen/my_rm/bd/ulp/ip/ulp_regslice_control_userpf_1/ulp_regslice_control_userpf_1_clocks.xdc] for cell 'level0_i/ulp/SLR1/regslice_control_userpf/inst'
Parsing XDC File [/home/miahafiz/NeuroRing_a_4096_5c/_x.hw.NUM_4096.CORE_5.FREQ_300/link/vivado/vpl/prj/prj.gen/my_rm/bd/ulp/ip/ulp_regslice_control_userpf_1/ulp_regslice_control_userpf_1_slr.xdc] for cell 'level0_i/ulp/SLR1/regslice_control_userpf/inst'
Finished Parsing XDC File [/home/miahafiz/NeuroRing_a_4096_5c/_x.hw.NUM_4096.CORE_5.FREQ_300/link/vivado/vpl/prj/prj.gen/my_rm/bd/ulp/ip/ulp_regslice_control_userpf_1/ulp_regslice_control_userpf_1_slr.xdc] for cell 'level0_i/ulp/SLR1/regslice_control_userpf/inst'
Parsing XDC File [/home/miahafiz/NeuroRing_a_4096_5c/_x.hw.NUM_4096.CORE_5.FREQ_300/link/vivado/vpl/prj/prj.gen/my_rm/bd/ulp/ip/ulp_interconnect_axilite_user_imp_s00_regslice_2/ulp_interconnect_axilite_user_imp_s00_regslice_2_clocks.xdc] for cell 'level0_i/ulp/SLR2/interconnect_axilite_user/s00_couplers/s00_regslice/inst'
Finished Parsing XDC File [/home/miahafiz/NeuroRing_a_4096_5c/_x.hw.NUM_4096.CORE_5.FREQ_300/link/vivado/vpl/prj/prj.gen/my_rm/bd/ulp/ip/ulp_interconnect_axilite_user_imp_s00_regslice_2/ulp_interconnect_axilite_user_imp_s00_regslice_2_clocks.xdc] for cell 'level0_i/ulp/SLR2/interconnect_axilite_user/s00_couplers/s00_regslice/inst'
Parsing XDC File [/home/miahafiz/NeuroRing_a_4096_5c/_x.hw.NUM_4096.CORE_5.FREQ_300/link/vivado/vpl/prj/prj.gen/my_rm/bd/ulp/ip/ulp_interconnect_axilite_user_imp_auto_cc_12/ulp_interconnect_axilite_user_imp_auto_cc_12_clocks.xdc] for cell 'level0_i/ulp/SLR2/interconnect_axilite_user/s00_couplers/auto_cc/inst'
Finished Parsing XDC File [/home/miahafiz/NeuroRing_a_4096_5c/_x.hw.NUM_4096.CORE_5.FREQ_300/link/vivado/vpl/prj/prj.gen/my_rm/bd/ulp/ip/ulp_interconnect_axilite_user_imp_auto_cc_12/ulp_interconnect_axilite_user_imp_auto_cc_12_clocks.xdc] for cell 'level0_i/ulp/SLR2/interconnect_axilite_user/s00_couplers/auto_cc/inst'
Parsing XDC File [/home/miahafiz/NeuroRing_a_4096_5c/_x.hw.NUM_4096.CORE_5.FREQ_300/link/vivado/vpl/prj/prj.gen/my_rm/bd/ulp/ip/ulp_regslice_control_userpf_2/ulp_regslice_control_userpf_2_clocks.xdc] for cell 'level0_i/ulp/SLR2/regslice_control_userpf/inst'
Finished Parsing XDC File [/home/miahafiz/NeuroRing_a_4096_5c/_x.hw.NUM_4096.CORE_5.FREQ_300/link/vivado/vpl/prj/prj.gen/my_rm/bd/ulp/ip/ulp_regslice_control_userpf_2/ulp_regslice_control_userpf_2_clocks.xdc] for cell 'level0_i/ulp/SLR2/regslice_control_userpf/inst'
Parsing XDC File [/home/miahafiz/NeuroRing_a_4096_5c/_x.hw.NUM_4096.CORE_5.FREQ_300/link/vivado/vpl/prj/prj.gen/my_rm/bd/ulp/ip/ulp_regslice_control_userpf_2/ulp_regslice_control_userpf_2_slr.xdc] for cell 'level0_i/ulp/SLR2/regslice_control_userpf/inst'
Finished Parsing XDC File [/home/miahafiz/NeuroRing_a_4096_5c/_x.hw.NUM_4096.CORE_5.FREQ_300/link/vivado/vpl/prj/prj.gen/my_rm/bd/ulp/ip/ulp_regslice_control_userpf_2/ulp_regslice_control_userpf_2_slr.xdc] for cell 'level0_i/ulp/SLR2/regslice_control_userpf/inst'
WARNING: [Vivado_Tcl 4-935] Waiver ID 'CDC-6' is a duplicate and will not be added again. [/opt/xilinx/2025.1/Vivado/data/ip/xpm/xpm_cdc/tcl/xpm_cdc_gray.tcl:23]
WARNING: [Vivado_Tcl 4-935] Waiver ID 'CDC-6' is a duplicate and will not be added again. [/opt/xilinx/2025.1/Vivado/data/ip/xpm/xpm_cdc/tcl/xpm_cdc_gray.tcl:23]
WARNING: [Vivado_Tcl 4-935] Waiver ID 'CDC-6' is a duplicate and will not be added again. [/opt/xilinx/2025.1/Vivado/data/ip/xpm/xpm_cdc/tcl/xpm_cdc_gray.tcl:23]
WARNING: [Vivado_Tcl 4-935] Waiver ID 'CDC-6' is a duplicate and will not be added again. [/opt/xilinx/2025.1/Vivado/data/ip/xpm/xpm_cdc/tcl/xpm_cdc_gray.tcl:23]
WARNING: [Vivado_Tcl 4-935] Waiver ID 'CDC-6' is a duplicate and will not be added again. [/opt/xilinx/2025.1/Vivado/data/ip/xpm/xpm_cdc/tcl/xpm_cdc_gray.tcl:23]
WARNING: [Vivado_Tcl 4-935] Waiver ID 'CDC-6' is a duplicate and will not be added again. [/opt/xilinx/2025.1/Vivado/data/ip/xpm/xpm_cdc/tcl/xpm_cdc_gray.tcl:23]
WARNING: [Vivado_Tcl 4-935] Waiver ID 'CDC-6' is a duplicate and will not be added again. [/opt/xilinx/2025.1/Vivado/data/ip/xpm/xpm_cdc/tcl/xpm_cdc_gray.tcl:23]
WARNING: [XPM_CDC_GRAY: TCL-1000] The source and destination clocks are the same. 
     Instance: level0_i/blp/blp_i/ss_hif/inst/flash_programmer/U0/NO_DUAL_QUAD_MODE.QSPI_NORMAL/QSPI_LEGACY_MD_GEN.QSPI_CORE_INTERFACE_I/FIFO_EXISTS.TX_FIFO_II/xpm_fifo_instance.xpm_fifo_async_inst/gnuram_async_fifo.xpm_fifo_base_inst/gen_cdc_pntr.rd_pntr_cdc_inst 
  This will add unnecessary latency to the design. Please check the design for the following: 
 1) Manually instantiated XPM_CDC modules: AMD recommends that you remove these modules. 
 2) AMD IP that contains XPM_CDC modules: Verify the connections to the IP to determine whether you can safely ignore this message.
 [/opt/xilinx/2025.1/Vivado/data/ip/xpm/xpm_cdc/tcl/xpm_cdc_gray.tcl:16]
WARNING: [Vivado_Tcl 4-935] Waiver ID 'CDC-6' is a duplicate and will not be added again. [/opt/xilinx/2025.1/Vivado/data/ip/xpm/xpm_cdc/tcl/xpm_cdc_gray.tcl:23]
WARNING: [XPM_CDC_GRAY: TCL-1000] The source and destination clocks are the same. 
     Instance: level0_i/blp/blp_i/ss_hif/inst/flash_programmer/U0/NO_DUAL_QUAD_MODE.QSPI_NORMAL/QSPI_LEGACY_MD_GEN.QSPI_CORE_INTERFACE_I/FIFO_EXISTS.RX_FIFO_II/gnuram_async_fifo.xpm_fifo_base_inst/gen_cdc_pntr.wr_pntr_cdc_inst 
  This will add unnecessary latency to the design. Please check the design for the following: 
 1) Manually instantiated XPM_CDC modules: AMD recommends that you remove these modules. 
 2) AMD IP that contains XPM_CDC modules: Verify the connections to the IP to determine whether you can safely ignore this message.
 [/opt/xilinx/2025.1/Vivado/data/ip/xpm/xpm_cdc/tcl/xpm_cdc_gray.tcl:16]
WARNING: [Vivado_Tcl 4-935] Waiver ID 'CDC-6' is a duplicate and will not be added again. [/opt/xilinx/2025.1/Vivado/data/ip/xpm/xpm_cdc/tcl/xpm_cdc_gray.tcl:23]
WARNING: [XPM_CDC_GRAY: TCL-1000] The source and destination clocks are the same. 
     Instance: level0_i/blp/blp_i/ss_hif/inst/flash_programmer/U0/NO_DUAL_QUAD_MODE.QSPI_NORMAL/QSPI_LEGACY_MD_GEN.QSPI_CORE_INTERFACE_I/FIFO_EXISTS.RX_FIFO_II/gnuram_async_fifo.xpm_fifo_base_inst/gen_cdc_pntr.rd_pntr_cdc_inst 
  This will add unnecessary latency to the design. Please check the design for the following: 
 1) Manually instantiated XPM_CDC modules: AMD recommends that you remove these modules. 
 2) AMD IP that contains XPM_CDC modules: Verify the connections to the IP to determine whether you can safely ignore this message.
 [/opt/xilinx/2025.1/Vivado/data/ip/xpm/xpm_cdc/tcl/xpm_cdc_gray.tcl:16]
WARNING: [Vivado_Tcl 4-935] Waiver ID 'CDC-6' is a duplicate and will not be added again. [/opt/xilinx/2025.1/Vivado/data/ip/xpm/xpm_cdc/tcl/xpm_cdc_gray.tcl:23]
WARNING: [XPM_CDC_GRAY: TCL-1000] The source and destination clocks are the same. 
     Instance: level0_i/blp/blp_i/ss_hif/inst/flash_programmer/U0/NO_DUAL_QUAD_MODE.QSPI_NORMAL/QSPI_LEGACY_MD_GEN.QSPI_CORE_INTERFACE_I/FIFO_EXISTS.TX_FIFO_II/xpm_fifo_instance.xpm_fifo_async_inst/gnuram_async_fifo.xpm_fifo_base_inst/gen_cdc_pntr.wr_pntr_cdc_inst 
  This will add unnecessary latency to the design. Please check the design for the following: 
 1) Manually instantiated XPM_CDC modules: AMD recommends that you remove these modules. 
 2) AMD IP that contains XPM_CDC modules: Verify the connections to the IP to determine whether you can safely ignore this message.
 [/opt/xilinx/2025.1/Vivado/data/ip/xpm/xpm_cdc/tcl/xpm_cdc_gray.tcl:16]
WARNING: [Vivado_Tcl 4-935] Waiver ID 'CDC-6' is a duplicate and will not be added again. [/opt/xilinx/2025.1/Vivado/data/ip/xpm/xpm_cdc/tcl/xpm_cdc_gray.tcl:23]
WARNING: [XPM_CDC_GRAY: TCL-1000] The source and destination clocks are the same. 
     Instance: level0_i/blp/blp_i/ss_hif/inst/flash_programmer/U0/NO_DUAL_QUAD_MODE.QSPI_NORMAL/QSPI_LEGACY_MD_GEN.QSPI_CORE_INTERFACE_I/FIFO_EXISTS.RX_FIFO_II/gnuram_async_fifo.xpm_fifo_base_inst/gen_cdc_pntr.wr_pntr_cdc_dc_inst 
  This will add unnecessary latency to the design. Please check the design for the following: 
 1) Manually instantiated XPM_CDC modules: AMD recommends that you remove these modules. 
 2) AMD IP that contains XPM_CDC modules: Verify the connections to the IP to determine whether you can safely ignore this message.
 [/opt/xilinx/2025.1/Vivado/data/ip/xpm/xpm_cdc/tcl/xpm_cdc_gray.tcl:16]
WARNING: [Vivado_Tcl 4-935] Waiver ID 'CDC-6' is a duplicate and will not be added again. [/opt/xilinx/2025.1/Vivado/data/ip/xpm/xpm_cdc/tcl/xpm_cdc_gray.tcl:23]
WARNING: [XPM_CDC_GRAY: TCL-1000] The source and destination clocks are the same. 
     Instance: level0_i/blp/blp_i/ss_hif/inst/flash_programmer/U0/NO_DUAL_QUAD_MODE.QSPI_NORMAL/QSPI_LEGACY_MD_GEN.QSPI_CORE_INTERFACE_I/FIFO_EXISTS.TX_FIFO_II/xpm_fifo_instance.xpm_fifo_async_inst/gnuram_async_fifo.xpm_fifo_base_inst/gen_cdc_pntr.rd_pntr_cdc_dc_inst 
  This will add unnecessary latency to the design. Please check the design for the following: 
 1) Manually instantiated XPM_CDC modules: AMD recommends that you remove these modules. 
 2) AMD IP that contains XPM_CDC modules: Verify the connections to the IP to determine whether you can safely ignore this message.
 [/opt/xilinx/2025.1/Vivado/data/ip/xpm/xpm_cdc/tcl/xpm_cdc_gray.tcl:16]
WARNING: [Vivado_Tcl 4-935] Waiver ID 'CDC-6' is a duplicate and will not be added again. [/opt/xilinx/2025.1/Vivado/data/ip/xpm/xpm_cdc/tcl/xpm_cdc_gray.tcl:23]
WARNING: [Vivado_Tcl 4-935] Waiver ID 'CDC-6' is a duplicate and will not be added again. [/opt/xilinx/2025.1/Vivado/data/ip/xpm/xpm_cdc/tcl/xpm_cdc_gray.tcl:23]
WARNING: [Vivado_Tcl 4-935] Waiver ID 'CDC-6' is a duplicate and will not be added again. [/opt/xilinx/2025.1/Vivado/data/ip/xpm/xpm_cdc/tcl/xpm_cdc_gray.tcl:23]
WARNING: [Vivado_Tcl 4-935] Waiver ID 'CDC-6' is a duplicate and will not be added again. [/opt/xilinx/2025.1/Vivado/data/ip/xpm/xpm_cdc/tcl/xpm_cdc_gray.tcl:23]
WARNING: [Vivado_Tcl 4-935] Waiver ID 'CDC-6' is a duplicate and will not be added again. [/opt/xilinx/2025.1/Vivado/data/ip/xpm/xpm_cdc/tcl/xpm_cdc_gray.tcl:23]
WARNING: [Vivado_Tcl 4-935] Waiver ID 'CDC-6' is a duplicate and will not be added again. [/opt/xilinx/2025.1/Vivado/data/ip/xpm/xpm_cdc/tcl/xpm_cdc_gray.tcl:23]
WARNING: [Vivado_Tcl 4-935] Waiver ID 'CDC-6' is a duplicate and will not be added again. [/opt/xilinx/2025.1/Vivado/data/ip/xpm/xpm_cdc/tcl/xpm_cdc_gray.tcl:23]
WARNING: [Vivado_Tcl 4-935] Waiver ID 'CDC-6' is a duplicate and will not be added again. [/opt/xilinx/2025.1/Vivado/data/ip/xpm/xpm_cdc/tcl/xpm_cdc_gray.tcl:23]
WARNING: [Vivado_Tcl 4-935] Waiver ID 'CDC-6' is a duplicate and will not be added again. [/opt/xilinx/2025.1/Vivado/data/ip/xpm/xpm_cdc/tcl/xpm_cdc_gray.tcl:23]
WARNING: [Vivado_Tcl 4-935] Waiver ID 'CDC-6' is a duplicate and will not be added again. [/opt/xilinx/2025.1/Vivado/data/ip/xpm/xpm_cdc/tcl/xpm_cdc_gray.tcl:23]
WARNING: [Vivado_Tcl 4-935] Waiver ID 'CDC-6' is a duplicate and will not be added again. [/opt/xilinx/2025.1/Vivado/data/ip/xpm/xpm_cdc/tcl/xpm_cdc_gray.tcl:23]
WARNING: [Vivado_Tcl 4-935] Waiver ID 'CDC-6' is a duplicate and will not be added again. [/opt/xilinx/2025.1/Vivado/data/ip/xpm/xpm_cdc/tcl/xpm_cdc_gray.tcl:23]
WARNING: [Vivado_Tcl 4-935] Waiver ID 'CDC-6' is a duplicate and will not be added again. [/opt/xilinx/2025.1/Vivado/data/ip/xpm/xpm_cdc/tcl/xpm_cdc_gray.tcl:23]
WARNING: [Vivado_Tcl 4-935] Waiver ID 'CDC-6' is a duplicate and will not be added again. [/opt/xilinx/2025.1/Vivado/data/ip/xpm/xpm_cdc/tcl/xpm_cdc_gray.tcl:23]
WARNING: [Vivado_Tcl 4-935] Waiver ID 'CDC-6' is a duplicate and will not be added again. [/opt/xilinx/2025.1/Vivado/data/ip/xpm/xpm_cdc/tcl/xpm_cdc_gray.tcl:23]
WARNING: [Vivado_Tcl 4-935] Waiver ID 'CDC-6' is a duplicate and will not be added again. [/opt/xilinx/2025.1/Vivado/data/ip/xpm/xpm_cdc/tcl/xpm_cdc_gray.tcl:23]
WARNING: [Vivado_Tcl 4-935] Waiver ID 'CDC-6' is a duplicate and will not be added again. [/opt/xilinx/2025.1/Vivado/data/ip/xpm/xpm_cdc/tcl/xpm_cdc_gray.tcl:23]
WARNING: [Vivado_Tcl 4-935] Waiver ID 'CDC-15' is a duplicate and will not be added again. [/opt/xilinx/2025.1/Vivado/data/ip/xpm/xpm_cdc/tcl/xpm_cdc_handshake.tcl:30]
WARNING: [Vivado_Tcl 4-935] Waiver ID 'CDC-15' is a duplicate and will not be added again. [/opt/xilinx/2025.1/Vivado/data/ip/xpm/xpm_cdc/tcl/xpm_cdc_handshake.tcl:30]
WARNING: [Vivado_Tcl 4-935] Waiver ID 'CDC-15' is a duplicate and will not be added again. [/opt/xilinx/2025.1/Vivado/data/ip/xpm/xpm_cdc/tcl/xpm_cdc_handshake.tcl:30]
WARNING: [Vivado_Tcl 4-935] Waiver ID 'CDC-15' is a duplicate and will not be added again. [/opt/xilinx/2025.1/Vivado/data/ip/xpm/xpm_cdc/tcl/xpm_cdc_handshake.tcl:30]
WARNING: [Vivado_Tcl 4-935] Waiver ID 'CDC-15' is a duplicate and will not be added again. [/opt/xilinx/2025.1/Vivado/data/ip/xpm/xpm_cdc/tcl/xpm_cdc_handshake.tcl:30]
WARNING: [Vivado_Tcl 4-935] Waiver ID 'CDC-15' is a duplicate and will not be added again. [/opt/xilinx/2025.1/Vivado/data/ip/xpm/xpm_cdc/tcl/xpm_cdc_handshake.tcl:30]
WARNING: [Vivado_Tcl 4-935] Waiver ID 'CDC-15' is a duplicate and will not be added again. [/opt/xilinx/2025.1/Vivado/data/ip/xpm/xpm_cdc/tcl/xpm_cdc_handshake.tcl:30]
WARNING: [Vivado_Tcl 4-935] Waiver ID 'CDC-15' is a duplicate and will not be added again. [/opt/xilinx/2025.1/Vivado/data/ip/xpm/xpm_cdc/tcl/xpm_cdc_handshake.tcl:30]
WARNING: [Vivado_Tcl 4-935] Waiver ID 'CDC-15' is a duplicate and will not be added again. [/opt/xilinx/2025.1/Vivado/data/ip/xpm/xpm_cdc/tcl/xpm_cdc_handshake.tcl:30]
WARNING: [Vivado_Tcl 4-935] Waiver ID 'CDC-15' is a duplicate and will not be added again. [/opt/xilinx/2025.1/Vivado/data/ip/xpm/xpm_cdc/tcl/xpm_cdc_handshake.tcl:30]
WARNING: [Vivado_Tcl 4-935] Waiver ID 'CDC-15' is a duplicate and will not be added again. [/opt/xilinx/2025.1/Vivado/data/ip/xpm/xpm_cdc/tcl/xpm_cdc_handshake.tcl:30]
WARNING: [Vivado_Tcl 4-935] Waiver ID 'CDC-15' is a duplicate and will not be added again. [/opt/xilinx/2025.1/Vivado/data/ip/xpm/xpm_cdc/tcl/xpm_cdc_handshake.tcl:30]
WARNING: [Vivado_Tcl 4-935] Waiver ID 'CDC-15' is a duplicate and will not be added again. [/opt/xilinx/2025.1/Vivado/data/ip/xpm/xpm_cdc/tcl/xpm_cdc_handshake.tcl:30]
WARNING: [Vivado_Tcl 4-935] Waiver ID 'CDC-15' is a duplicate and will not be added again. [/opt/xilinx/2025.1/Vivado/data/ip/xpm/xpm_cdc/tcl/xpm_cdc_handshake.tcl:30]
WARNING: [Vivado_Tcl 4-935] Waiver ID 'CDC-15' is a duplicate and will not be added again. [/opt/xilinx/2025.1/Vivado/data/ip/xpm/xpm_cdc/tcl/xpm_cdc_handshake.tcl:30]
WARNING: [Vivado_Tcl 4-935] Waiver ID 'CDC-15' is a duplicate and will not be added again. [/opt/xilinx/2025.1/Vivado/data/ip/xpm/xpm_cdc/tcl/xpm_cdc_handshake.tcl:30]
WARNING: [Vivado_Tcl 4-935] Waiver ID 'CDC-15' is a duplicate and will not be added again. [/opt/xilinx/2025.1/Vivado/data/ip/xpm/xpm_cdc/tcl/xpm_cdc_handshake.tcl:30]
WARNING: [Vivado_Tcl 4-935] Waiver ID 'CDC-15' is a duplicate and will not be added again. [/opt/xilinx/2025.1/Vivado/data/ip/xpm/xpm_cdc/tcl/xpm_cdc_handshake.tcl:30]
WARNING: [Vivado_Tcl 4-935] Waiver ID 'CDC-15' is a duplicate and will not be added again. [/opt/xilinx/2025.1/Vivado/data/ip/xpm/xpm_cdc/tcl/xpm_cdc_handshake.tcl:30]
WARNING: [Vivado_Tcl 4-935] Waiver ID 'CDC-15' is a duplicate and will not be added again. [/opt/xilinx/2025.1/Vivado/data/ip/xpm/xpm_cdc/tcl/xpm_cdc_handshake.tcl:30]
WARNING: [Vivado_Tcl 4-935] Waiver ID 'CDC-15' is a duplicate and will not be added again. [/opt/xilinx/2025.1/Vivado/data/ip/xpm/xpm_cdc/tcl/xpm_cdc_handshake.tcl:30]
WARNING: [Vivado_Tcl 4-935] Waiver ID 'CDC-15' is a duplicate and will not be added again. [/opt/xilinx/2025.1/Vivado/data/ip/xpm/xpm_cdc/tcl/xpm_cdc_handshake.tcl:30]
WARNING: [Vivado_Tcl 4-935] Waiver ID 'CDC-15' is a duplicate and will not be added again. [/opt/xilinx/2025.1/Vivado/data/ip/xpm/xpm_cdc/tcl/xpm_cdc_handshake.tcl:30]
WARNING: [Vivado_Tcl 4-935] Waiver ID 'CDC-15' is a duplicate and will not be added again. [/opt/xilinx/2025.1/Vivado/data/ip/xpm/xpm_cdc/tcl/xpm_cdc_handshake.tcl:30]
WARNING: [Vivado_Tcl 4-935] Waiver ID 'CDC-15' is a duplicate and will not be added again. [/opt/xilinx/2025.1/Vivado/data/ip/xpm/xpm_cdc/tcl/xpm_cdc_handshake.tcl:30]
WARNING: [Vivado_Tcl 4-935] Waiver ID 'CDC-15' is a duplicate and will not be added again. [/opt/xilinx/2025.1/Vivado/data/ip/xpm/xpm_cdc/tcl/xpm_cdc_handshake.tcl:30]
WARNING: [Vivado_Tcl 4-935] Waiver ID 'CDC-15' is a duplicate and will not be added again. [/opt/xilinx/2025.1/Vivado/data/ip/xpm/xpm_cdc/tcl/xpm_cdc_handshake.tcl:30]
WARNING: [Vivado_Tcl 4-935] Waiver ID 'CDC-15' is a duplicate and will not be added again. [/opt/xilinx/2025.1/Vivado/data/ip/xpm/xpm_cdc/tcl/xpm_cdc_handshake.tcl:30]
WARNING: [Vivado_Tcl 4-935] Waiver ID 'CDC-15' is a duplicate and will not be added again. [/opt/xilinx/2025.1/Vivado/data/ip/xpm/xpm_cdc/tcl/xpm_cdc_handshake.tcl:30]
WARNING: [Vivado_Tcl 4-935] Waiver ID 'CDC-15' is a duplicate and will not be added again. [/opt/xilinx/2025.1/Vivado/data/ip/xpm/xpm_cdc/tcl/xpm_cdc_handshake.tcl:30]
WARNING: [Vivado_Tcl 4-935] Waiver ID 'CDC-15' is a duplicate and will not be added again. [/opt/xilinx/2025.1/Vivado/data/ip/xpm/xpm_cdc/tcl/xpm_cdc_handshake.tcl:30]
WARNING: [Vivado_Tcl 4-935] Waiver ID 'CDC-15' is a duplicate and will not be added again. [/opt/xilinx/2025.1/Vivado/data/ip/xpm/xpm_cdc/tcl/xpm_cdc_handshake.tcl:30]
WARNING: [Vivado_Tcl 4-935] Waiver ID 'CDC-15' is a duplicate and will not be added again. [/opt/xilinx/2025.1/Vivado/data/ip/xpm/xpm_cdc/tcl/xpm_cdc_handshake.tcl:30]
WARNING: [Vivado_Tcl 4-935] Waiver ID 'CDC-15' is a duplicate and will not be added again. [/opt/xilinx/2025.1/Vivado/data/ip/xpm/xpm_cdc/tcl/xpm_cdc_handshake.tcl:30]
WARNING: [Vivado_Tcl 4-935] Waiver ID 'CDC-15' is a duplicate and will not be added again. [/opt/xilinx/2025.1/Vivado/data/ip/xpm/xpm_cdc/tcl/xpm_cdc_handshake.tcl:30]
WARNING: [Vivado_Tcl 4-935] Waiver ID 'CDC-15' is a duplicate and will not be added again. [/opt/xilinx/2025.1/Vivado/data/ip/xpm/xpm_cdc/tcl/xpm_cdc_handshake.tcl:30]
WARNING: [Vivado_Tcl 4-935] Waiver ID 'CDC-15' is a duplicate and will not be added again. [/opt/xilinx/2025.1/Vivado/data/ip/xpm/xpm_cdc/tcl/xpm_cdc_handshake.tcl:30]
WARNING: [Vivado_Tcl 4-935] Waiver ID 'CDC-15' is a duplicate and will not be added again. [/opt/xilinx/2025.1/Vivado/data/ip/xpm/xpm_cdc/tcl/xpm_cdc_handshake.tcl:30]
WARNING: [Vivado_Tcl 4-935] Waiver ID 'CDC-15' is a duplicate and will not be added again. [/opt/xilinx/2025.1/Vivado/data/ip/xpm/xpm_cdc/tcl/xpm_cdc_handshake.tcl:30]
WARNING: [Vivado_Tcl 4-935] Waiver ID 'CDC-15' is a duplicate and will not be added again. [/opt/xilinx/2025.1/Vivado/data/ip/xpm/xpm_cdc/tcl/xpm_cdc_handshake.tcl:30]
WARNING: [Vivado_Tcl 4-935] Waiver ID 'CDC-15' is a duplicate and will not be added again. [/opt/xilinx/2025.1/Vivado/data/ip/xpm/xpm_cdc/tcl/xpm_cdc_handshake.tcl:30]
WARNING: [Vivado_Tcl 4-935] Waiver ID 'CDC-15' is a duplicate and will not be added again. [/opt/xilinx/2025.1/Vivado/data/ip/xpm/xpm_cdc/tcl/xpm_cdc_handshake.tcl:30]
WARNING: [Vivado_Tcl 4-935] Waiver ID 'CDC-15' is a duplicate and will not be added again. [/opt/xilinx/2025.1/Vivado/data/ip/xpm/xpm_cdc/tcl/xpm_cdc_handshake.tcl:30]
INFO: [Project 1-1714] 822 XPM XDC files have been applied to the design.
INFO: [Opt 31-138] Pushed 0 inverter(s) to 0 load pin(s).
INFO: [Project 1-1687] 746 scoped IP constraints or related sub-commands were skipped due to synthesis logic optimizations usually triggered by constant connectivity or unconnected output pins. To review the skipped constraints and messages, run the command 'set_param netlist.IPMsgFiltering false' before opening the design.
Netlist sorting complete. Time (s): cpu = 00:00:00.33 ; elapsed = 00:00:00.36 . Memory (MB): peak = 11543.355 ; gain = 0.000 ; free physical = 83455 ; free virtual = 158675
INFO: [Project 1-111] Unisim Transformation Summary:
  A total of 3971 instances were transformed.
  DSP48E1 => DSP48E2 (DSP_ALU, DSP_A_B_DATA, DSP_C_DATA, DSP_MULTIPLIER, DSP_M_DATA, DSP_OUTPUT, DSP_PREADD, DSP_PREADD_DATA): 804 instances
  DSP48E2 => DSP48E2 (DSP_ALU, DSP_A_B_DATA, DSP_C_DATA, DSP_MULTIPLIER, DSP_M_DATA, DSP_OUTPUT, DSP_PREADD, DSP_PREADD_DATA): 50 instances
  HBM_ONE_STACK_INTF => HBM_ONE_STACK_INTF (HBM_REF_CLK, HBM_SNGLBLI_INTF_APB, HBM_SNGLBLI_INTF_AXI(x16)): 1 instance 
  IBUF => IBUF (IBUFCTRL, INBUF): 7 instances
  IBUFDS => IBUFDS (DIFFINBUF, IBUFCTRL): 1 instance 
  LUT6_2 => LUT6_2 (LUT5, LUT6): 158 instances
  RAM128X1D => RAM128X1D (MUXF7(x2), RAMD64E(x4)): 1 instance 
  RAM16X1D => RAM32X1D (RAMD32(x2)): 329 instances
  RAM16X1S => RAM32X1S (RAMS32): 46 instances
  RAM256X1S => RAM256X1S (MUXF7(x2), MUXF8, RAMS64E(x4)): 10 instances
  RAM32M => RAM32M (RAMD32(x6), RAMS32(x2)): 126 instances
  RAM32M16 => RAM32M16 (RAMD32(x14), RAMS32(x2)): 2243 instances
  RAM32X1D => RAM32X1D (RAMD32(x2)): 123 instances
  RAM64M => RAM64M (RAMD64E(x4)): 1 instance 
  RAM64M8 => RAM64M8 (RAMD64E(x8)): 63 instances
  RAM64X1D => RAM64X1D (RAMD64E(x2)): 8 instances

324 Infos, 325 Warnings, 0 Critical Warnings and 0 Errors encountered.
link_design completed successfully
link_design: Time (s): cpu = 00:17:30 ; elapsed = 00:10:44 . Memory (MB): peak = 11543.391 ; gain = 9755.004 ; free physical = 83373 ; free virtual = 158593
source /home/miahafiz/NeuroRing_a_4096_5c/_x.hw.NUM_4096.CORE_5.FREQ_300/link/vivado/vpl/scripts/impl_1/_full_init_post.tcl
Parsing XDC File [/home/miahafiz/NeuroRing_a_4096_5c/_x.hw.NUM_4096.CORE_5.FREQ_300/link/vivado/vpl/output/_user_impl_clk.xdc]
Finished Parsing XDC File [/home/miahafiz/NeuroRing_a_4096_5c/_x.hw.NUM_4096.CORE_5.FREQ_300/link/vivado/vpl/output/_user_impl_clk.xdc]
source /home/miahafiz/NeuroRing_a_4096_5c/_x.hw.NUM_4096.CORE_5.FREQ_300/link/vivado/vpl/scripts/impl_1/_full_opt_pre.tcl
Post-synthesis utilization DRC check...
available resources:
   luts      : 1146240
   registers : 2292480
   brams     : 1776
   dsps      : 8376
required resources:
   luts      : 292221
   registers : 443672
   brams     : 217
   dsps      : 850
report_accelerator_utilization: Time (s): cpu = 00:00:16 ; elapsed = 00:00:17 . Memory (MB): peak = 11543.391 ; gain = 0.000 ; free physical = 82044 ; free virtual = 157265
report_utilization: Time (s): cpu = 00:00:22 ; elapsed = 00:00:24 . Memory (MB): peak = 11543.391 ; gain = 0.000 ; free physical = 81999 ; free virtual = 157219
INFO: System Diagram: Run step: synthed

INFO: [Timing 38-35] Done setting XDC timing constraints.
create_generated_clock: Time (s): cpu = 00:01:52 ; elapsed = 00:00:34 . Memory (MB): peak = 11543.391 ; gain = 0.000 ; free physical = 81868 ; free virtual = 157135
Command: opt_design
Attempting to get a license for feature 'Implementation' and/or device 'xcu55c'
INFO: [Common 17-349] Got license for feature 'Implementation' and/or device 'xcu55c'
Running DRC as a precondition to command opt_design

Starting DRC Task
INFO: [DRC 23-27] Running DRC with 8 threads
INFO: [Project 1-461] DRC finished with 0 Errors
INFO: [Project 1-462] Please refer to the DRC report (report_drc) for more information.

Time (s): cpu = 00:00:40 ; elapsed = 00:00:20 . Memory (MB): peak = 11543.391 ; gain = 0.000 ; free physical = 81780 ; free virtual = 157047

Starting Cache Timing Information Task
Ending Cache Timing Information Task | Checksum: 1608b3957

Time (s): cpu = 00:00:08 ; elapsed = 00:00:02 . Memory (MB): peak = 11543.391 ; gain = 0.000 ; free physical = 81780 ; free virtual = 157048

Starting Logic Optimization Task

Phase 1 Initialization

Phase 1.1 Core Generation And Design Setup
Phase 1.1 Core Generation And Design Setup | Checksum: 1608b3957

Time (s): cpu = 00:00:31 ; elapsed = 00:00:30 . Memory (MB): peak = 11543.391 ; gain = 0.000 ; free physical = 81630 ; free virtual = 156898

Phase 1.2 Setup Constraints And Sort Netlist
Phase 1.2 Setup Constraints And Sort Netlist | Checksum: 1608b3957

Time (s): cpu = 00:00:35 ; elapsed = 00:00:32 . Memory (MB): peak = 11543.391 ; gain = 0.000 ; free physical = 81630 ; free virtual = 156898
Phase 1 Initialization | Checksum: 1608b3957

Time (s): cpu = 00:00:39 ; elapsed = 00:00:33 . Memory (MB): peak = 11543.391 ; gain = 0.000 ; free physical = 81621 ; free virtual = 156889

Phase 2 Timer Update And Timing Data Collection

Phase 2.1 Timer Update
Phase 2.1 Timer Update | Checksum: 1608b3957

Time (s): cpu = 00:01:42 ; elapsed = 00:00:51 . Memory (MB): peak = 11594.301 ; gain = 50.910 ; free physical = 81457 ; free virtual = 156725

Phase 2.2 Timing Data Collection
Phase 2.2 Timing Data Collection | Checksum: 1608b3957

Time (s): cpu = 00:01:49 ; elapsed = 00:00:57 . Memory (MB): peak = 12042.301 ; gain = 498.910 ; free physical = 81070 ; free virtual = 156338
Phase 2 Timer Update And Timing Data Collection | Checksum: 1608b3957

Time (s): cpu = 00:01:54 ; elapsed = 00:00:58 . Memory (MB): peak = 12042.301 ; gain = 498.910 ; free physical = 81068 ; free virtual = 156336

Phase 3 Retarget
INFO: [Opt 31-1851] Number of loadless carry chains removed were: 0
INFO: [Opt 31-1834] Total Chains To Be Transformed Were: 0 AND Number of Transformed insts Created are: 0
INFO: [Opt 31-1566] Pulled 24 inverters resulting in an inversion of 214 pins
INFO: [Opt 31-138] Pushed 433 inverter(s) to 3826 load pin(s).
INFO: [Opt 31-49] Retargeted 0 cell(s).
Phase 3 Retarget | Checksum: ee1ea77c

Time (s): cpu = 00:02:18 ; elapsed = 00:01:20 . Memory (MB): peak = 12042.301 ; gain = 498.910 ; free physical = 81076 ; free virtual = 156345
Retarget | Checksum: ee1ea77c
INFO: [Opt 31-389] Phase Retarget created 6063 cells and removed 6686 cells
INFO: [Opt 31-1021] In phase Retarget, 9422 netlist objects are constrained preventing optimization. Please run opt_design with -debug_log to get more detail. 

Phase 4 Constant propagation
INFO: [Opt 31-138] Pushed 1 inverter(s) to 2 load pin(s).
Phase 4 Constant propagation | Checksum: 1179cb488

Time (s): cpu = 00:02:33 ; elapsed = 00:01:30 . Memory (MB): peak = 12042.301 ; gain = 498.910 ; free physical = 80995 ; free virtual = 156264
Constant propagation | Checksum: 1179cb488
INFO: [Opt 31-389] Phase Constant propagation created 80 cells and removed 2138 cells
INFO: [Opt 31-1021] In phase Constant propagation, 1831 netlist objects are constrained preventing optimization. Please run opt_design with -debug_log to get more detail. 

Phase 5 Sweep
INFO: [Constraints 18-11670] Building netlist checker database with flags, 0x8
Done building netlist checker database: Time (s): cpu = 00:00:00.5 ; elapsed = 00:00:00.58 . Memory (MB): peak = 12042.301 ; gain = 0.000 ; free physical = 81003 ; free virtual = 156272
INFO: [Constraints 18-11670] Building netlist checker database with flags, 0x8
Done building netlist checker database: Time (s): cpu = 00:00:00.41 ; elapsed = 00:00:00.44 . Memory (MB): peak = 12050.301 ; gain = 0.000 ; free physical = 78516 ; free virtual = 153787
Phase 5 Sweep | Checksum: 18b02a78b

Time (s): cpu = 00:03:18 ; elapsed = 00:02:11 . Memory (MB): peak = 12050.301 ; gain = 506.910 ; free physical = 77786 ; free virtual = 153057
Sweep | Checksum: 18b02a78b
INFO: [Opt 31-389] Phase Sweep created 0 cells and removed 8846 cells
INFO: [Opt 31-1021] In phase Sweep, 1411510 netlist objects are constrained preventing optimization. Please run opt_design with -debug_log to get more detail. 

Phase 6 BUFG optimization
INFO: [Opt 31-1077] Phase BUFG optimization inserted 0 global clock buffer(s) for CLOCK_LOW_FANOUT.
Phase 6 BUFG optimization | Checksum: 18b02a78b

Time (s): cpu = 00:03:50 ; elapsed = 00:02:26 . Memory (MB): peak = 12050.301 ; gain = 506.910 ; free physical = 77457 ; free virtual = 152728
BUFG optimization | Checksum: 18b02a78b
INFO: [Opt 31-662] Phase BUFG optimization created 0 cells of which 0 are BUFGs and removed 0 cells.
INFO: [Opt 31-1021] In phase BUFG optimization, 12 netlist objects are constrained preventing optimization. Please run opt_design with -debug_log to get more detail. 

Phase 7 Shift Register Optimization
INFO: [Opt 31-1064] SRL Remap converted 0 SRLs to 0 registers and converted 0 registers of register chains to 0 SRLs
Phase 7 Shift Register Optimization | Checksum: 18b02a78b

Time (s): cpu = 00:03:59 ; elapsed = 00:02:29 . Memory (MB): peak = 12050.301 ; gain = 506.910 ; free physical = 77451 ; free virtual = 152721
Shift Register Optimization | Checksum: 18b02a78b
INFO: [Opt 31-389] Phase Shift Register Optimization created 0 cells and removed 0 cells

Phase 8 Post Processing Netlist
Phase 8 Post Processing Netlist | Checksum: 154e95adb

Time (s): cpu = 00:04:13 ; elapsed = 00:02:38 . Memory (MB): peak = 12050.301 ; gain = 506.910 ; free physical = 77463 ; free virtual = 152734
Post Processing Netlist | Checksum: 154e95adb
INFO: [Opt 31-389] Phase Post Processing Netlist created 0 cells and removed 0 cells
INFO: [Opt 31-1021] In phase Post Processing Netlist, 1389 netlist objects are constrained preventing optimization. Please run opt_design with -debug_log to get more detail. 

Phase 9 Finalization

Phase 9.1 Finalizing Design Cores and Updating Shapes
Phase 9.1 Finalizing Design Cores and Updating Shapes | Checksum: 16826cf82

Time (s): cpu = 00:04:36 ; elapsed = 00:02:56 . Memory (MB): peak = 12050.301 ; gain = 506.910 ; free physical = 77428 ; free virtual = 152699

Phase 9.2 Verifying Netlist Connectivity

Starting Connectivity Check Task

Time (s): cpu = 00:00:02 ; elapsed = 00:00:02 . Memory (MB): peak = 12050.301 ; gain = 0.000 ; free physical = 77424 ; free virtual = 152694
Phase 9.2 Verifying Netlist Connectivity | Checksum: 16826cf82

Time (s): cpu = 00:04:41 ; elapsed = 00:02:59 . Memory (MB): peak = 12050.301 ; gain = 506.910 ; free physical = 77408 ; free virtual = 152678
Phase 9 Finalization | Checksum: 16826cf82

Time (s): cpu = 00:04:45 ; elapsed = 00:03:00 . Memory (MB): peak = 12050.301 ; gain = 506.910 ; free physical = 77379 ; free virtual = 152649
Opt_design Change Summary
=========================


-------------------------------------------------------------------------------------------------------------------------
|  Phase                        |  #Cells created  |  #Cells Removed  |  #Constrained objects preventing optimizations  |
-------------------------------------------------------------------------------------------------------------------------
|  Retarget                     |            6063  |            6686  |                                           9422  |
|  Constant propagation         |              80  |            2138  |                                           1831  |
|  Sweep                        |               0  |            8846  |                                        1411510  |
|  BUFG optimization            |               0  |               0  |                                             12  |
|  Shift Register Optimization  |               0  |               0  |                                              0  |
|  Post Processing Netlist      |               0  |               0  |                                           1389  |
-------------------------------------------------------------------------------------------------------------------------


Ending Logic Optimization Task | Checksum: 16826cf82

Time (s): cpu = 00:04:48 ; elapsed = 00:03:01 . Memory (MB): peak = 12050.301 ; gain = 506.910 ; free physical = 77358 ; free virtual = 152629

Starting Power Optimization Task
INFO: [Pwropt 34-132] Skipping clock gating for clocks with a period < 2.00 ns.
INFO: [Pwropt 34-232] Skipping BRAM gating because all BRAMs are in high frequency (i.e. period < 3.12 ns) clock domains.
INFO: [Pwropt 34-162] WRITE_MODE attribute of 0 BRAM(s) out of a total of 536 has been updated to save power. Run report_power_opt to get a complete listing of the BRAMs updated.
Ending Power Optimization Task | Checksum: 16826cf82

Time (s): cpu = 00:00:16 ; elapsed = 00:00:15 . Memory (MB): peak = 13447.496 ; gain = 1397.195 ; free physical = 74858 ; free virtual = 150129

Starting Final Cleanup Task
Ending Final Cleanup Task | Checksum: 16826cf82

Time (s): cpu = 00:00:04 ; elapsed = 00:00:01 . Memory (MB): peak = 13447.496 ; gain = 0.000 ; free physical = 74850 ; free virtual = 150121

Starting Netlist Obfuscation Task
Netlist sorting complete. Time (s): cpu = 00:00:00.41 ; elapsed = 00:00:00.44 . Memory (MB): peak = 13447.496 ; gain = 0.000 ; free physical = 74850 ; free virtual = 150121
Ending Netlist Obfuscation Task | Checksum: 16826cf82

Time (s): cpu = 00:00:04 ; elapsed = 00:00:01 . Memory (MB): peak = 13447.496 ; gain = 0.000 ; free physical = 74796 ; free virtual = 150067
INFO: [Common 17-83] Releasing license: Implementation
354 Infos, 325 Warnings, 0 Critical Warnings and 0 Errors encountered.
opt_design completed successfully
opt_design: Time (s): cpu = 00:06:04 ; elapsed = 00:03:45 . Memory (MB): peak = 13447.496 ; gain = 1904.105 ; free physical = 74796 ; free virtual = 150067
source /home/miahafiz/NeuroRing_a_4096_5c/_x.hw.NUM_4096.CORE_5.FREQ_300/link/vivado/vpl/scripts/impl_1/_full_opt_post.tcl
source /home/miahafiz/NeuroRing_a_4096_5c/_x.hw.NUM_4096.CORE_5.FREQ_300/link/vivado/vpl/scripts/impl_1/_full_place_pre.tcl
CRITICAL WARNING: [Vivado 12-4430] You are lowering the severity from an ERROR. This can potentially lead to board damage or other functionality issues on hardware. If this is not desired, please run 'reset_property SEVERITY [get_drc_checks HDPR-5]' to undo this change.
INFO: [Chipscope 16-240] Debug cores have already been implemented
Command: place_design -directive AltSpreadLogic_medium
Attempting to get a license for feature 'Implementation' and/or device 'xcu55c'
INFO: [Common 17-349] Got license for feature 'Implementation' and/or device 'xcu55c'
INFO: [Common 17-83] Releasing license: Implementation
INFO: [DRC 23-27] Running DRC with 8 threads
INFO: [Vivado_Tcl 4-198] DRC finished with 0 Errors
INFO: [Vivado_Tcl 4-199] Please refer to the DRC report (report_drc) for more information.
INFO: [Vivado_Tcl 4-2302] The placer was invoked with the 'AltSpreadLogic_medium' directive.
Running DRC as a precondition to command place_design
INFO: [DRC 23-27] Running DRC with 8 threads
INFO: [Vivado_Tcl 4-198] DRC finished with 0 Errors
INFO: [Vivado_Tcl 4-199] Please refer to the DRC report (report_drc) for more information.
INFO: [Place 30-611] Multithreading enabled for place_design using a maximum of 8 CPUs

Starting Placer Task

Phase 1 Placer Initialization

Phase 1.1 Placer Initialization Netlist Sorting
Netlist sorting complete. Time (s): cpu = 00:00:00.39 ; elapsed = 00:00:00.47 . Memory (MB): peak = 13447.496 ; gain = 0.000 ; free physical = 74402 ; free virtual = 149673
Phase 1.1 Placer Initialization Netlist Sorting | Checksum: 14d1f7470

Time (s): cpu = 00:00:05 ; elapsed = 00:00:02 . Memory (MB): peak = 13447.496 ; gain = 0.000 ; free physical = 74396 ; free virtual = 149667
Netlist sorting complete. Time (s): cpu = 00:00:00.32 ; elapsed = 00:00:00.33 . Memory (MB): peak = 13447.496 ; gain = 0.000 ; free physical = 74365 ; free virtual = 149636

Phase 1.2 IO Placement/ Clock Placement/ Build Placer Device
INFO: [Timing 38-35] Done setting XDC timing constraints.
Phase 1.2 IO Placement/ Clock Placement/ Build Placer Device | Checksum: 1c5baa597

Time (s): cpu = 00:09:43 ; elapsed = 00:06:40 . Memory (MB): peak = 13447.496 ; gain = 0.000 ; free physical = 69283 ; free virtual = 144663

Phase 1.3 Build Placer Netlist Model
INFO: [Place 30-1040]   HIGH_PRIORITY Clock: clk_kernel_01_unbuffered_net
INFO: [Place 30-1040]   HIGH_PRIORITY Clock: clk_kernel_00_unbuffered_net
INFO: [Place 30-1040]   HIGH_PRIORITY Clock: hbm_aclk
INFO: [Place 30-1040]   HIGH_PRIORITY Clock: clk_out1_bd_39ab_clkwiz_level0_periph_0_1
INFO: [Place 30-1040]   HIGH_PRIORITY Clock: clk_out2_bd_39ab_clkwiz_level0_periph_0_1
INFO: [Place 30-1040]   HIGH_PRIORITY Clock: GTYE4_CHANNEL_TXOUTCLK[3]_7
Phase 1.3 Build Placer Netlist Model | Checksum: 1fb78d8e0

Time (s): cpu = 00:16:47 ; elapsed = 00:09:58 . Memory (MB): peak = 17372.164 ; gain = 3924.668 ; free physical = 65014 ; free virtual = 140610

Phase 1.4 Constrain Clocks/Macros
Phase 1.4 Constrain Clocks/Macros | Checksum: 1fb78d8e0

Time (s): cpu = 00:16:52 ; elapsed = 00:10:01 . Memory (MB): peak = 17372.164 ; gain = 3924.668 ; free physical = 64992 ; free virtual = 140588
Phase 1 Placer Initialization | Checksum: 1fb78d8e0

Time (s): cpu = 00:17:11 ; elapsed = 00:10:18 . Memory (MB): peak = 17372.164 ; gain = 3924.668 ; free physical = 64747 ; free virtual = 140352

Phase 2 Global Placement

Phase 2.1 Floorplanning
INFO: [Place 30-2086] Applied CLOCK_LOW_FANOUT constraint to clock net level0_i/ulp/ulp_ucs/inst/aclk_kernel_00_hierarchy/clock_throttling_aclk_kernel_00/U0/Clk_Int_Cont and placed all loads in clock region(s) X4Y3
INFO: [Place 30-2086] Applied CLOCK_LOW_FANOUT constraint to clock net level0_i/ulp/ulp_ucs/inst/aclk_kernel_01_hierarchy/clock_throttling_aclk_kernel_01/U0/Clk_Int_Cont and placed all loads in clock region(s) X4Y2

Phase 2.1.1 Partition Driven Placement

Phase 2.1.1.1 PBP: Partition Driven Placement
Phase 2.1.1.1 PBP: Partition Driven Placement | Checksum: 1d6b0bd73

Time (s): cpu = 00:33:33 ; elapsed = 00:17:25 . Memory (MB): peak = 17452.203 ; gain = 4004.707 ; free physical = 57268 ; free virtual = 133339

Phase 2.1.1.2 PBP: Clock Region Placement
WARNING: [Place 30-4550] Global clock net level0_i/blp/blp_i/ss_hif/inst/pcie/inst/bd_39ab_pcie_0_gt_top_i/diablo_gt.diablo_gt_phy_wrapper/phy_clk_i/CLK_USERCLK is an RM-internal clock and has a USER_CLOCK_ROOT (UCR) set as X7Y0 but this UCR is outside the routing footprint of the corresponding RM pblock ().
WARNING: [Place 30-4550] Global clock net level0_i/blp/blp_i/ss_hif/inst/pcie/inst/bufg_gt_sysclk_n_0 is an RM-internal clock and has a USER_CLOCK_ROOT (UCR) set as X7Y0 but this UCR is outside the routing footprint of the corresponding RM pblock ().
WARNING: [Place 30-4550] Global clock net level0_i/blp/blp_i/ss_hif/inst/pcie/inst/bd_39ab_pcie_0_gt_top_i/diablo_gt.diablo_gt_phy_wrapper/phy_clk_i/CLK_CORECLK is an RM-internal clock and has a USER_CLOCK_ROOT (UCR) set as X7Y0 but this UCR is outside the routing footprint of the corresponding RM pblock ().
WARNING: [Place 30-4550] Global clock net level0_i/blp/blp_i/ss_hif/inst/pcie/inst/bd_39ab_pcie_0_gt_top_i/diablo_gt.diablo_gt_phy_wrapper/phy_clk_i/CLK_PCLK2_GT is an RM-internal clock and has a USER_CLOCK_ROOT (UCR) set as X7Y0 but this UCR is outside the routing footprint of the corresponding RM pblock ().
WARNING: [Place 30-4550] Global clock net level0_i/blp/blp_i/ss_hif/inst/pcie/inst/bd_39ab_pcie_0_gt_top_i/diablo_gt.diablo_gt_phy_wrapper/phy_clk_i/CLK_INTCLK is an RM-internal clock and has a USER_CLOCK_ROOT (UCR) set as X7Y0 but this UCR is outside the routing footprint of the corresponding RM pblock ().
WARNING: [Place 30-4550] Global clock net level0_i/blp/blp_i/ss_hif/inst/pcie/inst/bd_39ab_pcie_0_gt_top_i/diablo_gt.diablo_gt_phy_wrapper/phy_clk_i/mcap_clk is an RM-internal clock and has a USER_CLOCK_ROOT (UCR) set as X7Y0 but this UCR is outside the routing footprint of the corresponding RM pblock ().
Phase 2.1.1.2 PBP: Clock Region Placement | Checksum: 214d2f0f6

Time (s): cpu = 00:34:40 ; elapsed = 00:18:31 . Memory (MB): peak = 17452.203 ; gain = 4004.707 ; free physical = 56352 ; free virtual = 132513

Phase 2.1.1.3 PBP: Compute Congestion
Phase 2.1.1.3 PBP: Compute Congestion | Checksum: 214d2f0f6

Time (s): cpu = 00:36:10 ; elapsed = 00:18:56 . Memory (MB): peak = 17452.203 ; gain = 4004.707 ; free physical = 56185 ; free virtual = 132350

Phase 2.1.1.4 PBP: UpdateTiming
Phase 2.1.1.4 PBP: UpdateTiming | Checksum: 2273255ed

Time (s): cpu = 00:38:04 ; elapsed = 00:19:33 . Memory (MB): peak = 17452.203 ; gain = 4004.707 ; free physical = 54054 ; free virtual = 130234

Phase 2.1.1.5 PBP: Add part constraints
Phase 2.1.1.5 PBP: Add part constraints | Checksum: 2273255ed

Time (s): cpu = 00:38:08 ; elapsed = 00:19:35 . Memory (MB): peak = 17452.203 ; gain = 4004.707 ; free physical = 54055 ; free virtual = 130235
Phase 2.1.1 Partition Driven Placement | Checksum: 2273255ed

Time (s): cpu = 00:38:12 ; elapsed = 00:19:36 . Memory (MB): peak = 17452.203 ; gain = 4004.707 ; free physical = 54056 ; free virtual = 130237
Phase 2.1 Floorplanning | Checksum: 2273255ed

Time (s): cpu = 00:38:16 ; elapsed = 00:19:38 . Memory (MB): peak = 17452.203 ; gain = 4004.707 ; free physical = 54053 ; free virtual = 130235

Phase 2.2 Physical Synthesis After Floorplan
INFO: [Physopt 32-46] Identified 41 candidate nets for critical-cell optimization.
INFO: [Physopt 32-81] Processed net level0_i/ulp/ulp_ucs/inst/fanout_aresetn_pcie/fanout_aresetn_pcie_slr0_4/inst/q[0]. Replicated 1 times.
INFO: [Physopt 32-81] Processed net level0_i/ulp/ulp_cmp/inst/user_debug_bridge/inst/axi_jtag/inst/u_jtag_proc/state[1]. Replicated 1 times.
INFO: [Physopt 32-81] Processed net level0_i/ulp/ulp_cmp/inst/user_debug_bridge/inst/axi_jtag/inst/u_jtag_proc/state[2]. Replicated 1 times.
INFO: [Physopt 32-81] Processed net level0_i/ulp/ulp_cmp/inst/user_debug_bridge/inst/axi_jtag/inst/u_axi4_lite_if/Q[0]. Replicated 1 times.
INFO: [Physopt 32-81] Processed net level0_i/ulp/axi_ic_ctrl_mgmt_slr1/xbar/inst/gen_sasd.crossbar_sasd_0/aresetn_d. Replicated 1 times.
INFO: [Physopt 32-81] Processed net level0_i/ulp/axi_ic_ctrl_mgmt_slr1/xbar/inst/gen_sasd.crossbar_sasd_0/aresetn_d. Replicated 1 times.
INFO: [Physopt 32-81] Processed net level0_i/ulp/ulp_cmp/inst/user_debug_bridge/inst/axi_jtag/inst/u_jtag_proc/enable_d. Replicated 1 times.
INFO: [Physopt 32-81] Processed net level0_i/ulp/axi_ic_ctrl_mgmt_slr1/xbar/inst/gen_sasd.crossbar_sasd_0/addr_arbiter_inst/p_0_in1_in. Replicated 1 times.
INFO: [Physopt 32-81] Processed net level0_i/ulp/axi_ic_ctrl_mgmt_slr1/xbar/inst/gen_sasd.crossbar_sasd_0/addr_arbiter_inst/p_0_in1_in. Replicated 1 times.
INFO: [Physopt 32-775] End 1 Pass. Optimized 7 nets or cells. Created 9 new cells, deleted 0 existing cell and moved 0 existing cell
Netlist sorting complete. Time (s): cpu = 00:00:00.62 ; elapsed = 00:00:00.82 . Memory (MB): peak = 17452.203 ; gain = 0.000 ; free physical = 53888 ; free virtual = 130092
Netlist sorting complete. Time (s): cpu = 00:00:00.34 ; elapsed = 00:00:00.34 . Memory (MB): peak = 17452.203 ; gain = 0.000 ; free physical = 53889 ; free virtual = 130094

Summary of Physical Synthesis Optimizations
============================================


-----------------------------------------------------------------------------------------------------------------------------------------------
|  Optimization                         |  Added Cells  |  Removed Cells  |  Optimized Cells/Nets  |  Dont Touch  |  Iterations  |  Elapsed   |
-----------------------------------------------------------------------------------------------------------------------------------------------
|  PSIP Post Floorplan SLR Replication  |            9  |              0  |                     7  |           0  |           1  |  00:00:25  |
|  Total                                |            9  |              0  |                     7  |           0  |           1  |  00:00:25  |
-----------------------------------------------------------------------------------------------------------------------------------------------


Phase 2.2 Physical Synthesis After Floorplan | Checksum: 2a7ffdee5

Time (s): cpu = 00:40:34 ; elapsed = 00:20:27 . Memory (MB): peak = 17452.203 ; gain = 4004.707 ; free physical = 53842 ; free virtual = 130047

Phase 2.3 Update Timing before SLR Path Opt
Phase 2.3 Update Timing before SLR Path Opt | Checksum: 22b6603a5

Time (s): cpu = 00:40:52 ; elapsed = 00:20:35 . Memory (MB): peak = 17452.203 ; gain = 4004.707 ; free physical = 53837 ; free virtual = 130041

Phase 2.4 Post-Processing in Floorplanning
Phase 2.4 Post-Processing in Floorplanning | Checksum: 27e40bee6

Time (s): cpu = 00:40:58 ; elapsed = 00:20:39 . Memory (MB): peak = 17452.203 ; gain = 4004.707 ; free physical = 53798 ; free virtual = 130002

Phase 2.5 Global Place Phase1
Phase 2.5 Global Place Phase1 | Checksum: 1c3433966

Time (s): cpu = 01:24:58 ; elapsed = 00:39:01 . Memory (MB): peak = 17964.336 ; gain = 4516.840 ; free physical = 14311 ; free virtual = 92149

Phase 2.6 Global Place Phase2

Phase 2.6.1 UpdateTiming Before Physical Synthesis
Phase 2.6.1 UpdateTiming Before Physical Synthesis | Checksum: 1d5135ba6

Time (s): cpu = 01:27:17 ; elapsed = 00:39:36 . Memory (MB): peak = 17964.336 ; gain = 4516.840 ; free physical = 13996 ; free virtual = 91832

Phase 2.6.2 Physical Synthesis In Placer
INFO: [Physopt 32-1035] Found 1171 LUTNM shape to break, 18293 LUT instances to create LUTNM shape
INFO: [Physopt 32-1044] Break lutnm for timing: one critical 620, two critical 551, total 1171, new lutff created 0
INFO: [Physopt 32-1138] End 1 Pass. Optimized 9468 nets or LUTs. Breaked 1171 LUTs, combined 8297 existing LUTs and moved 0 existing LUT
INFO: [Physopt 32-1030] Pass 1. Identified 330 candidate driver sets for equivalent driver rewiring.
INFO: [Physopt 32-661] Optimized 186 nets.  Re-placed 803 instances.
INFO: [Physopt 32-775] End 1 Pass. Optimized 186 nets or cells. Created 0 new cell, deleted 1 existing cell and moved 803 existing cells
Netlist sorting complete. Time (s): cpu = 00:00:01 ; elapsed = 00:00:01 . Memory (MB): peak = 18138.102 ; gain = 0.000 ; free physical = 18876 ; free virtual = 96715
INFO: [Physopt 32-1408] Pass 1. Identified 95 candidate nets for high-fanout optimization.
INFO: [Physopt 32-81] Processed net level0_i/ulp/SynapseRouter_1/inst/Accumulator_2_U0/grp_Accumulator_2_Pipeline_accumulate_loop_fu_151/ap_CS_fsm_pp0_stage0. Replicated 8 times.
INFO: [Physopt 32-81] Processed net level0_i/ulp/SynapseRouter_1/inst/Accumulator_U0/grp_Accumulator_Pipeline_accumulate_loop_fu_161/ap_CS_fsm_pp0_stage0. Replicated 8 times.
INFO: [Physopt 32-81] Processed net level0_i/ulp/SynapseRouter_3/inst/Accumulator_4_U0/grp_Accumulator_4_Pipeline_accumulate_loop_fu_151/ap_CS_fsm_pp0_stage0. Replicated 9 times.
INFO: [Physopt 32-81] Processed net level0_i/ulp/SynapseRouter_0/inst/Accumulator_7_U0/grp_Accumulator_7_Pipeline_accumulate_loop_fu_151/ap_CS_fsm_pp0_stage0. Replicated 8 times.
INFO: [Physopt 32-81] Processed net level0_i/ulp/SynapseRouter_1/inst/Accumulator_4_U0/grp_Accumulator_4_Pipeline_accumulate_loop_fu_151/ap_CS_fsm_pp0_stage1. Replicated 7 times.
INFO: [Physopt 32-81] Processed net level0_i/ulp/SynapseRouter_4/inst/Accumulator_5_U0/grp_Accumulator_5_Pipeline_accumulate_loop_fu_151/ap_CS_fsm_pp0_stage0. Replicated 8 times.
INFO: [Physopt 32-81] Processed net level0_i/ulp/SynapseRouter_1/inst/Accumulator_4_U0/grp_Accumulator_4_Pipeline_accumulate_loop_fu_151/ap_CS_fsm_pp0_stage0. Replicated 8 times.
INFO: [Physopt 32-81] Processed net level0_i/ulp/SynapseRouter_1/inst/Accumulator_6_U0/grp_Accumulator_6_Pipeline_accumulate_loop_fu_151/ap_CS_fsm_pp0_stage1. Replicated 8 times.
INFO: [Physopt 32-81] Processed net level0_i/ulp/SynapseRouter_3/inst/Accumulator_5_U0/grp_Accumulator_5_Pipeline_accumulate_loop_fu_151/ap_CS_fsm_pp0_stage0. Replicated 8 times.
INFO: [Physopt 32-81] Processed net level0_i/ulp/SynapseRouter_0/inst/Accumulator_6_U0/grp_Accumulator_6_Pipeline_accumulate_loop_fu_151/ap_CS_fsm_pp0_stage0. Replicated 8 times.
INFO: [Physopt 32-81] Processed net level0_i/ulp/SynapseRouter_1/inst/Accumulator_6_U0/grp_Accumulator_6_Pipeline_accumulate_loop_fu_151/ap_CS_fsm_pp0_stage0. Replicated 7 times.
INFO: [Physopt 32-81] Processed net level0_i/ulp/SynapseRouter_0/inst/Accumulator_U0/grp_Accumulator_Pipeline_accumulate_loop_fu_161/ap_CS_fsm_pp0_stage0. Replicated 8 times.
INFO: [Physopt 32-81] Processed net level0_i/ulp/SynapseRouter_2/inst/Accumulator_U0/grp_Accumulator_Pipeline_accumulate_loop_fu_161/ap_CS_fsm_pp0_stage0. Replicated 7 times.
INFO: [Physopt 32-81] Processed net level0_i/ulp/SynapseRouter_2/inst/Accumulator_4_U0/grp_Accumulator_4_Pipeline_accumulate_loop_fu_151/ap_CS_fsm_pp0_stage0. Replicated 7 times.
INFO: [Physopt 32-81] Processed net level0_i/ulp/SynapseRouter_0/inst/Accumulator_7_U0/grp_Accumulator_7_Pipeline_accumulate_loop_fu_151/ap_CS_fsm_pp0_stage1. Replicated 7 times.
INFO: [Physopt 32-81] Processed net level0_i/ulp/SynapseRouter_4/inst/Accumulator_3_U0/grp_Accumulator_3_Pipeline_accumulate_loop_fu_151/ap_CS_fsm_pp0_stage0. Replicated 8 times.
INFO: [Physopt 32-81] Processed net level0_i/ulp/SynapseRouter_0/inst/Accumulator_3_U0/grp_Accumulator_3_Pipeline_accumulate_loop_fu_151/ap_CS_fsm_pp0_stage0. Replicated 8 times.
INFO: [Physopt 32-81] Processed net level0_i/ulp/SynapseRouter_0/inst/Accumulator_5_U0/grp_Accumulator_5_Pipeline_accumulate_loop_fu_151/ap_CS_fsm_pp0_stage0. Replicated 7 times.
INFO: [Physopt 32-81] Processed net level0_i/ulp/SynapseRouter_2/inst/Accumulator_5_U0/grp_Accumulator_5_Pipeline_accumulate_loop_fu_151/ap_CS_fsm_pp0_stage0. Replicated 7 times.
INFO: [Physopt 32-81] Processed net level0_i/ulp/NeuroRing_0/inst/ap_rst_n_inv. Replicated 18 times.
INFO: [Physopt 32-81] Processed net level0_i/ulp/SynapseRouter_3/inst/Accumulator_3_U0/grp_Accumulator_3_Pipeline_accumulate_loop_fu_151/ap_CS_fsm_pp0_stage0. Replicated 8 times.
INFO: [Physopt 32-81] Processed net level0_i/ulp/SynapseRouter_0/inst/Accumulator_1_U0/grp_Accumulator_1_Pipeline_accumulate_loop_fu_151/ap_CS_fsm_pp0_stage0. Replicated 7 times.
INFO: [Physopt 32-81] Processed net level0_i/ulp/SynapseRouter_1/inst/Accumulator_3_U0/grp_Accumulator_3_Pipeline_accumulate_loop_fu_151/ap_CS_fsm_pp0_stage1. Replicated 6 times.
INFO: [Physopt 32-81] Processed net level0_i/ulp/SynapseRouter_1/inst/Accumulator_5_U0/grp_Accumulator_5_Pipeline_accumulate_loop_fu_151/ap_CS_fsm_pp0_stage0. Replicated 8 times.
INFO: [Physopt 32-81] Processed net level0_i/ulp/SynapseRouter_1/inst/Accumulator_3_U0/grp_Accumulator_3_Pipeline_accumulate_loop_fu_151/ap_CS_fsm_pp0_stage0. Replicated 7 times.
INFO: [Physopt 32-81] Processed net level0_i/ulp/SynapseRouter_4/inst/Accumulator_1_U0/grp_Accumulator_1_Pipeline_accumulate_loop_fu_151/ap_CS_fsm_pp0_stage0. Replicated 1 times.
INFO: [Physopt 32-81] Processed net level0_i/ulp/SynapseRouter_1/inst/Accumulator_7_U0/grp_Accumulator_7_Pipeline_accumulate_loop_fu_151/ap_CS_fsm_pp0_stage0. Replicated 8 times.
INFO: [Physopt 32-81] Processed net level0_i/ulp/SynapseRouter_2/inst/Accumulator_2_U0/grp_Accumulator_2_Pipeline_accumulate_loop_fu_151/ap_CS_fsm_pp0_stage0. Replicated 7 times.
INFO: [Physopt 32-81] Processed net level0_i/ulp/SynapseRouter_0/inst/Accumulator_4_U0/grp_Accumulator_4_Pipeline_accumulate_loop_fu_151/ap_CS_fsm_pp0_stage0. Replicated 8 times.
INFO: [Physopt 32-81] Processed net level0_i/ulp/SynapseRouter_0/inst/Accumulator_4_U0/grp_Accumulator_4_Pipeline_accumulate_loop_fu_151/ap_CS_fsm_pp0_stage1. Replicated 7 times.
INFO: [Physopt 32-81] Processed net level0_i/ulp/SynapseRouter_2/inst/Accumulator_3_U0/grp_Accumulator_3_Pipeline_accumulate_loop_fu_151/ap_CS_fsm_pp0_stage0. Replicated 8 times.
INFO: [Physopt 32-81] Processed net level0_i/ulp/SynapseRouter_3/inst/Accumulator_2_U0/grp_Accumulator_2_Pipeline_accumulate_loop_fu_151/ap_CS_fsm_pp0_stage0. Replicated 7 times.
INFO: [Physopt 32-81] Processed net level0_i/ulp/SynapseRouter_2/inst/Accumulator_5_U0/grp_Accumulator_5_Pipeline_accumulate_loop_fu_151/ap_CS_fsm_pp0_stage1. Replicated 5 times.
INFO: [Physopt 32-81] Processed net level0_i/ulp/SynapseRouter_2/inst/Accumulator_1_U0/grp_Accumulator_1_Pipeline_accumulate_loop_fu_151/ap_CS_fsm_pp0_stage1. Replicated 6 times.
INFO: [Physopt 32-81] Processed net level0_i/ulp/SynapseRouter_2/inst/Accumulator_6_U0/grp_Accumulator_6_Pipeline_accumulate_loop_fu_151/ap_CS_fsm_pp0_stage0. Replicated 10 times.
INFO: [Physopt 32-81] Processed net level0_i/ulp/SynapseRouter_3/inst/Accumulator_1_U0/grp_Accumulator_1_Pipeline_accumulate_loop_fu_151/ap_CS_fsm_pp0_stage0. Replicated 10 times.
INFO: [Physopt 32-81] Processed net level0_i/ulp/SynapseRouter_1/inst/Accumulator_7_U0/grp_Accumulator_7_Pipeline_accumulate_loop_fu_151/ap_CS_fsm_pp0_stage1. Replicated 6 times.
INFO: [Physopt 32-81] Processed net level0_i/ulp/SynapseRouter_4/inst/Accumulator_7_U0/grp_Accumulator_7_Pipeline_accumulate_loop_fu_151/ap_CS_fsm_pp0_stage0. Replicated 8 times.
INFO: [Physopt 32-81] Processed net level0_i/ulp/SynapseRouter_3/inst/Accumulator_U0/grp_Accumulator_Pipeline_accumulate_loop_fu_161/ap_CS_fsm_pp0_stage0. Replicated 8 times.
INFO: [Physopt 32-81] Processed net level0_i/ulp/SynapseRouter_4/inst/Accumulator_U0/grp_Accumulator_Pipeline_accumulate_loop_fu_161/ap_CS_fsm_pp0_stage0. Replicated 9 times.
INFO: [Physopt 32-81] Processed net level0_i/ulp/SynapseRouter_4/inst/Accumulator_4_U0/grp_Accumulator_4_Pipeline_accumulate_loop_fu_151/ap_CS_fsm_pp0_stage0. Replicated 8 times.
INFO: [Physopt 32-81] Processed net level0_i/ulp/SynapseRouter_2/inst/Accumulator_1_U0/grp_Accumulator_1_Pipeline_accumulate_loop_fu_151/ap_CS_fsm_pp0_stage0. Replicated 7 times.
INFO: [Physopt 32-81] Processed net level0_i/ulp/SynapseRouter_3/inst/Accumulator_6_U0/grp_Accumulator_6_Pipeline_accumulate_loop_fu_151/ap_CS_fsm_pp0_stage0. Replicated 7 times.
INFO: [Physopt 32-81] Processed net level0_i/ulp/SynapseRouter_0/inst/Accumulator_2_U0/grp_Accumulator_2_Pipeline_accumulate_loop_fu_151/ap_CS_fsm_pp0_stage1. Replicated 6 times.
INFO: [Physopt 32-81] Processed net level0_i/ulp/SynapseRouter_4/inst/Accumulator_6_U0/grp_Accumulator_6_Pipeline_accumulate_loop_fu_151/ap_CS_fsm_pp0_stage0. Replicated 7 times.
INFO: [Physopt 32-81] Processed net level0_i/ulp/SynapseRouter_0/inst/ap_rst_n_inv. Replicated 44 times.
INFO: [Physopt 32-81] Processed net level0_i/ulp/SynapseRouter_1/inst/ap_rst_n_inv. Replicated 41 times.
INFO: [Physopt 32-81] Processed net level0_i/ulp/SynapseRouter_2/inst/ap_rst_n_inv. Replicated 39 times.
INFO: [Physopt 32-81] Processed net level0_i/ulp/SynapseRouter_3/inst/ap_rst_n_inv. Replicated 37 times.
INFO: [Physopt 32-81] Processed net level0_i/ulp/SynapseRouter_4/inst/ap_rst_n_inv. Replicated 39 times.
INFO: [Physopt 32-81] Processed net level0_i/ulp/NeuroRing_1/inst/ap_rst_n_inv. Replicated 11 times.
INFO: [Physopt 32-81] Processed net level0_i/ulp/NeuroRing_2/inst/ap_rst_n_inv. Replicated 15 times.
INFO: [Physopt 32-81] Processed net level0_i/ulp/NeuroRing_3/inst/ap_rst_n_inv. Replicated 17 times.
INFO: [Physopt 32-81] Processed net level0_i/ulp/NeuroRing_4/inst/ap_rst_n_inv. Replicated 18 times.
INFO: [Physopt 32-81] Processed net level0_i/ulp/NeuroRing_0/inst/grp_NeuroRing_Pipeline_update_membrane_potential_fu_1457/fcmp_32ns_32ns_1_2_no_dsp_1_U108/ce_r. Replicated 11 times.
INFO: [Physopt 32-81] Processed net level0_i/ulp/NeuroRing_3/inst/grp_NeuroRing_Pipeline_update_membrane_potential_fu_1457/fcmp_32ns_32ns_1_2_no_dsp_1_U108/ce_r. Replicated 7 times.
INFO: [Physopt 32-81] Processed net level0_i/ulp/NeuroRing_4/inst/grp_NeuroRing_Pipeline_update_membrane_potential_fu_1457/fcmp_32ns_32ns_1_2_no_dsp_1_U108/ce_r. Replicated 9 times.
INFO: [Physopt 32-81] Processed net level0_i/ulp/NeuroRing_1/inst/grp_NeuroRing_Pipeline_update_membrane_potential_fu_1457/fmul_32ns_32ns_32_4_max_dsp_1_U94/ce_r. Replicated 8 times.
INFO: [Physopt 32-81] Processed net level0_i/ulp/NeuroRing_1/inst/grp_NeuroRing_Pipeline_update_membrane_potential_fu_1457/fcmp_32ns_32ns_1_2_no_dsp_1_U108/ce_r. Replicated 9 times.
INFO: [Physopt 32-81] Processed net level0_i/ulp/NeuroRing_2/inst/grp_NeuroRing_Pipeline_update_membrane_potential_fu_1457/fcmp_32ns_32ns_1_2_no_dsp_1_U108/ce_r. Replicated 6 times.
INFO: [Physopt 32-81] Processed net level0_i/ulp/SynapseRouter_0/inst/Accumulator_2_U0/grp_Accumulator_2_Pipeline_accumulate_loop_fu_151/ap_CS_fsm_pp0_stage0. Replicated 9 times.
INFO: [Physopt 32-81] Processed net level0_i/ulp/SynapseRouter_1/inst/Accumulator_1_U0/grp_Accumulator_1_Pipeline_accumulate_loop_fu_151/ap_CS_fsm_pp0_stage0. Replicated 9 times.
INFO: [Physopt 32-81] Processed net level0_i/ulp/SynapseRouter_4/inst/Accumulator_2_U0/grp_Accumulator_2_Pipeline_accumulate_loop_fu_151/ap_CS_fsm_pp0_stage0. Replicated 8 times.
INFO: [Physopt 32-81] Processed net level0_i/ulp/SynapseRouter_2/inst/Accumulator_7_U0/grp_Accumulator_7_Pipeline_accumulate_loop_fu_151/ap_CS_fsm_pp0_stage0. Replicated 6 times.
INFO: [Physopt 32-81] Processed net level0_i/ulp/SynapseRouter_3/inst/Accumulator_7_U0/grp_Accumulator_7_Pipeline_accumulate_loop_fu_151/ap_CS_fsm_pp0_stage0. Replicated 7 times.
INFO: [Physopt 32-81] Processed net level0_i/ulp/NeuroRing_2/inst/grp_NeuroRing_Pipeline_update_membrane_potential_fu_1457/fmul_32ns_32ns_32_4_max_dsp_1_U94/ce_r. Replicated 9 times.
INFO: [Physopt 32-81] Processed net level0_i/ulp/NeuroRing_3/inst/grp_NeuroRing_Pipeline_update_membrane_potential_fu_1457/fmul_32ns_32ns_32_4_max_dsp_1_U94/ce_r. Replicated 8 times.
INFO: [Physopt 32-81] Processed net level0_i/ulp/NeuroRing_0/inst/grp_NeuroRing_Pipeline_update_membrane_potential_fu_1457/fmul_32ns_32ns_32_4_max_dsp_1_U94/ce_r. Replicated 6 times.
INFO: [Physopt 32-81] Processed net level0_i/ulp/NeuroRing_4/inst/grp_NeuroRing_Pipeline_update_membrane_potential_fu_1457/fmul_32ns_32ns_32_4_max_dsp_1_U94/ce_r. Replicated 8 times.
INFO: [Physopt 32-81] Processed net level0_i/ulp/SynapseRouter_0/inst/Accumulator_1_U0/grp_Accumulator_1_Pipeline_accumulate_loop_fu_151/ap_CS_fsm_pp0_stage1. Replicated 6 times.
INFO: [Physopt 32-81] Processed net level0_i/ulp/SynapseRouter_0/inst/Accumulator_3_U0/grp_Accumulator_3_Pipeline_accumulate_loop_fu_151/ap_CS_fsm_pp0_stage1. Replicated 6 times.
INFO: [Physopt 32-81] Processed net level0_i/ulp/SynapseRouter_0/inst/Accumulator_5_U0/grp_Accumulator_5_Pipeline_accumulate_loop_fu_151/ap_CS_fsm_pp0_stage1. Replicated 7 times.
INFO: [Physopt 32-81] Processed net level0_i/ulp/SynapseRouter_0/inst/Accumulator_6_U0/grp_Accumulator_6_Pipeline_accumulate_loop_fu_151/ap_CS_fsm_pp0_stage1. Replicated 6 times.
INFO: [Physopt 32-81] Processed net level0_i/ulp/SynapseRouter_1/inst/Accumulator_1_U0/grp_Accumulator_1_Pipeline_accumulate_loop_fu_151/ap_CS_fsm_pp0_stage1. Replicated 5 times.
INFO: [Physopt 32-81] Processed net level0_i/ulp/SynapseRouter_1/inst/Accumulator_5_U0/grp_Accumulator_5_Pipeline_accumulate_loop_fu_151/ap_CS_fsm_pp0_stage1. Replicated 7 times.
INFO: [Physopt 32-81] Processed net level0_i/ulp/SynapseRouter_2/inst/Accumulator_2_U0/grp_Accumulator_2_Pipeline_accumulate_loop_fu_151/ap_CS_fsm_pp0_stage1. Replicated 6 times.
INFO: [Physopt 32-81] Processed net level0_i/ulp/SynapseRouter_2/inst/Accumulator_3_U0/grp_Accumulator_3_Pipeline_accumulate_loop_fu_151/ap_CS_fsm_pp0_stage1. Replicated 6 times.
INFO: [Physopt 32-81] Processed net level0_i/ulp/SynapseRouter_2/inst/Accumulator_4_U0/grp_Accumulator_4_Pipeline_accumulate_loop_fu_151/ap_CS_fsm_pp0_stage1. Replicated 7 times.
INFO: [Physopt 32-81] Processed net level0_i/ulp/SynapseRouter_2/inst/Accumulator_6_U0/grp_Accumulator_6_Pipeline_accumulate_loop_fu_151/ap_CS_fsm_pp0_stage1. Replicated 5 times.
INFO: [Physopt 32-81] Processed net level0_i/ulp/SynapseRouter_3/inst/Accumulator_1_U0/grp_Accumulator_1_Pipeline_accumulate_loop_fu_151/ap_CS_fsm_pp0_stage1. Replicated 7 times.
INFO: [Physopt 32-81] Processed net level0_i/ulp/SynapseRouter_3/inst/Accumulator_2_U0/grp_Accumulator_2_Pipeline_accumulate_loop_fu_151/ap_CS_fsm_pp0_stage1. Replicated 6 times.
INFO: [Physopt 32-81] Processed net level0_i/ulp/SynapseRouter_3/inst/Accumulator_3_U0/grp_Accumulator_3_Pipeline_accumulate_loop_fu_151/ap_CS_fsm_pp0_stage1. Replicated 7 times.
INFO: [Physopt 32-81] Processed net level0_i/ulp/SynapseRouter_3/inst/Accumulator_4_U0/grp_Accumulator_4_Pipeline_accumulate_loop_fu_151/ap_CS_fsm_pp0_stage1. Replicated 8 times.
INFO: [Physopt 32-81] Processed net level0_i/ulp/SynapseRouter_3/inst/Accumulator_6_U0/grp_Accumulator_6_Pipeline_accumulate_loop_fu_151/ap_CS_fsm_pp0_stage1. Replicated 5 times.
INFO: [Physopt 32-81] Processed net level0_i/ulp/SynapseRouter_4/inst/Accumulator_1_U0/grp_Accumulator_1_Pipeline_accumulate_loop_fu_151/ap_CS_fsm_pp0_stage1. Replicated 7 times.
INFO: [Physopt 32-81] Processed net level0_i/ulp/SynapseRouter_4/inst/Accumulator_2_U0/grp_Accumulator_2_Pipeline_accumulate_loop_fu_151/ap_CS_fsm_pp0_stage1. Replicated 6 times.
INFO: [Physopt 32-81] Processed net level0_i/ulp/SynapseRouter_4/inst/Accumulator_3_U0/grp_Accumulator_3_Pipeline_accumulate_loop_fu_151/ap_CS_fsm_pp0_stage1. Replicated 7 times.
INFO: [Physopt 32-81] Processed net level0_i/ulp/SynapseRouter_4/inst/Accumulator_4_U0/grp_Accumulator_4_Pipeline_accumulate_loop_fu_151/ap_CS_fsm_pp0_stage1. Replicated 7 times.
INFO: [Physopt 32-81] Processed net level0_i/ulp/SynapseRouter_4/inst/Accumulator_5_U0/grp_Accumulator_5_Pipeline_accumulate_loop_fu_151/ap_CS_fsm_pp0_stage1. Replicated 8 times.
INFO: [Physopt 32-81] Processed net level0_i/ulp/SynapseRouter_4/inst/Accumulator_6_U0/grp_Accumulator_6_Pipeline_accumulate_loop_fu_151/ap_CS_fsm_pp0_stage1. Replicated 7 times.
INFO: [Physopt 32-81] Processed net level0_i/ulp/SynapseRouter_2/inst/Accumulator_7_U0/grp_Accumulator_7_Pipeline_accumulate_loop_fu_151/ap_CS_fsm_pp0_stage1. Replicated 5 times.
INFO: [Common 17-14] Message 'Physopt 32-81' appears 100 times and further instances of the messages will be disabled.
INFO: [Physopt 32-232] Optimized 93 nets. Created 878 new instances.
INFO: [Physopt 32-775] End 1 Pass. Optimized 93 nets or cells. Created 878 new cells, deleted 0 existing cell and moved 0 existing cell
Netlist sorting complete. Time (s): cpu = 00:00:05 ; elapsed = 00:00:05 . Memory (MB): peak = 18138.102 ; gain = 0.000 ; free physical = 17429 ; free virtual = 95276
INFO: [Physopt 32-76] Pass 1. Identified 3 candidate nets for fanout optimization.
INFO: [Physopt 32-232] Optimized 3 nets. Created 19 new instances.
INFO: [Physopt 32-775] End 1 Pass. Optimized 3 nets or cells. Created 19 new cells, deleted 0 existing cell and moved 0 existing cell
Netlist sorting complete. Time (s): cpu = 00:00:00.65 ; elapsed = 00:00:00.65 . Memory (MB): peak = 18138.102 ; gain = 0.000 ; free physical = 16874 ; free virtual = 94722
INFO: [Physopt 32-46] Identified 51 candidate nets for critical-cell optimization.
INFO: [Physopt 32-571] Net level0_i/ulp/NeuroRing_3/inst/SynapseSize_address0__0[0] was not replicated.
INFO: [Physopt 32-571] Net level0_i/ulp/NeuroRing_3/inst/SynapseSize_address0__0[1] was not replicated.
INFO: [Physopt 32-571] Net level0_i/ulp/NeuroRing_3/inst/SynapseSize_address0__0[2] was not replicated.
INFO: [Physopt 32-571] Net level0_i/ulp/NeuroRing_1/inst/grp_NeuroRing_Pipeline_update_membrane_potential_fu_1457/fmul_32ns_32ns_32_4_max_dsp_1_U69/s_axis_b_tdata[0] was not replicated.
INFO: [Physopt 32-571] Net level0_i/ulp/NeuroRing_1/inst/grp_NeuroRing_Pipeline_update_membrane_potential_fu_1457/fmul_32ns_32ns_32_4_max_dsp_1_U69/s_axis_b_tdata[2] was not replicated.
INFO: [Physopt 32-571] Net level0_i/ulp/NeuroRing_1/inst/grp_NeuroRing_Pipeline_update_membrane_potential_fu_1457/fmul_32ns_32ns_32_4_max_dsp_1_U69/s_axis_b_tdata[7] was not replicated.
INFO: [Physopt 32-571] Net level0_i/ulp/NeuroRing_1/inst/grp_NeuroRing_Pipeline_update_membrane_potential_fu_1457/fmul_32ns_32ns_32_4_max_dsp_1_U69/s_axis_b_tdata[11] was not replicated.
INFO: [Physopt 32-571] Net level0_i/ulp/NeuroRing_1/inst/grp_NeuroRing_Pipeline_update_membrane_potential_fu_1457/fmul_32ns_32ns_32_4_max_dsp_1_U69/s_axis_b_tdata[1] was not replicated.
INFO: [Physopt 32-571] Net level0_i/ulp/NeuroRing_1/inst/grp_NeuroRing_Pipeline_update_membrane_potential_fu_1457/fmul_32ns_32ns_32_4_max_dsp_1_U69/s_axis_b_tdata[13] was not replicated.
INFO: [Physopt 32-571] Net level0_i/ulp/NeuroRing_0/inst/grp_NeuroRing_Pipeline_update_membrane_potential_fu_1457/fmul_32ns_32ns_32_4_max_dsp_1_U99/s_axis_b_tdata[8] was not replicated.
INFO: [Physopt 32-571] Net level0_i/ulp/NeuroRing_0/inst/grp_NeuroRing_Pipeline_update_membrane_potential_fu_1457/fmul_32ns_32ns_32_4_max_dsp_1_U99/s_axis_b_tdata[13] was not replicated.
INFO: [Physopt 32-571] Net level0_i/ulp/NeuroRing_0/inst/grp_NeuroRing_Pipeline_update_membrane_potential_fu_1457/fmul_32ns_32ns_32_4_max_dsp_1_U99/s_axis_b_tdata[6] was not replicated.
INFO: [Physopt 32-571] Net level0_i/ulp/NeuroRing_0/inst/grp_NeuroRing_Pipeline_update_membrane_potential_fu_1457/fmul_32ns_32ns_32_4_max_dsp_1_U99/s_axis_b_tdata[9] was not replicated.
INFO: [Physopt 32-571] Net level0_i/ulp/NeuroRing_0/inst/grp_NeuroRing_Pipeline_update_membrane_potential_fu_1457/fmul_32ns_32ns_32_4_max_dsp_1_U99/s_axis_b_tdata[12] was not replicated.
INFO: [Physopt 32-232] Optimized 0 net. Created 0 new instance.
INFO: [Physopt 32-775] End 1 Pass. Optimized 0 net or cell. Created 0 new cell, deleted 0 existing cell and moved 0 existing cell
INFO: [Physopt 32-896] DSP level0_i/blp/blp_i/ss_cmc/inst/microblaze_cmc/U0/MicroBlaze_Core_I/Performance.Core/Data_Flow_I/MUL_Unit_I/Use_HW_MUL.Using_DSP48_Architectures.Doing_mul64.Virtex_MUL64.dsp_module_I2/Using_DSP48E1.DSP48E1_I1/Using_FPGA.DSP48E1_I1 is not considered for optimization due to don't touch constraint
INFO: [Physopt 32-896] DSP level0_i/blp/blp_i/ss_cmc/inst/microblaze_cmc/U0/MicroBlaze_Core_I/Performance.Core/Data_Flow_I/MUL_Unit_I/Use_HW_MUL.Using_DSP48_Architectures.Doing_mul64.Virtex_MUL64.dsp_module_I3/Using_DSP48E1.DSP48E1_I1/Using_FPGA.DSP48E1_I1 is not considered for optimization due to don't touch constraint
INFO: [Physopt 32-896] DSP level0_i/blp/blp_i/ss_cmc/inst/microblaze_cmc/U0/MicroBlaze_Core_I/Performance.Core/Data_Flow_I/MUL_Unit_I/Use_HW_MUL.Using_DSP48_Architectures.Doing_mul64.Virtex_MUL64.dsp_module_I4/Using_DSP48E1.DSP48E1_I1/Using_FPGA.DSP48E1_I1 is not considered for optimization due to don't touch constraint
INFO: [Physopt 32-896] DSP level0_i/blp/blp_i/ss_cmc/inst/microblaze_cmc/U0/MicroBlaze_Core_I/Performance.Core/Data_Flow_I/MUL_Unit_I/Use_HW_MUL.Using_DSP48_Architectures.dsp_module_I1/Using_DSP48E1.DSP48E1_I1/Using_FPGA.DSP48E1_I1 is not considered for optimization due to don't touch constraint
INFO: [Physopt 32-456] No candidate cells for DSP register optimization found in the design.
INFO: [Physopt 32-775] End 2 Pass. Optimized 0 net or cell. Created 0 new cell, deleted 0 existing cell and moved 0 existing cell
INFO: [Physopt 32-1123] No candidate cells found for Shift Register to Pipeline optimization
INFO: [Physopt 32-775] End 2 Pass. Optimized 0 net or cell. Created 0 new cell, deleted 0 existing cell and moved 0 existing cell
INFO: [Physopt 32-1401] No candidate cells found for Shift Register optimization.
INFO: [Physopt 32-677] No candidate cells for Shift Register optimization found in the design
INFO: [Physopt 32-775] End 1 Pass. Optimized 0 net or cell. Created 0 new cell, deleted 0 existing cell and moved 0 existing cell
INFO: [Physopt 32-526] No candidate cells for BRAM register optimization found in the design
INFO: [Physopt 32-775] End 1 Pass. Optimized 0 net or cell. Created 0 new cell, deleted 0 existing cell and moved 0 existing cell
INFO: [Physopt 32-846] No candidate cells for URAM register optimization found in the design
INFO: [Physopt 32-775] End 1 Pass. Optimized 0 net or cell. Created 0 new cell, deleted 0 existing cell and moved 0 existing cell
INFO: [Physopt 32-846] No candidate cells for URAM register optimization found in the design
INFO: [Physopt 32-775] End 1 Pass. Optimized 0 net or cell. Created 0 new cell, deleted 0 existing cell and moved 0 existing cell
INFO: [Physopt 32-949] No candidate nets found for dynamic/static region interface net replication
INFO: [Physopt 32-775] End 1 Pass. Optimized 0 net or cell. Created 0 new cell, deleted 0 existing cell and moved 0 existing cell
Netlist sorting complete. Time (s): cpu = 00:00:00.33 ; elapsed = 00:00:00.41 . Memory (MB): peak = 18138.102 ; gain = 0.000 ; free physical = 17572 ; free virtual = 95417
INFO: [Physopt 32-68] No nets found for critical-cell optimization.
INFO: [Physopt 32-232] Optimized 0 net. Created 0 new instance.
INFO: [Physopt 32-775] End 1 Pass. Optimized 0 net or cell. Created 0 new cell, deleted 0 existing cell and moved 0 existing cell
Netlist sorting complete. Time (s): cpu = 00:00:00.38 ; elapsed = 00:00:00.39 . Memory (MB): peak = 18138.102 ; gain = 0.000 ; free physical = 17409 ; free virtual = 95254

Summary of Physical Synthesis Optimizations
============================================


-----------------------------------------------------------------------------------------------------------------------------------------------------------
|  Optimization                                     |  Added Cells  |  Removed Cells  |  Optimized Cells/Nets  |  Dont Touch  |  Iterations  |  Elapsed   |
-----------------------------------------------------------------------------------------------------------------------------------------------------------
|  LUT Combining                                    |         1171  |           8297  |                  9468  |           0  |           1  |  00:00:15  |
|  Retime                                           |            0  |              0  |                     0  |           0  |           1  |  00:00:00  |
|  Equivalent Driver Rewiring                       |            0  |              1  |                   186  |           0  |           1  |  00:00:28  |
|  Very High Fanout                                 |          878  |              0  |                    93  |           0  |           1  |  00:01:04  |
|  Fanout                                           |           19  |              0  |                     3  |           0  |           1  |  00:00:02  |
|  Critical Cell                                    |            0  |              0  |                     0  |           0  |           1  |  00:00:00  |
|  DSP Register                                     |            0  |              0  |                     0  |           4  |           1  |  00:00:01  |
|  Shift Register to Pipeline                       |            0  |              0  |                     0  |           0  |           1  |  00:00:00  |
|  Shift Register                                   |            0  |              0  |                     0  |           0  |           1  |  00:00:02  |
|  BRAM Register                                    |            0  |              0  |                     0  |         199  |           1  |  00:00:01  |
|  URAM Register                                    |            0  |              0  |                     0  |           0  |           1  |  00:00:02  |
|  Dynamic/Static Region Interface Net Replication  |            0  |              0  |                     0  |           0  |           1  |  00:00:00  |
|  Critical Cell                                    |            0  |              0  |                     0  |           0  |           1  |  00:00:00  |
|  Total                                            |         2068  |           8298  |                  9750  |         203  |          13  |  00:01:57  |
-----------------------------------------------------------------------------------------------------------------------------------------------------------


Phase 2.6.2 Physical Synthesis In Placer | Checksum: 2467bf8a8

Time (s): cpu = 01:31:50 ; elapsed = 00:42:41 . Memory (MB): peak = 18170.117 ; gain = 4722.621 ; free physical = 27329 ; free virtual = 105184
Phase 2.6 Global Place Phase2 | Checksum: 2594a1950

Time (s): cpu = 01:37:15 ; elapsed = 00:44:41 . Memory (MB): peak = 18170.117 ; gain = 4722.621 ; free physical = 40231 ; free virtual = 118093
Phase 2 Global Placement | Checksum: 2594a1950

Time (s): cpu = 01:37:21 ; elapsed = 00:44:42 . Memory (MB): peak = 18170.117 ; gain = 4722.621 ; free physical = 40232 ; free virtual = 118095

Phase 3 Detail Placement

Phase 3.1 Commit Multi Column Macros
Phase 3.1 Commit Multi Column Macros | Checksum: 2819b4f48

Time (s): cpu = 01:40:42 ; elapsed = 00:46:02 . Memory (MB): peak = 18170.117 ; gain = 4722.621 ; free physical = 42486 ; free virtual = 120027

Phase 3.2 Commit Most Macros & LUTRAMs
Phase 3.2 Commit Most Macros & LUTRAMs | Checksum: 22fe26cba

Time (s): cpu = 01:43:03 ; elapsed = 00:47:09 . Memory (MB): peak = 18170.117 ; gain = 4722.621 ; free physical = 40834 ; free virtual = 118378

Phase 3.3 Small Shape DP

Phase 3.3.1 Small Shape Clustering
Phase 3.3.1 Small Shape Clustering | Checksum: 1e51e8773

Time (s): cpu = 01:52:39 ; elapsed = 00:50:36 . Memory (MB): peak = 18329.230 ; gain = 4881.734 ; free physical = 40361 ; free virtual = 117917

Phase 3.3.2 Slice Area Swap

Phase 3.3.2.1 Slice Area Swap Initial
Phase 3.3.2.1 Slice Area Swap Initial | Checksum: 23208076b

Time (s): cpu = 01:58:47 ; elapsed = 00:53:19 . Memory (MB): peak = 18337.234 ; gain = 4889.738 ; free physical = 38468 ; free virtual = 116062
Phase 3.3.2 Slice Area Swap | Checksum: 1a826ea43

Time (s): cpu = 02:00:30 ; elapsed = 00:54:38 . Memory (MB): peak = 18337.234 ; gain = 4889.738 ; free physical = 37102 ; free virtual = 114702
Phase 3.3 Small Shape DP | Checksum: 2670238ac

Time (s): cpu = 02:02:43 ; elapsed = 00:55:20 . Memory (MB): peak = 18337.234 ; gain = 4889.738 ; free physical = 37080 ; free virtual = 114679

Phase 3.4 Place Remaining
Phase 3.4 Place Remaining | Checksum: 2670238ac

Time (s): cpu = 02:02:56 ; elapsed = 00:55:24 . Memory (MB): peak = 18337.234 ; gain = 4889.738 ; free physical = 37087 ; free virtual = 114687

Phase 3.5 Re-assign LUT pins
Phase 3.5 Re-assign LUT pins | Checksum: 1a0cf33f7

Time (s): cpu = 02:05:13 ; elapsed = 00:56:19 . Memory (MB): peak = 18369.250 ; gain = 4921.754 ; free physical = 34732 ; free virtual = 112335

Phase 3.6 Pipeline Register Optimization
Phase 3.6 Pipeline Register Optimization | Checksum: 1a0cf33f7

Time (s): cpu = 02:05:39 ; elapsed = 00:56:35 . Memory (MB): peak = 18369.250 ; gain = 4921.754 ; free physical = 34657 ; free virtual = 112260

Phase 3.7 Fast Optimization
Phase 3.7 Fast Optimization | Checksum: 2a623f3e3

Time (s): cpu = 02:14:34 ; elapsed = 00:58:33 . Memory (MB): peak = 19171.648 ; gain = 5724.152 ; free physical = 33765 ; free virtual = 111368
Phase 3 Detail Placement | Checksum: 2a623f3e3

Time (s): cpu = 02:14:47 ; elapsed = 00:58:36 . Memory (MB): peak = 19171.648 ; gain = 5724.152 ; free physical = 33754 ; free virtual = 111358

Phase 4 Post Placement Optimization and Clean-Up

Phase 4.1 Post Commit Optimization
INFO: [Timing 38-35] Done setting XDC timing constraints.

Phase 4.1.1 Post Placement Optimization
Post Placement Optimization Initialization | Checksum: 1ba43a356

Phase 4.1.1.1 BUFG Insertion

Starting Physical Synthesis Task

Phase 1 Physical Synthesis Initialization
INFO: [Physopt 32-721] Multithreading enabled for phys_opt_design using a maximum of 8 CPUs
INFO: [Physopt 32-619] Estimated Timing Summary | WNS=-0.154 | TNS=-33.551 |
Phase 1 Physical Synthesis Initialization | Checksum: 94e9527c

Time (s): cpu = 00:01:01 ; elapsed = 00:00:14 . Memory (MB): peak = 19171.648 ; gain = 0.000 ; free physical = 31241 ; free virtual = 108845
INFO: [Place 46-35] Processed net level0_i/ulp/NeuroRing_4/inst/grp_NeuroRing_Pipeline_update_membrane_potential_fu_1457/fadd_32ns_32ns_32_7_full_dsp_1_U55/ap_block_pp0_stage0_subdone_grp0_done_reg_reg, inserted BUFG to drive 4656 loads.
INFO: [Place 46-35] Processed net level0_i/ulp/NeuroRing_0/inst/grp_NeuroRing_Pipeline_update_membrane_potential_fu_1457/fadd_32ns_32ns_32_7_full_dsp_1_U55/ap_block_pp0_stage0_subdone_grp0_done_reg_reg, inserted BUFG to drive 4622 loads.
INFO: [Place 46-34] Processed net level0_i/ulp/NeuroRing_3/inst/grp_NeuroRing_Pipeline_update_membrane_potential_fu_1457/fadd_32ns_32ns_32_7_full_dsp_1_U55/ap_block_pp0_stage0_subdone_grp0_done_reg_reg, BUFG insertion was skipped due to possible timing degradation.
INFO: [Place 46-34] Processed net level0_i/ulp/NeuroRing_1/inst/grp_NeuroRing_Pipeline_update_membrane_potential_fu_1457/fadd_32ns_32ns_32_7_full_dsp_1_U55/ap_block_pp0_stage0_subdone_grp0_done_reg_reg, BUFG insertion was skipped due to possible timing degradation.
INFO: [Place 46-34] Processed net level0_i/ulp/NeuroRing_3/inst/gmem_syn_m_axi_U/load_unit_0/buff_rdata/dout_vld_reg_2, BUFG insertion was skipped due to possible timing degradation.
INFO: [Place 46-34] Processed net level0_i/ulp/NeuroRing_2/inst/gmem_syn_m_axi_U/load_unit_0/buff_rdata/dout_vld_reg_2, BUFG insertion was skipped due to possible timing degradation.
INFO: [Place 46-34] Processed net level0_i/ulp/NeuroRing_1/inst/gmem_syn_m_axi_U/load_unit_0/buff_rdata/dout_vld_reg_2, BUFG insertion was skipped due to possible timing degradation.
INFO: [Place 46-34] Processed net level0_i/ulp/NeuroRing_0/inst/gmem_syn_m_axi_U/load_unit_0/buff_rdata/dout_vld_reg_2, BUFG insertion was skipped due to possible timing degradation.
INFO: [Place 46-34] Processed net level0_i/ulp/NeuroRing_4/inst/gmem_syn_m_axi_U/load_unit_0/buff_rdata/dout_vld_reg_2, BUFG insertion was skipped due to possible timing degradation.
INFO: [Place 46-34] Processed net level0_i/ulp/NeuroRing_2/inst/grp_NeuroRing_Pipeline_update_membrane_potential_fu_1457/flow_control_loop_pipe_sequential_init_U/SR[0], BUFG insertion was skipped due to possible timing degradation.
INFO: [Place 46-35] Processed net level0_i/ulp/NeuroRing_4/inst/grp_NeuroRing_Pipeline_update_membrane_potential_fu_1457/flow_control_loop_pipe_sequential_init_U/SR[0], inserted BUFG to drive 4096 loads.
INFO: [Place 46-34] Processed net level0_i/ulp/NeuroRing_3/inst/grp_NeuroRing_Pipeline_update_membrane_potential_fu_1457/flow_control_loop_pipe_sequential_init_U/SR[0], BUFG insertion was skipped due to possible timing degradation.
INFO: [Place 46-34] Processed net level0_i/ulp/NeuroRing_2/inst/grp_NeuroRing_Pipeline_update_membrane_potential_fu_1457/fadd_32ns_32ns_32_7_full_dsp_1_U55/ap_block_pp0_stage0_subdone_grp0_done_reg_reg, BUFG insertion was skipped due to possible timing degradation.
INFO: [Place 46-34] Processed net level0_i/ulp/NeuroRing_1/inst/grp_NeuroRing_Pipeline_update_membrane_potential_fu_1457/flow_control_loop_pipe_sequential_init_U/SR[0], BUFG insertion was skipped due to possible timing degradation.
INFO: [Place 46-34] Processed net level0_i/ulp/NeuroRing_0/inst/grp_NeuroRing_Pipeline_update_membrane_potential_fu_1457/flow_control_loop_pipe_sequential_init_U/SR[0], BUFG insertion was skipped due to possible timing degradation.
INFO: [Place 46-34] Processed net level0_i/ulp/NeuroRing_0/inst/regslice_both_SpikeInWeight_V_data_V_U/grp_NeuroRing_Pipeline_update_membrane_potential_fu_1457_grp_fu_4205_p_ce, BUFG insertion was skipped due to possible timing degradation.
INFO: [Place 46-34] Processed net level0_i/ulp/NeuroRing_3/inst/regslice_both_SpikeInWeight_V_data_V_U/grp_NeuroRing_Pipeline_update_membrane_potential_fu_1457_grp_fu_4205_p_ce, BUFG insertion was skipped due to possible timing degradation.
INFO: [Place 46-34] Processed net level0_i/ulp/NeuroRing_1/inst/regslice_both_SpikeInWeight_V_data_V_U/grp_NeuroRing_Pipeline_update_membrane_potential_fu_1457_grp_fu_4205_p_ce, BUFG insertion was skipped due to possible timing degradation.
INFO: [Place 46-34] Processed net level0_i/ulp/NeuroRing_2/inst/regslice_both_SpikeInWeight_V_data_V_U/grp_NeuroRing_Pipeline_update_membrane_potential_fu_1457_grp_fu_4205_p_ce, BUFG insertion was skipped due to possible timing degradation.
INFO: [Place 46-34] Processed net level0_i/ulp/NeuroRing_4/inst/regslice_both_SpikeInWeight_V_data_V_U/grp_NeuroRing_Pipeline_update_membrane_potential_fu_1457_grp_fu_4205_p_ce, BUFG insertion was skipped due to possible timing degradation.
INFO: [Place 46-34] Processed net level0_i/ulp/SynapseRouter_4/inst/Accumulator_1_U0/grp_Accumulator_1_Pipeline_accumulate_loop_fu_151/ap_CS_fsm_pp0_stage0, BUFG insertion was skipped due to possible timing degradation.
INFO: [Place 46-35] Processed net level0_i/ulp/ulp_ucs/inst/aclk_hbm_hierarchy/clkwiz_hbm/inst/AXI_LITE_IPIF_I/I_SLAVE_ATTACHMENT/rst_reg_0, inserted BUFG to drive 1087 loads.
INFO: [Place 46-35] Processed net level0_i/ulp/ulp_ucs/inst/aclk_kernel_00_hierarchy/clkwiz_aclk_kernel_00/inst/AXI_LITE_IPIF_I/I_SLAVE_ATTACHMENT/rst_reg_0, inserted BUFG to drive 1087 loads.
INFO: [Place 46-35] Processed net level0_i/ulp/ulp_ucs/inst/aclk_kernel_01_hierarchy/clkwiz_aclk_kernel_01/inst/AXI_LITE_IPIF_I/I_SLAVE_ATTACHMENT/rst_reg_0, inserted BUFG to drive 1087 loads.
INFO: [Place 46-56] BUFG insertion identified 24 candidate nets. Inserted BUFG: 6, Replicated BUFG Driver: 0, Skipped due to Placement/Routing Conflicts: 0, Skipped due to Timing Degradation: 18, Skipped due to netlist editing failed: 0.
Ending Physical Synthesis Task | Checksum: 2d3cec93a

Time (s): cpu = 00:02:40 ; elapsed = 00:01:16 . Memory (MB): peak = 19171.648 ; gain = 0.000 ; free physical = 30955 ; free virtual = 108606
Phase 4.1.1.1 BUFG Insertion | Checksum: 2abbbdc02

Time (s): cpu = 02:26:51 ; elapsed = 01:02:59 . Memory (MB): peak = 19171.648 ; gain = 5724.152 ; free physical = 30828 ; free virtual = 108479

Phase 4.1.1.2 BUFG Replication
INFO: [Place 46-63] BUFG replication identified 0 candidate nets: Replicated nets: 0, Replicated BUFGs: 0, Replicated BUFG Driver: 0, moved BUFGs: 0, Skipped due to Placement / Routing Conflict: 0, Skipped due to Timing: 0, Skipped due to constraints: 0
Phase 4.1.1.2 BUFG Replication | Checksum: 2abbbdc02

Time (s): cpu = 02:27:05 ; elapsed = 01:03:03 . Memory (MB): peak = 19171.648 ; gain = 5724.152 ; free physical = 30821 ; free virtual = 108472

Phase 4.1.1.3 Post Placement Timing Optimization
INFO: [Place 30-746] Post Placement Timing Summary WNS=-0.006. For the most accurate timing information please run report_timing.
Phase 4.1.1.3 Post Placement Timing Optimization | Checksum: 230177227

Time (s): cpu = 02:35:24 ; elapsed = 01:11:15 . Memory (MB): peak = 19171.648 ; gain = 5724.152 ; free physical = 28120 ; free virtual = 105785

Phase 4.1.1.4 Replication
INFO: [Place 46-19] Post Replication Timing Summary WNS=-0.006. For the most accurate timing information please run report_timing.
Phase 4.1.1.4 Replication | Checksum: 116b3dc8c

Time (s): cpu = 02:36:38 ; elapsed = 01:12:13 . Memory (MB): peak = 19171.648 ; gain = 5724.152 ; free physical = 28103 ; free virtual = 105768

Time (s): cpu = 02:36:38 ; elapsed = 01:12:13 . Memory (MB): peak = 19171.648 ; gain = 5724.152 ; free physical = 28102 ; free virtual = 105768
Phase 4.1 Post Commit Optimization | Checksum: 116b3dc8c

Time (s): cpu = 02:36:50 ; elapsed = 01:12:15 . Memory (MB): peak = 19171.648 ; gain = 5724.152 ; free physical = 28089 ; free virtual = 105754
Netlist sorting complete. Time (s): cpu = 00:00:00.85 ; elapsed = 00:00:00.88 . Memory (MB): peak = 19171.648 ; gain = 0.000 ; free physical = 28065 ; free virtual = 105733

Phase 4.2 Post Placement Cleanup
Phase 4.2 Post Placement Cleanup | Checksum: 181063e56

Time (s): cpu = 02:40:19 ; elapsed = 01:13:38 . Memory (MB): peak = 19171.648 ; gain = 5724.152 ; free physical = 28071 ; free virtual = 105739

Phase 4.3 Placer Reporting

Phase 4.3.1 Print Estimated Congestion
INFO: [Place 30-612] Post-Placement Estimated Congestion 
 ________________________________________________________________________
|           | Global Congestion | Long Congestion   | Short Congestion  |
| Direction | Region Size       | Region Size       | Region Size       |
|___________|___________________|___________________|___________________|
|      North|              16x16|              16x16|              16x16|
|___________|___________________|___________________|___________________|
|      South|              16x16|              16x16|              16x16|
|___________|___________________|___________________|___________________|
|       East|                8x8|                2x2|              16x16|
|___________|___________________|___________________|___________________|
|       West|                4x4|                2x2|              16x16|
|___________|___________________|___________________|___________________|

SLR0:
 ________________________________________________________________________
|           | Global Congestion | Long Congestion   | Short Congestion  |
| Direction | Region Size       | Region Size       | Region Size       |
|___________|___________________|___________________|___________________|
|      North|                8x8|              16x16|              16x16|
|___________|___________________|___________________|___________________|
|      South|              16x16|              16x16|              16x16|
|___________|___________________|___________________|___________________|
|       East|                4x4|                2x2|              16x16|
|___________|___________________|___________________|___________________|
|       West|                4x4|                2x2|              16x16|
|___________|___________________|___________________|___________________|

SLR1:
 ________________________________________________________________________
|           | Global Congestion | Long Congestion   | Short Congestion  |
| Direction | Region Size       | Region Size       | Region Size       |
|___________|___________________|___________________|___________________|
|      North|              16x16|              16x16|              16x16|
|___________|___________________|___________________|___________________|
|      South|              16x16|              16x16|              16x16|
|___________|___________________|___________________|___________________|
|       East|                8x8|                1x1|              16x16|
|___________|___________________|___________________|___________________|
|       West|                4x4|                1x1|              16x16|
|___________|___________________|___________________|___________________|

SLR2:
 ________________________________________________________________________
|           | Global Congestion | Long Congestion   | Short Congestion  |
| Direction | Region Size       | Region Size       | Region Size       |
|___________|___________________|___________________|___________________|
|      North|                2x2|                2x2|                4x4|
|___________|___________________|___________________|___________________|
|      South|                4x4|                8x8|                1x1|
|___________|___________________|___________________|___________________|
|       East|                1x1|                1x1|                8x8|
|___________|___________________|___________________|___________________|
|       West|                1x1|                1x1|                8x8|
|___________|___________________|___________________|___________________|

Phase 4.3.1 Print Estimated Congestion | Checksum: 181063e56

Time (s): cpu = 02:40:33 ; elapsed = 01:13:42 . Memory (MB): peak = 19171.648 ; gain = 5724.152 ; free physical = 28072 ; free virtual = 105740
Phase 4.3 Placer Reporting | Checksum: 181063e56

Time (s): cpu = 02:40:45 ; elapsed = 01:13:44 . Memory (MB): peak = 19171.648 ; gain = 5724.152 ; free physical = 28065 ; free virtual = 105734

Phase 4.4 Final Placement Cleanup
Netlist sorting complete. Time (s): cpu = 00:00:00.33 ; elapsed = 00:00:00.34 . Memory (MB): peak = 19171.648 ; gain = 0.000 ; free physical = 28067 ; free virtual = 105735

Time (s): cpu = 02:40:46 ; elapsed = 01:13:45 . Memory (MB): peak = 19171.648 ; gain = 5724.152 ; free physical = 28067 ; free virtual = 105735
Phase 4 Post Placement Optimization and Clean-Up | Checksum: 11795fd59

Time (s): cpu = 02:40:59 ; elapsed = 01:13:47 . Memory (MB): peak = 19171.648 ; gain = 5724.152 ; free physical = 28066 ; free virtual = 105735
Ending Placer Task | Checksum: 106f4144a

Time (s): cpu = 02:41:12 ; elapsed = 01:13:50 . Memory (MB): peak = 19171.648 ; gain = 5724.152 ; free physical = 28079 ; free virtual = 105747
560 Infos, 331 Warnings, 1 Critical Warnings and 0 Errors encountered.
place_design completed successfully
place_design: Time (s): cpu = 02:43:31 ; elapsed = 01:14:37 . Memory (MB): peak = 19171.648 ; gain = 5724.152 ; free physical = 28087 ; free virtual = 105755
source /home/miahafiz/NeuroRing_a_4096_5c/_x.hw.NUM_4096.CORE_5.FREQ_300/link/vivado/vpl/scripts/impl_1/_full_place_post.tcl
report_accelerator_utilization: Time (s): cpu = 00:00:46 ; elapsed = 00:00:47 . Memory (MB): peak = 19171.648 ; gain = 0.000 ; free physical = 27594 ; free virtual = 105263
INFO: System Diagram: Run step: placed

report_utilization: Time (s): cpu = 00:01:04 ; elapsed = 00:01:06 . Memory (MB): peak = 19171.648 ; gain = 0.000 ; free physical = 27611 ; free virtual = 105280
report_utilization: Time (s): cpu = 00:00:50 ; elapsed = 00:00:52 . Memory (MB): peak = 19171.648 ; gain = 0.000 ; free physical = 27620 ; free virtual = 105292
Command: phys_opt_design -directive Explore
Attempting to get a license for feature 'Implementation' and/or device 'xcu55c'
INFO: [Common 17-349] Got license for feature 'Implementation' and/or device 'xcu55c'
INFO: [Vivado_Tcl 4-137] Directive used for phys_opt_design is: Explore

Starting Initial Update Timing Task
WARNING: [Timing 38-172] LUT was found on clock network. Both rising/falling clock edges are propagated from LUT output pin. Use set_clock_sense to specify if that clock should be inverted or not. e.g. set_clock_sense -positive/-negative level0_i/blp/blp_i/ss_cmp/inst/mgmt_debug_bridge/inst/bs_mux/inst/update_INST_0/O

Time (s): cpu = 00:06:05 ; elapsed = 00:01:31 . Memory (MB): peak = 19171.648 ; gain = 0.000 ; free physical = 27158 ; free virtual = 104832
INFO: [Vivado_Tcl 4-2279] Estimated Timing Summary | WNS= 0.003 | TNS= 0.000 | 
INFO: [Vivado_Tcl 4-383] Design worst setup slack (WNS) is greater than or equal to 0.000 ns. All physical synthesis setup optimizations will be skipped.
INFO: [Vivado_Tcl 4-232] No setup violation found. The netlist was not modified.
INFO: [Common 17-83] Releasing license: Implementation
566 Infos, 332 Warnings, 1 Critical Warnings and 0 Errors encountered.
phys_opt_design completed successfully
phys_opt_design: Time (s): cpu = 00:07:04 ; elapsed = 00:01:55 . Memory (MB): peak = 19171.648 ; gain = 0.000 ; free physical = 27158 ; free virtual = 104832
Command: route_design -directive AlternateCLBRouting
Attempting to get a license for feature 'Implementation' and/or device 'xcu55c'
INFO: [Common 17-349] Got license for feature 'Implementation' and/or device 'xcu55c'


Starting Routing Task
INFO: [Route 35-270] Using Router directive 'AlternateCLBRouting'.
INFO: [Route 35-254] Multithreading enabled for route_design using a maximum of 8 CPUs

Phase 1 Build RT Design
Checksum: PlaceDB: 1562dd9e ConstDB: 0 ShapeSum: 1ae1fb5 RouteDB: efe316f7
Nodegraph reading from file.  Time (s): cpu = 00:00:02 ; elapsed = 00:00:03 . Memory (MB): peak = 19171.648 ; gain = 0.000 ; free physical = 26867 ; free virtual = 104542
Post Restoration Checksum: NetGraph: 27a29627 | NumContArr: 73a4f00c | Constraints: bbd7b817 | Timing: c2a8fa9d
Phase 1 Build RT Design | Checksum: 219c838e7

Time (s): cpu = 00:08:44 ; elapsed = 00:02:32 . Memory (MB): peak = 19171.648 ; gain = 0.000 ; free physical = 23307 ; free virtual = 100982

Phase 2 Router Initialization

Phase 2.1 Fix Topology Constraints
Phase 2.1 Fix Topology Constraints | Checksum: 219c838e7

Time (s): cpu = 00:09:33 ; elapsed = 00:02:40 . Memory (MB): peak = 19171.648 ; gain = 0.000 ; free physical = 23312 ; free virtual = 100987

Phase 2.2 Pre Route Cleanup
Phase 2.2 Pre Route Cleanup | Checksum: 219c838e7

Time (s): cpu = 00:10:22 ; elapsed = 00:02:48 . Memory (MB): peak = 19171.648 ; gain = 0.000 ; free physical = 23317 ; free virtual = 100993
INFO: [Route 35-445] Local routing congestion detected. At least 382 CLBs have high pin utilization, which can impact runtime and timing closure. Top ten contiguous CLBs with high pin utilization are:
	(655 478) -> (655 482)	[CLEM_X130Y258 -> CLEM_X130Y254]
	(644 330) -> (644 333)	[CLEL_R_X127Y401 -> CLEL_R_X127Y398]
	(650 481) -> (650 484)	[CLEL_L_X129Y255 -> CLEL_L_X129Y252]
	(652 483) -> (652 486)	[CLEL_R_X129Y253 -> CLEL_R_X129Y250]
	(639 477) -> (639 478)	[CLEM_X126Y259 -> CLEM_X126Y258]
	(641 370) -> (641 371)	[CLEL_R_X126Y362 -> CLEL_R_X126Y361]
	(641 422) -> (641 423)	[CLEL_R_X126Y312 -> CLEL_R_X126Y311]
	(642 486) -> (642 487)	[CLEL_L_X127Y250 -> CLEL_L_X127Y249]

Phase 2.3 Global Clock Net Routing
 Number of Nodes with overlaps = 0
Phase 2.3 Global Clock Net Routing | Checksum: 23789b17d

Time (s): cpu = 00:12:02 ; elapsed = 00:03:20 . Memory (MB): peak = 19171.648 ; gain = 0.000 ; free physical = 23281 ; free virtual = 100956

Phase 2.4 Update Timing
Phase 2.4 Update Timing | Checksum: 167699507

Time (s): cpu = 00:17:33 ; elapsed = 00:04:40 . Memory (MB): peak = 19171.648 ; gain = 0.000 ; free physical = 22026 ; free virtual = 99702
INFO: [Route 35-416] Intermediate Timing Summary | WNS=-0.021 | TNS=-0.173 | WHS=-0.178 | THS=-271.035|


Phase 2.5 Update Timing for Bus Skew

Phase 2.5.1 Update Timing
Phase 2.5.1 Update Timing | Checksum: 116e39daa

Time (s): cpu = 00:29:55 ; elapsed = 00:07:48 . Memory (MB): peak = 19171.648 ; gain = 0.000 ; free physical = 3349 ; free virtual = 80925
INFO: [Route 35-416] Intermediate Timing Summary | WNS=-0.021 | TNS=-0.064 | WHS=-0.161 | THS=-199.140|

Phase 2.5 Update Timing for Bus Skew | Checksum: eb4dd696

Time (s): cpu = 00:30:41 ; elapsed = 00:08:02 . Memory (MB): peak = 19171.648 ; gain = 0.000 ; free physical = 3349 ; free virtual = 78678

Phase 2.6 Soft Constraint Pins - Fast Budgeting
Phase 2.6 Soft Constraint Pins - Fast Budgeting | Checksum: eb4dd696

Time (s): cpu = 00:31:30 ; elapsed = 00:08:12 . Memory (MB): peak = 19171.648 ; gain = 0.000 ; free physical = 3595 ; free virtual = 77430
INFO: [Route 35-445] Local routing congestion detected. At least 382 CLBs have high pin utilization, which can impact runtime and timing closure. Top ten contiguous CLBs with high pin utilization are:
	(655 478) -> (655 482)	[CLEM_X130Y258 -> CLEM_X130Y254]
	(644 330) -> (644 333)	[CLEL_R_X127Y401 -> CLEL_R_X127Y398]
	(650 481) -> (650 484)	[CLEL_L_X129Y255 -> CLEL_L_X129Y252]
	(652 483) -> (652 486)	[CLEL_R_X129Y253 -> CLEL_R_X129Y250]
	(639 477) -> (639 478)	[CLEM_X126Y259 -> CLEM_X126Y258]
	(641 370) -> (641 371)	[CLEL_R_X126Y362 -> CLEL_R_X126Y361]
	(641 422) -> (641 423)	[CLEL_R_X126Y312 -> CLEL_R_X126Y311]
	(642 486) -> (642 487)	[CLEL_L_X127Y250 -> CLEL_L_X127Y249]

Router Utilization Summary
  Global Vertical Routing Utilization    = 0.000617846 %
  Global Horizontal Routing Utilization  = 0.000276256 %
  Routable Net Status*
  *Does not include unroutable nets such as driverless and loadless.
  Run report_route_status for detailed report.
  Number of Failed Nets               = 656933
    (Failed Nets is the sum of unrouted and partially routed nets)
  Number of Unrouted Nets             = 577028
  Number of Partially Routed Nets     = 79905
  Number of Node Overlaps             = 3

Phase 2 Router Initialization | Checksum: 17cc1d634

Time (s): cpu = 00:32:48 ; elapsed = 00:08:30 . Memory (MB): peak = 19171.648 ; gain = 0.000 ; free physical = 8718 ; free virtual = 74389

Phase 3 Global Routing
Phase 3 Global Routing | Checksum: 17cc1d634

Time (s): cpu = 00:33:30 ; elapsed = 00:08:37 . Memory (MB): peak = 19171.648 ; gain = 0.000 ; free physical = 8646 ; free virtual = 74363

Phase 4 Initial Routing

Phase 4.1 Initial Net Routing Pass
WARNING: [Route 35-3387] High violations detected on bus-skew constraints. This can potentially cause WNS degradation and routing congestion.
Resolution: Please review the set_bus_skew constraints.
Phase 4.1 Initial Net Routing Pass | Checksum: 17fee228b

Time (s): cpu = 00:39:29 ; elapsed = 00:10:16 . Memory (MB): peak = 19171.648 ; gain = 0.000 ; free physical = 33082 ; free virtual = 98533
Phase 4 Initial Routing | Checksum: f5da7f47

Time (s): cpu = 00:40:31 ; elapsed = 00:10:25 . Memory (MB): peak = 19171.648 ; gain = 0.000 ; free physical = 35671 ; free virtual = 101448

INFO: [Route 35-449] Initial Estimated Congestion
 ________________________________________________________________________
|           | Global Congestion | Long Congestion   | Short Congestion  |
|           |___________________|___________________|___________________|
| Direction | Size   | % Tiles  | Size   | % Tiles  | Size   | % Tiles  |
|___________|________|__________|________|__________|________|__________|
|      NORTH|   16x16|      0.59|     8x8|      0.97|   16x16|      1.04|
|___________|________|__________|________|__________|________|__________|
|      SOUTH|     8x8|      0.56|     8x8|      1.14|     8x8|      1.22|
|___________|________|__________|________|__________|________|__________|
|       EAST|     8x8|      0.39|     8x8|      0.54|   16x16|      1.79|
|___________|________|__________|________|__________|________|__________|
|       WEST|     8x8|      0.49|     8x8|      0.67|   16x16|      2.03|
|___________|________|__________|________|__________|________|__________|
Congestion Report
GLOBAL Congestion bounded by tiles (Lower Left Tile -> Upper Right Tile):
NORTH
	INT_X59Y102->INT_X74Y125 (CLEM_X59Y102->CLEL_R_X74Y125)
	INT_X64Y112->INT_X71Y119 (CLEM_X64Y112->CLEL_R_X71Y119)
	INT_X64Y104->INT_X71Y111 (CLEM_X64Y104->CLEL_R_X71Y111)
	INT_X64Y111->INT_X71Y118 (CLEM_X64Y111->CLEL_R_X71Y118)
	INT_X64Y110->INT_X71Y117 (CLEM_X64Y110->CLEL_R_X71Y117)
SHORT Congestion bounded by tiles (Lower Left Tile -> Upper Right Tile):
NORTH
	INT_X57Y102->INT_X72Y125 (CLEM_X57Y102->DSP_X72Y125)
	INT_X54Y105->INT_X69Y120 (CLEM_X54Y105->CLEL_R_X69Y120)
	INT_X54Y104->INT_X69Y119 (CLEM_X54Y104->CLEL_R_X69Y119)
	INT_X54Y103->INT_X69Y118 (CLEM_X54Y103->CLEL_R_X69Y118)
	INT_X54Y102->INT_X69Y117 (CLEM_X54Y102->CLEL_R_X69Y117)
EAST
	INT_X92Y288->INT_X99Y311 (CLEM_X92Y288->CLEL_R_X99Y311)
	INT_X88Y296->INT_X95Y303 (LAG_LAG_X87Y296->DSP_X95Y300)
	INT_X88Y295->INT_X95Y302 (LAG_LAG_X87Y295->DSP_X95Y300)
	INT_X88Y294->INT_X95Y301 (LAG_LAG_X87Y294->DSP_X95Y300)
	INT_X88Y293->INT_X95Y300 (LAG_LAG_X87Y293->DSP_X95Y300)
WEST
	INT_X53Y279->INT_X68Y298 (LAG_LAG_X52Y279->CLEL_R_X68Y298)
	INT_X56Y288->INT_X63Y295 (BRAM_X56Y285->CLEL_R_X63Y295)
	INT_X32Y176->INT_X39Y183 (CLEM_X32Y176->DSP_X39Y180)
	INT_X8Y88->INT_X15Y95 (CMAC_X7Y60->CLEL_R_X15Y95)
	INT_X16Y40->INT_X23Y47 (CLEL_L_X16Y40->CLEL_R_X23Y47)

Phase 5 Rip-up And Reroute

Phase 5.1 Global Iteration 0
 Number of Nodes with overlaps = 158531
 Number of Nodes with overlaps = 21303
 Number of Nodes with overlaps = 4314
 Number of Nodes with overlaps = 1473
 Number of Nodes with overlaps = 561
 Number of Nodes with overlaps = 281
 Number of Nodes with overlaps = 139
 Number of Nodes with overlaps = 76
 Number of Nodes with overlaps = 53
 Number of Nodes with overlaps = 31
 Number of Nodes with overlaps = 21
 Number of Nodes with overlaps = 13
 Number of Nodes with overlaps = 6
 Number of Nodes with overlaps = 4
 Number of Nodes with overlaps = 4
 Number of Nodes with overlaps = 1
 Number of Nodes with overlaps = 1
 Number of Nodes with overlaps = 0
INFO: [Route 35-416] Intermediate Timing Summary | WNS=-0.284 | TNS=-15.749| WHS=-0.137 | THS=-24.105|

Phase 5.1 Global Iteration 0 | Checksum: 101a0915b

Time (s): cpu = 01:58:04 ; elapsed = 00:35:04 . Memory (MB): peak = 19171.648 ; gain = 0.000 ; free physical = 17688 ; free virtual = 64558

Phase 5.2 Global Iteration 1
 Number of Nodes with overlaps = 156
 Number of Nodes with overlaps = 35
 Number of Nodes with overlaps = 15
 Number of Nodes with overlaps = 9
 Number of Nodes with overlaps = 6
 Number of Nodes with overlaps = 3
 Number of Nodes with overlaps = 2
 Number of Nodes with overlaps = 2
 Number of Nodes with overlaps = 3
 Number of Nodes with overlaps = 2
 Number of Nodes with overlaps = 3
 Number of Nodes with overlaps = 3
 Number of Nodes with overlaps = 3
 Number of Nodes with overlaps = 1
 Number of Nodes with overlaps = 1
 Number of Nodes with overlaps = 1
 Number of Nodes with overlaps = 1
 Number of Nodes with overlaps = 2
 Number of Nodes with overlaps = 0
INFO: [Route 35-416] Intermediate Timing Summary | WNS=-0.146 | TNS=-5.214 | WHS=N/A    | THS=N/A    |

Phase 5.2 Global Iteration 1 | Checksum: 15b13741f

Time (s): cpu = 02:13:33 ; elapsed = 00:43:00 . Memory (MB): peak = 19171.648 ; gain = 0.000 ; free physical = 74274 ; free virtual = 123551

Phase 5.3 Global Iteration 2
 Number of Nodes with overlaps = 205
 Number of Nodes with overlaps = 39
 Number of Nodes with overlaps = 15
 Number of Nodes with overlaps = 7
 Number of Nodes with overlaps = 8
 Number of Nodes with overlaps = 7
 Number of Nodes with overlaps = 4
 Number of Nodes with overlaps = 1
 Number of Nodes with overlaps = 1
 Number of Nodes with overlaps = 1
 Number of Nodes with overlaps = 1
 Number of Nodes with overlaps = 0
INFO: [Route 35-416] Intermediate Timing Summary | WNS=-0.060 | TNS=-1.396 | WHS=N/A    | THS=N/A    |

Phase 5.3 Global Iteration 2 | Checksum: 1e9f16775

Time (s): cpu = 02:25:14 ; elapsed = 00:48:43 . Memory (MB): peak = 19171.648 ; gain = 0.000 ; free physical = 78964 ; free virtual = 129895

Phase 5.4 Global Iteration 3
 Number of Nodes with overlaps = 79
 Number of Nodes with overlaps = 27
 Number of Nodes with overlaps = 10
 Number of Nodes with overlaps = 7
 Number of Nodes with overlaps = 4
 Number of Nodes with overlaps = 5
 Number of Nodes with overlaps = 3
 Number of Nodes with overlaps = 1
 Number of Nodes with overlaps = 1
 Number of Nodes with overlaps = 1
 Number of Nodes with overlaps = 2
 Number of Nodes with overlaps = 0
INFO: [Route 35-416] Intermediate Timing Summary | WNS=-0.072 | TNS=-3.121 | WHS=N/A    | THS=N/A    |

Phase 5.4 Global Iteration 3 | Checksum: 1a79734bd

Time (s): cpu = 02:32:42 ; elapsed = 00:53:00 . Memory (MB): peak = 19171.648 ; gain = 0.000 ; free physical = 74369 ; free virtual = 125337
Phase 5 Rip-up And Reroute | Checksum: 1a79734bd

Time (s): cpu = 02:33:26 ; elapsed = 00:53:06 . Memory (MB): peak = 19171.648 ; gain = 0.000 ; free physical = 73462 ; free virtual = 124430

Phase 6 Delay and Skew Optimization

Phase 6.1 Delay CleanUp
INFO: [Route 35-416] Intermediate Timing Summary | WNS=-0.060 | TNS=-1.396 | WHS=0.003  | THS=0.000  |

INFO: [Route 35-416] Intermediate Timing Summary | WNS=-0.060 | TNS=-1.396 | WHS=0.003  | THS=0.000  |

 Number of Nodes with overlaps = 0
INFO: [Route 35-416] Intermediate Timing Summary | WNS=-0.060 | TNS=-1.396 | WHS=0.003  | THS=0.000  |

 Number of Nodes with overlaps = 0
Phase 6.1 Delay CleanUp | Checksum: a2e1d72d

Time (s): cpu = 02:39:50 ; elapsed = 00:54:18 . Memory (MB): peak = 19171.648 ; gain = 0.000 ; free physical = 73281 ; free virtual = 124249

Phase 6.2 Clock Skew Optimization
Phase 6.2 Clock Skew Optimization | Checksum: a2e1d72d

Time (s): cpu = 02:40:36 ; elapsed = 00:54:24 . Memory (MB): peak = 19171.648 ; gain = 0.000 ; free physical = 73278 ; free virtual = 124246
Phase 6 Delay and Skew Optimization | Checksum: a2e1d72d

Time (s): cpu = 02:41:19 ; elapsed = 00:54:30 . Memory (MB): peak = 19171.648 ; gain = 0.000 ; free physical = 73280 ; free virtual = 124248

Phase 7 Post Hold Fix

Phase 7.1 Hold Fix Iter
INFO: [Route 35-416] Intermediate Timing Summary | WNS=-0.057 | TNS=-0.244 | WHS=0.003  | THS=0.000  |

Phase 7.1 Hold Fix Iter | Checksum: a892ee6c

Time (s): cpu = 02:45:16 ; elapsed = 00:55:21 . Memory (MB): peak = 19171.648 ; gain = 0.000 ; free physical = 73244 ; free virtual = 124212
Phase 7 Post Hold Fix | Checksum: a892ee6c

Time (s): cpu = 02:45:56 ; elapsed = 00:55:28 . Memory (MB): peak = 19171.648 ; gain = 0.000 ; free physical = 73141 ; free virtual = 124110

Phase 8 Route finalize

Router Utilization Summary
  Global Vertical Routing Utilization    = 10.1238 %
  Global Horizontal Routing Utilization  = 11.7829 %
  Routable Net Status*
  *Does not include unroutable nets such as driverless and loadless.
  Run report_route_status for detailed report.
  Number of Failed Nets               = 0
    (Failed Nets is the sum of unrouted and partially routed nets)
  Number of Unrouted Nets             = 0
  Number of Partially Routed Nets     = 0
  Number of Node Overlaps             = 0


--GLOBAL Congestion:
Utilization threshold used for congestion level computation: 0.85
Congestion Report
North Dir 1x1 Area, Max Cong = 92.9577%, Congestion bounded by tiles (Lower Left Tile -> Upper Right Tile):
   INT_X60Y300 -> INT_X60Y300
   INT_X66Y300 -> INT_X66Y300
   INT_X62Y299 -> INT_X62Y299
   INT_X66Y299 -> INT_X66Y299
   INT_X63Y298 -> INT_X63Y298
South Dir 1x1 Area, Max Cong = 92.4171%, Congestion bounded by tiles (Lower Left Tile -> Upper Right Tile):
   INT_X43Y339 -> INT_X43Y339
   INT_X44Y339 -> INT_X44Y339
   INT_X41Y323 -> INT_X41Y323
   INT_X98Y316 -> INT_X98Y316
   INT_X96Y301 -> INT_X96Y301
East Dir 1x1 Area, Max Cong = 96.4286%, Congestion bounded by tiles (Lower Left Tile -> Upper Right Tile):
   INT_X100Y315 -> INT_X100Y315
   INT_X92Y306 -> INT_X92Y306
   INT_X95Y302 -> INT_X95Y302
   INT_X97Y300 -> INT_X97Y300
   INT_X100Y300 -> INT_X100Y300
West Dir 1x1 Area, Max Cong = 93.2692%, Congestion bounded by tiles (Lower Left Tile -> Upper Right Tile):
   INT_X64Y382 -> INT_X64Y382
   INT_X64Y381 -> INT_X64Y381
   INT_X63Y380 -> INT_X63Y380
   INT_X64Y380 -> INT_X64Y380
   INT_X63Y379 -> INT_X63Y379

------------------------------
Reporting congestion hotspots
------------------------------
Direction: North
----------------
Congested clusters found at Level 0
Effective congestion level: 2 Aspect Ratio: 0.4 Sparse Ratio: 0.5
Direction: South
----------------
Congested clusters found at Level 0
Effective congestion level: 1 Aspect Ratio: 0.4 Sparse Ratio: 1.5
Direction: East
----------------
Congested clusters found at Level 0
Effective congestion level: 1 Aspect Ratio: 0.666667 Sparse Ratio: 1
Direction: West
----------------
Congested clusters found at Level 0
Effective congestion level: 1 Aspect Ratio: 0.5 Sparse Ratio: 1.25

Phase 8 Route finalize | Checksum: a892ee6c

Time (s): cpu = 02:47:02 ; elapsed = 00:55:39 . Memory (MB): peak = 19171.648 ; gain = 0.000 ; free physical = 72387 ; free virtual = 123356

Phase 9 Verifying routed nets

 Verification completed successfully
Phase 9 Verifying routed nets | Checksum: a892ee6c

Time (s): cpu = 02:47:46 ; elapsed = 00:55:47 . Memory (MB): peak = 19171.648 ; gain = 0.000 ; free physical = 71251 ; free virtual = 122220

Phase 10 Depositing Routes
Phase 10 Depositing Routes | Checksum: a892ee6c

Time (s): cpu = 02:49:36 ; elapsed = 00:56:25 . Memory (MB): peak = 19171.648 ; gain = 0.000 ; free physical = 70308 ; free virtual = 121277

Phase 11 Leaf Clock Prog Delay Opt

Phase 11.1 Optimize Skews

Phase 11.1.1 Leaf ClockOpt Init
Phase 11.1.1 Leaf ClockOpt Init | Checksum: 142243619

Time (s): cpu = 02:57:05 ; elapsed = 00:58:10 . Memory (MB): peak = 19171.648 ; gain = 0.000 ; free physical = 70167 ; free virtual = 121137
Phase 11.1 Optimize Skews | Checksum: 28f86782a

Time (s): cpu = 02:58:03 ; elapsed = 00:58:31 . Memory (MB): peak = 19297.438 ; gain = 125.789 ; free physical = 69978 ; free virtual = 120948

Phase 11.2 Post SkewOpt Delay Cleanup

Phase 11.2.1 Delay CleanUp
INFO: [Route 35-416] Intermediate Timing Summary | WNS=-0.017 | TNS=-0.132 | WHS=-0.016 | THS=-0.026 |

INFO: [Route 35-416] Intermediate Timing Summary | WNS=-0.017 | TNS=-0.132 | WHS=-0.016 | THS=-0.026 |

Phase 11.2.1 Delay CleanUp | Checksum: 2b3dbe4eb

Time (s): cpu = 03:03:17 ; elapsed = 00:59:28 . Memory (MB): peak = 19297.438 ; gain = 125.789 ; free physical = 68660 ; free virtual = 119632
Phase 11.2 Post SkewOpt Delay Cleanup | Checksum: 2b3dbe4eb

Time (s): cpu = 03:03:59 ; elapsed = 00:59:35 . Memory (MB): peak = 19297.438 ; gain = 125.789 ; free physical = 68394 ; free virtual = 119366

Phase 11.3 Post SkewOpt Hold Fix

Phase 11.3.1 Hold Fix Iter
INFO: [Route 35-416] Intermediate Timing Summary | WNS=-0.017 | TNS=-0.132 | WHS=-0.016 | THS=-0.026 |

Phase 11.3.1 Hold Fix Iter | Checksum: 210d797b0

Time (s): cpu = 03:07:48 ; elapsed = 01:00:22 . Memory (MB): peak = 19297.438 ; gain = 125.789 ; free physical = 66570 ; free virtual = 117542
Phase 11.3 Post SkewOpt Hold Fix | Checksum: 2d8d92f97

Time (s): cpu = 03:11:31 ; elapsed = 01:01:09 . Memory (MB): peak = 19297.438 ; gain = 125.789 ; free physical = 66301 ; free virtual = 117273
Phase 11 Leaf Clock Prog Delay Opt | Checksum: 258bd5a42

Time (s): cpu = 03:15:24 ; elapsed = 01:01:57 . Memory (MB): peak = 19297.438 ; gain = 125.789 ; free physical = 66309 ; free virtual = 117282

Phase 12 Depositing Routes
Phase 12 Depositing Routes | Checksum: 258bd5a42

Time (s): cpu = 03:17:10 ; elapsed = 01:02:33 . Memory (MB): peak = 19297.438 ; gain = 125.789 ; free physical = 66328 ; free virtual = 117301

Phase 13 Resolve XTalk
Phase 13 Resolve XTalk | Checksum: 258bd5a42

Time (s): cpu = 03:17:54 ; elapsed = 01:02:42 . Memory (MB): peak = 19297.438 ; gain = 125.789 ; free physical = 66321 ; free virtual = 117293

Phase 14 Post Process Routing
Phase 14 Post Process Routing | Checksum: 258bd5a42

Time (s): cpu = 03:18:48 ; elapsed = 01:02:56 . Memory (MB): peak = 19297.438 ; gain = 125.789 ; free physical = 66331 ; free virtual = 117304

Phase 15 Post Router Timing
INFO: [Route 35-57] Estimated Timing Summary | WNS=-0.017 | TNS=-0.132 | WHS=0.007  | THS=0.000  |

WARNING: [Route 35-328] Router estimated timing not met.
Resolution: For a complete and accurate timing signoff, report_timing_summary must be run after route_design. Alternatively, route_design can be run with the -timing_summary option to enable a complete timing signoff at the end of route_design.
Phase 15 Post Router Timing | Checksum: 258bd5a42

Time (s): cpu = 03:19:30 ; elapsed = 01:03:04 . Memory (MB): peak = 19297.438 ; gain = 125.789 ; free physical = 66316 ; free virtual = 117297
Skip laguna hold fix in PhysOpt in Router as non-negative WHS value: 7.09433e-12 .
Time taken to check if laguna hold fix is required (in secs): 0
Skip PhysOpt in Router because non-negative WNS value: 2.93809e-12 .

Phase 16 Route finalize
Phase 16 Route finalize | Checksum: 258bd5a42

Time (s): cpu = 03:25:56 ; elapsed = 01:04:14 . Memory (MB): peak = 19297.438 ; gain = 125.789 ; free physical = 66156 ; free virtual = 117177
INFO: [Route 35-61] The design met the timing requirement.
Total Elapsed time in route_design: 3855.92 secs

Phase 17 Post-Route Event Processing
INFO: [Constraints 18-12546] INFO: Running DFX DRC before completing route_design
INFO: [Constraints 18-12545] INFO: DFX DRC finished with 0 Errors
Phase 17 Post-Route Event Processing | Checksum: 1b3288d17

Time (s): cpu = 03:27:15 ; elapsed = 01:05:16 . Memory (MB): peak = 19297.438 ; gain = 125.789 ; free physical = 66197 ; free virtual = 117218
INFO: [Route 35-16] Router Completed Successfully
Ending Routing Task | Checksum: 1b3288d17

Time (s): cpu = 03:27:44 ; elapsed = 01:05:21 . Memory (MB): peak = 19297.438 ; gain = 125.789 ; free physical = 66195 ; free virtual = 117216

Routing Is Done.
INFO: [Common 17-83] Releasing license: Implementation
591 Infos, 334 Warnings, 1 Critical Warnings and 0 Errors encountered.
route_design completed successfully
route_design: Time (s): cpu = 03:28:19 ; elapsed = 01:05:57 . Memory (MB): peak = 19297.438 ; gain = 125.789 ; free physical = 66185 ; free virtual = 117206
INFO: [Vivado 12-24828] Executing command : report_timing_summary -max_paths 10 -file hw_bb_locked_timing_summary_routed.rpt -pb hw_bb_locked_timing_summary_routed.pb -rpx hw_bb_locked_timing_summary_routed.rpx -warn_on_violation 
INFO: [Timing 38-91] UpdateTimingParams: Speed grade: -2L, Temperature grade: E, Delay Type: min_max.
INFO: [Timing 38-191] Multithreading enabled for timing update using a maximum of 8 CPUs
WARNING: [Timing 38-436] There are set_bus_skew constraint(s) in this design. Please run report_bus_skew to ensure that bus skew requirements are met.
report_timing_summary: Time (s): cpu = 00:03:22 ; elapsed = 00:00:57 . Memory (MB): peak = 19297.438 ; gain = 0.000 ; free physical = 66181 ; free virtual = 117233
generate_parallel_reports: Time (s): cpu = 00:03:22 ; elapsed = 00:00:57 . Memory (MB): peak = 19297.438 ; gain = 0.000 ; free physical = 66181 ; free virtual = 117233
source /home/miahafiz/NeuroRing_a_4096_5c/_x.hw.NUM_4096.CORE_5.FREQ_300/link/vivado/vpl/scripts/impl_1/_full_route_post.tcl
report_accelerator_utilization: Time (s): cpu = 00:01:01 ; elapsed = 00:01:02 . Memory (MB): peak = 19297.438 ; gain = 0.000 ; free physical = 66110 ; free virtual = 117163
INFO: System Diagram: Run step: routed

report_utilization: Time (s): cpu = 00:01:18 ; elapsed = 00:01:19 . Memory (MB): peak = 19297.438 ; gain = 0.000 ; free physical = 66112 ; free virtual = 117165
report_utilization: Time (s): cpu = 00:00:49 ; elapsed = 00:00:49 . Memory (MB): peak = 19297.438 ; gain = 0.000 ; free physical = 65730 ; free virtual = 116783
get_utilization: Time (s): cpu = 00:00:40 ; elapsed = 00:00:40 . Memory (MB): peak = 19297.438 ; gain = 0.000 ; free physical = 65740 ; free virtual = 116793
get_cells: Time (s): cpu = 00:00:09 ; elapsed = 00:00:09 . Memory (MB): peak = 19297.438 ; gain = 0.000 ; free physical = 65747 ; free virtual = 116800
WARNING: Unable to find metadata file: /home/miahafiz/NeuroRing_a_4096_5c/_x.hw.NUM_4096.CORE_5.FREQ_300/link/int/debug_ip_layout.rtd
Command: report_power
Running Vector-less Activity Propagation...

Finished Running Vector-less Activity Propagation
WARNING: [Power 33-404] DATARATE_xx properties have zero value for HBM Instance level0_i/ulp/hmss_0/inst/hbm_inst/inst/ONE_STACK.u_hbm_top/ONE_STACK_HBM.hbm_one_stack_intf. Please ensure correct values are entered for DATARATE to do an accurate power analysis.
WARNING: [Power 33-332] Found switching activity that implies high-fanout reset nets being asserted for excessive periods of time which may result in inaccurate power analysis.
Resolution: To review and fix problems, please run Power Constraints Advisor in the GUI from Tools > Power Constraints Advisor or run report_power with the -advisory option to generate a text report.
Copyright 1986-2022 Xilinx, Inc. All Rights Reserved. Copyright 2022-2025 Advanced Micro Devices, Inc. All Rights Reserved.
-------------------------------------------------------------------------------------------------------------------------------------------------
| Tool Version     : Vivado v.2025.1 (lin64) Build 6140274 Wed May 21 22:58:25 MDT 2025
| Date             : Fri Feb 27 09:00:31 2026
| Host             : cyberdeck running 64-bit Ubuntu 22.04.5 LTS
| Command          : report_power
| Design           : level0_wrapper
| Device           : xcu55c-fsvh2892-2L-e
| Design State     : routed
| Grade            : extended
| Process          : typical
| Characterization : Production
-------------------------------------------------------------------------------------------------------------------------------------------------

Power Report

Table of Contents
-----------------
1. Summary
1.1 On-Chip Components
1.2 Power Supply Summary
1.3 Confidence Level
2. Settings
2.1 Environment
2.2 Clock Constraints
3. Detailed Reports
3.1 By Hierarchy

1. Summary
----------

+--------------------------+--------------+
| Total On-Chip Power (W)  | 38.502       |
|   FPGA Power (W)         | 33.717       |
|   HBM Power (W)          | 4.785        |
| Design Power Budget (W)  | 123.000      |
| Power Budget Margin (W)  | 84.498 (MET) |
| Dynamic (W)              | 27.816       |
| Device Static (W)        | 10.686       |
| Effective TJA (C/W)      | 0.8          |
| Max Ambient (C)          | 71.1         |
| Junction Temperature (C) | 83.9         |
| Confidence Level         | Low          |
| Setting File             | ---          |
| Simulation Activity File | ---          |
| Design Nets Matched      | NA           |
+--------------------------+--------------+


1.1 On-Chip Components
----------------------

+--------------------------+-----------+----------+-----------+-----------------+
| On-Chip                  | Power (W) | Used     | Available | Utilization (%) |
+--------------------------+-----------+----------+-----------+-----------------+
| Clocks                   |     3.623 |       69 |       --- |             --- |
| CLB Logic                |     3.720 |  1132936 |       --- |             --- |
|   LUT as Logic           |     2.541 |   344538 |   1303680 |           26.43 |
|   LUT as Distributed RAM |     0.496 |    19208 |    600960 |            3.20 |
|   Register               |     0.336 |   575412 |   2607360 |           22.07 |
|   LUT as Shift Register  |     0.270 |    20170 |    600960 |            3.36 |
|   CARRY8                 |     0.076 |     9608 |    162960 |            5.90 |
|   BUFG                   |    <0.001 |        6 |        96 |            6.25 |
|   Others                 |    <0.001 |    27547 |       --- |             --- |
|   F7/F8 Muxes            |     0.000 |    15333 |   1303680 |            1.18 |
| Signals                  |     4.582 |   872609 |       --- |             --- |
| Block RAM                |     1.696 |      413 |      2016 |           20.49 |
| URAM                     |     0.833 |      210 |       960 |           21.88 |
| HBM                      |     7.127 |        1 |         2 |           50.00 |
| MMCM                     |     0.003 |        0 |       --- |             --- |
| PLL                      |     0.054 |        1 |       --- |             --- |
| DSPs                     |     1.253 |      854 |      9024 |            9.46 |
| I/O                      |     0.006 |       12 |       624 |            1.92 |
| GTY                      |     4.360 |       16 |        40 |           40.00 |
| Hard IPs                 |     0.538 |        1 |       --- |             --- |
|   PCIE                   |     0.538 |        1 |       --- |             --- |
| Static Power             |    10.686 |          |           |                 |
|   HBM Static             |     0.806 |          |           |                 |
|   Device Static          |     9.880 |          |           |                 |
| Total                    |    38.482 |          |           |                 |
+--------------------------+-----------+----------+-----------+-----------------+


1.2 Power Supply Summary
------------------------

+---------------------+-------------+-----------+-------------+------------+-------------+-------------+--------------+
| Source              | Voltage (V) | Total (A) | Dynamic (A) | Static (A) | Powerup (A) | Budget (A)  | Margin (A)   |
+---------------------+-------------+-----------+-------------+------------+-------------+-------------+--------------+
| 0V85_VCCINT         |       0.850 |    28.590 |      19.843 |      8.747 |       NA    |     100.000 | 71.410 (MET) |
|    Vccint           |       0.850 |    28.590 |      19.843 |      8.747 |       NA    | Grouped     | NA           |
| 0V85_VCCINT_IO      |       0.850 |     3.891 |       2.781 |      1.110 |       NA    |      30.000 | 26.109 (MET) |
|    Vccint_io        |       0.850 |     3.407 |       2.550 |      0.857 |       NA    | Grouped     | NA           |
|    Vccbram          |       0.850 |     0.484 |       0.231 |      0.253 |       NA    | Grouped     | NA           |
| 0V9_AVCC            |       0.900 |     0.706 |       0.616 |      0.090 |       NA    | Unspecified | NA           |
|    VMGTAVCC (GTY)   |       0.900 |     0.706 |       0.616 |      0.090 |       NA    | Grouped     | NA           |
| 1V2_AVTT            |       1.200 |     2.563 |       2.536 |      0.027 |       NA    | Unspecified | NA           |
|    VMGTAVTT (GTY)   |       1.200 |     2.563 |       2.536 |      0.027 |       NA    | Grouped     | NA           |
| 1V2_HBM             |       1.200 |     2.510 |       2.118 |      0.392 |       NA    | Unspecified | NA           |
|    VCC_HBM          |       1.200 |     2.510 |       2.118 |      0.392 |       NA    | Grouped     | NA           |
| 1V8                 |       1.800 |     0.954 |       0.182 |      0.772 |       NA    |       4.000 | 3.046 (MET)  |
|    Vccaux           |       1.800 |     0.796 |       0.086 |      0.710 |       NA    | Grouped     | NA           |
|    Vccaux_io        |       1.800 |     0.038 |       0.003 |      0.035 |       NA    | Grouped     | NA           |
|    VMGTVCCAUX (GTY) |       1.800 |     0.096 |       0.093 |      0.002 |       NA    | Grouped     | NA           |
|    Vcco18           |       1.800 |     0.000 |       0.000 |      0.000 |       NA    | Grouped     | NA           |
|    Vccadc           |       1.800 |     0.024 |       0.000 |      0.024 |       NA    | Grouped     | NA           |
| 2V5_VPP             |       2.500 |     0.100 |       0.049 |      0.052 |       NA    |       0.300 | 0.200 (MET)  |
|    VCCAUX_HBM       |       2.500 |     0.100 |       0.049 |      0.052 |       NA    | Grouped     | NA           |
| Vcco33              |       3.300 |     0.000 |       0.000 |      0.000 |       NA    | Unspecified | NA           |
| Vcco25              |       2.500 |     0.000 |       0.000 |      0.000 |       NA    | Unspecified | NA           |
| Vcco15              |       1.500 |     0.000 |       0.000 |      0.000 |       NA    | Unspecified | NA           |
| Vcco135             |       1.350 |     0.000 |       0.000 |      0.000 |       NA    | Unspecified | NA           |
| Vcco12              |       1.200 |     0.000 |       0.000 |      0.000 |       NA    | Unspecified | NA           |
| Vcco10              |       1.000 |     0.000 |       0.000 |      0.000 |       NA    | Unspecified | NA           |
| VCC_IO_HBM          |       1.200 |     1.836 |       1.664 |      0.172 |       NA    | Unspecified | NA           |
+---------------------+-------------+-----------+-------------+------------+-------------+-------------+--------------+


1.3 Confidence Level
--------------------

+-----------------------------+------------+--------------------------------------------------------+------------------------------------------------------------------------------------------------------------+
| User Input Data             | Confidence | Details                                                | Action                                                                                                     |
+-----------------------------+------------+--------------------------------------------------------+------------------------------------------------------------------------------------------------------------+
| Design implementation state | High       | Design is routed                                       |                                                                                                            |
| Clock nodes activity        | High       | User specified more than 95% of clocks                 |                                                                                                            |
| I/O nodes activity          | Low        | More than 75% of inputs are missing user specification | Provide missing input activity with simulation results or by editing the "By Resource Type -> I/Os" view   |
| Internal nodes activity     | Medium     | User specified less than 25% of internal nodes         | Provide missing internal nodes activity with simulation results or by editing the "By Resource Type" views |
| Device models               | High       | Device models are Production                           |                                                                                                            |
|                             |            |                                                        |                                                                                                            |
| Overall confidence level    | Low        |                                                        |                                                                                                            |
+-----------------------------+------------+--------------------------------------------------------+------------------------------------------------------------------------------------------------------------+


2. Settings
-----------

2.1 Environment
---------------

+-----------------------+--------------------------+
| Ambient Temp (C)      | 55.0                     |
| ThetaJA (C/W)         | 0.8                      |
| Airflow (LFM)         | 250                      |
| Heat Sink             | medium (Medium Profile)  |
| ThetaSA (C/W)         | 0.5                      |
| Board Selection       | medium (10"x10")         |
| # of Board Layers     | 12to15 (12 to 15 Layers) |
| Board Temperature (C) | 25.0                     |
+-----------------------+--------------------------+


2.2 Clock Constraints
---------------------

+--------------------------------------------------------------------------------------------------------------------------------------------------------------------------------------------------------------------------------------------------------------------------------------------------------------------------------------------------------------------------------------------------------------------------+-----------------------------------------------------------------------------------------------------------------------------------------------------------------------------------------------------------------------------------------------------------------------------------------------------------------------------------------------------------------------------------------------------------+-----------------+
| Clock                                                                                                                                                                                                                                                                                                                                                                                                                    | Domain                                                                                                                                                                                                                                                                                                                                                                                                    | Constraint (ns) |
+--------------------------------------------------------------------------------------------------------------------------------------------------------------------------------------------------------------------------------------------------------------------------------------------------------------------------------------------------------------------------------------------------------------------------+-----------------------------------------------------------------------------------------------------------------------------------------------------------------------------------------------------------------------------------------------------------------------------------------------------------------------------------------------------------------------------------------------------------+-----------------+
| GTYE4_CHANNEL_QPLL0CLK[0]_4                                                                                                                                                                                                                                                                                                                                                                                              | level0_i/blp/blp_i/ss_hif/inst/pcie/inst/bd_39ab_pcie_0_gt_top_i/diablo_gt.diablo_gt_phy_wrapper/gt_wizard.gtwizard_top_i/bd_39ab_pcie_0_gt_i/inst/gen_gtwizard_gtye4_top.bd_39ab_pcie_0_gt_gtwizard_gtye4_inst/gen_gtwizard_gtye4.gen_common.gen_common_container[24].gen_enabled_common.gtye4_common_wrapper_inst/common_inst/GTYE4_CHANNEL_QPLL0CLK[0]                                                 |             0.2 |
| GTYE4_CHANNEL_QPLL0CLK[0]_5                                                                                                                                                                                                                                                                                                                                                                                              | level0_i/blp/blp_i/ss_hif/inst/pcie/inst/bd_39ab_pcie_0_gt_top_i/diablo_gt.diablo_gt_phy_wrapper/gt_wizard.gtwizard_top_i/bd_39ab_pcie_0_gt_i/inst/gen_gtwizard_gtye4_top.bd_39ab_pcie_0_gt_gtwizard_gtye4_inst/gen_gtwizard_gtye4.gen_common.gen_common_container[25].gen_enabled_common.gtye4_common_wrapper_inst/common_inst/GTYE4_CHANNEL_QPLL0CLK[0]                                                 |             0.2 |
| GTYE4_CHANNEL_QPLL0CLK[0]_6                                                                                                                                                                                                                                                                                                                                                                                              | level0_i/blp/blp_i/ss_hif/inst/pcie/inst/bd_39ab_pcie_0_gt_top_i/diablo_gt.diablo_gt_phy_wrapper/gt_wizard.gtwizard_top_i/bd_39ab_pcie_0_gt_i/inst/gen_gtwizard_gtye4_top.bd_39ab_pcie_0_gt_gtwizard_gtye4_inst/gen_gtwizard_gtye4.gen_common.gen_common_container[26].gen_enabled_common.gtye4_common_wrapper_inst/common_inst/GTYE4_CHANNEL_QPLL0CLK[0]                                                 |             0.2 |
| GTYE4_CHANNEL_QPLL0CLK[0]_7                                                                                                                                                                                                                                                                                                                                                                                              | level0_i/blp/blp_i/ss_hif/inst/pcie/inst/bd_39ab_pcie_0_gt_top_i/diablo_gt.diablo_gt_phy_wrapper/gt_wizard.gtwizard_top_i/bd_39ab_pcie_0_gt_i/inst/gen_gtwizard_gtye4_top.bd_39ab_pcie_0_gt_gtwizard_gtye4_inst/gen_gtwizard_gtye4.gen_common.gen_common_container[27].gen_enabled_common.gtye4_common_wrapper_inst/common_inst/GTYE4_CHANNEL_QPLL0CLK[0]                                                 |             0.2 |
| GTYE4_CHANNEL_QPLL0REFCLK[0]_4                                                                                                                                                                                                                                                                                                                                                                                           | level0_i/blp/blp_i/ss_hif/inst/pcie/inst/bd_39ab_pcie_0_gt_top_i/diablo_gt.diablo_gt_phy_wrapper/gt_wizard.gtwizard_top_i/bd_39ab_pcie_0_gt_i/inst/gen_gtwizard_gtye4_top.bd_39ab_pcie_0_gt_gtwizard_gtye4_inst/gen_gtwizard_gtye4.gen_common.gen_common_container[24].gen_enabled_common.gtye4_common_wrapper_inst/common_inst/GTYE4_CHANNEL_QPLL0REFCLK[0]                                              |            10.0 |
| GTYE4_CHANNEL_QPLL0REFCLK[0]_5                                                                                                                                                                                                                                                                                                                                                                                           | level0_i/blp/blp_i/ss_hif/inst/pcie/inst/bd_39ab_pcie_0_gt_top_i/diablo_gt.diablo_gt_phy_wrapper/gt_wizard.gtwizard_top_i/bd_39ab_pcie_0_gt_i/inst/gen_gtwizard_gtye4_top.bd_39ab_pcie_0_gt_gtwizard_gtye4_inst/gen_gtwizard_gtye4.gen_common.gen_common_container[25].gen_enabled_common.gtye4_common_wrapper_inst/common_inst/GTYE4_CHANNEL_QPLL0REFCLK[0]                                              |            10.0 |
| GTYE4_CHANNEL_QPLL0REFCLK[0]_6                                                                                                                                                                                                                                                                                                                                                                                           | level0_i/blp/blp_i/ss_hif/inst/pcie/inst/bd_39ab_pcie_0_gt_top_i/diablo_gt.diablo_gt_phy_wrapper/gt_wizard.gtwizard_top_i/bd_39ab_pcie_0_gt_i/inst/gen_gtwizard_gtye4_top.bd_39ab_pcie_0_gt_gtwizard_gtye4_inst/gen_gtwizard_gtye4.gen_common.gen_common_container[26].gen_enabled_common.gtye4_common_wrapper_inst/common_inst/GTYE4_CHANNEL_QPLL0REFCLK[0]                                              |            10.0 |
| GTYE4_CHANNEL_QPLL0REFCLK[0]_7                                                                                                                                                                                                                                                                                                                                                                                           | level0_i/blp/blp_i/ss_hif/inst/pcie/inst/bd_39ab_pcie_0_gt_top_i/diablo_gt.diablo_gt_phy_wrapper/gt_wizard.gtwizard_top_i/bd_39ab_pcie_0_gt_i/inst/gen_gtwizard_gtye4_top.bd_39ab_pcie_0_gt_gtwizard_gtye4_inst/gen_gtwizard_gtye4.gen_common.gen_common_container[27].gen_enabled_common.gtye4_common_wrapper_inst/common_inst/GTYE4_CHANNEL_QPLL0REFCLK[0]                                              |            10.0 |
| GTYE4_CHANNEL_QPLL1CLK[0]_4                                                                                                                                                                                                                                                                                                                                                                                              | level0_i/blp/blp_i/ss_hif/inst/pcie/inst/bd_39ab_pcie_0_gt_top_i/diablo_gt.diablo_gt_phy_wrapper/gt_wizard.gtwizard_top_i/bd_39ab_pcie_0_gt_i/inst/gen_gtwizard_gtye4_top.bd_39ab_pcie_0_gt_gtwizard_gtye4_inst/gen_gtwizard_gtye4.gen_common.gen_common_container[24].gen_enabled_common.gtye4_common_wrapper_inst/common_inst/GTYE4_CHANNEL_QPLL1CLK[0]                                                 |             0.2 |
| GTYE4_CHANNEL_QPLL1CLK[0]_5                                                                                                                                                                                                                                                                                                                                                                                              | level0_i/blp/blp_i/ss_hif/inst/pcie/inst/bd_39ab_pcie_0_gt_top_i/diablo_gt.diablo_gt_phy_wrapper/gt_wizard.gtwizard_top_i/bd_39ab_pcie_0_gt_i/inst/gen_gtwizard_gtye4_top.bd_39ab_pcie_0_gt_gtwizard_gtye4_inst/gen_gtwizard_gtye4.gen_common.gen_common_container[25].gen_enabled_common.gtye4_common_wrapper_inst/common_inst/GTYE4_CHANNEL_QPLL1CLK[0]                                                 |             0.2 |
| GTYE4_CHANNEL_QPLL1CLK[0]_6                                                                                                                                                                                                                                                                                                                                                                                              | level0_i/blp/blp_i/ss_hif/inst/pcie/inst/bd_39ab_pcie_0_gt_top_i/diablo_gt.diablo_gt_phy_wrapper/gt_wizard.gtwizard_top_i/bd_39ab_pcie_0_gt_i/inst/gen_gtwizard_gtye4_top.bd_39ab_pcie_0_gt_gtwizard_gtye4_inst/gen_gtwizard_gtye4.gen_common.gen_common_container[26].gen_enabled_common.gtye4_common_wrapper_inst/common_inst/GTYE4_CHANNEL_QPLL1CLK[0]                                                 |             0.2 |
| GTYE4_CHANNEL_QPLL1CLK[0]_7                                                                                                                                                                                                                                                                                                                                                                                              | level0_i/blp/blp_i/ss_hif/inst/pcie/inst/bd_39ab_pcie_0_gt_top_i/diablo_gt.diablo_gt_phy_wrapper/gt_wizard.gtwizard_top_i/bd_39ab_pcie_0_gt_i/inst/gen_gtwizard_gtye4_top.bd_39ab_pcie_0_gt_gtwizard_gtye4_inst/gen_gtwizard_gtye4.gen_common.gen_common_container[27].gen_enabled_common.gtye4_common_wrapper_inst/common_inst/GTYE4_CHANNEL_QPLL1CLK[0]                                                 |             0.2 |
| GTYE4_CHANNEL_QPLL1REFCLK[0]_4                                                                                                                                                                                                                                                                                                                                                                                           | level0_i/blp/blp_i/ss_hif/inst/pcie/inst/bd_39ab_pcie_0_gt_top_i/diablo_gt.diablo_gt_phy_wrapper/gt_wizard.gtwizard_top_i/bd_39ab_pcie_0_gt_i/inst/gen_gtwizard_gtye4_top.bd_39ab_pcie_0_gt_gtwizard_gtye4_inst/gen_gtwizard_gtye4.gen_common.gen_common_container[24].gen_enabled_common.gtye4_common_wrapper_inst/common_inst/GTYE4_CHANNEL_QPLL1REFCLK[0]                                              |            10.0 |
| GTYE4_CHANNEL_QPLL1REFCLK[0]_5                                                                                                                                                                                                                                                                                                                                                                                           | level0_i/blp/blp_i/ss_hif/inst/pcie/inst/bd_39ab_pcie_0_gt_top_i/diablo_gt.diablo_gt_phy_wrapper/gt_wizard.gtwizard_top_i/bd_39ab_pcie_0_gt_i/inst/gen_gtwizard_gtye4_top.bd_39ab_pcie_0_gt_gtwizard_gtye4_inst/gen_gtwizard_gtye4.gen_common.gen_common_container[25].gen_enabled_common.gtye4_common_wrapper_inst/common_inst/GTYE4_CHANNEL_QPLL1REFCLK[0]                                              |            10.0 |
| GTYE4_CHANNEL_QPLL1REFCLK[0]_6                                                                                                                                                                                                                                                                                                                                                                                           | level0_i/blp/blp_i/ss_hif/inst/pcie/inst/bd_39ab_pcie_0_gt_top_i/diablo_gt.diablo_gt_phy_wrapper/gt_wizard.gtwizard_top_i/bd_39ab_pcie_0_gt_i/inst/gen_gtwizard_gtye4_top.bd_39ab_pcie_0_gt_gtwizard_gtye4_inst/gen_gtwizard_gtye4.gen_common.gen_common_container[26].gen_enabled_common.gtye4_common_wrapper_inst/common_inst/GTYE4_CHANNEL_QPLL1REFCLK[0]                                              |            10.0 |
| GTYE4_CHANNEL_QPLL1REFCLK[0]_7                                                                                                                                                                                                                                                                                                                                                                                           | level0_i/blp/blp_i/ss_hif/inst/pcie/inst/bd_39ab_pcie_0_gt_top_i/diablo_gt.diablo_gt_phy_wrapper/gt_wizard.gtwizard_top_i/bd_39ab_pcie_0_gt_i/inst/gen_gtwizard_gtye4_top.bd_39ab_pcie_0_gt_gtwizard_gtye4_inst/gen_gtwizard_gtye4.gen_common.gen_common_container[27].gen_enabled_common.gtye4_common_wrapper_inst/common_inst/GTYE4_CHANNEL_QPLL1REFCLK[0]                                              |            10.0 |
| GTYE4_CHANNEL_TXOUTCLK[0]_4                                                                                                                                                                                                                                                                                                                                                                                              | level0_i/blp/blp_i/ss_hif/inst/pcie/inst/bd_39ab_pcie_0_gt_top_i/diablo_gt.diablo_gt_phy_wrapper/gt_wizard.gtwizard_top_i/bd_39ab_pcie_0_gt_i/inst/gen_gtwizard_gtye4_top.bd_39ab_pcie_0_gt_gtwizard_gtye4_inst/gen_gtwizard_gtye4.gen_channel_container[24].gen_enabled_channel.gtye4_channel_wrapper_inst/channel_inst/GTYE4_CHANNEL_TXOUTCLK[0]                                                        |             2.0 |
| GTYE4_CHANNEL_TXOUTCLK[0]_5                                                                                                                                                                                                                                                                                                                                                                                              | level0_i/blp/blp_i/ss_hif/inst/pcie/inst/bd_39ab_pcie_0_gt_top_i/diablo_gt.diablo_gt_phy_wrapper/gt_wizard.gtwizard_top_i/bd_39ab_pcie_0_gt_i/inst/gen_gtwizard_gtye4_top.bd_39ab_pcie_0_gt_gtwizard_gtye4_inst/gen_gtwizard_gtye4.gen_channel_container[25].gen_enabled_channel.gtye4_channel_wrapper_inst/channel_inst/GTYE4_CHANNEL_TXOUTCLK[0]                                                        |             2.0 |
| GTYE4_CHANNEL_TXOUTCLK[0]_6                                                                                                                                                                                                                                                                                                                                                                                              | level0_i/blp/blp_i/ss_hif/inst/pcie/inst/bd_39ab_pcie_0_gt_top_i/diablo_gt.diablo_gt_phy_wrapper/gt_wizard.gtwizard_top_i/bd_39ab_pcie_0_gt_i/inst/gen_gtwizard_gtye4_top.bd_39ab_pcie_0_gt_gtwizard_gtye4_inst/gen_gtwizard_gtye4.gen_channel_container[26].gen_enabled_channel.gtye4_channel_wrapper_inst/channel_inst/GTYE4_CHANNEL_TXOUTCLK[0]                                                        |             2.0 |
| GTYE4_CHANNEL_TXOUTCLK[0]_7                                                                                                                                                                                                                                                                                                                                                                                              | level0_i/blp/blp_i/ss_hif/inst/pcie/inst/bd_39ab_pcie_0_gt_top_i/diablo_gt.diablo_gt_phy_wrapper/gt_wizard.gtwizard_top_i/bd_39ab_pcie_0_gt_i/inst/gen_gtwizard_gtye4_top.bd_39ab_pcie_0_gt_gtwizard_gtye4_inst/gen_gtwizard_gtye4.gen_channel_container[27].gen_enabled_channel.gtye4_channel_wrapper_inst/channel_inst/GTYE4_CHANNEL_TXOUTCLK[0]                                                        |             2.0 |
| GTYE4_CHANNEL_TXOUTCLK[1]_4                                                                                                                                                                                                                                                                                                                                                                                              | level0_i/blp/blp_i/ss_hif/inst/pcie/inst/bd_39ab_pcie_0_gt_top_i/diablo_gt.diablo_gt_phy_wrapper/gt_wizard.gtwizard_top_i/bd_39ab_pcie_0_gt_i/inst/gen_gtwizard_gtye4_top.bd_39ab_pcie_0_gt_gtwizard_gtye4_inst/gen_gtwizard_gtye4.gen_channel_container[24].gen_enabled_channel.gtye4_channel_wrapper_inst/channel_inst/GTYE4_CHANNEL_TXOUTCLK[1]                                                        |             2.0 |
| GTYE4_CHANNEL_TXOUTCLK[1]_5                                                                                                                                                                                                                                                                                                                                                                                              | level0_i/blp/blp_i/ss_hif/inst/pcie/inst/bd_39ab_pcie_0_gt_top_i/diablo_gt.diablo_gt_phy_wrapper/gt_wizard.gtwizard_top_i/bd_39ab_pcie_0_gt_i/inst/gen_gtwizard_gtye4_top.bd_39ab_pcie_0_gt_gtwizard_gtye4_inst/gen_gtwizard_gtye4.gen_channel_container[25].gen_enabled_channel.gtye4_channel_wrapper_inst/channel_inst/GTYE4_CHANNEL_TXOUTCLK[1]                                                        |             2.0 |
| GTYE4_CHANNEL_TXOUTCLK[1]_6                                                                                                                                                                                                                                                                                                                                                                                              | level0_i/blp/blp_i/ss_hif/inst/pcie/inst/bd_39ab_pcie_0_gt_top_i/diablo_gt.diablo_gt_phy_wrapper/gt_wizard.gtwizard_top_i/bd_39ab_pcie_0_gt_i/inst/gen_gtwizard_gtye4_top.bd_39ab_pcie_0_gt_gtwizard_gtye4_inst/gen_gtwizard_gtye4.gen_channel_container[26].gen_enabled_channel.gtye4_channel_wrapper_inst/channel_inst/GTYE4_CHANNEL_TXOUTCLK[1]                                                        |             2.0 |
| GTYE4_CHANNEL_TXOUTCLK[1]_7                                                                                                                                                                                                                                                                                                                                                                                              | level0_i/blp/blp_i/ss_hif/inst/pcie/inst/bd_39ab_pcie_0_gt_top_i/diablo_gt.diablo_gt_phy_wrapper/gt_wizard.gtwizard_top_i/bd_39ab_pcie_0_gt_i/inst/gen_gtwizard_gtye4_top.bd_39ab_pcie_0_gt_gtwizard_gtye4_inst/gen_gtwizard_gtye4.gen_channel_container[27].gen_enabled_channel.gtye4_channel_wrapper_inst/channel_inst/GTYE4_CHANNEL_TXOUTCLK[1]                                                        |             2.0 |
| GTYE4_CHANNEL_TXOUTCLK[2]_4                                                                                                                                                                                                                                                                                                                                                                                              | level0_i/blp/blp_i/ss_hif/inst/pcie/inst/bd_39ab_pcie_0_gt_top_i/diablo_gt.diablo_gt_phy_wrapper/gt_wizard.gtwizard_top_i/bd_39ab_pcie_0_gt_i/inst/gen_gtwizard_gtye4_top.bd_39ab_pcie_0_gt_gtwizard_gtye4_inst/gen_gtwizard_gtye4.gen_channel_container[24].gen_enabled_channel.gtye4_channel_wrapper_inst/channel_inst/GTYE4_CHANNEL_TXOUTCLK[2]                                                        |             2.0 |
| GTYE4_CHANNEL_TXOUTCLK[2]_5                                                                                                                                                                                                                                                                                                                                                                                              | level0_i/blp/blp_i/ss_hif/inst/pcie/inst/bd_39ab_pcie_0_gt_top_i/diablo_gt.diablo_gt_phy_wrapper/gt_wizard.gtwizard_top_i/bd_39ab_pcie_0_gt_i/inst/gen_gtwizard_gtye4_top.bd_39ab_pcie_0_gt_gtwizard_gtye4_inst/gen_gtwizard_gtye4.gen_channel_container[25].gen_enabled_channel.gtye4_channel_wrapper_inst/channel_inst/GTYE4_CHANNEL_TXOUTCLK[2]                                                        |             2.0 |
| GTYE4_CHANNEL_TXOUTCLK[2]_6                                                                                                                                                                                                                                                                                                                                                                                              | level0_i/blp/blp_i/ss_hif/inst/pcie/inst/bd_39ab_pcie_0_gt_top_i/diablo_gt.diablo_gt_phy_wrapper/gt_wizard.gtwizard_top_i/bd_39ab_pcie_0_gt_i/inst/gen_gtwizard_gtye4_top.bd_39ab_pcie_0_gt_gtwizard_gtye4_inst/gen_gtwizard_gtye4.gen_channel_container[26].gen_enabled_channel.gtye4_channel_wrapper_inst/channel_inst/GTYE4_CHANNEL_TXOUTCLK[2]                                                        |             2.0 |
| GTYE4_CHANNEL_TXOUTCLK[2]_7                                                                                                                                                                                                                                                                                                                                                                                              | level0_i/blp/blp_i/ss_hif/inst/pcie/inst/bd_39ab_pcie_0_gt_top_i/diablo_gt.diablo_gt_phy_wrapper/gt_wizard.gtwizard_top_i/bd_39ab_pcie_0_gt_i/inst/gen_gtwizard_gtye4_top.bd_39ab_pcie_0_gt_gtwizard_gtye4_inst/gen_gtwizard_gtye4.gen_channel_container[27].gen_enabled_channel.gtye4_channel_wrapper_inst/channel_inst/GTYE4_CHANNEL_TXOUTCLK[2]                                                        |             2.0 |
| GTYE4_CHANNEL_TXOUTCLK[3]_4                                                                                                                                                                                                                                                                                                                                                                                              | level0_i/blp/blp_i/ss_hif/inst/pcie/inst/bd_39ab_pcie_0_gt_top_i/diablo_gt.diablo_gt_phy_wrapper/gt_wizard.gtwizard_top_i/bd_39ab_pcie_0_gt_i/inst/gen_gtwizard_gtye4_top.bd_39ab_pcie_0_gt_gtwizard_gtye4_inst/gen_gtwizard_gtye4.gen_channel_container[24].gen_enabled_channel.gtye4_channel_wrapper_inst/channel_inst/GTYE4_CHANNEL_TXOUTCLK[3]                                                        |             2.0 |
| GTYE4_CHANNEL_TXOUTCLK[3]_5                                                                                                                                                                                                                                                                                                                                                                                              | level0_i/blp/blp_i/ss_hif/inst/pcie/inst/bd_39ab_pcie_0_gt_top_i/diablo_gt.diablo_gt_phy_wrapper/gt_wizard.gtwizard_top_i/bd_39ab_pcie_0_gt_i/inst/gen_gtwizard_gtye4_top.bd_39ab_pcie_0_gt_gtwizard_gtye4_inst/gen_gtwizard_gtye4.gen_channel_container[25].gen_enabled_channel.gtye4_channel_wrapper_inst/channel_inst/GTYE4_CHANNEL_TXOUTCLK[3]                                                        |             2.0 |
| GTYE4_CHANNEL_TXOUTCLK[3]_6                                                                                                                                                                                                                                                                                                                                                                                              | level0_i/blp/blp_i/ss_hif/inst/pcie/inst/bd_39ab_pcie_0_gt_top_i/diablo_gt.diablo_gt_phy_wrapper/gt_wizard.gtwizard_top_i/bd_39ab_pcie_0_gt_i/inst/gen_gtwizard_gtye4_top.bd_39ab_pcie_0_gt_gtwizard_gtye4_inst/gen_gtwizard_gtye4.gen_channel_container[26].gen_enabled_channel.gtye4_channel_wrapper_inst/channel_inst/GTYE4_CHANNEL_TXOUTCLK[3]                                                        |             2.0 |
| GTYE4_CHANNEL_TXOUTCLK[3]_7                                                                                                                                                                                                                                                                                                                                                                                              | level0_i/blp/blp_i/ss_hif/inst/pcie/inst/bd_39ab_pcie_0_gt_top_i/diablo_gt.diablo_gt_phy_wrapper/gt_wizard.gtwizard_top_i/bd_39ab_pcie_0_gt_i/inst/gen_gtwizard_gtye4_top.bd_39ab_pcie_0_gt_gtwizard_gtye4_inst/gen_gtwizard_gtye4.gen_channel_container[27].gen_enabled_channel.gtye4_channel_wrapper_inst/channel_inst/GTYE4_CHANNEL_TXOUTCLK[3]                                                        |             2.0 |
| clk_kernel_00_unbuffered_net                                                                                                                                                                                                                                                                                                                                                                                             | level0_i/ulp/ulp_ucs/inst/aclk_kernel_00_hierarchy/clkwiz_aclk_kernel_00/inst/CLK_CORE_DRP_I/clk_inst/clk_out1                                                                                                                                                                                                                                                                                            |             3.3 |
| clk_kernel_01_unbuffered_net                                                                                                                                                                                                                                                                                                                                                                                             | level0_i/ulp/ulp_ucs/inst/aclk_kernel_01_hierarchy/clkwiz_aclk_kernel_01/inst/CLK_CORE_DRP_I/clk_inst/clk_out1                                                                                                                                                                                                                                                                                            |             2.0 |
| clk_out1_bd_39ab_clkwiz_level0_periph_0_1                                                                                                                                                                                                                                                                                                                                                                                | level0_i/blp/blp_i/ss_hif/inst/clkwiz_level0_periph/inst/clk_out1_bd_39ab_clkwiz_level0_periph_0                                                                                                                                                                                                                                                                                                          |            10.0 |
| clk_out2_bd_39ab_clkwiz_level0_periph_0_1                                                                                                                                                                                                                                                                                                                                                                                | level0_i/blp/blp_i/ss_hif/inst/clkwiz_level0_periph/inst/clk_out2_bd_39ab_clkwiz_level0_periph_0                                                                                                                                                                                                                                                                                                          |            20.0 |
| dma_ip_axi_aclk_1                                                                                                                                                                                                                                                                                                                                                                                                        | level0_i/blp/blp_i/ss_hif/inst/pcie/inst/bd_39ab_pcie_0_gt_top_i/diablo_gt.diablo_gt_phy_wrapper/phy_clk_i/CLK_USERCLK                                                                                                                                                                                                                                                                                    |             4.0 |
| hbm_aclk                                                                                                                                                                                                                                                                                                                                                                                                                 | level0_i/ulp/ulp_ucs/inst/aclk_hbm_hierarchy/clkwiz_hbm/inst/CLK_CORE_DRP_I/clk_inst/clk_out1_bd_22c0_clkwiz_hbm_0                                                                                                                                                                                                                                                                                        |             2.2 |
| io_clk_freerun_00_clk_p                                                                                                                                                                                                                                                                                                                                                                                                  | io_clk_freerun_00_clk_p                                                                                                                                                                                                                                                                                                                                                                                   |            10.0 |
| io_clk_pcie_00_clk_p                                                                                                                                                                                                                                                                                                                                                                                                     | io_clk_pcie_00_clk_p                                                                                                                                                                                                                                                                                                                                                                                      |            10.0 |
| level0_i/blp/blp_i/ss_cmp/inst/jtag_fallback/inst/bs_switch/inst/BSCAN_SWITCH.N_EXT_BSCAN.bscan_inst/SERIES7_BSCAN.bscan_inst/INTERNAL_TCK                                                                                                                                                                                                                                                                               | level0_i/blp/blp_i/ss_cmp/inst/jtag_fallback/inst/bs_switch/inst/BSCAN_SWITCH.N_EXT_BSCAN.bscan_inst/BSCAN_SWITCH.N_EXT_BSCAN.tck_bs                                                                                                                                                                                                                                                                      |            50.0 |
| level0_i/blp/blp_i/ss_cmp/inst/mdm_board_control/U0/No_Dbg_Reg_Access.BUFG_DRCK/Using_FPGA.Native/O                                                                                                                                                                                                                                                                                                                      | level0_i/blp/blp_i/ss_cmp/inst/mdm_board_control/U0/No_Dbg_Reg_Access.BUFG_DRCK/Dbg_Clk_0                                                                                                                                                                                                                                                                                                                 |           160.0 |
| level0_i/blp/blp_i/ss_cmp/inst/mdm_board_control/U0/Use_External.Use_BSCANID.No_Dbg_Reg_Access.BUFG_UPDATE/Using_FPGA.Native/O                                                                                                                                                                                                                                                                                           | level0_i/blp/blp_i/ss_cmp/inst/mdm_board_control/U0/Use_External.Use_BSCANID.No_Dbg_Reg_Access.BUFG_UPDATE/Dbg_Update_0                                                                                                                                                                                                                                                                                   |           100.0 |
| level0_i/blp/blp_i/ss_cmp/inst/mgmt_debug_bridge/inst/axi_jtag/inst/u_jtag_proc/tck_i_reg/Q                                                                                                                                                                                                                                                                                                                              | level0_i/blp/blp_i/ss_cmp/inst/mgmt_debug_bridge/inst/axi_jtag/inst/u_jtag_proc/tck                                                                                                                                                                                                                                                                                                                       |           160.0 |
| level0_i/blp/blp_i/ss_cmp/inst/mgmt_debug_bridge/inst/bsip/inst/USE_SOFTBSCAN.U_BSCAN_TAP/U_BASETAP/U_TAP/UPDATEDR_O_reg/Q                                                                                                                                                                                                                                                                                               | level0_i/blp/blp_i/ss_cmp/inst/mgmt_debug_bridge/inst/bsip/inst/USE_SOFTBSCAN.U_BSCAN_TAP/U_BASETAP/U_TAP/UPDATEDR_O                                                                                                                                                                                                                                                                                      |           160.0 |
| level0_i/blp/blp_i/ss_hif/inst/pcie/inst/bd_39ab_pcie_0_gt_top_i/diablo_gt.diablo_gt_phy_wrapper/gt_wizard.gtwizard_top_i/bd_39ab_pcie_0_gt_i/inst/gen_gtwizard_gtye4_top.bd_39ab_pcie_0_gt_gtwizard_gtye4_inst/gen_gtwizard_gtye4.gen_cpll_cal_gtye4.gen_cpll_cal_inst[0].gen_inst_cpll_cal.gtwizard_ultrascale_v1_7_10_gtye4_cpll_cal_inst/gtwizard_ultrascale_v1_7_10_gtye4_cpll_cal_tx_i/bufg_gt_txoutclkmon_inst/O  | level0_i/blp/blp_i/ss_hif/inst/pcie/inst/bd_39ab_pcie_0_gt_top_i/diablo_gt.diablo_gt_phy_wrapper/gt_wizard.gtwizard_top_i/bd_39ab_pcie_0_gt_i/inst/gen_gtwizard_gtye4_top.bd_39ab_pcie_0_gt_gtwizard_gtye4_inst/gen_gtwizard_gtye4.gen_cpll_cal_gtye4.gen_cpll_cal_inst[0].gen_inst_cpll_cal.gtwizard_ultrascale_v1_7_10_gtye4_cpll_cal_inst/gtwizard_ultrascale_v1_7_10_gtye4_cpll_cal_tx_i/txoutclkmon  |             8.0 |
| level0_i/blp/blp_i/ss_hif/inst/pcie/inst/bd_39ab_pcie_0_gt_top_i/diablo_gt.diablo_gt_phy_wrapper/gt_wizard.gtwizard_top_i/bd_39ab_pcie_0_gt_i/inst/gen_gtwizard_gtye4_top.bd_39ab_pcie_0_gt_gtwizard_gtye4_inst/gen_gtwizard_gtye4.gen_cpll_cal_gtye4.gen_cpll_cal_inst[10].gen_inst_cpll_cal.gtwizard_ultrascale_v1_7_10_gtye4_cpll_cal_inst/gtwizard_ultrascale_v1_7_10_gtye4_cpll_cal_tx_i/bufg_gt_txoutclkmon_inst/O | level0_i/blp/blp_i/ss_hif/inst/pcie/inst/bd_39ab_pcie_0_gt_top_i/diablo_gt.diablo_gt_phy_wrapper/gt_wizard.gtwizard_top_i/bd_39ab_pcie_0_gt_i/inst/gen_gtwizard_gtye4_top.bd_39ab_pcie_0_gt_gtwizard_gtye4_inst/gen_gtwizard_gtye4.gen_cpll_cal_gtye4.gen_cpll_cal_inst[10].gen_inst_cpll_cal.gtwizard_ultrascale_v1_7_10_gtye4_cpll_cal_inst/gtwizard_ultrascale_v1_7_10_gtye4_cpll_cal_tx_i/txoutclkmon |             8.0 |
| level0_i/blp/blp_i/ss_hif/inst/pcie/inst/bd_39ab_pcie_0_gt_top_i/diablo_gt.diablo_gt_phy_wrapper/gt_wizard.gtwizard_top_i/bd_39ab_pcie_0_gt_i/inst/gen_gtwizard_gtye4_top.bd_39ab_pcie_0_gt_gtwizard_gtye4_inst/gen_gtwizard_gtye4.gen_cpll_cal_gtye4.gen_cpll_cal_inst[11].gen_inst_cpll_cal.gtwizard_ultrascale_v1_7_10_gtye4_cpll_cal_inst/gtwizard_ultrascale_v1_7_10_gtye4_cpll_cal_tx_i/bufg_gt_txoutclkmon_inst/O | level0_i/blp/blp_i/ss_hif/inst/pcie/inst/bd_39ab_pcie_0_gt_top_i/diablo_gt.diablo_gt_phy_wrapper/gt_wizard.gtwizard_top_i/bd_39ab_pcie_0_gt_i/inst/gen_gtwizard_gtye4_top.bd_39ab_pcie_0_gt_gtwizard_gtye4_inst/gen_gtwizard_gtye4.gen_cpll_cal_gtye4.gen_cpll_cal_inst[11].gen_inst_cpll_cal.gtwizard_ultrascale_v1_7_10_gtye4_cpll_cal_inst/gtwizard_ultrascale_v1_7_10_gtye4_cpll_cal_tx_i/txoutclkmon |             8.0 |
| level0_i/blp/blp_i/ss_hif/inst/pcie/inst/bd_39ab_pcie_0_gt_top_i/diablo_gt.diablo_gt_phy_wrapper/gt_wizard.gtwizard_top_i/bd_39ab_pcie_0_gt_i/inst/gen_gtwizard_gtye4_top.bd_39ab_pcie_0_gt_gtwizard_gtye4_inst/gen_gtwizard_gtye4.gen_cpll_cal_gtye4.gen_cpll_cal_inst[12].gen_inst_cpll_cal.gtwizard_ultrascale_v1_7_10_gtye4_cpll_cal_inst/gtwizard_ultrascale_v1_7_10_gtye4_cpll_cal_tx_i/bufg_gt_txoutclkmon_inst/O | level0_i/blp/blp_i/ss_hif/inst/pcie/inst/bd_39ab_pcie_0_gt_top_i/diablo_gt.diablo_gt_phy_wrapper/gt_wizard.gtwizard_top_i/bd_39ab_pcie_0_gt_i/inst/gen_gtwizard_gtye4_top.bd_39ab_pcie_0_gt_gtwizard_gtye4_inst/gen_gtwizard_gtye4.gen_cpll_cal_gtye4.gen_cpll_cal_inst[12].gen_inst_cpll_cal.gtwizard_ultrascale_v1_7_10_gtye4_cpll_cal_inst/gtwizard_ultrascale_v1_7_10_gtye4_cpll_cal_tx_i/txoutclkmon |             8.0 |
| level0_i/blp/blp_i/ss_hif/inst/pcie/inst/bd_39ab_pcie_0_gt_top_i/diablo_gt.diablo_gt_phy_wrapper/gt_wizard.gtwizard_top_i/bd_39ab_pcie_0_gt_i/inst/gen_gtwizard_gtye4_top.bd_39ab_pcie_0_gt_gtwizard_gtye4_inst/gen_gtwizard_gtye4.gen_cpll_cal_gtye4.gen_cpll_cal_inst[13].gen_inst_cpll_cal.gtwizard_ultrascale_v1_7_10_gtye4_cpll_cal_inst/gtwizard_ultrascale_v1_7_10_gtye4_cpll_cal_tx_i/bufg_gt_txoutclkmon_inst/O | level0_i/blp/blp_i/ss_hif/inst/pcie/inst/bd_39ab_pcie_0_gt_top_i/diablo_gt.diablo_gt_phy_wrapper/gt_wizard.gtwizard_top_i/bd_39ab_pcie_0_gt_i/inst/gen_gtwizard_gtye4_top.bd_39ab_pcie_0_gt_gtwizard_gtye4_inst/gen_gtwizard_gtye4.gen_cpll_cal_gtye4.gen_cpll_cal_inst[13].gen_inst_cpll_cal.gtwizard_ultrascale_v1_7_10_gtye4_cpll_cal_inst/gtwizard_ultrascale_v1_7_10_gtye4_cpll_cal_tx_i/txoutclkmon |             8.0 |
| level0_i/blp/blp_i/ss_hif/inst/pcie/inst/bd_39ab_pcie_0_gt_top_i/diablo_gt.diablo_gt_phy_wrapper/gt_wizard.gtwizard_top_i/bd_39ab_pcie_0_gt_i/inst/gen_gtwizard_gtye4_top.bd_39ab_pcie_0_gt_gtwizard_gtye4_inst/gen_gtwizard_gtye4.gen_cpll_cal_gtye4.gen_cpll_cal_inst[14].gen_inst_cpll_cal.gtwizard_ultrascale_v1_7_10_gtye4_cpll_cal_inst/gtwizard_ultrascale_v1_7_10_gtye4_cpll_cal_tx_i/bufg_gt_txoutclkmon_inst/O | level0_i/blp/blp_i/ss_hif/inst/pcie/inst/bd_39ab_pcie_0_gt_top_i/diablo_gt.diablo_gt_phy_wrapper/gt_wizard.gtwizard_top_i/bd_39ab_pcie_0_gt_i/inst/gen_gtwizard_gtye4_top.bd_39ab_pcie_0_gt_gtwizard_gtye4_inst/gen_gtwizard_gtye4.gen_cpll_cal_gtye4.gen_cpll_cal_inst[14].gen_inst_cpll_cal.gtwizard_ultrascale_v1_7_10_gtye4_cpll_cal_inst/gtwizard_ultrascale_v1_7_10_gtye4_cpll_cal_tx_i/txoutclkmon |             8.0 |
| level0_i/blp/blp_i/ss_hif/inst/pcie/inst/bd_39ab_pcie_0_gt_top_i/diablo_gt.diablo_gt_phy_wrapper/gt_wizard.gtwizard_top_i/bd_39ab_pcie_0_gt_i/inst/gen_gtwizard_gtye4_top.bd_39ab_pcie_0_gt_gtwizard_gtye4_inst/gen_gtwizard_gtye4.gen_cpll_cal_gtye4.gen_cpll_cal_inst[15].gen_inst_cpll_cal.gtwizard_ultrascale_v1_7_10_gtye4_cpll_cal_inst/gtwizard_ultrascale_v1_7_10_gtye4_cpll_cal_tx_i/bufg_gt_txoutclkmon_inst/O | level0_i/blp/blp_i/ss_hif/inst/pcie/inst/bd_39ab_pcie_0_gt_top_i/diablo_gt.diablo_gt_phy_wrapper/gt_wizard.gtwizard_top_i/bd_39ab_pcie_0_gt_i/inst/gen_gtwizard_gtye4_top.bd_39ab_pcie_0_gt_gtwizard_gtye4_inst/gen_gtwizard_gtye4.gen_cpll_cal_gtye4.gen_cpll_cal_inst[15].gen_inst_cpll_cal.gtwizard_ultrascale_v1_7_10_gtye4_cpll_cal_inst/gtwizard_ultrascale_v1_7_10_gtye4_cpll_cal_tx_i/txoutclkmon |             8.0 |
| level0_i/blp/blp_i/ss_hif/inst/pcie/inst/bd_39ab_pcie_0_gt_top_i/diablo_gt.diablo_gt_phy_wrapper/gt_wizard.gtwizard_top_i/bd_39ab_pcie_0_gt_i/inst/gen_gtwizard_gtye4_top.bd_39ab_pcie_0_gt_gtwizard_gtye4_inst/gen_gtwizard_gtye4.gen_cpll_cal_gtye4.gen_cpll_cal_inst[1].gen_inst_cpll_cal.gtwizard_ultrascale_v1_7_10_gtye4_cpll_cal_inst/gtwizard_ultrascale_v1_7_10_gtye4_cpll_cal_tx_i/bufg_gt_txoutclkmon_inst/O  | level0_i/blp/blp_i/ss_hif/inst/pcie/inst/bd_39ab_pcie_0_gt_top_i/diablo_gt.diablo_gt_phy_wrapper/gt_wizard.gtwizard_top_i/bd_39ab_pcie_0_gt_i/inst/gen_gtwizard_gtye4_top.bd_39ab_pcie_0_gt_gtwizard_gtye4_inst/gen_gtwizard_gtye4.gen_cpll_cal_gtye4.gen_cpll_cal_inst[1].gen_inst_cpll_cal.gtwizard_ultrascale_v1_7_10_gtye4_cpll_cal_inst/gtwizard_ultrascale_v1_7_10_gtye4_cpll_cal_tx_i/txoutclkmon  |             8.0 |
| level0_i/blp/blp_i/ss_hif/inst/pcie/inst/bd_39ab_pcie_0_gt_top_i/diablo_gt.diablo_gt_phy_wrapper/gt_wizard.gtwizard_top_i/bd_39ab_pcie_0_gt_i/inst/gen_gtwizard_gtye4_top.bd_39ab_pcie_0_gt_gtwizard_gtye4_inst/gen_gtwizard_gtye4.gen_cpll_cal_gtye4.gen_cpll_cal_inst[2].gen_inst_cpll_cal.gtwizard_ultrascale_v1_7_10_gtye4_cpll_cal_inst/gtwizard_ultrascale_v1_7_10_gtye4_cpll_cal_tx_i/bufg_gt_txoutclkmon_inst/O  | level0_i/blp/blp_i/ss_hif/inst/pcie/inst/bd_39ab_pcie_0_gt_top_i/diablo_gt.diablo_gt_phy_wrapper/gt_wizard.gtwizard_top_i/bd_39ab_pcie_0_gt_i/inst/gen_gtwizard_gtye4_top.bd_39ab_pcie_0_gt_gtwizard_gtye4_inst/gen_gtwizard_gtye4.gen_cpll_cal_gtye4.gen_cpll_cal_inst[2].gen_inst_cpll_cal.gtwizard_ultrascale_v1_7_10_gtye4_cpll_cal_inst/gtwizard_ultrascale_v1_7_10_gtye4_cpll_cal_tx_i/txoutclkmon  |             8.0 |
| level0_i/blp/blp_i/ss_hif/inst/pcie/inst/bd_39ab_pcie_0_gt_top_i/diablo_gt.diablo_gt_phy_wrapper/gt_wizard.gtwizard_top_i/bd_39ab_pcie_0_gt_i/inst/gen_gtwizard_gtye4_top.bd_39ab_pcie_0_gt_gtwizard_gtye4_inst/gen_gtwizard_gtye4.gen_cpll_cal_gtye4.gen_cpll_cal_inst[3].gen_inst_cpll_cal.gtwizard_ultrascale_v1_7_10_gtye4_cpll_cal_inst/gtwizard_ultrascale_v1_7_10_gtye4_cpll_cal_tx_i/bufg_gt_txoutclkmon_inst/O  | level0_i/blp/blp_i/ss_hif/inst/pcie/inst/bd_39ab_pcie_0_gt_top_i/diablo_gt.diablo_gt_phy_wrapper/gt_wizard.gtwizard_top_i/bd_39ab_pcie_0_gt_i/inst/gen_gtwizard_gtye4_top.bd_39ab_pcie_0_gt_gtwizard_gtye4_inst/gen_gtwizard_gtye4.gen_cpll_cal_gtye4.gen_cpll_cal_inst[3].gen_inst_cpll_cal.gtwizard_ultrascale_v1_7_10_gtye4_cpll_cal_inst/gtwizard_ultrascale_v1_7_10_gtye4_cpll_cal_tx_i/txoutclkmon  |             8.0 |
| level0_i/blp/blp_i/ss_hif/inst/pcie/inst/bd_39ab_pcie_0_gt_top_i/diablo_gt.diablo_gt_phy_wrapper/gt_wizard.gtwizard_top_i/bd_39ab_pcie_0_gt_i/inst/gen_gtwizard_gtye4_top.bd_39ab_pcie_0_gt_gtwizard_gtye4_inst/gen_gtwizard_gtye4.gen_cpll_cal_gtye4.gen_cpll_cal_inst[4].gen_inst_cpll_cal.gtwizard_ultrascale_v1_7_10_gtye4_cpll_cal_inst/gtwizard_ultrascale_v1_7_10_gtye4_cpll_cal_tx_i/bufg_gt_txoutclkmon_inst/O  | level0_i/blp/blp_i/ss_hif/inst/pcie/inst/bd_39ab_pcie_0_gt_top_i/diablo_gt.diablo_gt_phy_wrapper/gt_wizard.gtwizard_top_i/bd_39ab_pcie_0_gt_i/inst/gen_gtwizard_gtye4_top.bd_39ab_pcie_0_gt_gtwizard_gtye4_inst/gen_gtwizard_gtye4.gen_cpll_cal_gtye4.gen_cpll_cal_inst[4].gen_inst_cpll_cal.gtwizard_ultrascale_v1_7_10_gtye4_cpll_cal_inst/gtwizard_ultrascale_v1_7_10_gtye4_cpll_cal_tx_i/txoutclkmon  |             8.0 |
| level0_i/blp/blp_i/ss_hif/inst/pcie/inst/bd_39ab_pcie_0_gt_top_i/diablo_gt.diablo_gt_phy_wrapper/gt_wizard.gtwizard_top_i/bd_39ab_pcie_0_gt_i/inst/gen_gtwizard_gtye4_top.bd_39ab_pcie_0_gt_gtwizard_gtye4_inst/gen_gtwizard_gtye4.gen_cpll_cal_gtye4.gen_cpll_cal_inst[5].gen_inst_cpll_cal.gtwizard_ultrascale_v1_7_10_gtye4_cpll_cal_inst/gtwizard_ultrascale_v1_7_10_gtye4_cpll_cal_tx_i/bufg_gt_txoutclkmon_inst/O  | level0_i/blp/blp_i/ss_hif/inst/pcie/inst/bd_39ab_pcie_0_gt_top_i/diablo_gt.diablo_gt_phy_wrapper/gt_wizard.gtwizard_top_i/bd_39ab_pcie_0_gt_i/inst/gen_gtwizard_gtye4_top.bd_39ab_pcie_0_gt_gtwizard_gtye4_inst/gen_gtwizard_gtye4.gen_cpll_cal_gtye4.gen_cpll_cal_inst[5].gen_inst_cpll_cal.gtwizard_ultrascale_v1_7_10_gtye4_cpll_cal_inst/gtwizard_ultrascale_v1_7_10_gtye4_cpll_cal_tx_i/txoutclkmon  |             8.0 |
| level0_i/blp/blp_i/ss_hif/inst/pcie/inst/bd_39ab_pcie_0_gt_top_i/diablo_gt.diablo_gt_phy_wrapper/gt_wizard.gtwizard_top_i/bd_39ab_pcie_0_gt_i/inst/gen_gtwizard_gtye4_top.bd_39ab_pcie_0_gt_gtwizard_gtye4_inst/gen_gtwizard_gtye4.gen_cpll_cal_gtye4.gen_cpll_cal_inst[6].gen_inst_cpll_cal.gtwizard_ultrascale_v1_7_10_gtye4_cpll_cal_inst/gtwizard_ultrascale_v1_7_10_gtye4_cpll_cal_tx_i/bufg_gt_txoutclkmon_inst/O  | level0_i/blp/blp_i/ss_hif/inst/pcie/inst/bd_39ab_pcie_0_gt_top_i/diablo_gt.diablo_gt_phy_wrapper/gt_wizard.gtwizard_top_i/bd_39ab_pcie_0_gt_i/inst/gen_gtwizard_gtye4_top.bd_39ab_pcie_0_gt_gtwizard_gtye4_inst/gen_gtwizard_gtye4.gen_cpll_cal_gtye4.gen_cpll_cal_inst[6].gen_inst_cpll_cal.gtwizard_ultrascale_v1_7_10_gtye4_cpll_cal_inst/gtwizard_ultrascale_v1_7_10_gtye4_cpll_cal_tx_i/txoutclkmon  |             8.0 |
| level0_i/blp/blp_i/ss_hif/inst/pcie/inst/bd_39ab_pcie_0_gt_top_i/diablo_gt.diablo_gt_phy_wrapper/gt_wizard.gtwizard_top_i/bd_39ab_pcie_0_gt_i/inst/gen_gtwizard_gtye4_top.bd_39ab_pcie_0_gt_gtwizard_gtye4_inst/gen_gtwizard_gtye4.gen_cpll_cal_gtye4.gen_cpll_cal_inst[7].gen_inst_cpll_cal.gtwizard_ultrascale_v1_7_10_gtye4_cpll_cal_inst/gtwizard_ultrascale_v1_7_10_gtye4_cpll_cal_tx_i/bufg_gt_txoutclkmon_inst/O  | level0_i/blp/blp_i/ss_hif/inst/pcie/inst/bd_39ab_pcie_0_gt_top_i/diablo_gt.diablo_gt_phy_wrapper/gt_wizard.gtwizard_top_i/bd_39ab_pcie_0_gt_i/inst/gen_gtwizard_gtye4_top.bd_39ab_pcie_0_gt_gtwizard_gtye4_inst/gen_gtwizard_gtye4.gen_cpll_cal_gtye4.gen_cpll_cal_inst[7].gen_inst_cpll_cal.gtwizard_ultrascale_v1_7_10_gtye4_cpll_cal_inst/gtwizard_ultrascale_v1_7_10_gtye4_cpll_cal_tx_i/txoutclkmon  |             8.0 |
| level0_i/blp/blp_i/ss_hif/inst/pcie/inst/bd_39ab_pcie_0_gt_top_i/diablo_gt.diablo_gt_phy_wrapper/gt_wizard.gtwizard_top_i/bd_39ab_pcie_0_gt_i/inst/gen_gtwizard_gtye4_top.bd_39ab_pcie_0_gt_gtwizard_gtye4_inst/gen_gtwizard_gtye4.gen_cpll_cal_gtye4.gen_cpll_cal_inst[8].gen_inst_cpll_cal.gtwizard_ultrascale_v1_7_10_gtye4_cpll_cal_inst/gtwizard_ultrascale_v1_7_10_gtye4_cpll_cal_tx_i/bufg_gt_txoutclkmon_inst/O  | level0_i/blp/blp_i/ss_hif/inst/pcie/inst/bd_39ab_pcie_0_gt_top_i/diablo_gt.diablo_gt_phy_wrapper/gt_wizard.gtwizard_top_i/bd_39ab_pcie_0_gt_i/inst/gen_gtwizard_gtye4_top.bd_39ab_pcie_0_gt_gtwizard_gtye4_inst/gen_gtwizard_gtye4.gen_cpll_cal_gtye4.gen_cpll_cal_inst[8].gen_inst_cpll_cal.gtwizard_ultrascale_v1_7_10_gtye4_cpll_cal_inst/gtwizard_ultrascale_v1_7_10_gtye4_cpll_cal_tx_i/txoutclkmon  |             8.0 |
| level0_i/blp/blp_i/ss_hif/inst/pcie/inst/bd_39ab_pcie_0_gt_top_i/diablo_gt.diablo_gt_phy_wrapper/gt_wizard.gtwizard_top_i/bd_39ab_pcie_0_gt_i/inst/gen_gtwizard_gtye4_top.bd_39ab_pcie_0_gt_gtwizard_gtye4_inst/gen_gtwizard_gtye4.gen_cpll_cal_gtye4.gen_cpll_cal_inst[9].gen_inst_cpll_cal.gtwizard_ultrascale_v1_7_10_gtye4_cpll_cal_inst/gtwizard_ultrascale_v1_7_10_gtye4_cpll_cal_tx_i/bufg_gt_txoutclkmon_inst/O  | level0_i/blp/blp_i/ss_hif/inst/pcie/inst/bd_39ab_pcie_0_gt_top_i/diablo_gt.diablo_gt_phy_wrapper/gt_wizard.gtwizard_top_i/bd_39ab_pcie_0_gt_i/inst/gen_gtwizard_gtye4_top.bd_39ab_pcie_0_gt_gtwizard_gtye4_inst/gen_gtwizard_gtye4.gen_cpll_cal_gtye4.gen_cpll_cal_inst[9].gen_inst_cpll_cal.gtwizard_ultrascale_v1_7_10_gtye4_cpll_cal_inst/gtwizard_ultrascale_v1_7_10_gtye4_cpll_cal_tx_i/txoutclkmon  |             8.0 |
| level0_i/blp/blp_i/ss_hif/inst/pcie/inst/bd_39ab_pcie_0_gt_top_i/diablo_gt.diablo_gt_phy_wrapper/phy_clk_i/bufg_gt_intclk/O                                                                                                                                                                                                                                                                                              | level0_i/blp/blp_i/ss_hif/inst/pcie/inst/bd_39ab_pcie_0_gt_top_i/diablo_gt.diablo_gt_phy_wrapper/phy_clk_i/CLK_INTCLK                                                                                                                                                                                                                                                                                     |          1000.0 |
| level0_i/ulp/ulp_cmp/inst/user_debug_bridge/inst/axi_jtag/inst/u_jtag_proc/tck_i_reg/Q                                                                                                                                                                                                                                                                                                                                   | level0_i/ulp/ulp_cmp/inst/user_debug_bridge/inst/axi_jtag/inst/u_jtag_proc/tck                                                                                                                                                                                                                                                                                                                            |           160.0 |
| level0_i/ulp/ulp_cmp/inst/user_debug_bridge/inst/bsip/inst/USE_SOFTBSCAN.U_BSCAN_TAP/U_BASETAP/U_TAP/UPDATEDR_O_reg/Q                                                                                                                                                                                                                                                                                                    | level0_i/ulp/ulp_cmp/inst/user_debug_bridge/inst/bsip/inst/USE_SOFTBSCAN.U_BSCAN_TAP/U_BASETAP/U_TAP/UPDATEDR_O                                                                                                                                                                                                                                                                                           |           160.0 |
| mcap_clk_1                                                                                                                                                                                                                                                                                                                                                                                                               | level0_i/blp/blp_i/ss_hif/inst/pcie/inst/bd_39ab_pcie_0_gt_top_i/diablo_gt.diablo_gt_phy_wrapper/phy_clk_i/mcap_clk                                                                                                                                                                                                                                                                                       |             8.0 |
| pipe_clk_1                                                                                                                                                                                                                                                                                                                                                                                                               | level0_i/blp/blp_i/ss_hif/inst/pcie/inst/bd_39ab_pcie_0_gt_top_i/diablo_gt.diablo_gt_phy_wrapper/phy_clk_i/CLK_PCLK2_GT                                                                                                                                                                                                                                                                                   |             4.0 |
+--------------------------------------------------------------------------------------------------------------------------------------------------------------------------------------------------------------------------------------------------------------------------------------------------------------------------------------------------------------------------------------------------------------------------+-----------------------------------------------------------------------------------------------------------------------------------------------------------------------------------------------------------------------------------------------------------------------------------------------------------------------------------------------------------------------------------------------------------+-----------------+


3. Detailed Reports
-------------------

3.1 By Hierarchy
----------------

+---------------------------------------------------+-----------+
| Name                                              | Power (W) |
+---------------------------------------------------+-----------+
| level0_wrapper                                    |    27.795 |
|   level0_i                                        |    27.794 |
|     blp                                           |     7.658 |
|       blp_i                                       |     7.658 |
|     ii_level0_pipe                                |     0.067 |
|       inst                                        |     0.067 |
|     ulp                                           |    20.069 |
|       NeuroRing_0                                 |     1.616 |
|       NeuroRing_1                                 |     1.511 |
|       NeuroRing_2                                 |     1.567 |
|       NeuroRing_3                                 |     1.719 |
|       NeuroRing_4                                 |     1.641 |
|       SLR0                                        |     0.077 |
|       SLR1                                        |     0.005 |
|       SLR2                                        |     0.005 |
|       SynapseRouter_0                             |     0.487 |
|       SynapseRouter_1                             |     0.536 |
|       SynapseRouter_2                             |     0.518 |
|       SynapseRouter_3                             |     0.528 |
|       SynapseRouter_4                             |     0.546 |
|       axi_ic_ctrl_mgmt_slr1                       |     0.001 |
|       buffer_NeuroRing_0_SynapseStreamLeft        |     0.013 |
|       buffer_NeuroRing_0_SynapseStreamRight       |     0.016 |
|       buffer_NeuroRing_1_SynapseStreamLeft        |     0.011 |
|       buffer_NeuroRing_1_SynapseStreamRight       |     0.017 |
|       buffer_NeuroRing_2_SynapseStreamLeft        |     0.013 |
|       buffer_NeuroRing_2_SynapseStreamRight       |     0.017 |
|       buffer_NeuroRing_3_SynapseStreamLeft        |     0.012 |
|       buffer_NeuroRing_3_SynapseStreamRight       |     0.017 |
|       buffer_NeuroRing_4_SynapseStreamLeft        |     0.012 |
|       buffer_NeuroRing_4_SynapseStreamRight       |     0.017 |
|       buffer_SynapseRouter_0_SpikeOutWeight       |     0.022 |
|       buffer_SynapseRouter_0_syn_forward_rt_left  |     0.049 |
|       buffer_SynapseRouter_0_syn_forward_rt_right |     0.048 |
|       buffer_SynapseRouter_1_SpikeOutWeight       |     0.022 |
|       buffer_SynapseRouter_1_syn_forward_rt_left  |     0.050 |
|       buffer_SynapseRouter_1_syn_forward_rt_right |     0.049 |
|       buffer_SynapseRouter_2_SpikeOutWeight       |     0.020 |
|       buffer_SynapseRouter_2_syn_forward_rt_left  |     0.048 |
|       buffer_SynapseRouter_2_syn_forward_rt_right |     0.048 |
|       buffer_SynapseRouter_3_SpikeOutWeight       |     0.022 |
|       buffer_SynapseRouter_3_syn_forward_rt_left  |     0.050 |
|       buffer_SynapseRouter_3_syn_forward_rt_right |     0.048 |
|       buffer_SynapseRouter_4_SpikeOutWeight       |     0.017 |
|       buffer_SynapseRouter_4_syn_forward_rt_left  |     0.049 |
|       buffer_SynapseRouter_4_syn_forward_rt_right |     0.041 |
|       hmss_0                                      |     8.511 |
|       ulp_cmp                                     |     0.002 |
|       ulp_ucs                                     |     0.073 |
+---------------------------------------------------+-----------+


594 Infos, 337 Warnings, 1 Critical Warnings and 0 Errors encountered.
report_power completed successfully
report_power: Time (s): cpu = 00:05:43 ; elapsed = 00:01:51 . Memory (MB): peak = 19369.609 ; gain = 72.172 ; free physical = 63774 ; free virtual = 114829
INFO: [Timing 38-480] Writing timing data to binary archive.
Write ShapeDB Complete: Time (s): cpu = 00:00:11 ; elapsed = 00:00:02 . Memory (MB): peak = 19369.609 ; gain = 0.000 ; free physical = 63540 ; free virtual = 114826
Wrote PlaceDB: Time (s): cpu = 00:01:58 ; elapsed = 00:00:42 . Memory (MB): peak = 19369.609 ; gain = 0.000 ; free physical = 62715 ; free virtual = 114844
Wrote PulsedLatchDB: Time (s): cpu = 00:00:00 ; elapsed = 00:00:00 . Memory (MB): peak = 19369.609 ; gain = 0.000 ; free physical = 62720 ; free virtual = 114849
Writing XDEF routing.
Writing XDEF routing logical nets.
Writing XDEF routing special nets.
Wrote RouteStorage: Time (s): cpu = 00:00:33 ; elapsed = 00:00:17 . Memory (MB): peak = 19369.609 ; gain = 0.000 ; free physical = 62537 ; free virtual = 114869
Wrote Netlist Cache: Time (s): cpu = 00:00:00.89 ; elapsed = 00:00:01 . Memory (MB): peak = 19369.609 ; gain = 0.000 ; free physical = 62464 ; free virtual = 114863
Wrote Device Cache: Time (s): cpu = 00:00:00.04 ; elapsed = 00:00:00.05 . Memory (MB): peak = 19369.609 ; gain = 0.000 ; free physical = 62465 ; free virtual = 114866
Write Physdb Complete: Time (s): cpu = 00:02:34 ; elapsed = 00:01:03 . Memory (MB): peak = 19369.609 ; gain = 0.000 ; free physical = 62471 ; free virtual = 114873
INFO: [Common 17-1381] The checkpoint '/home/miahafiz/NeuroRing_a_4096_5c/_x.hw.NUM_4096.CORE_5.FREQ_300/link/vivado/vpl/prj/prj.runs/impl_1/level0_wrapper_routed.dcp' has been generated.
write_checkpoint: Time (s): cpu = 00:03:27 ; elapsed = 00:02:06 . Memory (MB): peak = 19369.609 ; gain = 0.000 ; free physical = 63475 ; free virtual = 114880
source /home/miahafiz/NeuroRing_a_4096_5c/_x.hw.NUM_4096.CORE_5.FREQ_300/link/vivado/vpl/scripts/impl_1/_full_write_bitstream_pre.tcl
Starting auto-frequency scaling ...
kernel clock 'ulp_ucs/aclk_kernel_00':
   clock pin path     : level0_i/ulp/ulp_ucs/aclk_kernel_00
   original frequency : 300.0 MHz
kernel clock 'ulp_ucs/aclk_kernel_01':
   clock pin path     : level0_i/ulp/ulp_ucs/aclk_kernel_01
   original frequency : 500.0 MHz

system clock 'hbm_aclk':
   clock pin path     : level0_i/ulp/ulp_ucs/inst/aclk_hbm_hierarchy/clkwiz_hbm/inst/CLK_CORE_DRP_I/clk_inst/mmcme4_adv_inst/CLKOUT0
   original frequency : 450.0 MHz

WARNING: [Vivado 12-1008] No clocks found for command 'get_clocks -of_objects [get_pins level0_i/ulp/ulp_ucs/aclk_kernel_01]'.
Resolution: Verify the create_clock command was called to create the clock object before it is referenced.
INFO: [Vivado 12-626] No clocks found. Please use 'create_clock' or 'create_generated_clock' command to create clocks.
INFO: Pin level0_i/ulp/ulp_ucs/aclk_kernel_01 has no clock
INFO: [OCL_UTIL] clock is 'hbm_aclk' for pin 'level0_i/ulp/ulp_ucs/inst/aclk_hbm_hierarchy/clkwiz_hbm/inst/CLK_CORE_DRP_I/clk_inst/mmcme4_adv_inst/CLKOUT0'
INFO: [OCL_UTIL] clock is 'clk_kernel_00_unbuffered_net' for pin 'level0_i/ulp/ulp_ucs/aclk_kernel_00'
Auto-frequency scaling completed
kernel clock 'ulp_ucs/aclk_kernel_01':
   original frequency : 500.0 MHz
   scaled frequency   : 500.0 MHz
WARNING: [Vivado 12-1008] No clocks found for command 'get_clocks -of_objects [get_pins level0_i/ulp/ulp_ucs/aclk_kernel_01]'.
Resolution: Verify the create_clock command was called to create the clock object before it is referenced.
INFO: [Vivado 12-626] No clocks found. Please use 'create_clock' or 'create_generated_clock' command to create clocks.
kernel clock 'ulp_ucs/aclk_kernel_00':
   original frequency : 300.0 MHz
   scaled frequency   : 304.1 MHz
WARNING: The auto scaled frequency '304.1 MHz' exceeds the original specified frequency. The compiler will select the original specified frequency of '300.0' MHz.
WARNING: [Timing 38-436] There are set_bus_skew constraint(s) in this design. Please run report_bus_skew to ensure that bus skew requirements are met.
report_timing_summary: Time (s): cpu = 00:01:31 ; elapsed = 00:00:31 . Memory (MB): peak = 19369.609 ; gain = 0.000 ; free physical = 63476 ; free virtual = 114881
system clock 'hbm_aclk':
   original frequency : 450.0 MHz
   scaled frequency   : 472.1 MHz
WARNING: The auto scaled frequency '472.1 MHz' exceeds the original specified frequency. The compiler will select the original specified frequency of '450.0' MHz.
Command: write_bitstream -force -cell level0_i/ulp level0_i_ulp_my_rm_partial.bit
Attempting to get a license for feature 'Implementation' and/or device 'xcu55c'
INFO: [Common 17-349] Got license for feature 'Implementation' and/or device 'xcu55c'
Running DRC as a precondition to command write_bitstream
INFO: [IP_Flow 19-1839] IP Catalog is up to date.
INFO: [DRC 23-27] Running DRC with 8 threads
INFO: [Vivado 12-3199] DRC finished with 0 Errors
INFO: [Vivado 12-3200] Please refer to the DRC report (report_drc) for more information.
Partition "pblock_dynamic_region" Reconfigurable Module "level0_i/ulp"
INFO: [Vivado 12-4077] No full design bitstream will be created with the use of the -cell option.
Process Partition "pblock_dynamic_region"
INFO: [Designutils 20-2272] Running write_bitstream with 8 threads.
Loading data files...
Loading site data...
Loading route data...
Processing options...
Creating bitmap...
Creating bitstream...
Partial bitstream contains 485680192 bits.
Writing bitstream ./level0_i_ulp_my_rm_partial.bit...
INFO: [Vivado 12-1842] Bitgen Completed Successfully.
INFO: [Common 17-83] Releasing license: Implementation
607 Infos, 340 Warnings, 1 Critical Warnings and 0 Errors encountered.
write_bitstream completed successfully
write_bitstream: Time (s): cpu = 00:24:33 ; elapsed = 00:10:42 . Memory (MB): peak = 20689.594 ; gain = 1319.984 ; free physical = 55745 ; free virtual = 107210
source /home/miahafiz/NeuroRing_a_4096_5c/_x.hw.NUM_4096.CORE_5.FREQ_300/link/vivado/vpl/scripts/impl_1/_full_write_bitstream_post.tcl
INFO: [Common 17-206] Exiting Vivado at Fri Feb 27 09:14:26 2026...
