
*** Running vivado
    with args -log ulp_krnl_aurora_1_0.vds -m64 -product Vivado -mode batch -messageDb vivado.pb -notrace -source ulp_krnl_aurora_1_0.tcl


****** Vivado v2025.1 (64-bit)
  **** SW Build 6140274 on Wed May 21 22:58:25 MDT 2025
  **** IP Build 6138677 on Thu May 22 03:10:11 MDT 2025
  **** SharedData Build 6139179 on Tue May 20 17:58:58 MDT 2025
  **** Start of session at: Thu Feb 26 05:24:50 2026
    ** Copyright 1986-2022 Xilinx, Inc. All Rights Reserved.
    ** Copyright 2022-2025 Advanced Micro Devices, Inc. All Rights Reserved.

source ulp_krnl_aurora_1_0.tcl -notrace
INFO: Dispatch client connection id - 44489
create_project: Time (s): cpu = 00:00:11 ; elapsed = 00:00:11 . Memory (MB): peak = 1535.488 ; gain = 67.836 ; free physical = 103087 ; free virtual = 181760
INFO: [IP_Flow 19-234] Refreshing IP repositories
INFO: [IP_Flow 19-1700] Loaded user IP repository '/home/miahafiz/NeuroRing_a_8192/_x.hw.NUM_8192.CORE_5.FREQ_300/link/int/xo/ip_repo/xilinx_com_user_krnl_aurora_1_0'.
INFO: [IP_Flow 19-1700] Loaded user IP repository '/home/miahafiz/NeuroRing_a_8192/_x.hw.NUM_8192.CORE_5.FREQ_300/link/int/xo/ip_repo/xilinx_com_hls_SynapseRouter_1_0'.
INFO: [IP_Flow 19-1700] Loaded user IP repository '/home/miahafiz/NeuroRing_a_8192/_x.hw.NUM_8192.CORE_5.FREQ_300/link/int/xo/ip_repo/xilinx_com_hls_NeuroRing_1_0'.
INFO: [IP_Flow 19-1700] Loaded user IP repository '/home/miahafiz/NeuroRing_a_8192/_x.hw.NUM_8192.CORE_5.FREQ_300/link/vivado/vpl/.local/hw_platform/iprepo'.
INFO: [IP_Flow 19-1700] Loaded user IP repository '/opt/xilinx/2025.1/Vitis/data/cache/xilinx'.
INFO: [IP_Flow 19-1700] Loaded user IP repository '/home/miahafiz/NeuroRing_a_8192/_x.hw.NUM_8192.CORE_5.FREQ_300/link/vivado/vpl/.local/hw_platform/ipcache'.
INFO: [IP_Flow 19-1700] Loaded user IP repository '/opt/xilinx/2025.1/Vitis/data/vitis/ip'.
INFO: [IP_Flow 19-2313] Loaded Vivado IP repository '/opt/xilinx/2025.1/Vivado/data/ip'.
WARNING: [IP_Flow 19-1663] Duplicate IP found for 'xilinx.com:ip:axi_clk_metadata_adapter:1.0'. The one found in IP location '/home/miahafiz/NeuroRing_a_8192/_x.hw.NUM_8192.CORE_5.FREQ_300/link/vivado/vpl/.local/hw_platform/iprepo/ipdefs/other_ipdefs/axi_clk_metadata_adapter_v1_0' will take precedence over the same IP in location /home/miahafiz/NeuroRing_a_8192/_x.hw.NUM_8192.CORE_5.FREQ_300/link/vivado/vpl/.local/hw_platform/iprepo/ipdefs/pxi_ii_infra/axi_clk_metadata_adapter_v1_0
WARNING: [IP_Flow 19-1663] Duplicate IP found for 'xilinx.com:ip:axis_clk_metadata_adapter:1.0'. The one found in IP location '/home/miahafiz/NeuroRing_a_8192/_x.hw.NUM_8192.CORE_5.FREQ_300/link/vivado/vpl/.local/hw_platform/iprepo/ipdefs/other_ipdefs/axis_clk_metadata_adapter_v1_0' will take precedence over the same IP in location /home/miahafiz/NeuroRing_a_8192/_x.hw.NUM_8192.CORE_5.FREQ_300/link/vivado/vpl/.local/hw_platform/iprepo/ipdefs/pxi_ii_infra/axis_clk_metadata_adapter_v1_0
WARNING: [IP_Flow 19-1663] Duplicate IP found for 'xilinx.com:ip:clk_metadata_adapter:1.0'. The one found in IP location '/home/miahafiz/NeuroRing_a_8192/_x.hw.NUM_8192.CORE_5.FREQ_300/link/vivado/vpl/.local/hw_platform/iprepo/ipdefs/other_ipdefs/clk_metadata_adapter_v1_0' will take precedence over the same IP in location /home/miahafiz/NeuroRing_a_8192/_x.hw.NUM_8192.CORE_5.FREQ_300/link/vivado/vpl/.local/hw_platform/iprepo/ipdefs/pxi_ii_infra/clk_metadata_adapter_v1_0
WARNING: [IP_Flow 19-1663] Duplicate IP found for 'xilinx.com:ip:pipeline_reg:1.0'. The one found in IP location '/home/miahafiz/NeuroRing_a_8192/_x.hw.NUM_8192.CORE_5.FREQ_300/link/vivado/vpl/.local/hw_platform/iprepo/ipdefs/other_ipdefs/pipeline_reg_v1_0' will take precedence over the same IP in location /home/miahafiz/NeuroRing_a_8192/_x.hw.NUM_8192.CORE_5.FREQ_300/link/vivado/vpl/.local/hw_platform/iprepo/ipdefs/pxi_ii_infra/pipeline_reg_v1_0
Command: synth_design -top ulp_krnl_aurora_1_0 -part xcu55c-fsvh2892-2L-e -incremental_mode off -mode out_of_context
Starting synth_design
Attempting to get a license for feature 'Synthesis' and/or device 'xcu55c'
INFO: [Common 17-349] Got license for feature 'Synthesis' and/or device 'xcu55c'
INFO: [Device 21-403] Loading part xcu55c-fsvh2892-2L-e
INFO: [Synth 8-7079] Multithreading enabled for synth_design using a maximum of 1 processes.
INFO: [Synth 8-7078] Launching helper process for spawning children vivado processes
INFO: [Synth 8-7075] Helper process launched with PID 2188601
---------------------------------------------------------------------------------
Starting RTL Elaboration : Time (s): cpu = 00:00:07 ; elapsed = 00:00:08 . Memory (MB): peak = 3361.316 ; gain = 288.777 ; free physical = 64913 ; free virtual = 143913
---------------------------------------------------------------------------------
INFO: [Synth 8-11241] undeclared symbol 'power_down_i', assumed default net type 'wire' [/home/miahafiz/NeuroRing_a_8192/_x.hw.NUM_8192.CORE_5.FREQ_300/link/vivado/vpl/prj/prj.gen/my_rm/bd/ulp/ip/ulp_krnl_aurora_1_0/src/aurora_64b66b_0/aurora_64b66b_0/src/aurora_64b66b_0_support.v:239]
INFO: [Synth 8-11241] undeclared symbol 'gt_to_common_qpllreset_i', assumed default net type 'wire' [/home/miahafiz/NeuroRing_a_8192/_x.hw.NUM_8192.CORE_5.FREQ_300/link/vivado/vpl/prj/prj.gen/my_rm/bd/ulp/ip/ulp_krnl_aurora_1_0/src/aurora_64b66b_0/aurora_64b66b_0/src/aurora_64b66b_0_support.v:287]
INFO: [Synth 8-11241] undeclared symbol 'tx_lock', assumed default net type 'wire' [/home/miahafiz/NeuroRing_a_8192/_x.hw.NUM_8192.CORE_5.FREQ_300/link/vivado/vpl/prj/prj.gen/my_rm/bd/ulp/ip/ulp_krnl_aurora_1_0/src/aurora_64b66b_0/aurora_64b66b_0/src/aurora_64b66b_0_support.v:393]
INFO: [Synth 8-11241] undeclared symbol 'userclk_tx_active_out', assumed default net type 'wire' [/home/miahafiz/NeuroRing_a_8192/_x.hw.NUM_8192.CORE_5.FREQ_300/link/vivado/vpl/prj/prj.gen/my_rm/bd/ulp/ip/ulp_krnl_aurora_1_0/src/aurora_64b66b_0/aurora_64b66b_0/example_design/gt/aurora_64b66b_0_multi_wrapper.v:964]
INFO: [Synth 8-11241] undeclared symbol 'qpll0outclk_out', assumed default net type 'wire' [/home/miahafiz/NeuroRing_a_8192/_x.hw.NUM_8192.CORE_5.FREQ_300/link/vivado/vpl/prj/prj.gen/my_rm/bd/ulp/ip/ulp_krnl_aurora_1_0/src/aurora_64b66b_0/aurora_64b66b_0/example_design/gt/aurora_64b66b_0_multi_wrapper.v:1010]
INFO: [Synth 8-11241] undeclared symbol 'qpll0outrefclk_out', assumed default net type 'wire' [/home/miahafiz/NeuroRing_a_8192/_x.hw.NUM_8192.CORE_5.FREQ_300/link/vivado/vpl/prj/prj.gen/my_rm/bd/ulp/ip/ulp_krnl_aurora_1_0/src/aurora_64b66b_0/aurora_64b66b_0/example_design/gt/aurora_64b66b_0_multi_wrapper.v:1011]
INFO: [Synth 8-11241] undeclared symbol 'soft_err_detect1', assumed default net type 'wire' [/home/miahafiz/NeuroRing_a_8192/_x.hw.NUM_8192.CORE_5.FREQ_300/link/vivado/vpl/prj/prj.gen/my_rm/bd/ulp/ip/ulp_krnl_aurora_1_0/src/aurora_64b66b_0/aurora_64b66b_0/src/aurora_64b66b_0_err_detect.v:131]
INFO: [Synth 8-11241] undeclared symbol 'soft_err_detect2', assumed default net type 'wire' [/home/miahafiz/NeuroRing_a_8192/_x.hw.NUM_8192.CORE_5.FREQ_300/link/vivado/vpl/prj/prj.gen/my_rm/bd/ulp/ip/ulp_krnl_aurora_1_0/src/aurora_64b66b_0/aurora_64b66b_0/src/aurora_64b66b_0_err_detect.v:136]
WARNING: [Synth 8-10940] macro 'DLY' is redefined [/home/miahafiz/NeuroRing_a_8192/_x.hw.NUM_8192.CORE_5.FREQ_300/link/vivado/vpl/prj/prj.gen/my_rm/bd/ulp/ip/ulp_krnl_aurora_1_0/src/aurora_64b66b_0/aurora_64b66b_0/src/aurora_64b66b_0_polarity_check.v:74]
WARNING: [Synth 8-10940] macro 'DLY' is redefined [/home/miahafiz/NeuroRing_a_8192/_x.hw.NUM_8192.CORE_5.FREQ_300/link/vivado/vpl/prj/prj.gen/my_rm/bd/ulp/ip/ulp_krnl_aurora_1_0/src/aurora_64b66b_0/aurora_64b66b_0/example_design/gt/aurora_64b66b_0_wrapper.v:88]
INFO: [Synth 8-11241] undeclared symbol 'FSM_RESETDONE_i', assumed default net type 'wire' [/home/miahafiz/NeuroRing_a_8192/_x.hw.NUM_8192.CORE_5.FREQ_300/link/vivado/vpl/prj/prj.gen/my_rm/bd/ulp/ip/ulp_krnl_aurora_1_0/src/aurora_64b66b_0/aurora_64b66b_0/example_design/gt/aurora_64b66b_0_wrapper.v:1104]
INFO: [Synth 8-11241] undeclared symbol 's_axi_tx_tready_c', assumed default net type 'wire' [/home/miahafiz/NeuroRing_a_8192/_x.hw.NUM_8192.CORE_5.FREQ_300/link/vivado/vpl/prj/prj.gen/my_rm/bd/ulp/ip/ulp_krnl_aurora_1_0/src/aurora_64b66b_0/aurora_64b66b_0/src/aurora_64b66b_0_tx_stream_control_sm.v:183]
INFO: [Synth 8-11241] undeclared symbol 'd_link_reset_out', assumed default net type 'wire' [/home/miahafiz/NeuroRing_a_8192/_x.hw.NUM_8192.CORE_5.FREQ_300/link/vivado/vpl/prj/prj.gen/my_rm/bd/ulp/ip/ulp_krnl_aurora_1_0/src/aurora_64b66b_0/aurora_64b66b_0.v:351]
INFO: [Synth 8-6157] synthesizing module 'ulp_krnl_aurora_1_0' [/home/miahafiz/NeuroRing_a_8192/_x.hw.NUM_8192.CORE_5.FREQ_300/link/vivado/vpl/prj/prj.gen/my_rm/bd/ulp/ip/ulp_krnl_aurora_1_0/synth/ulp_krnl_aurora_1_0.v:53]
INFO: [Synth 8-6157] synthesizing module 'krnl_aurora' [/home/miahafiz/NeuroRing_a_8192/_x.hw.NUM_8192.CORE_5.FREQ_300/link/vivado/vpl/prj/prj.gen/my_rm/bd/ulp/ipshared/4368/src/krnl_aurora.v:6]
INFO: [Synth 8-6157] synthesizing module 'xpm_cdc_async_rst' [/opt/xilinx/2025.1/Vivado/data/ip/xpm/xpm_cdc/hdl/xpm_cdc.sv:1175]
INFO: [Synth 8-6155] done synthesizing module 'xpm_cdc_async_rst' (0#1) [/opt/xilinx/2025.1/Vivado/data/ip/xpm/xpm_cdc/hdl/xpm_cdc.sv:1175]
INFO: [Synth 8-6157] synthesizing module 'xpm_cdc_array_single' [/opt/xilinx/2025.1/Vivado/data/ip/xpm/xpm_cdc/hdl/xpm_cdc.sv:903]
INFO: [Synth 8-6155] done synthesizing module 'xpm_cdc_array_single' (0#1) [/opt/xilinx/2025.1/Vivado/data/ip/xpm/xpm_cdc/hdl/xpm_cdc.sv:903]
INFO: [Synth 8-6157] synthesizing module 'xpm_cdc_single' [/opt/xilinx/2025.1/Vivado/data/ip/xpm/xpm_cdc/hdl/xpm_cdc.sv:152]
INFO: [Synth 8-6155] done synthesizing module 'xpm_cdc_single' (0#1) [/opt/xilinx/2025.1/Vivado/data/ip/xpm/xpm_cdc/hdl/xpm_cdc.sv:152]
INFO: [Synth 8-6157] synthesizing module 'aurora_64b66b_0' [/home/miahafiz/NeuroRing_a_8192/_x.hw.NUM_8192.CORE_5.FREQ_300/link/vivado/vpl/prj/prj.gen/my_rm/bd/ulp/ip/ulp_krnl_aurora_1_0/src/aurora_64b66b_0/aurora_64b66b_0.v:68]
INFO: [Synth 8-6157] synthesizing module 'aurora_64b66b_0_support' [/home/miahafiz/NeuroRing_a_8192/_x.hw.NUM_8192.CORE_5.FREQ_300/link/vivado/vpl/prj/prj.gen/my_rm/bd/ulp/ip/ulp_krnl_aurora_1_0/src/aurora_64b66b_0/aurora_64b66b_0/src/aurora_64b66b_0_support.v:67]
INFO: [Synth 8-6157] synthesizing module 'aurora_64b66b_0_gt_common_wrapper' [/home/miahafiz/NeuroRing_a_8192/_x.hw.NUM_8192.CORE_5.FREQ_300/link/vivado/vpl/prj/prj.gen/my_rm/bd/ulp/ip/ulp_krnl_aurora_1_0/src/aurora_64b66b_0/aurora_64b66b_0/src/aurora_64b66b_0_gt_common_wrapper.v:6]
INFO: [Synth 8-6157] synthesizing module 'aurora_64b66b_0_gt_gtye4_common_wrapper' [/home/miahafiz/NeuroRing_a_8192/_x.hw.NUM_8192.CORE_5.FREQ_300/link/vivado/vpl/prj/prj.gen/my_rm/bd/ulp/ip/ulp_krnl_aurora_1_0/src/aurora_64b66b_0/aurora_64b66b_0/example_design/aurora_64b66b_0_gt_gtye4_common_wrapper.v:4]
INFO: [Synth 8-6157] synthesizing module 'gtwizard_ultrascale_v1_7_20_gtye4_common' [/home/miahafiz/NeuroRing_a_8192/_x.hw.NUM_8192.CORE_5.FREQ_300/link/vivado/vpl/prj/prj.gen/my_rm/bd/ulp/ip/ulp_krnl_aurora_1_0/src/aurora_64b66b_0/aurora_64b66b_0/example_design/gtwizard_ultrascale_v1_7_gtye4_common.v:53]
INFO: [Synth 8-6157] synthesizing module 'GTYE4_COMMON' [/opt/xilinx/2025.1/Vivado/scripts/rt/data/unisim_comp.v:58066]
INFO: [Synth 8-6155] done synthesizing module 'GTYE4_COMMON' (0#1) [/opt/xilinx/2025.1/Vivado/scripts/rt/data/unisim_comp.v:58066]
INFO: [Synth 8-6155] done synthesizing module 'gtwizard_ultrascale_v1_7_20_gtye4_common' (0#1) [/home/miahafiz/NeuroRing_a_8192/_x.hw.NUM_8192.CORE_5.FREQ_300/link/vivado/vpl/prj/prj.gen/my_rm/bd/ulp/ip/ulp_krnl_aurora_1_0/src/aurora_64b66b_0/aurora_64b66b_0/example_design/gtwizard_ultrascale_v1_7_gtye4_common.v:53]
INFO: [Synth 8-6155] done synthesizing module 'aurora_64b66b_0_gt_gtye4_common_wrapper' (0#1) [/home/miahafiz/NeuroRing_a_8192/_x.hw.NUM_8192.CORE_5.FREQ_300/link/vivado/vpl/prj/prj.gen/my_rm/bd/ulp/ip/ulp_krnl_aurora_1_0/src/aurora_64b66b_0/aurora_64b66b_0/example_design/aurora_64b66b_0_gt_gtye4_common_wrapper.v:4]
INFO: [Synth 8-6155] done synthesizing module 'aurora_64b66b_0_gt_common_wrapper' (0#1) [/home/miahafiz/NeuroRing_a_8192/_x.hw.NUM_8192.CORE_5.FREQ_300/link/vivado/vpl/prj/prj.gen/my_rm/bd/ulp/ip/ulp_krnl_aurora_1_0/src/aurora_64b66b_0/aurora_64b66b_0/src/aurora_64b66b_0_gt_common_wrapper.v:6]
INFO: [Synth 8-6157] synthesizing module 'IBUFDS_GTE4' [/opt/xilinx/2025.1/Vivado/scripts/rt/data/unisim_comp.v:77060]
INFO: [Synth 8-6155] done synthesizing module 'IBUFDS_GTE4' (0#1) [/opt/xilinx/2025.1/Vivado/scripts/rt/data/unisim_comp.v:77060]
INFO: [Synth 8-6157] synthesizing module 'aurora_64b66b_0_CLOCK_MODULE' [/home/miahafiz/NeuroRing_a_8192/_x.hw.NUM_8192.CORE_5.FREQ_300/link/vivado/vpl/prj/prj.gen/my_rm/bd/ulp/ip/ulp_krnl_aurora_1_0/src/aurora_64b66b_0/aurora_64b66b_0/src/aurora_64b66b_0_clock_module.v:67]
INFO: [Synth 8-6157] synthesizing module 'aurora_64b66b_0_ultrascale_tx_userclk' [/home/miahafiz/NeuroRing_a_8192/_x.hw.NUM_8192.CORE_5.FREQ_300/link/vivado/vpl/prj/prj.gen/my_rm/bd/ulp/ip/ulp_krnl_aurora_1_0/src/aurora_64b66b_0/aurora_64b66b_0/src/aurora_64b66b_0_ultrascale_tx_userclk.v:60]
INFO: [Synth 8-6157] synthesizing module 'BUFG_GT' [/opt/xilinx/2025.1/Vivado/scripts/rt/data/unisim_comp.v:2855]
INFO: [Synth 8-6155] done synthesizing module 'BUFG_GT' (0#1) [/opt/xilinx/2025.1/Vivado/scripts/rt/data/unisim_comp.v:2855]
INFO: [Synth 8-6155] done synthesizing module 'aurora_64b66b_0_ultrascale_tx_userclk' (0#1) [/home/miahafiz/NeuroRing_a_8192/_x.hw.NUM_8192.CORE_5.FREQ_300/link/vivado/vpl/prj/prj.gen/my_rm/bd/ulp/ip/ulp_krnl_aurora_1_0/src/aurora_64b66b_0/aurora_64b66b_0/src/aurora_64b66b_0_ultrascale_tx_userclk.v:60]
INFO: [Synth 8-6155] done synthesizing module 'aurora_64b66b_0_CLOCK_MODULE' (0#1) [/home/miahafiz/NeuroRing_a_8192/_x.hw.NUM_8192.CORE_5.FREQ_300/link/vivado/vpl/prj/prj.gen/my_rm/bd/ulp/ip/ulp_krnl_aurora_1_0/src/aurora_64b66b_0/aurora_64b66b_0/src/aurora_64b66b_0_clock_module.v:67]
INFO: [Synth 8-6157] synthesizing module 'aurora_64b66b_0_rst_sync' [/home/miahafiz/NeuroRing_a_8192/_x.hw.NUM_8192.CORE_5.FREQ_300/link/vivado/vpl/prj/prj.gen/my_rm/bd/ulp/ip/ulp_krnl_aurora_1_0/src/aurora_64b66b_0/aurora_64b66b_0/src/aurora_64b66b_0_cdc_sync.v:539]
INFO: [Synth 8-6155] done synthesizing module 'aurora_64b66b_0_rst_sync' (0#1) [/home/miahafiz/NeuroRing_a_8192/_x.hw.NUM_8192.CORE_5.FREQ_300/link/vivado/vpl/prj/prj.gen/my_rm/bd/ulp/ip/ulp_krnl_aurora_1_0/src/aurora_64b66b_0/aurora_64b66b_0/src/aurora_64b66b_0_cdc_sync.v:539]
INFO: [Synth 8-6157] synthesizing module 'aurora_64b66b_0_SUPPORT_RESET_LOGIC' [/home/miahafiz/NeuroRing_a_8192/_x.hw.NUM_8192.CORE_5.FREQ_300/link/vivado/vpl/prj/prj.gen/my_rm/bd/ulp/ip/ulp_krnl_aurora_1_0/src/aurora_64b66b_0/aurora_64b66b_0/src/aurora_64b66b_0_support_reset_logic.v:61]
INFO: [Synth 8-6155] done synthesizing module 'aurora_64b66b_0_SUPPORT_RESET_LOGIC' (0#1) [/home/miahafiz/NeuroRing_a_8192/_x.hw.NUM_8192.CORE_5.FREQ_300/link/vivado/vpl/prj/prj.gen/my_rm/bd/ulp/ip/ulp_krnl_aurora_1_0/src/aurora_64b66b_0/aurora_64b66b_0/src/aurora_64b66b_0_support_reset_logic.v:61]
INFO: [Synth 8-6157] synthesizing module 'aurora_64b66b_0_core' [/home/miahafiz/NeuroRing_a_8192/_x.hw.NUM_8192.CORE_5.FREQ_300/link/vivado/vpl/prj/prj.gen/my_rm/bd/ulp/ip/ulp_krnl_aurora_1_0/src/aurora_64b66b_0/aurora_64b66b_0_core.v:70]
INFO: [Synth 8-6157] synthesizing module 'aurora_64b66b_0_RESET_LOGIC' [/home/miahafiz/NeuroRing_a_8192/_x.hw.NUM_8192.CORE_5.FREQ_300/link/vivado/vpl/prj/prj.gen/my_rm/bd/ulp/ip/ulp_krnl_aurora_1_0/src/aurora_64b66b_0/aurora_64b66b_0/src/aurora_64b66b_0_reset_logic.v:61]
INFO: [Synth 8-6155] done synthesizing module 'aurora_64b66b_0_RESET_LOGIC' (0#1) [/home/miahafiz/NeuroRing_a_8192/_x.hw.NUM_8192.CORE_5.FREQ_300/link/vivado/vpl/prj/prj.gen/my_rm/bd/ulp/ip/ulp_krnl_aurora_1_0/src/aurora_64b66b_0/aurora_64b66b_0/src/aurora_64b66b_0_reset_logic.v:61]
INFO: [Synth 8-6157] synthesizing module 'aurora_64b66b_0_AURORA_LANE' [/home/miahafiz/NeuroRing_a_8192/_x.hw.NUM_8192.CORE_5.FREQ_300/link/vivado/vpl/prj/prj.gen/my_rm/bd/ulp/ip/ulp_krnl_aurora_1_0/src/aurora_64b66b_0/aurora_64b66b_0/src/aurora_64b66b_0_aurora_lane.v:73]
INFO: [Synth 8-6157] synthesizing module 'aurora_64b66b_0_LANE_INIT_SM' [/home/miahafiz/NeuroRing_a_8192/_x.hw.NUM_8192.CORE_5.FREQ_300/link/vivado/vpl/prj/prj.gen/my_rm/bd/ulp/ip/ulp_krnl_aurora_1_0/src/aurora_64b66b_0/aurora_64b66b_0/src/aurora_64b66b_0_lane_init_sm.v:68]
INFO: [Synth 8-6157] synthesizing module 'SRLC32E' [/opt/xilinx/2025.1/Vivado/scripts/rt/data/unisim_comp.v:158762]
INFO: [Synth 8-6155] done synthesizing module 'SRLC32E' (0#1) [/opt/xilinx/2025.1/Vivado/scripts/rt/data/unisim_comp.v:158762]
INFO: [Synth 8-6157] synthesizing module 'FDR' [/opt/xilinx/2025.1/Vivado/scripts/rt/data/unisim_comp.v:44218]
INFO: [Synth 8-6155] done synthesizing module 'FDR' (0#1) [/opt/xilinx/2025.1/Vivado/scripts/rt/data/unisim_comp.v:44218]
INFO: [Synth 8-6157] synthesizing module 'aurora_64b66b_0_cdc_sync' [/home/miahafiz/NeuroRing_a_8192/_x.hw.NUM_8192.CORE_5.FREQ_300/link/vivado/vpl/prj/prj.gen/my_rm/bd/ulp/ip/ulp_krnl_aurora_1_0/src/aurora_64b66b_0/aurora_64b66b_0/src/aurora_64b66b_0_cdc_sync.v:104]
INFO: [Synth 8-6155] done synthesizing module 'aurora_64b66b_0_cdc_sync' (0#1) [/home/miahafiz/NeuroRing_a_8192/_x.hw.NUM_8192.CORE_5.FREQ_300/link/vivado/vpl/prj/prj.gen/my_rm/bd/ulp/ip/ulp_krnl_aurora_1_0/src/aurora_64b66b_0/aurora_64b66b_0/src/aurora_64b66b_0_cdc_sync.v:104]
INFO: [Synth 8-6155] done synthesizing module 'aurora_64b66b_0_LANE_INIT_SM' (0#1) [/home/miahafiz/NeuroRing_a_8192/_x.hw.NUM_8192.CORE_5.FREQ_300/link/vivado/vpl/prj/prj.gen/my_rm/bd/ulp/ip/ulp_krnl_aurora_1_0/src/aurora_64b66b_0/aurora_64b66b_0/src/aurora_64b66b_0_lane_init_sm.v:68]
INFO: [Synth 8-6157] synthesizing module 'aurora_64b66b_0_SYM_GEN' [/home/miahafiz/NeuroRing_a_8192/_x.hw.NUM_8192.CORE_5.FREQ_300/link/vivado/vpl/prj/prj.gen/my_rm/bd/ulp/ip/ulp_krnl_aurora_1_0/src/aurora_64b66b_0/aurora_64b66b_0/src/aurora_64b66b_0_sym_gen.v:71]
INFO: [Synth 8-6155] done synthesizing module 'aurora_64b66b_0_SYM_GEN' (0#1) [/home/miahafiz/NeuroRing_a_8192/_x.hw.NUM_8192.CORE_5.FREQ_300/link/vivado/vpl/prj/prj.gen/my_rm/bd/ulp/ip/ulp_krnl_aurora_1_0/src/aurora_64b66b_0/aurora_64b66b_0/src/aurora_64b66b_0_sym_gen.v:71]
INFO: [Synth 8-6157] synthesizing module 'aurora_64b66b_0_SYM_DEC' [/home/miahafiz/NeuroRing_a_8192/_x.hw.NUM_8192.CORE_5.FREQ_300/link/vivado/vpl/prj/prj.gen/my_rm/bd/ulp/ip/ulp_krnl_aurora_1_0/src/aurora_64b66b_0/aurora_64b66b_0/src/aurora_64b66b_0_sym_dec.v:72]
INFO: [Synth 8-6155] done synthesizing module 'aurora_64b66b_0_SYM_DEC' (0#1) [/home/miahafiz/NeuroRing_a_8192/_x.hw.NUM_8192.CORE_5.FREQ_300/link/vivado/vpl/prj/prj.gen/my_rm/bd/ulp/ip/ulp_krnl_aurora_1_0/src/aurora_64b66b_0/aurora_64b66b_0/src/aurora_64b66b_0_sym_dec.v:72]
INFO: [Synth 8-6157] synthesizing module 'aurora_64b66b_0_ERR_DETECT' [/home/miahafiz/NeuroRing_a_8192/_x.hw.NUM_8192.CORE_5.FREQ_300/link/vivado/vpl/prj/prj.gen/my_rm/bd/ulp/ip/ulp_krnl_aurora_1_0/src/aurora_64b66b_0/aurora_64b66b_0/src/aurora_64b66b_0_err_detect.v:67]
INFO: [Synth 8-6155] done synthesizing module 'aurora_64b66b_0_ERR_DETECT' (0#1) [/home/miahafiz/NeuroRing_a_8192/_x.hw.NUM_8192.CORE_5.FREQ_300/link/vivado/vpl/prj/prj.gen/my_rm/bd/ulp/ip/ulp_krnl_aurora_1_0/src/aurora_64b66b_0/aurora_64b66b_0/src/aurora_64b66b_0_err_detect.v:67]
INFO: [Synth 8-6155] done synthesizing module 'aurora_64b66b_0_AURORA_LANE' (0#1) [/home/miahafiz/NeuroRing_a_8192/_x.hw.NUM_8192.CORE_5.FREQ_300/link/vivado/vpl/prj/prj.gen/my_rm/bd/ulp/ip/ulp_krnl_aurora_1_0/src/aurora_64b66b_0/aurora_64b66b_0/src/aurora_64b66b_0_aurora_lane.v:73]
INFO: [Synth 8-6157] synthesizing module 'aurora_64b66b_0_WRAPPER' [/home/miahafiz/NeuroRing_a_8192/_x.hw.NUM_8192.CORE_5.FREQ_300/link/vivado/vpl/prj/prj.gen/my_rm/bd/ulp/ip/ulp_krnl_aurora_1_0/src/aurora_64b66b_0/aurora_64b66b_0/example_design/gt/aurora_64b66b_0_wrapper.v:64]
INFO: [Synth 8-6157] synthesizing module 'aurora_64b66b_0_cdc_sync__parameterized0' [/home/miahafiz/NeuroRing_a_8192/_x.hw.NUM_8192.CORE_5.FREQ_300/link/vivado/vpl/prj/prj.gen/my_rm/bd/ulp/ip/ulp_krnl_aurora_1_0/src/aurora_64b66b_0/aurora_64b66b_0/src/aurora_64b66b_0_cdc_sync.v:104]
INFO: [Synth 8-6155] done synthesizing module 'aurora_64b66b_0_cdc_sync__parameterized0' (0#1) [/home/miahafiz/NeuroRing_a_8192/_x.hw.NUM_8192.CORE_5.FREQ_300/link/vivado/vpl/prj/prj.gen/my_rm/bd/ulp/ip/ulp_krnl_aurora_1_0/src/aurora_64b66b_0/aurora_64b66b_0/src/aurora_64b66b_0_cdc_sync.v:104]
INFO: [Synth 8-6157] synthesizing module 'aurora_64b66b_0_cdc_sync__parameterized1' [/home/miahafiz/NeuroRing_a_8192/_x.hw.NUM_8192.CORE_5.FREQ_300/link/vivado/vpl/prj/prj.gen/my_rm/bd/ulp/ip/ulp_krnl_aurora_1_0/src/aurora_64b66b_0/aurora_64b66b_0/src/aurora_64b66b_0_cdc_sync.v:104]
INFO: [Synth 8-6155] done synthesizing module 'aurora_64b66b_0_cdc_sync__parameterized1' (0#1) [/home/miahafiz/NeuroRing_a_8192/_x.hw.NUM_8192.CORE_5.FREQ_300/link/vivado/vpl/prj/prj.gen/my_rm/bd/ulp/ip/ulp_krnl_aurora_1_0/src/aurora_64b66b_0/aurora_64b66b_0/src/aurora_64b66b_0_cdc_sync.v:104]
INFO: [Synth 8-6157] synthesizing module 'aurora_64b66b_0_rst_sync__parameterized0' [/home/miahafiz/NeuroRing_a_8192/_x.hw.NUM_8192.CORE_5.FREQ_300/link/vivado/vpl/prj/prj.gen/my_rm/bd/ulp/ip/ulp_krnl_aurora_1_0/src/aurora_64b66b_0/aurora_64b66b_0/src/aurora_64b66b_0_cdc_sync.v:539]
INFO: [Synth 8-6155] done synthesizing module 'aurora_64b66b_0_rst_sync__parameterized0' (0#1) [/home/miahafiz/NeuroRing_a_8192/_x.hw.NUM_8192.CORE_5.FREQ_300/link/vivado/vpl/prj/prj.gen/my_rm/bd/ulp/ip/ulp_krnl_aurora_1_0/src/aurora_64b66b_0/aurora_64b66b_0/src/aurora_64b66b_0_cdc_sync.v:539]
INFO: [Synth 8-6157] synthesizing module 'aurora_64b66b_0_rst_sync__parameterized1' [/home/miahafiz/NeuroRing_a_8192/_x.hw.NUM_8192.CORE_5.FREQ_300/link/vivado/vpl/prj/prj.gen/my_rm/bd/ulp/ip/ulp_krnl_aurora_1_0/src/aurora_64b66b_0/aurora_64b66b_0/src/aurora_64b66b_0_cdc_sync.v:539]
INFO: [Synth 8-6155] done synthesizing module 'aurora_64b66b_0_rst_sync__parameterized1' (0#1) [/home/miahafiz/NeuroRing_a_8192/_x.hw.NUM_8192.CORE_5.FREQ_300/link/vivado/vpl/prj/prj.gen/my_rm/bd/ulp/ip/ulp_krnl_aurora_1_0/src/aurora_64b66b_0/aurora_64b66b_0/src/aurora_64b66b_0_cdc_sync.v:539]
INFO: [Synth 8-6157] synthesizing module 'aurora_64b66b_0_MULTI_GT' [/home/miahafiz/NeuroRing_a_8192/_x.hw.NUM_8192.CORE_5.FREQ_300/link/vivado/vpl/prj/prj.gen/my_rm/bd/ulp/ip/ulp_krnl_aurora_1_0/src/aurora_64b66b_0/aurora_64b66b_0/example_design/gt/aurora_64b66b_0_multi_wrapper.v:65]
INFO: [Synth 8-6157] synthesizing module 'aurora_64b66b_0_ultrascale_rx_userclk' [/home/miahafiz/NeuroRing_a_8192/_x.hw.NUM_8192.CORE_5.FREQ_300/link/vivado/vpl/prj/prj.gen/my_rm/bd/ulp/ip/ulp_krnl_aurora_1_0/src/aurora_64b66b_0/aurora_64b66b_0/example_design/gt/aurora_64b66b_0_ultrascale_rx_userclk.v:59]
INFO: [Synth 8-6155] done synthesizing module 'aurora_64b66b_0_ultrascale_rx_userclk' (0#1) [/home/miahafiz/NeuroRing_a_8192/_x.hw.NUM_8192.CORE_5.FREQ_300/link/vivado/vpl/prj/prj.gen/my_rm/bd/ulp/ip/ulp_krnl_aurora_1_0/src/aurora_64b66b_0/aurora_64b66b_0/example_design/gt/aurora_64b66b_0_ultrascale_rx_userclk.v:59]
INFO: [Synth 8-6157] synthesizing module 'aurora_64b66b_0_gt' [/home/miahafiz/NeuroRing_a_8192/_x.hw.NUM_8192.CORE_5.FREQ_300/link/vivado/vpl/prj/prj.gen/my_rm/bd/ulp/ip/ulp_krnl_aurora_1_0/src/aurora_64b66b_0/ip_0/synth/aurora_64b66b_0_gt.v:53]
INFO: [Synth 8-6157] synthesizing module 'aurora_64b66b_0_gt_gtwizard_top' [/home/miahafiz/NeuroRing_a_8192/_x.hw.NUM_8192.CORE_5.FREQ_300/link/vivado/vpl/prj/prj.gen/my_rm/bd/ulp/ip/ulp_krnl_aurora_1_0/src/aurora_64b66b_0/ip_0/synth/aurora_64b66b_0_gt_gtwizard_top.v:173]
INFO: [Synth 8-6157] synthesizing module 'aurora_64b66b_0_gt_gtwizard_gtye4' [/home/miahafiz/NeuroRing_a_8192/_x.hw.NUM_8192.CORE_5.FREQ_300/link/vivado/vpl/prj/prj.gen/my_rm/bd/ulp/ip/ulp_krnl_aurora_1_0/src/aurora_64b66b_0/ip_0/synth/aurora_64b66b_0_gt_gtwizard_gtye4.v:141]
INFO: [Synth 8-6157] synthesizing module 'aurora_64b66b_0_gt_gtye4_channel_wrapper' [/home/miahafiz/NeuroRing_a_8192/_x.hw.NUM_8192.CORE_5.FREQ_300/link/vivado/vpl/prj/prj.gen/my_rm/bd/ulp/ip/ulp_krnl_aurora_1_0/src/aurora_64b66b_0/ip_0/synth/aurora_64b66b_0_gt_gtye4_channel_wrapper.v:56]
INFO: [Synth 8-6157] synthesizing module 'gtwizard_ultrascale_v1_7_20_gtye4_channel' [/home/miahafiz/NeuroRing_a_8192/_x.hw.NUM_8192.CORE_5.FREQ_300/link/vivado/vpl/prj/prj.gen/my_rm/bd/ulp/ip/ulp_krnl_aurora_1_0/src/aurora_64b66b_0/ip_0/synth/gtwizard_ultrascale_v1_7_gtye4_channel.v:53]
INFO: [Synth 8-6157] synthesizing module 'GTYE4_CHANNEL' [/opt/xilinx/2025.1/Vivado/scripts/rt/data/unisim_comp.v:56905]
INFO: [Synth 8-6155] done synthesizing module 'GTYE4_CHANNEL' (0#1) [/opt/xilinx/2025.1/Vivado/scripts/rt/data/unisim_comp.v:56905]
INFO: [Synth 8-6155] done synthesizing module 'gtwizard_ultrascale_v1_7_20_gtye4_channel' (0#1) [/home/miahafiz/NeuroRing_a_8192/_x.hw.NUM_8192.CORE_5.FREQ_300/link/vivado/vpl/prj/prj.gen/my_rm/bd/ulp/ip/ulp_krnl_aurora_1_0/src/aurora_64b66b_0/ip_0/synth/gtwizard_ultrascale_v1_7_gtye4_channel.v:53]
INFO: [Synth 8-6155] done synthesizing module 'aurora_64b66b_0_gt_gtye4_channel_wrapper' (0#1) [/home/miahafiz/NeuroRing_a_8192/_x.hw.NUM_8192.CORE_5.FREQ_300/link/vivado/vpl/prj/prj.gen/my_rm/bd/ulp/ip/ulp_krnl_aurora_1_0/src/aurora_64b66b_0/ip_0/synth/aurora_64b66b_0_gt_gtye4_channel_wrapper.v:56]
INFO: [Synth 8-6157] synthesizing module 'gtwizard_ultrascale_v1_7_20_gtye4_delay_powergood' [/home/miahafiz/NeuroRing_a_8192/_x.hw.NUM_8192.CORE_5.FREQ_300/link/vivado/vpl/prj/prj.gen/my_rm/bd/ulp/ipshared/3da2/hdl/gtwizard_ultrascale_v1_7_gtye4_delay_powergood.v:53]
INFO: [Synth 8-226] default block is never used [/home/miahafiz/NeuroRing_a_8192/_x.hw.NUM_8192.CORE_5.FREQ_300/link/vivado/vpl/prj/prj.gen/my_rm/bd/ulp/ipshared/3da2/hdl/gtwizard_ultrascale_v1_7_gtye4_delay_powergood.v:136]
INFO: [Synth 8-6155] done synthesizing module 'gtwizard_ultrascale_v1_7_20_gtye4_delay_powergood' (0#1) [/home/miahafiz/NeuroRing_a_8192/_x.hw.NUM_8192.CORE_5.FREQ_300/link/vivado/vpl/prj/prj.gen/my_rm/bd/ulp/ipshared/3da2/hdl/gtwizard_ultrascale_v1_7_gtye4_delay_powergood.v:53]
INFO: [Synth 8-6157] synthesizing module 'gtwizard_ultrascale_v1_7_20_bit_synchronizer' [/home/miahafiz/NeuroRing_a_8192/_x.hw.NUM_8192.CORE_5.FREQ_300/link/vivado/vpl/prj/prj.gen/my_rm/bd/ulp/ipshared/3da2/hdl/gtwizard_ultrascale_v1_7_bit_sync.v:53]
INFO: [Synth 8-6155] done synthesizing module 'gtwizard_ultrascale_v1_7_20_bit_synchronizer' (0#1) [/home/miahafiz/NeuroRing_a_8192/_x.hw.NUM_8192.CORE_5.FREQ_300/link/vivado/vpl/prj/prj.gen/my_rm/bd/ulp/ipshared/3da2/hdl/gtwizard_ultrascale_v1_7_bit_sync.v:53]
INFO: [Synth 8-6157] synthesizing module 'gtwizard_ultrascale_v1_7_20_gtwiz_reset' [/home/miahafiz/NeuroRing_a_8192/_x.hw.NUM_8192.CORE_5.FREQ_300/link/vivado/vpl/prj/prj.gen/my_rm/bd/ulp/ipshared/3da2/hdl/gtwizard_ultrascale_v1_7_gtwiz_reset.v:53]
INFO: [Synth 8-6157] synthesizing module 'gtwizard_ultrascale_v1_7_20_reset_synchronizer' [/home/miahafiz/NeuroRing_a_8192/_x.hw.NUM_8192.CORE_5.FREQ_300/link/vivado/vpl/prj/prj.gen/my_rm/bd/ulp/ipshared/3da2/hdl/gtwizard_ultrascale_v1_7_reset_sync.v:53]
INFO: [Synth 8-6155] done synthesizing module 'gtwizard_ultrascale_v1_7_20_reset_synchronizer' (0#1) [/home/miahafiz/NeuroRing_a_8192/_x.hw.NUM_8192.CORE_5.FREQ_300/link/vivado/vpl/prj/prj.gen/my_rm/bd/ulp/ipshared/3da2/hdl/gtwizard_ultrascale_v1_7_reset_sync.v:53]
INFO: [Synth 8-155] case statement is not full and has no default [/home/miahafiz/NeuroRing_a_8192/_x.hw.NUM_8192.CORE_5.FREQ_300/link/vivado/vpl/prj/prj.gen/my_rm/bd/ulp/ipshared/3da2/hdl/gtwizard_ultrascale_v1_7_gtwiz_reset.v:162]
INFO: [Synth 8-6157] synthesizing module 'gtwizard_ultrascale_v1_7_20_reset_inv_synchronizer' [/home/miahafiz/NeuroRing_a_8192/_x.hw.NUM_8192.CORE_5.FREQ_300/link/vivado/vpl/prj/prj.gen/my_rm/bd/ulp/ipshared/3da2/hdl/gtwizard_ultrascale_v1_7_reset_inv_sync.v:53]
INFO: [Synth 8-6155] done synthesizing module 'gtwizard_ultrascale_v1_7_20_reset_inv_synchronizer' (0#1) [/home/miahafiz/NeuroRing_a_8192/_x.hw.NUM_8192.CORE_5.FREQ_300/link/vivado/vpl/prj/prj.gen/my_rm/bd/ulp/ipshared/3da2/hdl/gtwizard_ultrascale_v1_7_reset_inv_sync.v:53]
INFO: [Synth 8-6155] done synthesizing module 'gtwizard_ultrascale_v1_7_20_gtwiz_reset' (0#1) [/home/miahafiz/NeuroRing_a_8192/_x.hw.NUM_8192.CORE_5.FREQ_300/link/vivado/vpl/prj/prj.gen/my_rm/bd/ulp/ipshared/3da2/hdl/gtwizard_ultrascale_v1_7_gtwiz_reset.v:53]
INFO: [Synth 8-6157] synthesizing module 'gtwizard_ultrascale_v1_7_20_gtwiz_userdata_tx' [/home/miahafiz/NeuroRing_a_8192/_x.hw.NUM_8192.CORE_5.FREQ_300/link/vivado/vpl/prj/prj.gen/my_rm/bd/ulp/ipshared/3da2/hdl/gtwizard_ultrascale_v1_7_gtwiz_userdata_tx.v:53]
INFO: [Synth 8-6155] done synthesizing module 'gtwizard_ultrascale_v1_7_20_gtwiz_userdata_tx' (0#1) [/home/miahafiz/NeuroRing_a_8192/_x.hw.NUM_8192.CORE_5.FREQ_300/link/vivado/vpl/prj/prj.gen/my_rm/bd/ulp/ipshared/3da2/hdl/gtwizard_ultrascale_v1_7_gtwiz_userdata_tx.v:53]
INFO: [Synth 8-6157] synthesizing module 'gtwizard_ultrascale_v1_7_20_gtwiz_userdata_rx' [/home/miahafiz/NeuroRing_a_8192/_x.hw.NUM_8192.CORE_5.FREQ_300/link/vivado/vpl/prj/prj.gen/my_rm/bd/ulp/ipshared/3da2/hdl/gtwizard_ultrascale_v1_7_gtwiz_userdata_rx.v:53]
INFO: [Synth 8-6155] done synthesizing module 'gtwizard_ultrascale_v1_7_20_gtwiz_userdata_rx' (0#1) [/home/miahafiz/NeuroRing_a_8192/_x.hw.NUM_8192.CORE_5.FREQ_300/link/vivado/vpl/prj/prj.gen/my_rm/bd/ulp/ipshared/3da2/hdl/gtwizard_ultrascale_v1_7_gtwiz_userdata_rx.v:53]
INFO: [Synth 8-6155] done synthesizing module 'aurora_64b66b_0_gt_gtwizard_gtye4' (0#1) [/home/miahafiz/NeuroRing_a_8192/_x.hw.NUM_8192.CORE_5.FREQ_300/link/vivado/vpl/prj/prj.gen/my_rm/bd/ulp/ip/ulp_krnl_aurora_1_0/src/aurora_64b66b_0/ip_0/synth/aurora_64b66b_0_gt_gtwizard_gtye4.v:141]
INFO: [Synth 8-6155] done synthesizing module 'aurora_64b66b_0_gt_gtwizard_top' (0#1) [/home/miahafiz/NeuroRing_a_8192/_x.hw.NUM_8192.CORE_5.FREQ_300/link/vivado/vpl/prj/prj.gen/my_rm/bd/ulp/ip/ulp_krnl_aurora_1_0/src/aurora_64b66b_0/ip_0/synth/aurora_64b66b_0_gt_gtwizard_top.v:173]
INFO: [Synth 8-6155] done synthesizing module 'aurora_64b66b_0_gt' (0#1) [/home/miahafiz/NeuroRing_a_8192/_x.hw.NUM_8192.CORE_5.FREQ_300/link/vivado/vpl/prj/prj.gen/my_rm/bd/ulp/ip/ulp_krnl_aurora_1_0/src/aurora_64b66b_0/ip_0/synth/aurora_64b66b_0_gt.v:53]
INFO: [Synth 8-6155] done synthesizing module 'aurora_64b66b_0_MULTI_GT' (0#1) [/home/miahafiz/NeuroRing_a_8192/_x.hw.NUM_8192.CORE_5.FREQ_300/link/vivado/vpl/prj/prj.gen/my_rm/bd/ulp/ip/ulp_krnl_aurora_1_0/src/aurora_64b66b_0/aurora_64b66b_0/example_design/gt/aurora_64b66b_0_multi_wrapper.v:65]
INFO: [Synth 8-6157] synthesizing module 'aurora_64b66b_0_common_reset_cbcc' [/home/miahafiz/NeuroRing_a_8192/_x.hw.NUM_8192.CORE_5.FREQ_300/link/vivado/vpl/prj/prj.gen/my_rm/bd/ulp/ip/ulp_krnl_aurora_1_0/src/aurora_64b66b_0/aurora_64b66b_0/src/aurora_64b66b_0_common_reset_cbcc.v:60]
INFO: [Synth 8-6157] synthesizing module 'aurora_64b66b_0_rst_sync__parameterized2' [/home/miahafiz/NeuroRing_a_8192/_x.hw.NUM_8192.CORE_5.FREQ_300/link/vivado/vpl/prj/prj.gen/my_rm/bd/ulp/ip/ulp_krnl_aurora_1_0/src/aurora_64b66b_0/aurora_64b66b_0/src/aurora_64b66b_0_cdc_sync.v:539]
INFO: [Synth 8-6155] done synthesizing module 'aurora_64b66b_0_rst_sync__parameterized2' (0#1) [/home/miahafiz/NeuroRing_a_8192/_x.hw.NUM_8192.CORE_5.FREQ_300/link/vivado/vpl/prj/prj.gen/my_rm/bd/ulp/ip/ulp_krnl_aurora_1_0/src/aurora_64b66b_0/aurora_64b66b_0/src/aurora_64b66b_0_cdc_sync.v:539]
INFO: [Synth 8-6157] synthesizing module 'aurora_64b66b_0_rst_sync__parameterized3' [/home/miahafiz/NeuroRing_a_8192/_x.hw.NUM_8192.CORE_5.FREQ_300/link/vivado/vpl/prj/prj.gen/my_rm/bd/ulp/ip/ulp_krnl_aurora_1_0/src/aurora_64b66b_0/aurora_64b66b_0/src/aurora_64b66b_0_cdc_sync.v:539]
INFO: [Synth 8-6155] done synthesizing module 'aurora_64b66b_0_rst_sync__parameterized3' (0#1) [/home/miahafiz/NeuroRing_a_8192/_x.hw.NUM_8192.CORE_5.FREQ_300/link/vivado/vpl/prj/prj.gen/my_rm/bd/ulp/ip/ulp_krnl_aurora_1_0/src/aurora_64b66b_0/aurora_64b66b_0/src/aurora_64b66b_0_cdc_sync.v:539]
INFO: [Synth 8-6157] synthesizing module 'aurora_64b66b_0_rst_sync__parameterized4' [/home/miahafiz/NeuroRing_a_8192/_x.hw.NUM_8192.CORE_5.FREQ_300/link/vivado/vpl/prj/prj.gen/my_rm/bd/ulp/ip/ulp_krnl_aurora_1_0/src/aurora_64b66b_0/aurora_64b66b_0/src/aurora_64b66b_0_cdc_sync.v:539]
INFO: [Synth 8-6155] done synthesizing module 'aurora_64b66b_0_rst_sync__parameterized4' (0#1) [/home/miahafiz/NeuroRing_a_8192/_x.hw.NUM_8192.CORE_5.FREQ_300/link/vivado/vpl/prj/prj.gen/my_rm/bd/ulp/ip/ulp_krnl_aurora_1_0/src/aurora_64b66b_0/aurora_64b66b_0/src/aurora_64b66b_0_cdc_sync.v:539]
INFO: [Synth 8-6157] synthesizing module 'aurora_64b66b_0_rst_sync__parameterized5' [/home/miahafiz/NeuroRing_a_8192/_x.hw.NUM_8192.CORE_5.FREQ_300/link/vivado/vpl/prj/prj.gen/my_rm/bd/ulp/ip/ulp_krnl_aurora_1_0/src/aurora_64b66b_0/aurora_64b66b_0/src/aurora_64b66b_0_cdc_sync.v:539]
INFO: [Synth 8-6155] done synthesizing module 'aurora_64b66b_0_rst_sync__parameterized5' (0#1) [/home/miahafiz/NeuroRing_a_8192/_x.hw.NUM_8192.CORE_5.FREQ_300/link/vivado/vpl/prj/prj.gen/my_rm/bd/ulp/ip/ulp_krnl_aurora_1_0/src/aurora_64b66b_0/aurora_64b66b_0/src/aurora_64b66b_0_cdc_sync.v:539]
INFO: [Synth 8-6155] done synthesizing module 'aurora_64b66b_0_common_reset_cbcc' (0#1) [/home/miahafiz/NeuroRing_a_8192/_x.hw.NUM_8192.CORE_5.FREQ_300/link/vivado/vpl/prj/prj.gen/my_rm/bd/ulp/ip/ulp_krnl_aurora_1_0/src/aurora_64b66b_0/aurora_64b66b_0/src/aurora_64b66b_0_common_reset_cbcc.v:60]
INFO: [Synth 8-6157] synthesizing module 'aurora_64b66b_0_common_logic_cbcc' [/home/miahafiz/NeuroRing_a_8192/_x.hw.NUM_8192.CORE_5.FREQ_300/link/vivado/vpl/prj/prj.gen/my_rm/bd/ulp/ip/ulp_krnl_aurora_1_0/src/aurora_64b66b_0/aurora_64b66b_0/src/aurora_64b66b_0_common_logic_cbcc.v:60]
INFO: [Synth 8-6155] done synthesizing module 'aurora_64b66b_0_common_logic_cbcc' (0#1) [/home/miahafiz/NeuroRing_a_8192/_x.hw.NUM_8192.CORE_5.FREQ_300/link/vivado/vpl/prj/prj.gen/my_rm/bd/ulp/ip/ulp_krnl_aurora_1_0/src/aurora_64b66b_0/aurora_64b66b_0/src/aurora_64b66b_0_common_logic_cbcc.v:60]
INFO: [Synth 8-6157] synthesizing module 'aurora_64b66b_0_SCRAMBLER_64B66B' [/home/miahafiz/NeuroRing_a_8192/_x.hw.NUM_8192.CORE_5.FREQ_300/link/vivado/vpl/prj/prj.gen/my_rm/bd/ulp/ip/ulp_krnl_aurora_1_0/src/aurora_64b66b_0/aurora_64b66b_0/src/aurora_64b66b_0_64b66b_scrambler.v:60]
INFO: [Synth 8-6155] done synthesizing module 'aurora_64b66b_0_SCRAMBLER_64B66B' (0#1) [/home/miahafiz/NeuroRing_a_8192/_x.hw.NUM_8192.CORE_5.FREQ_300/link/vivado/vpl/prj/prj.gen/my_rm/bd/ulp/ip/ulp_krnl_aurora_1_0/src/aurora_64b66b_0/aurora_64b66b_0/src/aurora_64b66b_0_64b66b_scrambler.v:60]
INFO: [Synth 8-6157] synthesizing module 'aurora_64b66b_0_cdc_sync__parameterized2' [/home/miahafiz/NeuroRing_a_8192/_x.hw.NUM_8192.CORE_5.FREQ_300/link/vivado/vpl/prj/prj.gen/my_rm/bd/ulp/ip/ulp_krnl_aurora_1_0/src/aurora_64b66b_0/aurora_64b66b_0/src/aurora_64b66b_0_cdc_sync.v:104]
INFO: [Synth 8-6155] done synthesizing module 'aurora_64b66b_0_cdc_sync__parameterized2' (0#1) [/home/miahafiz/NeuroRing_a_8192/_x.hw.NUM_8192.CORE_5.FREQ_300/link/vivado/vpl/prj/prj.gen/my_rm/bd/ulp/ip/ulp_krnl_aurora_1_0/src/aurora_64b66b_0/aurora_64b66b_0/src/aurora_64b66b_0_cdc_sync.v:104]
INFO: [Synth 8-6157] synthesizing module 'aurora_64b66b_0_DESCRAMBLER_64B66B' [/home/miahafiz/NeuroRing_a_8192/_x.hw.NUM_8192.CORE_5.FREQ_300/link/vivado/vpl/prj/prj.gen/my_rm/bd/ulp/ip/ulp_krnl_aurora_1_0/src/aurora_64b66b_0/aurora_64b66b_0/src/aurora_64b66b_0_64b66b_descrambler.v:59]
INFO: [Synth 8-6155] done synthesizing module 'aurora_64b66b_0_DESCRAMBLER_64B66B' (0#1) [/home/miahafiz/NeuroRing_a_8192/_x.hw.NUM_8192.CORE_5.FREQ_300/link/vivado/vpl/prj/prj.gen/my_rm/bd/ulp/ip/ulp_krnl_aurora_1_0/src/aurora_64b66b_0/aurora_64b66b_0/src/aurora_64b66b_0_64b66b_descrambler.v:59]
INFO: [Synth 8-6157] synthesizing module 'aurora_64b66b_0_BLOCK_SYNC_SM' [/home/miahafiz/NeuroRing_a_8192/_x.hw.NUM_8192.CORE_5.FREQ_300/link/vivado/vpl/prj/prj.gen/my_rm/bd/ulp/ip/ulp_krnl_aurora_1_0/src/aurora_64b66b_0/aurora_64b66b_0/src/aurora_64b66b_0_block_sync_sm.v:62]
INFO: [Synth 8-6155] done synthesizing module 'aurora_64b66b_0_BLOCK_SYNC_SM' (0#1) [/home/miahafiz/NeuroRing_a_8192/_x.hw.NUM_8192.CORE_5.FREQ_300/link/vivado/vpl/prj/prj.gen/my_rm/bd/ulp/ip/ulp_krnl_aurora_1_0/src/aurora_64b66b_0/aurora_64b66b_0/src/aurora_64b66b_0_block_sync_sm.v:62]
INFO: [Synth 8-6157] synthesizing module 'aurora_64b66b_0_CLOCK_CORRECTION_CHANNEL_BONDING' [/home/miahafiz/NeuroRing_a_8192/_x.hw.NUM_8192.CORE_5.FREQ_300/link/vivado/vpl/prj/prj.gen/my_rm/bd/ulp/ip/ulp_krnl_aurora_1_0/src/aurora_64b66b_0/aurora_64b66b_0/src/aurora_64b66b_0_cbcc_gtx_6466.v:70]
INFO: [Synth 8-638] synthesizing module 'aurora_64b66b_0_fifo_gen_slave' [/home/miahafiz/NeuroRing_a_8192/_x.hw.NUM_8192.CORE_5.FREQ_300/link/vivado/vpl/prj/prj.gen/my_rm/bd/ulp/ip/ulp_krnl_aurora_1_0/src/aurora_64b66b_0/ip_2/synth/aurora_64b66b_0_fifo_gen_slave.vhd:79]
	Parameter C_COMMON_CLOCK bound to: 0 - type: integer 
	Parameter C_SELECT_XPM bound to: 0 - type: integer 
	Parameter C_COUNT_TYPE bound to: 0 - type: integer 
	Parameter C_DATA_COUNT_WIDTH bound to: 9 - type: integer 
	Parameter C_DEFAULT_VALUE bound to: BlankString - type: string 
	Parameter C_DIN_WIDTH bound to: 72 - type: integer 
	Parameter C_DOUT_RST_VAL bound to: 0 - type: string 
	Parameter C_DOUT_WIDTH bound to: 72 - type: integer 
	Parameter C_ENABLE_RLOCS bound to: 0 - type: integer 
	Parameter C_FAMILY bound to: virtexuplusHBM - type: string 
	Parameter C_FULL_FLAGS_RST_VAL bound to: 0 - type: integer 
	Parameter C_HAS_ALMOST_EMPTY bound to: 0 - type: integer 
	Parameter C_HAS_ALMOST_FULL bound to: 0 - type: integer 
	Parameter C_HAS_BACKUP bound to: 0 - type: integer 
	Parameter C_HAS_DATA_COUNT bound to: 0 - type: integer 
	Parameter C_HAS_INT_CLK bound to: 0 - type: integer 
	Parameter C_HAS_MEMINIT_FILE bound to: 0 - type: integer 
	Parameter C_HAS_OVERFLOW bound to: 1 - type: integer 
	Parameter C_HAS_RD_DATA_COUNT bound to: 0 - type: integer 
	Parameter C_HAS_RD_RST bound to: 0 - type: integer 
	Parameter C_HAS_RST bound to: 0 - type: integer 
	Parameter C_HAS_SRST bound to: 1 - type: integer 
	Parameter C_HAS_UNDERFLOW bound to: 1 - type: integer 
	Parameter C_HAS_VALID bound to: 0 - type: integer 
	Parameter C_HAS_WR_ACK bound to: 0 - type: integer 
	Parameter C_HAS_WR_DATA_COUNT bound to: 0 - type: integer 
	Parameter C_HAS_WR_RST bound to: 0 - type: integer 
	Parameter C_IMPLEMENTATION_TYPE bound to: 6 - type: integer 
	Parameter C_INIT_WR_PNTR_VAL bound to: 0 - type: integer 
	Parameter C_MEMORY_TYPE bound to: 4 - type: integer 
	Parameter C_MIF_FILE_NAME bound to: BlankString - type: string 
	Parameter C_OPTIMIZATION_MODE bound to: 0 - type: integer 
	Parameter C_OVERFLOW_LOW bound to: 0 - type: integer 
	Parameter C_PRELOAD_LATENCY bound to: 2 - type: integer 
	Parameter C_PRELOAD_REGS bound to: 1 - type: integer 
	Parameter C_PRIM_FIFO_TYPE bound to: 512x72 - type: string 
	Parameter C_PROG_EMPTY_THRESH_ASSERT_VAL bound to: 6 - type: integer 
	Parameter C_PROG_EMPTY_THRESH_NEGATE_VAL bound to: 7 - type: integer 
	Parameter C_PROG_EMPTY_TYPE bound to: 1 - type: integer 
	Parameter C_PROG_FULL_THRESH_ASSERT_VAL bound to: 450 - type: integer 
	Parameter C_PROG_FULL_THRESH_NEGATE_VAL bound to: 449 - type: integer 
	Parameter C_PROG_FULL_TYPE bound to: 1 - type: integer 
	Parameter C_RD_DATA_COUNT_WIDTH bound to: 9 - type: integer 
	Parameter C_RD_DEPTH bound to: 512 - type: integer 
	Parameter C_RD_FREQ bound to: 1 - type: integer 
	Parameter C_RD_PNTR_WIDTH bound to: 9 - type: integer 
	Parameter C_UNDERFLOW_LOW bound to: 0 - type: integer 
	Parameter C_USE_DOUT_RST bound to: 1 - type: integer 
	Parameter C_USE_ECC bound to: 0 - type: integer 
	Parameter C_USE_EMBEDDED_REG bound to: 1 - type: integer 
	Parameter C_USE_PIPELINE_REG bound to: 0 - type: integer 
	Parameter C_POWER_SAVING_MODE bound to: 0 - type: integer 
	Parameter C_USE_FIFO16_FLAGS bound to: 0 - type: integer 
	Parameter C_USE_FWFT_DATA_COUNT bound to: 0 - type: integer 
	Parameter C_VALID_LOW bound to: 0 - type: integer 
	Parameter C_WR_ACK_LOW bound to: 0 - type: integer 
	Parameter C_WR_DATA_COUNT_WIDTH bound to: 9 - type: integer 
	Parameter C_WR_DEPTH bound to: 512 - type: integer 
	Parameter C_WR_FREQ bound to: 1 - type: integer 
	Parameter C_WR_PNTR_WIDTH bound to: 9 - type: integer 
	Parameter C_WR_RESPONSE_LATENCY bound to: 1 - type: integer 
	Parameter C_MSGON_VAL bound to: 1 - type: integer 
	Parameter C_ENABLE_RST_SYNC bound to: 1 - type: integer 
	Parameter C_EN_SAFETY_CKT bound to: 0 - type: integer 
	Parameter C_ERROR_INJECTION_TYPE bound to: 0 - type: integer 
	Parameter C_SYNCHRONIZER_STAGE bound to: 2 - type: integer 
	Parameter C_INTERFACE_TYPE bound to: 0 - type: integer 
	Parameter C_AXI_TYPE bound to: 1 - type: integer 
	Parameter C_HAS_AXI_WR_CHANNEL bound to: 1 - type: integer 
	Parameter C_HAS_AXI_RD_CHANNEL bound to: 1 - type: integer 
	Parameter C_HAS_SLAVE_CE bound to: 0 - type: integer 
	Parameter C_HAS_MASTER_CE bound to: 0 - type: integer 
	Parameter C_ADD_NGC_CONSTRAINT bound to: 0 - type: integer 
	Parameter C_USE_COMMON_OVERFLOW bound to: 0 - type: integer 
	Parameter C_USE_COMMON_UNDERFLOW bound to: 0 - type: integer 
	Parameter C_USE_DEFAULT_SETTINGS bound to: 0 - type: integer 
	Parameter C_AXI_ID_WIDTH bound to: 1 - type: integer 
	Parameter C_AXI_ADDR_WIDTH bound to: 32 - type: integer 
	Parameter C_AXI_DATA_WIDTH bound to: 64 - type: integer 
	Parameter C_AXI_LEN_WIDTH bound to: 8 - type: integer 
	Parameter C_AXI_LOCK_WIDTH bound to: 1 - type: integer 
	Parameter C_HAS_AXI_ID bound to: 0 - type: integer 
	Parameter C_HAS_AXI_AWUSER bound to: 0 - type: integer 
	Parameter C_HAS_AXI_WUSER bound to: 0 - type: integer 
	Parameter C_HAS_AXI_BUSER bound to: 0 - type: integer 
	Parameter C_HAS_AXI_ARUSER bound to: 0 - type: integer 
	Parameter C_HAS_AXI_RUSER bound to: 0 - type: integer 
	Parameter C_AXI_ARUSER_WIDTH bound to: 1 - type: integer 
	Parameter C_AXI_AWUSER_WIDTH bound to: 1 - type: integer 
	Parameter C_AXI_WUSER_WIDTH bound to: 1 - type: integer 
	Parameter C_AXI_BUSER_WIDTH bound to: 1 - type: integer 
	Parameter C_AXI_RUSER_WIDTH bound to: 1 - type: integer 
	Parameter C_HAS_AXIS_TDATA bound to: 1 - type: integer 
	Parameter C_HAS_AXIS_TID bound to: 0 - type: integer 
	Parameter C_HAS_AXIS_TDEST bound to: 0 - type: integer 
	Parameter C_HAS_AXIS_TUSER bound to: 1 - type: integer 
	Parameter C_HAS_AXIS_TREADY bound to: 1 - type: integer 
	Parameter C_HAS_AXIS_TLAST bound to: 0 - type: integer 
	Parameter C_HAS_AXIS_TSTRB bound to: 0 - type: integer 
	Parameter C_HAS_AXIS_TKEEP bound to: 0 - type: integer 
	Parameter C_AXIS_TDATA_WIDTH bound to: 8 - type: integer 
	Parameter C_AXIS_TID_WIDTH bound to: 1 - type: integer 
	Parameter C_AXIS_TDEST_WIDTH bound to: 1 - type: integer 
	Parameter C_AXIS_TUSER_WIDTH bound to: 4 - type: integer 
	Parameter C_AXIS_TSTRB_WIDTH bound to: 1 - type: integer 
	Parameter C_AXIS_TKEEP_WIDTH bound to: 1 - type: integer 
	Parameter C_WACH_TYPE bound to: 0 - type: integer 
	Parameter C_WDCH_TYPE bound to: 0 - type: integer 
	Parameter C_WRCH_TYPE bound to: 0 - type: integer 
	Parameter C_RACH_TYPE bound to: 0 - type: integer 
	Parameter C_RDCH_TYPE bound to: 0 - type: integer 
	Parameter C_AXIS_TYPE bound to: 0 - type: integer 
	Parameter C_IMPLEMENTATION_TYPE_WACH bound to: 1 - type: integer 
	Parameter C_IMPLEMENTATION_TYPE_WDCH bound to: 1 - type: integer 
	Parameter C_IMPLEMENTATION_TYPE_WRCH bound to: 1 - type: integer 
	Parameter C_IMPLEMENTATION_TYPE_RACH bound to: 1 - type: integer 
	Parameter C_IMPLEMENTATION_TYPE_RDCH bound to: 1 - type: integer 
	Parameter C_IMPLEMENTATION_TYPE_AXIS bound to: 1 - type: integer 
	Parameter C_APPLICATION_TYPE_WACH bound to: 0 - type: integer 
	Parameter C_APPLICATION_TYPE_WDCH bound to: 0 - type: integer 
	Parameter C_APPLICATION_TYPE_WRCH bound to: 0 - type: integer 
	Parameter C_APPLICATION_TYPE_RACH bound to: 0 - type: integer 
	Parameter C_APPLICATION_TYPE_RDCH bound to: 0 - type: integer 
	Parameter C_APPLICATION_TYPE_AXIS bound to: 0 - type: integer 
	Parameter C_PRIM_FIFO_TYPE_WACH bound to: 512x36 - type: string 
	Parameter C_PRIM_FIFO_TYPE_WDCH bound to: 512x72 - type: string 
	Parameter C_PRIM_FIFO_TYPE_WRCH bound to: 512x36 - type: string 
	Parameter C_PRIM_FIFO_TYPE_RACH bound to: 512x36 - type: string 
	Parameter C_PRIM_FIFO_TYPE_RDCH bound to: 512x72 - type: string 
	Parameter C_PRIM_FIFO_TYPE_AXIS bound to: 1kx18 - type: string 
	Parameter C_USE_ECC_WACH bound to: 0 - type: integer 
	Parameter C_USE_ECC_WDCH bound to: 0 - type: integer 
	Parameter C_USE_ECC_WRCH bound to: 0 - type: integer 
	Parameter C_USE_ECC_RACH bound to: 0 - type: integer 
	Parameter C_USE_ECC_RDCH bound to: 0 - type: integer 
	Parameter C_USE_ECC_AXIS bound to: 0 - type: integer 
	Parameter C_ERROR_INJECTION_TYPE_WACH bound to: 0 - type: integer 
	Parameter C_ERROR_INJECTION_TYPE_WDCH bound to: 0 - type: integer 
	Parameter C_ERROR_INJECTION_TYPE_WRCH bound to: 0 - type: integer 
	Parameter C_ERROR_INJECTION_TYPE_RACH bound to: 0 - type: integer 
	Parameter C_ERROR_INJECTION_TYPE_RDCH bound to: 0 - type: integer 
	Parameter C_ERROR_INJECTION_TYPE_AXIS bound to: 0 - type: integer 
	Parameter C_DIN_WIDTH_WACH bound to: 1 - type: integer 
	Parameter C_DIN_WIDTH_WDCH bound to: 64 - type: integer 
	Parameter C_DIN_WIDTH_WRCH bound to: 2 - type: integer 
	Parameter C_DIN_WIDTH_RACH bound to: 32 - type: integer 
	Parameter C_DIN_WIDTH_RDCH bound to: 64 - type: integer 
	Parameter C_DIN_WIDTH_AXIS bound to: 1 - type: integer 
	Parameter C_WR_DEPTH_WACH bound to: 16 - type: integer 
	Parameter C_WR_DEPTH_WDCH bound to: 1024 - type: integer 
	Parameter C_WR_DEPTH_WRCH bound to: 16 - type: integer 
	Parameter C_WR_DEPTH_RACH bound to: 16 - type: integer 
	Parameter C_WR_DEPTH_RDCH bound to: 1024 - type: integer 
	Parameter C_WR_DEPTH_AXIS bound to: 1024 - type: integer 
	Parameter C_WR_PNTR_WIDTH_WACH bound to: 4 - type: integer 
	Parameter C_WR_PNTR_WIDTH_WDCH bound to: 10 - type: integer 
	Parameter C_WR_PNTR_WIDTH_WRCH bound to: 4 - type: integer 
	Parameter C_WR_PNTR_WIDTH_RACH bound to: 4 - type: integer 
	Parameter C_WR_PNTR_WIDTH_RDCH bound to: 10 - type: integer 
	Parameter C_WR_PNTR_WIDTH_AXIS bound to: 10 - type: integer 
	Parameter C_HAS_DATA_COUNTS_WACH bound to: 0 - type: integer 
	Parameter C_HAS_DATA_COUNTS_WDCH bound to: 0 - type: integer 
	Parameter C_HAS_DATA_COUNTS_WRCH bound to: 0 - type: integer 
	Parameter C_HAS_DATA_COUNTS_RACH bound to: 0 - type: integer 
	Parameter C_HAS_DATA_COUNTS_RDCH bound to: 0 - type: integer 
	Parameter C_HAS_DATA_COUNTS_AXIS bound to: 0 - type: integer 
	Parameter C_HAS_PROG_FLAGS_WACH bound to: 0 - type: integer 
	Parameter C_HAS_PROG_FLAGS_WDCH bound to: 0 - type: integer 
	Parameter C_HAS_PROG_FLAGS_WRCH bound to: 0 - type: integer 
	Parameter C_HAS_PROG_FLAGS_RACH bound to: 0 - type: integer 
	Parameter C_HAS_PROG_FLAGS_RDCH bound to: 0 - type: integer 
	Parameter C_HAS_PROG_FLAGS_AXIS bound to: 0 - type: integer 
	Parameter C_PROG_FULL_TYPE_WACH bound to: 0 - type: integer 
	Parameter C_PROG_FULL_TYPE_WDCH bound to: 0 - type: integer 
	Parameter C_PROG_FULL_TYPE_WRCH bound to: 0 - type: integer 
	Parameter C_PROG_FULL_TYPE_RACH bound to: 0 - type: integer 
	Parameter C_PROG_FULL_TYPE_RDCH bound to: 0 - type: integer 
	Parameter C_PROG_FULL_TYPE_AXIS bound to: 0 - type: integer 
	Parameter C_PROG_FULL_THRESH_ASSERT_VAL_WACH bound to: 1023 - type: integer 
	Parameter C_PROG_FULL_THRESH_ASSERT_VAL_WDCH bound to: 1023 - type: integer 
	Parameter C_PROG_FULL_THRESH_ASSERT_VAL_WRCH bound to: 1023 - type: integer 
	Parameter C_PROG_FULL_THRESH_ASSERT_VAL_RACH bound to: 1023 - type: integer 
	Parameter C_PROG_FULL_THRESH_ASSERT_VAL_RDCH bound to: 1023 - type: integer 
	Parameter C_PROG_FULL_THRESH_ASSERT_VAL_AXIS bound to: 1023 - type: integer 
	Parameter C_PROG_EMPTY_TYPE_WACH bound to: 0 - type: integer 
	Parameter C_PROG_EMPTY_TYPE_WDCH bound to: 0 - type: integer 
	Parameter C_PROG_EMPTY_TYPE_WRCH bound to: 0 - type: integer 
	Parameter C_PROG_EMPTY_TYPE_RACH bound to: 0 - type: integer 
	Parameter C_PROG_EMPTY_TYPE_RDCH bound to: 0 - type: integer 
	Parameter C_PROG_EMPTY_TYPE_AXIS bound to: 0 - type: integer 
	Parameter C_PROG_EMPTY_THRESH_ASSERT_VAL_WACH bound to: 1022 - type: integer 
	Parameter C_PROG_EMPTY_THRESH_ASSERT_VAL_WDCH bound to: 1022 - type: integer 
	Parameter C_PROG_EMPTY_THRESH_ASSERT_VAL_WRCH bound to: 1022 - type: integer 
	Parameter C_PROG_EMPTY_THRESH_ASSERT_VAL_RACH bound to: 1022 - type: integer 
	Parameter C_PROG_EMPTY_THRESH_ASSERT_VAL_RDCH bound to: 1022 - type: integer 
	Parameter C_PROG_EMPTY_THRESH_ASSERT_VAL_AXIS bound to: 1022 - type: integer 
	Parameter C_REG_SLICE_MODE_WACH bound to: 0 - type: integer 
	Parameter C_REG_SLICE_MODE_WDCH bound to: 0 - type: integer 
	Parameter C_REG_SLICE_MODE_WRCH bound to: 0 - type: integer 
	Parameter C_REG_SLICE_MODE_RACH bound to: 0 - type: integer 
	Parameter C_REG_SLICE_MODE_RDCH bound to: 0 - type: integer 
	Parameter C_REG_SLICE_MODE_AXIS bound to: 0 - type: integer 
INFO: [Synth 8-3491] module 'fifo_generator_v13_2_13' declared at '/home/miahafiz/NeuroRing_a_8192/_x.hw.NUM_8192.CORE_5.FREQ_300/link/vivado/vpl/prj/prj.gen/my_rm/bd/ulp/ipshared/dc46/hdl/fifo_generator_v13_2_vhsyn_rfs.vhd:38308' bound to instance 'U0' of component 'fifo_generator_v13_2_13' [/home/miahafiz/NeuroRing_a_8192/_x.hw.NUM_8192.CORE_5.FREQ_300/link/vivado/vpl/prj/prj.gen/my_rm/bd/ulp/ip/ulp_krnl_aurora_1_0/src/aurora_64b66b_0/ip_2/synth/aurora_64b66b_0_fifo_gen_slave.vhd:554]
INFO: [Synth 8-256] done synthesizing module 'aurora_64b66b_0_fifo_gen_slave' (0#1) [/home/miahafiz/NeuroRing_a_8192/_x.hw.NUM_8192.CORE_5.FREQ_300/link/vivado/vpl/prj/prj.gen/my_rm/bd/ulp/ip/ulp_krnl_aurora_1_0/src/aurora_64b66b_0/ip_2/synth/aurora_64b66b_0_fifo_gen_slave.vhd:79]
INFO: [Synth 8-6157] synthesizing module 'aurora_64b66b_0_CH_BOND_SLAVE' [/home/miahafiz/NeuroRing_a_8192/_x.hw.NUM_8192.CORE_5.FREQ_300/link/vivado/vpl/prj/prj.gen/my_rm/bd/ulp/ip/ulp_krnl_aurora_1_0/src/aurora_64b66b_0/aurora_64b66b_0/src/aurora_64b66b_0_cbcc_gtx_6466.v:1393]
INFO: [Synth 8-6155] done synthesizing module 'aurora_64b66b_0_CH_BOND_SLAVE' (0#1) [/home/miahafiz/NeuroRing_a_8192/_x.hw.NUM_8192.CORE_5.FREQ_300/link/vivado/vpl/prj/prj.gen/my_rm/bd/ulp/ip/ulp_krnl_aurora_1_0/src/aurora_64b66b_0/aurora_64b66b_0/src/aurora_64b66b_0_cbcc_gtx_6466.v:1393]
INFO: [Synth 8-6157] synthesizing module 'aurora_64b66b_0_cdc_sync__parameterized3' [/home/miahafiz/NeuroRing_a_8192/_x.hw.NUM_8192.CORE_5.FREQ_300/link/vivado/vpl/prj/prj.gen/my_rm/bd/ulp/ip/ulp_krnl_aurora_1_0/src/aurora_64b66b_0/aurora_64b66b_0/src/aurora_64b66b_0_cdc_sync.v:104]
INFO: [Synth 8-6155] done synthesizing module 'aurora_64b66b_0_cdc_sync__parameterized3' (0#1) [/home/miahafiz/NeuroRing_a_8192/_x.hw.NUM_8192.CORE_5.FREQ_300/link/vivado/vpl/prj/prj.gen/my_rm/bd/ulp/ip/ulp_krnl_aurora_1_0/src/aurora_64b66b_0/aurora_64b66b_0/src/aurora_64b66b_0_cdc_sync.v:104]
INFO: [Synth 8-6155] done synthesizing module 'aurora_64b66b_0_CLOCK_CORRECTION_CHANNEL_BONDING' (0#1) [/home/miahafiz/NeuroRing_a_8192/_x.hw.NUM_8192.CORE_5.FREQ_300/link/vivado/vpl/prj/prj.gen/my_rm/bd/ulp/ip/ulp_krnl_aurora_1_0/src/aurora_64b66b_0/aurora_64b66b_0/src/aurora_64b66b_0_cbcc_gtx_6466.v:70]
INFO: [Synth 8-6157] synthesizing module 'aurora_64b66b_0_CLOCK_CORRECTION_CHANNEL_BONDING__parameterized0' [/home/miahafiz/NeuroRing_a_8192/_x.hw.NUM_8192.CORE_5.FREQ_300/link/vivado/vpl/prj/prj.gen/my_rm/bd/ulp/ip/ulp_krnl_aurora_1_0/src/aurora_64b66b_0/aurora_64b66b_0/src/aurora_64b66b_0_cbcc_gtx_6466.v:70]
INFO: [Synth 8-638] synthesizing module 'aurora_64b66b_0_fifo_gen_master' [/home/miahafiz/NeuroRing_a_8192/_x.hw.NUM_8192.CORE_5.FREQ_300/link/vivado/vpl/prj/prj.gen/my_rm/bd/ulp/ip/ulp_krnl_aurora_1_0/src/aurora_64b66b_0/ip_1/synth/aurora_64b66b_0_fifo_gen_master.vhd:79]
	Parameter C_COMMON_CLOCK bound to: 0 - type: integer 
	Parameter C_SELECT_XPM bound to: 0 - type: integer 
	Parameter C_COUNT_TYPE bound to: 0 - type: integer 
	Parameter C_DATA_COUNT_WIDTH bound to: 9 - type: integer 
	Parameter C_DEFAULT_VALUE bound to: BlankString - type: string 
	Parameter C_DIN_WIDTH bound to: 72 - type: integer 
	Parameter C_DOUT_RST_VAL bound to: 0 - type: string 
	Parameter C_DOUT_WIDTH bound to: 72 - type: integer 
	Parameter C_ENABLE_RLOCS bound to: 0 - type: integer 
	Parameter C_FAMILY bound to: virtexuplusHBM - type: string 
	Parameter C_FULL_FLAGS_RST_VAL bound to: 0 - type: integer 
	Parameter C_HAS_ALMOST_EMPTY bound to: 0 - type: integer 
	Parameter C_HAS_ALMOST_FULL bound to: 0 - type: integer 
	Parameter C_HAS_BACKUP bound to: 0 - type: integer 
	Parameter C_HAS_DATA_COUNT bound to: 0 - type: integer 
	Parameter C_HAS_INT_CLK bound to: 0 - type: integer 
	Parameter C_HAS_MEMINIT_FILE bound to: 0 - type: integer 
	Parameter C_HAS_OVERFLOW bound to: 1 - type: integer 
	Parameter C_HAS_RD_DATA_COUNT bound to: 0 - type: integer 
	Parameter C_HAS_RD_RST bound to: 0 - type: integer 
	Parameter C_HAS_RST bound to: 0 - type: integer 
	Parameter C_HAS_SRST bound to: 1 - type: integer 
	Parameter C_HAS_UNDERFLOW bound to: 1 - type: integer 
	Parameter C_HAS_VALID bound to: 0 - type: integer 
	Parameter C_HAS_WR_ACK bound to: 0 - type: integer 
	Parameter C_HAS_WR_DATA_COUNT bound to: 0 - type: integer 
	Parameter C_HAS_WR_RST bound to: 0 - type: integer 
	Parameter C_IMPLEMENTATION_TYPE bound to: 6 - type: integer 
	Parameter C_INIT_WR_PNTR_VAL bound to: 0 - type: integer 
	Parameter C_MEMORY_TYPE bound to: 4 - type: integer 
	Parameter C_MIF_FILE_NAME bound to: BlankString - type: string 
	Parameter C_OPTIMIZATION_MODE bound to: 0 - type: integer 
	Parameter C_OVERFLOW_LOW bound to: 0 - type: integer 
	Parameter C_PRELOAD_LATENCY bound to: 2 - type: integer 
	Parameter C_PRELOAD_REGS bound to: 1 - type: integer 
	Parameter C_PRIM_FIFO_TYPE bound to: 512x72 - type: string 
	Parameter C_PROG_EMPTY_THRESH_ASSERT_VAL bound to: 12 - type: integer 
	Parameter C_PROG_EMPTY_THRESH_NEGATE_VAL bound to: 13 - type: integer 
	Parameter C_PROG_EMPTY_TYPE bound to: 1 - type: integer 
	Parameter C_PROG_FULL_THRESH_ASSERT_VAL bound to: 450 - type: integer 
	Parameter C_PROG_FULL_THRESH_NEGATE_VAL bound to: 449 - type: integer 
	Parameter C_PROG_FULL_TYPE bound to: 1 - type: integer 
	Parameter C_RD_DATA_COUNT_WIDTH bound to: 9 - type: integer 
	Parameter C_RD_DEPTH bound to: 512 - type: integer 
	Parameter C_RD_FREQ bound to: 1 - type: integer 
	Parameter C_RD_PNTR_WIDTH bound to: 9 - type: integer 
	Parameter C_UNDERFLOW_LOW bound to: 0 - type: integer 
	Parameter C_USE_DOUT_RST bound to: 1 - type: integer 
	Parameter C_USE_ECC bound to: 0 - type: integer 
	Parameter C_USE_EMBEDDED_REG bound to: 1 - type: integer 
	Parameter C_USE_PIPELINE_REG bound to: 0 - type: integer 
	Parameter C_POWER_SAVING_MODE bound to: 0 - type: integer 
	Parameter C_USE_FIFO16_FLAGS bound to: 0 - type: integer 
	Parameter C_USE_FWFT_DATA_COUNT bound to: 0 - type: integer 
	Parameter C_VALID_LOW bound to: 0 - type: integer 
	Parameter C_WR_ACK_LOW bound to: 0 - type: integer 
	Parameter C_WR_DATA_COUNT_WIDTH bound to: 9 - type: integer 
	Parameter C_WR_DEPTH bound to: 512 - type: integer 
	Parameter C_WR_FREQ bound to: 1 - type: integer 
	Parameter C_WR_PNTR_WIDTH bound to: 9 - type: integer 
	Parameter C_WR_RESPONSE_LATENCY bound to: 1 - type: integer 
	Parameter C_MSGON_VAL bound to: 1 - type: integer 
	Parameter C_ENABLE_RST_SYNC bound to: 1 - type: integer 
	Parameter C_EN_SAFETY_CKT bound to: 0 - type: integer 
	Parameter C_ERROR_INJECTION_TYPE bound to: 0 - type: integer 
	Parameter C_SYNCHRONIZER_STAGE bound to: 2 - type: integer 
	Parameter C_INTERFACE_TYPE bound to: 0 - type: integer 
	Parameter C_AXI_TYPE bound to: 1 - type: integer 
	Parameter C_HAS_AXI_WR_CHANNEL bound to: 1 - type: integer 
	Parameter C_HAS_AXI_RD_CHANNEL bound to: 1 - type: integer 
	Parameter C_HAS_SLAVE_CE bound to: 0 - type: integer 
	Parameter C_HAS_MASTER_CE bound to: 0 - type: integer 
	Parameter C_ADD_NGC_CONSTRAINT bound to: 0 - type: integer 
	Parameter C_USE_COMMON_OVERFLOW bound to: 0 - type: integer 
	Parameter C_USE_COMMON_UNDERFLOW bound to: 0 - type: integer 
	Parameter C_USE_DEFAULT_SETTINGS bound to: 0 - type: integer 
	Parameter C_AXI_ID_WIDTH bound to: 1 - type: integer 
	Parameter C_AXI_ADDR_WIDTH bound to: 32 - type: integer 
	Parameter C_AXI_DATA_WIDTH bound to: 64 - type: integer 
	Parameter C_AXI_LEN_WIDTH bound to: 8 - type: integer 
	Parameter C_AXI_LOCK_WIDTH bound to: 1 - type: integer 
	Parameter C_HAS_AXI_ID bound to: 0 - type: integer 
	Parameter C_HAS_AXI_AWUSER bound to: 0 - type: integer 
	Parameter C_HAS_AXI_WUSER bound to: 0 - type: integer 
	Parameter C_HAS_AXI_BUSER bound to: 0 - type: integer 
	Parameter C_HAS_AXI_ARUSER bound to: 0 - type: integer 
	Parameter C_HAS_AXI_RUSER bound to: 0 - type: integer 
	Parameter C_AXI_ARUSER_WIDTH bound to: 1 - type: integer 
	Parameter C_AXI_AWUSER_WIDTH bound to: 1 - type: integer 
	Parameter C_AXI_WUSER_WIDTH bound to: 1 - type: integer 
	Parameter C_AXI_BUSER_WIDTH bound to: 1 - type: integer 
	Parameter C_AXI_RUSER_WIDTH bound to: 1 - type: integer 
	Parameter C_HAS_AXIS_TDATA bound to: 1 - type: integer 
	Parameter C_HAS_AXIS_TID bound to: 0 - type: integer 
	Parameter C_HAS_AXIS_TDEST bound to: 0 - type: integer 
	Parameter C_HAS_AXIS_TUSER bound to: 1 - type: integer 
	Parameter C_HAS_AXIS_TREADY bound to: 1 - type: integer 
	Parameter C_HAS_AXIS_TLAST bound to: 0 - type: integer 
	Parameter C_HAS_AXIS_TSTRB bound to: 0 - type: integer 
	Parameter C_HAS_AXIS_TKEEP bound to: 0 - type: integer 
	Parameter C_AXIS_TDATA_WIDTH bound to: 8 - type: integer 
	Parameter C_AXIS_TID_WIDTH bound to: 1 - type: integer 
	Parameter C_AXIS_TDEST_WIDTH bound to: 1 - type: integer 
	Parameter C_AXIS_TUSER_WIDTH bound to: 4 - type: integer 
	Parameter C_AXIS_TSTRB_WIDTH bound to: 1 - type: integer 
	Parameter C_AXIS_TKEEP_WIDTH bound to: 1 - type: integer 
	Parameter C_WACH_TYPE bound to: 0 - type: integer 
	Parameter C_WDCH_TYPE bound to: 0 - type: integer 
	Parameter C_WRCH_TYPE bound to: 0 - type: integer 
	Parameter C_RACH_TYPE bound to: 0 - type: integer 
	Parameter C_RDCH_TYPE bound to: 0 - type: integer 
	Parameter C_AXIS_TYPE bound to: 0 - type: integer 
	Parameter C_IMPLEMENTATION_TYPE_WACH bound to: 1 - type: integer 
	Parameter C_IMPLEMENTATION_TYPE_WDCH bound to: 1 - type: integer 
	Parameter C_IMPLEMENTATION_TYPE_WRCH bound to: 1 - type: integer 
	Parameter C_IMPLEMENTATION_TYPE_RACH bound to: 1 - type: integer 
	Parameter C_IMPLEMENTATION_TYPE_RDCH bound to: 1 - type: integer 
	Parameter C_IMPLEMENTATION_TYPE_AXIS bound to: 1 - type: integer 
	Parameter C_APPLICATION_TYPE_WACH bound to: 0 - type: integer 
	Parameter C_APPLICATION_TYPE_WDCH bound to: 0 - type: integer 
	Parameter C_APPLICATION_TYPE_WRCH bound to: 0 - type: integer 
	Parameter C_APPLICATION_TYPE_RACH bound to: 0 - type: integer 
	Parameter C_APPLICATION_TYPE_RDCH bound to: 0 - type: integer 
	Parameter C_APPLICATION_TYPE_AXIS bound to: 0 - type: integer 
	Parameter C_PRIM_FIFO_TYPE_WACH bound to: 512x36 - type: string 
	Parameter C_PRIM_FIFO_TYPE_WDCH bound to: 512x72 - type: string 
	Parameter C_PRIM_FIFO_TYPE_WRCH bound to: 512x36 - type: string 
	Parameter C_PRIM_FIFO_TYPE_RACH bound to: 512x36 - type: string 
	Parameter C_PRIM_FIFO_TYPE_RDCH bound to: 512x72 - type: string 
	Parameter C_PRIM_FIFO_TYPE_AXIS bound to: 1kx18 - type: string 
	Parameter C_USE_ECC_WACH bound to: 0 - type: integer 
	Parameter C_USE_ECC_WDCH bound to: 0 - type: integer 
	Parameter C_USE_ECC_WRCH bound to: 0 - type: integer 
	Parameter C_USE_ECC_RACH bound to: 0 - type: integer 
	Parameter C_USE_ECC_RDCH bound to: 0 - type: integer 
	Parameter C_USE_ECC_AXIS bound to: 0 - type: integer 
	Parameter C_ERROR_INJECTION_TYPE_WACH bound to: 0 - type: integer 
	Parameter C_ERROR_INJECTION_TYPE_WDCH bound to: 0 - type: integer 
	Parameter C_ERROR_INJECTION_TYPE_WRCH bound to: 0 - type: integer 
	Parameter C_ERROR_INJECTION_TYPE_RACH bound to: 0 - type: integer 
	Parameter C_ERROR_INJECTION_TYPE_RDCH bound to: 0 - type: integer 
	Parameter C_ERROR_INJECTION_TYPE_AXIS bound to: 0 - type: integer 
	Parameter C_DIN_WIDTH_WACH bound to: 1 - type: integer 
	Parameter C_DIN_WIDTH_WDCH bound to: 64 - type: integer 
	Parameter C_DIN_WIDTH_WRCH bound to: 2 - type: integer 
	Parameter C_DIN_WIDTH_RACH bound to: 32 - type: integer 
	Parameter C_DIN_WIDTH_RDCH bound to: 64 - type: integer 
	Parameter C_DIN_WIDTH_AXIS bound to: 1 - type: integer 
	Parameter C_WR_DEPTH_WACH bound to: 16 - type: integer 
	Parameter C_WR_DEPTH_WDCH bound to: 1024 - type: integer 
	Parameter C_WR_DEPTH_WRCH bound to: 16 - type: integer 
	Parameter C_WR_DEPTH_RACH bound to: 16 - type: integer 
	Parameter C_WR_DEPTH_RDCH bound to: 1024 - type: integer 
	Parameter C_WR_DEPTH_AXIS bound to: 1024 - type: integer 
	Parameter C_WR_PNTR_WIDTH_WACH bound to: 4 - type: integer 
	Parameter C_WR_PNTR_WIDTH_WDCH bound to: 10 - type: integer 
	Parameter C_WR_PNTR_WIDTH_WRCH bound to: 4 - type: integer 
	Parameter C_WR_PNTR_WIDTH_RACH bound to: 4 - type: integer 
	Parameter C_WR_PNTR_WIDTH_RDCH bound to: 10 - type: integer 
	Parameter C_WR_PNTR_WIDTH_AXIS bound to: 10 - type: integer 
	Parameter C_HAS_DATA_COUNTS_WACH bound to: 0 - type: integer 
	Parameter C_HAS_DATA_COUNTS_WDCH bound to: 0 - type: integer 
	Parameter C_HAS_DATA_COUNTS_WRCH bound to: 0 - type: integer 
	Parameter C_HAS_DATA_COUNTS_RACH bound to: 0 - type: integer 
	Parameter C_HAS_DATA_COUNTS_RDCH bound to: 0 - type: integer 
	Parameter C_HAS_DATA_COUNTS_AXIS bound to: 0 - type: integer 
	Parameter C_HAS_PROG_FLAGS_WACH bound to: 0 - type: integer 
	Parameter C_HAS_PROG_FLAGS_WDCH bound to: 0 - type: integer 
	Parameter C_HAS_PROG_FLAGS_WRCH bound to: 0 - type: integer 
	Parameter C_HAS_PROG_FLAGS_RACH bound to: 0 - type: integer 
	Parameter C_HAS_PROG_FLAGS_RDCH bound to: 0 - type: integer 
	Parameter C_HAS_PROG_FLAGS_AXIS bound to: 0 - type: integer 
	Parameter C_PROG_FULL_TYPE_WACH bound to: 0 - type: integer 
	Parameter C_PROG_FULL_TYPE_WDCH bound to: 0 - type: integer 
	Parameter C_PROG_FULL_TYPE_WRCH bound to: 0 - type: integer 
	Parameter C_PROG_FULL_TYPE_RACH bound to: 0 - type: integer 
	Parameter C_PROG_FULL_TYPE_RDCH bound to: 0 - type: integer 
	Parameter C_PROG_FULL_TYPE_AXIS bound to: 0 - type: integer 
	Parameter C_PROG_FULL_THRESH_ASSERT_VAL_WACH bound to: 1023 - type: integer 
	Parameter C_PROG_FULL_THRESH_ASSERT_VAL_WDCH bound to: 1023 - type: integer 
	Parameter C_PROG_FULL_THRESH_ASSERT_VAL_WRCH bound to: 1023 - type: integer 
	Parameter C_PROG_FULL_THRESH_ASSERT_VAL_RACH bound to: 1023 - type: integer 
	Parameter C_PROG_FULL_THRESH_ASSERT_VAL_RDCH bound to: 1023 - type: integer 
	Parameter C_PROG_FULL_THRESH_ASSERT_VAL_AXIS bound to: 1023 - type: integer 
	Parameter C_PROG_EMPTY_TYPE_WACH bound to: 0 - type: integer 
	Parameter C_PROG_EMPTY_TYPE_WDCH bound to: 0 - type: integer 
	Parameter C_PROG_EMPTY_TYPE_WRCH bound to: 0 - type: integer 
	Parameter C_PROG_EMPTY_TYPE_RACH bound to: 0 - type: integer 
	Parameter C_PROG_EMPTY_TYPE_RDCH bound to: 0 - type: integer 
	Parameter C_PROG_EMPTY_TYPE_AXIS bound to: 0 - type: integer 
	Parameter C_PROG_EMPTY_THRESH_ASSERT_VAL_WACH bound to: 1022 - type: integer 
	Parameter C_PROG_EMPTY_THRESH_ASSERT_VAL_WDCH bound to: 1022 - type: integer 
	Parameter C_PROG_EMPTY_THRESH_ASSERT_VAL_WRCH bound to: 1022 - type: integer 
	Parameter C_PROG_EMPTY_THRESH_ASSERT_VAL_RACH bound to: 1022 - type: integer 
	Parameter C_PROG_EMPTY_THRESH_ASSERT_VAL_RDCH bound to: 1022 - type: integer 
	Parameter C_PROG_EMPTY_THRESH_ASSERT_VAL_AXIS bound to: 1022 - type: integer 
	Parameter C_REG_SLICE_MODE_WACH bound to: 0 - type: integer 
	Parameter C_REG_SLICE_MODE_WDCH bound to: 0 - type: integer 
	Parameter C_REG_SLICE_MODE_WRCH bound to: 0 - type: integer 
	Parameter C_REG_SLICE_MODE_RACH bound to: 0 - type: integer 
	Parameter C_REG_SLICE_MODE_RDCH bound to: 0 - type: integer 
	Parameter C_REG_SLICE_MODE_AXIS bound to: 0 - type: integer 
INFO: [Synth 8-3491] module 'fifo_generator_v13_2_13' declared at '/home/miahafiz/NeuroRing_a_8192/_x.hw.NUM_8192.CORE_5.FREQ_300/link/vivado/vpl/prj/prj.gen/my_rm/bd/ulp/ipshared/dc46/hdl/fifo_generator_v13_2_vhsyn_rfs.vhd:38308' bound to instance 'U0' of component 'fifo_generator_v13_2_13' [/home/miahafiz/NeuroRing_a_8192/_x.hw.NUM_8192.CORE_5.FREQ_300/link/vivado/vpl/prj/prj.gen/my_rm/bd/ulp/ip/ulp_krnl_aurora_1_0/src/aurora_64b66b_0/ip_1/synth/aurora_64b66b_0_fifo_gen_master.vhd:554]
INFO: [Synth 8-256] done synthesizing module 'aurora_64b66b_0_fifo_gen_master' (0#1) [/home/miahafiz/NeuroRing_a_8192/_x.hw.NUM_8192.CORE_5.FREQ_300/link/vivado/vpl/prj/prj.gen/my_rm/bd/ulp/ip/ulp_krnl_aurora_1_0/src/aurora_64b66b_0/ip_1/synth/aurora_64b66b_0_fifo_gen_master.vhd:79]
INFO: [Synth 8-6157] synthesizing module 'aurora_64b66b_0_CH_BOND_MASTER' [/home/miahafiz/NeuroRing_a_8192/_x.hw.NUM_8192.CORE_5.FREQ_300/link/vivado/vpl/prj/prj.gen/my_rm/bd/ulp/ip/ulp_krnl_aurora_1_0/src/aurora_64b66b_0/aurora_64b66b_0/src/aurora_64b66b_0_cbcc_gtx_6466.v:1244]
INFO: [Synth 8-6155] done synthesizing module 'aurora_64b66b_0_CH_BOND_MASTER' (0#1) [/home/miahafiz/NeuroRing_a_8192/_x.hw.NUM_8192.CORE_5.FREQ_300/link/vivado/vpl/prj/prj.gen/my_rm/bd/ulp/ip/ulp_krnl_aurora_1_0/src/aurora_64b66b_0/aurora_64b66b_0/src/aurora_64b66b_0_cbcc_gtx_6466.v:1244]
INFO: [Synth 8-6155] done synthesizing module 'aurora_64b66b_0_CLOCK_CORRECTION_CHANNEL_BONDING__parameterized0' (0#1) [/home/miahafiz/NeuroRing_a_8192/_x.hw.NUM_8192.CORE_5.FREQ_300/link/vivado/vpl/prj/prj.gen/my_rm/bd/ulp/ip/ulp_krnl_aurora_1_0/src/aurora_64b66b_0/aurora_64b66b_0/src/aurora_64b66b_0_cbcc_gtx_6466.v:70]
INFO: [Synth 8-155] case statement is not full and has no default [/home/miahafiz/NeuroRing_a_8192/_x.hw.NUM_8192.CORE_5.FREQ_300/link/vivado/vpl/prj/prj.gen/my_rm/bd/ulp/ip/ulp_krnl_aurora_1_0/src/aurora_64b66b_0/aurora_64b66b_0/example_design/gt/aurora_64b66b_0_wrapper.v:2672]
INFO: [Synth 8-6155] done synthesizing module 'aurora_64b66b_0_WRAPPER' (0#1) [/home/miahafiz/NeuroRing_a_8192/_x.hw.NUM_8192.CORE_5.FREQ_300/link/vivado/vpl/prj/prj.gen/my_rm/bd/ulp/ip/ulp_krnl_aurora_1_0/src/aurora_64b66b_0/aurora_64b66b_0/example_design/gt/aurora_64b66b_0_wrapper.v:64]
WARNING: [Synth 8-7071] port 'TXDATAVALID_OUT_lane1' of module 'aurora_64b66b_0_WRAPPER' is unconnected for instance 'aurora_64b66b_0_wrapper_i' [/home/miahafiz/NeuroRing_a_8192/_x.hw.NUM_8192.CORE_5.FREQ_300/link/vivado/vpl/prj/prj.gen/my_rm/bd/ulp/ip/ulp_krnl_aurora_1_0/src/aurora_64b66b_0/aurora_64b66b_0_core.v:728]
WARNING: [Synth 8-7071] port 'TXDATAVALID_OUT_lane2' of module 'aurora_64b66b_0_WRAPPER' is unconnected for instance 'aurora_64b66b_0_wrapper_i' [/home/miahafiz/NeuroRing_a_8192/_x.hw.NUM_8192.CORE_5.FREQ_300/link/vivado/vpl/prj/prj.gen/my_rm/bd/ulp/ip/ulp_krnl_aurora_1_0/src/aurora_64b66b_0/aurora_64b66b_0_core.v:728]
WARNING: [Synth 8-7071] port 'TXDATAVALID_OUT_lane3' of module 'aurora_64b66b_0_WRAPPER' is unconnected for instance 'aurora_64b66b_0_wrapper_i' [/home/miahafiz/NeuroRing_a_8192/_x.hw.NUM_8192.CORE_5.FREQ_300/link/vivado/vpl/prj/prj.gen/my_rm/bd/ulp/ip/ulp_krnl_aurora_1_0/src/aurora_64b66b_0/aurora_64b66b_0_core.v:728]
WARNING: [Synth 8-7023] instance 'aurora_64b66b_0_wrapper_i' of module 'aurora_64b66b_0_WRAPPER' has 145 connections declared, but only 142 given [/home/miahafiz/NeuroRing_a_8192/_x.hw.NUM_8192.CORE_5.FREQ_300/link/vivado/vpl/prj/prj.gen/my_rm/bd/ulp/ip/ulp_krnl_aurora_1_0/src/aurora_64b66b_0/aurora_64b66b_0_core.v:728]
INFO: [Synth 8-6157] synthesizing module 'aurora_64b66b_0_GLOBAL_LOGIC' [/home/miahafiz/NeuroRing_a_8192/_x.hw.NUM_8192.CORE_5.FREQ_300/link/vivado/vpl/prj/prj.gen/my_rm/bd/ulp/ip/ulp_krnl_aurora_1_0/src/aurora_64b66b_0/aurora_64b66b_0/src/aurora_64b66b_0_global_logic.v:67]
INFO: [Synth 8-6157] synthesizing module 'aurora_64b66b_0_CHANNEL_INIT_SM' [/home/miahafiz/NeuroRing_a_8192/_x.hw.NUM_8192.CORE_5.FREQ_300/link/vivado/vpl/prj/prj.gen/my_rm/bd/ulp/ip/ulp_krnl_aurora_1_0/src/aurora_64b66b_0/aurora_64b66b_0/src/aurora_64b66b_0_channel_init_sm.v:79]
INFO: [Synth 8-6157] synthesizing module 'FD' [/opt/xilinx/2025.1/Vivado/scripts/rt/data/unisim_comp.v:43990]
INFO: [Synth 8-6155] done synthesizing module 'FD' (0#1) [/opt/xilinx/2025.1/Vivado/scripts/rt/data/unisim_comp.v:43990]
INFO: [Synth 8-6157] synthesizing module 'FD__parameterized0' [/opt/xilinx/2025.1/Vivado/scripts/rt/data/unisim_comp.v:43990]
INFO: [Synth 8-6155] done synthesizing module 'FD__parameterized0' (0#1) [/opt/xilinx/2025.1/Vivado/scripts/rt/data/unisim_comp.v:43990]
INFO: [Synth 8-6155] done synthesizing module 'aurora_64b66b_0_CHANNEL_INIT_SM' (0#1) [/home/miahafiz/NeuroRing_a_8192/_x.hw.NUM_8192.CORE_5.FREQ_300/link/vivado/vpl/prj/prj.gen/my_rm/bd/ulp/ip/ulp_krnl_aurora_1_0/src/aurora_64b66b_0/aurora_64b66b_0/src/aurora_64b66b_0_channel_init_sm.v:79]
INFO: [Synth 8-6157] synthesizing module 'aurora_64b66b_0_CHANNEL_BOND_GEN' [/home/miahafiz/NeuroRing_a_8192/_x.hw.NUM_8192.CORE_5.FREQ_300/link/vivado/vpl/prj/prj.gen/my_rm/bd/ulp/ip/ulp_krnl_aurora_1_0/src/aurora_64b66b_0/aurora_64b66b_0/src/aurora_64b66b_0_ch_bond_code_gen.v:74]
INFO: [Synth 8-6155] done synthesizing module 'aurora_64b66b_0_CHANNEL_BOND_GEN' (0#1) [/home/miahafiz/NeuroRing_a_8192/_x.hw.NUM_8192.CORE_5.FREQ_300/link/vivado/vpl/prj/prj.gen/my_rm/bd/ulp/ip/ulp_krnl_aurora_1_0/src/aurora_64b66b_0/aurora_64b66b_0/src/aurora_64b66b_0_ch_bond_code_gen.v:74]
INFO: [Synth 8-6157] synthesizing module 'aurora_64b66b_0_CHANNEL_ERR_DETECT' [/home/miahafiz/NeuroRing_a_8192/_x.hw.NUM_8192.CORE_5.FREQ_300/link/vivado/vpl/prj/prj.gen/my_rm/bd/ulp/ip/ulp_krnl_aurora_1_0/src/aurora_64b66b_0/aurora_64b66b_0/src/aurora_64b66b_0_channel_err_detect.v:72]
INFO: [Synth 8-6155] done synthesizing module 'aurora_64b66b_0_CHANNEL_ERR_DETECT' (0#1) [/home/miahafiz/NeuroRing_a_8192/_x.hw.NUM_8192.CORE_5.FREQ_300/link/vivado/vpl/prj/prj.gen/my_rm/bd/ulp/ip/ulp_krnl_aurora_1_0/src/aurora_64b66b_0/aurora_64b66b_0/src/aurora_64b66b_0_channel_err_detect.v:72]
INFO: [Synth 8-6155] done synthesizing module 'aurora_64b66b_0_GLOBAL_LOGIC' (0#1) [/home/miahafiz/NeuroRing_a_8192/_x.hw.NUM_8192.CORE_5.FREQ_300/link/vivado/vpl/prj/prj.gen/my_rm/bd/ulp/ip/ulp_krnl_aurora_1_0/src/aurora_64b66b_0/aurora_64b66b_0/src/aurora_64b66b_0_global_logic.v:67]
INFO: [Synth 8-6157] synthesizing module 'aurora_64b66b_0_TX_STREAM' [/home/miahafiz/NeuroRing_a_8192/_x.hw.NUM_8192.CORE_5.FREQ_300/link/vivado/vpl/prj/prj.gen/my_rm/bd/ulp/ip/ulp_krnl_aurora_1_0/src/aurora_64b66b_0/aurora_64b66b_0/src/aurora_64b66b_0_tx_stream.v:69]
INFO: [Synth 8-6157] synthesizing module 'aurora_64b66b_0_TX_STREAM_DATAPATH' [/home/miahafiz/NeuroRing_a_8192/_x.hw.NUM_8192.CORE_5.FREQ_300/link/vivado/vpl/prj/prj.gen/my_rm/bd/ulp/ip/ulp_krnl_aurora_1_0/src/aurora_64b66b_0/aurora_64b66b_0/src/aurora_64b66b_0_tx_stream_datapath.v:68]
INFO: [Synth 8-6155] done synthesizing module 'aurora_64b66b_0_TX_STREAM_DATAPATH' (0#1) [/home/miahafiz/NeuroRing_a_8192/_x.hw.NUM_8192.CORE_5.FREQ_300/link/vivado/vpl/prj/prj.gen/my_rm/bd/ulp/ip/ulp_krnl_aurora_1_0/src/aurora_64b66b_0/aurora_64b66b_0/src/aurora_64b66b_0_tx_stream_datapath.v:68]
INFO: [Synth 8-6157] synthesizing module 'aurora_64b66b_0_TX_STREAM_CONTROL_SM' [/home/miahafiz/NeuroRing_a_8192/_x.hw.NUM_8192.CORE_5.FREQ_300/link/vivado/vpl/prj/prj.gen/my_rm/bd/ulp/ip/ulp_krnl_aurora_1_0/src/aurora_64b66b_0/aurora_64b66b_0/src/aurora_64b66b_0_tx_stream_control_sm.v:71]
INFO: [Synth 8-6155] done synthesizing module 'aurora_64b66b_0_TX_STREAM_CONTROL_SM' (0#1) [/home/miahafiz/NeuroRing_a_8192/_x.hw.NUM_8192.CORE_5.FREQ_300/link/vivado/vpl/prj/prj.gen/my_rm/bd/ulp/ip/ulp_krnl_aurora_1_0/src/aurora_64b66b_0/aurora_64b66b_0/src/aurora_64b66b_0_tx_stream_control_sm.v:71]
INFO: [Synth 8-6155] done synthesizing module 'aurora_64b66b_0_TX_STREAM' (0#1) [/home/miahafiz/NeuroRing_a_8192/_x.hw.NUM_8192.CORE_5.FREQ_300/link/vivado/vpl/prj/prj.gen/my_rm/bd/ulp/ip/ulp_krnl_aurora_1_0/src/aurora_64b66b_0/aurora_64b66b_0/src/aurora_64b66b_0_tx_stream.v:69]
INFO: [Synth 8-6157] synthesizing module 'aurora_64b66b_0_RX_STREAM' [/home/miahafiz/NeuroRing_a_8192/_x.hw.NUM_8192.CORE_5.FREQ_300/link/vivado/vpl/prj/prj.gen/my_rm/bd/ulp/ip/ulp_krnl_aurora_1_0/src/aurora_64b66b_0/aurora_64b66b_0/src/aurora_64b66b_0_rx_stream.v:68]
INFO: [Synth 8-6157] synthesizing module 'aurora_64b66b_0_RX_STREAM_DATAPATH' [/home/miahafiz/NeuroRing_a_8192/_x.hw.NUM_8192.CORE_5.FREQ_300/link/vivado/vpl/prj/prj.gen/my_rm/bd/ulp/ip/ulp_krnl_aurora_1_0/src/aurora_64b66b_0/aurora_64b66b_0/src/aurora_64b66b_0_rx_stream_datapath.v:68]
INFO: [Synth 8-6155] done synthesizing module 'aurora_64b66b_0_RX_STREAM_DATAPATH' (0#1) [/home/miahafiz/NeuroRing_a_8192/_x.hw.NUM_8192.CORE_5.FREQ_300/link/vivado/vpl/prj/prj.gen/my_rm/bd/ulp/ip/ulp_krnl_aurora_1_0/src/aurora_64b66b_0/aurora_64b66b_0/src/aurora_64b66b_0_rx_stream_datapath.v:68]
INFO: [Synth 8-6155] done synthesizing module 'aurora_64b66b_0_RX_STREAM' (0#1) [/home/miahafiz/NeuroRing_a_8192/_x.hw.NUM_8192.CORE_5.FREQ_300/link/vivado/vpl/prj/prj.gen/my_rm/bd/ulp/ip/ulp_krnl_aurora_1_0/src/aurora_64b66b_0/aurora_64b66b_0/src/aurora_64b66b_0_rx_stream.v:68]
INFO: [Synth 8-6157] synthesizing module 'aurora_64b66b_0_STANDARD_CC_MODULE' [/home/miahafiz/NeuroRing_a_8192/_x.hw.NUM_8192.CORE_5.FREQ_300/link/vivado/vpl/prj/prj.gen/my_rm/bd/ulp/ip/ulp_krnl_aurora_1_0/src/aurora_64b66b_0/aurora_64b66b_0/src/aurora_64b66b_0_standard_cc_module.v:70]
INFO: [Synth 8-6155] done synthesizing module 'aurora_64b66b_0_STANDARD_CC_MODULE' (0#1) [/home/miahafiz/NeuroRing_a_8192/_x.hw.NUM_8192.CORE_5.FREQ_300/link/vivado/vpl/prj/prj.gen/my_rm/bd/ulp/ip/ulp_krnl_aurora_1_0/src/aurora_64b66b_0/aurora_64b66b_0/src/aurora_64b66b_0_standard_cc_module.v:70]
INFO: [Synth 8-6155] done synthesizing module 'aurora_64b66b_0_core' (0#1) [/home/miahafiz/NeuroRing_a_8192/_x.hw.NUM_8192.CORE_5.FREQ_300/link/vivado/vpl/prj/prj.gen/my_rm/bd/ulp/ip/ulp_krnl_aurora_1_0/src/aurora_64b66b_0/aurora_64b66b_0_core.v:70]
INFO: [Synth 8-6155] done synthesizing module 'aurora_64b66b_0_support' (0#1) [/home/miahafiz/NeuroRing_a_8192/_x.hw.NUM_8192.CORE_5.FREQ_300/link/vivado/vpl/prj/prj.gen/my_rm/bd/ulp/ip/ulp_krnl_aurora_1_0/src/aurora_64b66b_0/aurora_64b66b_0/src/aurora_64b66b_0_support.v:67]
INFO: [Synth 8-6155] done synthesizing module 'aurora_64b66b_0' (0#1) [/home/miahafiz/NeuroRing_a_8192/_x.hw.NUM_8192.CORE_5.FREQ_300/link/vivado/vpl/prj/prj.gen/my_rm/bd/ulp/ip/ulp_krnl_aurora_1_0/src/aurora_64b66b_0/aurora_64b66b_0.v:68]
INFO: [Synth 8-6157] synthesizing module 'axis_data_fifo_0' [/home/miahafiz/NeuroRing_a_8192/_x.hw.NUM_8192.CORE_5.FREQ_300/link/vivado/vpl/prj/prj.gen/my_rm/bd/ulp/ip/ulp_krnl_aurora_1_0/src/axis_data_fifo_0/synth/axis_data_fifo_0.v:53]
INFO: [Synth 8-6157] synthesizing module 'axis_data_fifo_v2_0_17_top' [/home/miahafiz/NeuroRing_a_8192/_x.hw.NUM_8192.CORE_5.FREQ_300/link/vivado/vpl/prj/prj.gen/my_rm/bd/ulp/ip/ulp_krnl_aurora_1_0/src/axis_data_fifo_0/hdl/axis_data_fifo_v2_0_vl_rfs.v:53]
INFO: [Synth 8-6157] synthesizing module 'axis_infrastructure_v1_1_1_util_aclken_converter_wrapper' [/home/miahafiz/NeuroRing_a_8192/_x.hw.NUM_8192.CORE_5.FREQ_300/link/vivado/vpl/prj/prj.gen/my_rm/bd/ulp/ip/ulp_krnl_aurora_1_0/src/axis_data_fifo_0/hdl/axis_infrastructure_v1_1_vl_rfs.v:596]
INFO: [Synth 8-6157] synthesizing module 'axis_infrastructure_v1_1_1_util_axis2vector' [/home/miahafiz/NeuroRing_a_8192/_x.hw.NUM_8192.CORE_5.FREQ_300/link/vivado/vpl/prj/prj.gen/my_rm/bd/ulp/ip/ulp_krnl_aurora_1_0/src/axis_data_fifo_0/hdl/axis_infrastructure_v1_1_vl_rfs.v:805]
INFO: [Synth 8-6155] done synthesizing module 'axis_infrastructure_v1_1_1_util_axis2vector' (0#1) [/home/miahafiz/NeuroRing_a_8192/_x.hw.NUM_8192.CORE_5.FREQ_300/link/vivado/vpl/prj/prj.gen/my_rm/bd/ulp/ip/ulp_krnl_aurora_1_0/src/axis_data_fifo_0/hdl/axis_infrastructure_v1_1_vl_rfs.v:805]
INFO: [Synth 8-6157] synthesizing module 'axis_infrastructure_v1_1_1_util_vector2axis' [/home/miahafiz/NeuroRing_a_8192/_x.hw.NUM_8192.CORE_5.FREQ_300/link/vivado/vpl/prj/prj.gen/my_rm/bd/ulp/ip/ulp_krnl_aurora_1_0/src/axis_data_fifo_0/hdl/axis_infrastructure_v1_1_vl_rfs.v:986]
INFO: [Synth 8-6155] done synthesizing module 'axis_infrastructure_v1_1_1_util_vector2axis' (0#1) [/home/miahafiz/NeuroRing_a_8192/_x.hw.NUM_8192.CORE_5.FREQ_300/link/vivado/vpl/prj/prj.gen/my_rm/bd/ulp/ip/ulp_krnl_aurora_1_0/src/axis_data_fifo_0/hdl/axis_infrastructure_v1_1_vl_rfs.v:986]
INFO: [Synth 8-6155] done synthesizing module 'axis_infrastructure_v1_1_1_util_aclken_converter_wrapper' (0#1) [/home/miahafiz/NeuroRing_a_8192/_x.hw.NUM_8192.CORE_5.FREQ_300/link/vivado/vpl/prj/prj.gen/my_rm/bd/ulp/ip/ulp_krnl_aurora_1_0/src/axis_data_fifo_0/hdl/axis_infrastructure_v1_1_vl_rfs.v:596]
INFO: [Synth 8-6157] synthesizing module 'xpm_fifo_axis' [/opt/xilinx/2025.1/Vivado/data/ip/xpm/xpm_fifo/hdl/xpm_fifo.sv:2373]
INFO: [Synth 8-6157] synthesizing module 'xpm_cdc_sync_rst' [/opt/xilinx/2025.1/Vivado/data/ip/xpm/xpm_cdc/hdl/xpm_cdc.sv:1059]
INFO: [Synth 8-6155] done synthesizing module 'xpm_cdc_sync_rst' (0#1) [/opt/xilinx/2025.1/Vivado/data/ip/xpm/xpm_cdc/hdl/xpm_cdc.sv:1059]
INFO: [Synth 8-6157] synthesizing module 'xpm_fifo_base' [/opt/xilinx/2025.1/Vivado/data/ip/xpm/xpm_fifo/hdl/xpm_fifo.sv:53]
INFO: [Synth 8-6157] synthesizing module 'xpm_memory_base' [/opt/xilinx/2025.1/Vivado/data/ip/xpm/xpm_memory/hdl/xpm_memory.sv:54]
INFO: [Synth 8-6059] Synth Info: [XPM_MEMORY 20-1] MEMORY_PRIMITIVE (0) instructs Vivado Synthesis to choose the memory primitive type. Depending on their values, other XPM_MEMORY parameters may preclude the choice of certain memory primitive types. Review XPM_MEMORY documentation and parameter values to understand any limitations, or set MEMORY_PRIMITIVE to a different value.   [/opt/xilinx/2025.1/Vivado/data/ip/xpm/xpm_memory/hdl/xpm_memory.sv:522]
INFO: [Synth 8-6155] done synthesizing module 'xpm_memory_base' (0#1) [/opt/xilinx/2025.1/Vivado/data/ip/xpm/xpm_memory/hdl/xpm_memory.sv:54]
INFO: [Synth 8-6157] synthesizing module 'xpm_cdc_gray' [/opt/xilinx/2025.1/Vivado/data/ip/xpm/xpm_cdc/hdl/xpm_cdc.sv:283]
INFO: [Synth 8-6155] done synthesizing module 'xpm_cdc_gray' (0#1) [/opt/xilinx/2025.1/Vivado/data/ip/xpm/xpm_cdc/hdl/xpm_cdc.sv:283]
INFO: [Synth 8-6157] synthesizing module 'xpm_fifo_reg_vec' [/opt/xilinx/2025.1/Vivado/data/ip/xpm/xpm_fifo/hdl/xpm_fifo.sv:1905]
INFO: [Synth 8-6155] done synthesizing module 'xpm_fifo_reg_vec' (0#1) [/opt/xilinx/2025.1/Vivado/data/ip/xpm/xpm_fifo/hdl/xpm_fifo.sv:1905]
INFO: [Synth 8-6157] synthesizing module 'xpm_cdc_gray__parameterized0' [/opt/xilinx/2025.1/Vivado/data/ip/xpm/xpm_cdc/hdl/xpm_cdc.sv:283]
INFO: [Synth 8-6155] done synthesizing module 'xpm_cdc_gray__parameterized0' (0#1) [/opt/xilinx/2025.1/Vivado/data/ip/xpm/xpm_cdc/hdl/xpm_cdc.sv:283]
INFO: [Synth 8-6157] synthesizing module 'xpm_fifo_reg_vec__parameterized0' [/opt/xilinx/2025.1/Vivado/data/ip/xpm/xpm_fifo/hdl/xpm_fifo.sv:1905]
INFO: [Synth 8-6155] done synthesizing module 'xpm_fifo_reg_vec__parameterized0' (0#1) [/opt/xilinx/2025.1/Vivado/data/ip/xpm/xpm_fifo/hdl/xpm_fifo.sv:1905]
INFO: [Synth 8-6157] synthesizing module 'xpm_cdc_gray__parameterized1' [/opt/xilinx/2025.1/Vivado/data/ip/xpm/xpm_cdc/hdl/xpm_cdc.sv:283]
INFO: [Synth 8-6155] done synthesizing module 'xpm_cdc_gray__parameterized1' (0#1) [/opt/xilinx/2025.1/Vivado/data/ip/xpm/xpm_cdc/hdl/xpm_cdc.sv:283]
INFO: [Synth 8-226] default block is never used [/opt/xilinx/2025.1/Vivado/data/ip/xpm/xpm_fifo/hdl/xpm_fifo.sv:1220]
INFO: [Synth 8-226] default block is never used [/opt/xilinx/2025.1/Vivado/data/ip/xpm/xpm_fifo/hdl/xpm_fifo.sv:1287]
INFO: [Synth 8-226] default block is never used [/opt/xilinx/2025.1/Vivado/data/ip/xpm/xpm_fifo/hdl/xpm_fifo.sv:1309]
INFO: [Synth 8-6157] synthesizing module 'xpm_fifo_reg_bit' [/opt/xilinx/2025.1/Vivado/data/ip/xpm/xpm_fifo/hdl/xpm_fifo.sv:1927]
INFO: [Synth 8-6155] done synthesizing module 'xpm_fifo_reg_bit' (0#1) [/opt/xilinx/2025.1/Vivado/data/ip/xpm/xpm_fifo/hdl/xpm_fifo.sv:1927]
INFO: [Synth 8-6157] synthesizing module 'xpm_counter_updn' [/opt/xilinx/2025.1/Vivado/data/ip/xpm/xpm_fifo/hdl/xpm_fifo.sv:1879]
INFO: [Synth 8-6155] done synthesizing module 'xpm_counter_updn' (0#1) [/opt/xilinx/2025.1/Vivado/data/ip/xpm/xpm_fifo/hdl/xpm_fifo.sv:1879]
INFO: [Synth 8-6157] synthesizing module 'xpm_fifo_rst' [/opt/xilinx/2025.1/Vivado/data/ip/xpm/xpm_fifo/hdl/xpm_fifo.sv:1639]
INFO: [Synth 8-6155] done synthesizing module 'xpm_fifo_rst' (0#1) [/opt/xilinx/2025.1/Vivado/data/ip/xpm/xpm_fifo/hdl/xpm_fifo.sv:1639]
INFO: [Synth 8-6157] synthesizing module 'xpm_counter_updn__parameterized0' [/opt/xilinx/2025.1/Vivado/data/ip/xpm/xpm_fifo/hdl/xpm_fifo.sv:1879]
INFO: [Synth 8-6155] done synthesizing module 'xpm_counter_updn__parameterized0' (0#1) [/opt/xilinx/2025.1/Vivado/data/ip/xpm/xpm_fifo/hdl/xpm_fifo.sv:1879]
INFO: [Synth 8-6157] synthesizing module 'xpm_counter_updn__parameterized1' [/opt/xilinx/2025.1/Vivado/data/ip/xpm/xpm_fifo/hdl/xpm_fifo.sv:1879]
INFO: [Synth 8-6155] done synthesizing module 'xpm_counter_updn__parameterized1' (0#1) [/opt/xilinx/2025.1/Vivado/data/ip/xpm/xpm_fifo/hdl/xpm_fifo.sv:1879]
INFO: [Synth 8-6157] synthesizing module 'xpm_counter_updn__parameterized2' [/opt/xilinx/2025.1/Vivado/data/ip/xpm/xpm_fifo/hdl/xpm_fifo.sv:1879]
INFO: [Synth 8-6155] done synthesizing module 'xpm_counter_updn__parameterized2' (0#1) [/opt/xilinx/2025.1/Vivado/data/ip/xpm/xpm_fifo/hdl/xpm_fifo.sv:1879]
INFO: [Synth 8-6155] done synthesizing module 'xpm_fifo_base' (0#1) [/opt/xilinx/2025.1/Vivado/data/ip/xpm/xpm_fifo/hdl/xpm_fifo.sv:53]
INFO: [Synth 8-6155] done synthesizing module 'xpm_fifo_axis' (0#1) [/opt/xilinx/2025.1/Vivado/data/ip/xpm/xpm_fifo/hdl/xpm_fifo.sv:2373]
INFO: [Synth 8-6155] done synthesizing module 'axis_data_fifo_v2_0_17_top' (0#1) [/home/miahafiz/NeuroRing_a_8192/_x.hw.NUM_8192.CORE_5.FREQ_300/link/vivado/vpl/prj/prj.gen/my_rm/bd/ulp/ip/ulp_krnl_aurora_1_0/src/axis_data_fifo_0/hdl/axis_data_fifo_v2_0_vl_rfs.v:53]
INFO: [Synth 8-6155] done synthesizing module 'axis_data_fifo_0' (0#1) [/home/miahafiz/NeuroRing_a_8192/_x.hw.NUM_8192.CORE_5.FREQ_300/link/vivado/vpl/prj/prj.gen/my_rm/bd/ulp/ip/ulp_krnl_aurora_1_0/src/axis_data_fifo_0/synth/axis_data_fifo_0.v:53]
INFO: [Synth 8-6157] synthesizing module 'krnl_aurora_control_s_axi' [/home/miahafiz/NeuroRing_a_8192/_x.hw.NUM_8192.CORE_5.FREQ_300/link/vivado/vpl/prj/prj.gen/my_rm/bd/ulp/ipshared/4368/src/krnl_aurora_control_s_axi.v:8]
INFO: [Synth 8-155] case statement is not full and has no default [/home/miahafiz/NeuroRing_a_8192/_x.hw.NUM_8192.CORE_5.FREQ_300/link/vivado/vpl/prj/prj.gen/my_rm/bd/ulp/ipshared/4368/src/krnl_aurora_control_s_axi.v:96]
INFO: [Synth 8-6155] done synthesizing module 'krnl_aurora_control_s_axi' (0#1) [/home/miahafiz/NeuroRing_a_8192/_x.hw.NUM_8192.CORE_5.FREQ_300/link/vivado/vpl/prj/prj.gen/my_rm/bd/ulp/ipshared/4368/src/krnl_aurora_control_s_axi.v:8]
INFO: [Synth 8-6155] done synthesizing module 'krnl_aurora' (0#1) [/home/miahafiz/NeuroRing_a_8192/_x.hw.NUM_8192.CORE_5.FREQ_300/link/vivado/vpl/prj/prj.gen/my_rm/bd/ulp/ipshared/4368/src/krnl_aurora.v:6]
INFO: [Synth 8-6155] done synthesizing module 'ulp_krnl_aurora_1_0' (0#1) [/home/miahafiz/NeuroRing_a_8192/_x.hw.NUM_8192.CORE_5.FREQ_300/link/vivado/vpl/prj/prj.gen/my_rm/bd/ulp/ip/ulp_krnl_aurora_1_0/synth/ulp_krnl_aurora_1_0.v:53]
WARNING: [Synth 8-6014] Unused sequential element stg6_reg was removed.  [/home/miahafiz/NeuroRing_a_8192/_x.hw.NUM_8192.CORE_5.FREQ_300/link/vivado/vpl/prj/prj.gen/my_rm/bd/ulp/ip/ulp_krnl_aurora_1_0/src/aurora_64b66b_0/aurora_64b66b_0/src/aurora_64b66b_0_cdc_sync.v:596]
WARNING: [Synth 8-6014] Unused sequential element stg7_reg was removed.  [/home/miahafiz/NeuroRing_a_8192/_x.hw.NUM_8192.CORE_5.FREQ_300/link/vivado/vpl/prj/prj.gen/my_rm/bd/ulp/ip/ulp_krnl_aurora_1_0/src/aurora_64b66b_0/aurora_64b66b_0/src/aurora_64b66b_0_cdc_sync.v:597]
WARNING: [Synth 8-6014] Unused sequential element stg8_reg was removed.  [/home/miahafiz/NeuroRing_a_8192/_x.hw.NUM_8192.CORE_5.FREQ_300/link/vivado/vpl/prj/prj.gen/my_rm/bd/ulp/ip/ulp_krnl_aurora_1_0/src/aurora_64b66b_0/aurora_64b66b_0/src/aurora_64b66b_0_cdc_sync.v:598]
WARNING: [Synth 8-6014] Unused sequential element stg9_reg was removed.  [/home/miahafiz/NeuroRing_a_8192/_x.hw.NUM_8192.CORE_5.FREQ_300/link/vivado/vpl/prj/prj.gen/my_rm/bd/ulp/ip/ulp_krnl_aurora_1_0/src/aurora_64b66b_0/aurora_64b66b_0/src/aurora_64b66b_0_cdc_sync.v:599]
WARNING: [Synth 8-6014] Unused sequential element stg10_reg was removed.  [/home/miahafiz/NeuroRing_a_8192/_x.hw.NUM_8192.CORE_5.FREQ_300/link/vivado/vpl/prj/prj.gen/my_rm/bd/ulp/ip/ulp_krnl_aurora_1_0/src/aurora_64b66b_0/aurora_64b66b_0/src/aurora_64b66b_0_cdc_sync.v:600]
WARNING: [Synth 8-6014] Unused sequential element stg11_reg was removed.  [/home/miahafiz/NeuroRing_a_8192/_x.hw.NUM_8192.CORE_5.FREQ_300/link/vivado/vpl/prj/prj.gen/my_rm/bd/ulp/ip/ulp_krnl_aurora_1_0/src/aurora_64b66b_0/aurora_64b66b_0/src/aurora_64b66b_0_cdc_sync.v:601]
WARNING: [Synth 8-6014] Unused sequential element stg12_reg was removed.  [/home/miahafiz/NeuroRing_a_8192/_x.hw.NUM_8192.CORE_5.FREQ_300/link/vivado/vpl/prj/prj.gen/my_rm/bd/ulp/ip/ulp_krnl_aurora_1_0/src/aurora_64b66b_0/aurora_64b66b_0/src/aurora_64b66b_0_cdc_sync.v:602]
WARNING: [Synth 8-6014] Unused sequential element stg13_reg was removed.  [/home/miahafiz/NeuroRing_a_8192/_x.hw.NUM_8192.CORE_5.FREQ_300/link/vivado/vpl/prj/prj.gen/my_rm/bd/ulp/ip/ulp_krnl_aurora_1_0/src/aurora_64b66b_0/aurora_64b66b_0/src/aurora_64b66b_0_cdc_sync.v:603]
WARNING: [Synth 8-6014] Unused sequential element stg14_reg was removed.  [/home/miahafiz/NeuroRing_a_8192/_x.hw.NUM_8192.CORE_5.FREQ_300/link/vivado/vpl/prj/prj.gen/my_rm/bd/ulp/ip/ulp_krnl_aurora_1_0/src/aurora_64b66b_0/aurora_64b66b_0/src/aurora_64b66b_0_cdc_sync.v:604]
WARNING: [Synth 8-6014] Unused sequential element stg15_reg was removed.  [/home/miahafiz/NeuroRing_a_8192/_x.hw.NUM_8192.CORE_5.FREQ_300/link/vivado/vpl/prj/prj.gen/my_rm/bd/ulp/ip/ulp_krnl_aurora_1_0/src/aurora_64b66b_0/aurora_64b66b_0/src/aurora_64b66b_0_cdc_sync.v:605]
WARNING: [Synth 8-6014] Unused sequential element stg16_reg was removed.  [/home/miahafiz/NeuroRing_a_8192/_x.hw.NUM_8192.CORE_5.FREQ_300/link/vivado/vpl/prj/prj.gen/my_rm/bd/ulp/ip/ulp_krnl_aurora_1_0/src/aurora_64b66b_0/aurora_64b66b_0/src/aurora_64b66b_0_cdc_sync.v:606]
WARNING: [Synth 8-6014] Unused sequential element stg17_reg was removed.  [/home/miahafiz/NeuroRing_a_8192/_x.hw.NUM_8192.CORE_5.FREQ_300/link/vivado/vpl/prj/prj.gen/my_rm/bd/ulp/ip/ulp_krnl_aurora_1_0/src/aurora_64b66b_0/aurora_64b66b_0/src/aurora_64b66b_0_cdc_sync.v:607]
WARNING: [Synth 8-6014] Unused sequential element stg18_reg was removed.  [/home/miahafiz/NeuroRing_a_8192/_x.hw.NUM_8192.CORE_5.FREQ_300/link/vivado/vpl/prj/prj.gen/my_rm/bd/ulp/ip/ulp_krnl_aurora_1_0/src/aurora_64b66b_0/aurora_64b66b_0/src/aurora_64b66b_0_cdc_sync.v:608]
WARNING: [Synth 8-6014] Unused sequential element stg19_reg was removed.  [/home/miahafiz/NeuroRing_a_8192/_x.hw.NUM_8192.CORE_5.FREQ_300/link/vivado/vpl/prj/prj.gen/my_rm/bd/ulp/ip/ulp_krnl_aurora_1_0/src/aurora_64b66b_0/aurora_64b66b_0/src/aurora_64b66b_0_cdc_sync.v:609]
WARNING: [Synth 8-6014] Unused sequential element stg20_reg was removed.  [/home/miahafiz/NeuroRing_a_8192/_x.hw.NUM_8192.CORE_5.FREQ_300/link/vivado/vpl/prj/prj.gen/my_rm/bd/ulp/ip/ulp_krnl_aurora_1_0/src/aurora_64b66b_0/aurora_64b66b_0/src/aurora_64b66b_0_cdc_sync.v:610]
WARNING: [Synth 8-6014] Unused sequential element stg21_reg was removed.  [/home/miahafiz/NeuroRing_a_8192/_x.hw.NUM_8192.CORE_5.FREQ_300/link/vivado/vpl/prj/prj.gen/my_rm/bd/ulp/ip/ulp_krnl_aurora_1_0/src/aurora_64b66b_0/aurora_64b66b_0/src/aurora_64b66b_0_cdc_sync.v:611]
WARNING: [Synth 8-6014] Unused sequential element stg22_reg was removed.  [/home/miahafiz/NeuroRing_a_8192/_x.hw.NUM_8192.CORE_5.FREQ_300/link/vivado/vpl/prj/prj.gen/my_rm/bd/ulp/ip/ulp_krnl_aurora_1_0/src/aurora_64b66b_0/aurora_64b66b_0/src/aurora_64b66b_0_cdc_sync.v:612]
WARNING: [Synth 8-6014] Unused sequential element stg23_reg was removed.  [/home/miahafiz/NeuroRing_a_8192/_x.hw.NUM_8192.CORE_5.FREQ_300/link/vivado/vpl/prj/prj.gen/my_rm/bd/ulp/ip/ulp_krnl_aurora_1_0/src/aurora_64b66b_0/aurora_64b66b_0/src/aurora_64b66b_0_cdc_sync.v:613]
WARNING: [Synth 8-6014] Unused sequential element stg24_reg was removed.  [/home/miahafiz/NeuroRing_a_8192/_x.hw.NUM_8192.CORE_5.FREQ_300/link/vivado/vpl/prj/prj.gen/my_rm/bd/ulp/ip/ulp_krnl_aurora_1_0/src/aurora_64b66b_0/aurora_64b66b_0/src/aurora_64b66b_0_cdc_sync.v:614]
WARNING: [Synth 8-6014] Unused sequential element stg25_reg was removed.  [/home/miahafiz/NeuroRing_a_8192/_x.hw.NUM_8192.CORE_5.FREQ_300/link/vivado/vpl/prj/prj.gen/my_rm/bd/ulp/ip/ulp_krnl_aurora_1_0/src/aurora_64b66b_0/aurora_64b66b_0/src/aurora_64b66b_0_cdc_sync.v:615]
WARNING: [Synth 8-6014] Unused sequential element stg26_reg was removed.  [/home/miahafiz/NeuroRing_a_8192/_x.hw.NUM_8192.CORE_5.FREQ_300/link/vivado/vpl/prj/prj.gen/my_rm/bd/ulp/ip/ulp_krnl_aurora_1_0/src/aurora_64b66b_0/aurora_64b66b_0/src/aurora_64b66b_0_cdc_sync.v:616]
WARNING: [Synth 8-6014] Unused sequential element stg27_reg was removed.  [/home/miahafiz/NeuroRing_a_8192/_x.hw.NUM_8192.CORE_5.FREQ_300/link/vivado/vpl/prj/prj.gen/my_rm/bd/ulp/ip/ulp_krnl_aurora_1_0/src/aurora_64b66b_0/aurora_64b66b_0/src/aurora_64b66b_0_cdc_sync.v:617]
WARNING: [Synth 8-6014] Unused sequential element stg28_reg was removed.  [/home/miahafiz/NeuroRing_a_8192/_x.hw.NUM_8192.CORE_5.FREQ_300/link/vivado/vpl/prj/prj.gen/my_rm/bd/ulp/ip/ulp_krnl_aurora_1_0/src/aurora_64b66b_0/aurora_64b66b_0/src/aurora_64b66b_0_cdc_sync.v:618]
WARNING: [Synth 8-6014] Unused sequential element stg29_reg was removed.  [/home/miahafiz/NeuroRing_a_8192/_x.hw.NUM_8192.CORE_5.FREQ_300/link/vivado/vpl/prj/prj.gen/my_rm/bd/ulp/ip/ulp_krnl_aurora_1_0/src/aurora_64b66b_0/aurora_64b66b_0/src/aurora_64b66b_0_cdc_sync.v:619]
WARNING: [Synth 8-6014] Unused sequential element stg30_reg was removed.  [/home/miahafiz/NeuroRing_a_8192/_x.hw.NUM_8192.CORE_5.FREQ_300/link/vivado/vpl/prj/prj.gen/my_rm/bd/ulp/ip/ulp_krnl_aurora_1_0/src/aurora_64b66b_0/aurora_64b66b_0/src/aurora_64b66b_0_cdc_sync.v:620]
WARNING: [Synth 8-6014] Unused sequential element stg31_reg was removed.  [/home/miahafiz/NeuroRing_a_8192/_x.hw.NUM_8192.CORE_5.FREQ_300/link/vivado/vpl/prj/prj.gen/my_rm/bd/ulp/ip/ulp_krnl_aurora_1_0/src/aurora_64b66b_0/aurora_64b66b_0/src/aurora_64b66b_0_cdc_sync.v:621]
INFO: [Synth 8-3936] Found unconnected internal register 'dly_gt_rst_r_reg' and it is trimmed from '20' to '19' bits. [/home/miahafiz/NeuroRing_a_8192/_x.hw.NUM_8192.CORE_5.FREQ_300/link/vivado/vpl/prj/prj.gen/my_rm/bd/ulp/ip/ulp_krnl_aurora_1_0/src/aurora_64b66b_0/aurora_64b66b_0/src/aurora_64b66b_0_support_reset_logic.v:132]
WARNING: [Synth 8-6014] Unused sequential element rxdatavalid_r_reg was removed.  [/home/miahafiz/NeuroRing_a_8192/_x.hw.NUM_8192.CORE_5.FREQ_300/link/vivado/vpl/prj/prj.gen/my_rm/bd/ulp/ip/ulp_krnl_aurora_1_0/src/aurora_64b66b_0/aurora_64b66b_0/src/aurora_64b66b_0_sym_dec.v:196]
WARNING: [Synth 8-6014] Unused sequential element sync_header_r_reg was removed.  [/home/miahafiz/NeuroRing_a_8192/_x.hw.NUM_8192.CORE_5.FREQ_300/link/vivado/vpl/prj/prj.gen/my_rm/bd/ulp/ip/ulp_krnl_aurora_1_0/src/aurora_64b66b_0/aurora_64b66b_0/src/aurora_64b66b_0_sym_dec.v:206]
WARNING: [Synth 8-6014] Unused sequential element stg4_reg was removed.  [/home/miahafiz/NeuroRing_a_8192/_x.hw.NUM_8192.CORE_5.FREQ_300/link/vivado/vpl/prj/prj.gen/my_rm/bd/ulp/ip/ulp_krnl_aurora_1_0/src/aurora_64b66b_0/aurora_64b66b_0/src/aurora_64b66b_0_cdc_sync.v:594]
WARNING: [Synth 8-6014] Unused sequential element stg5_reg was removed.  [/home/miahafiz/NeuroRing_a_8192/_x.hw.NUM_8192.CORE_5.FREQ_300/link/vivado/vpl/prj/prj.gen/my_rm/bd/ulp/ip/ulp_krnl_aurora_1_0/src/aurora_64b66b_0/aurora_64b66b_0/src/aurora_64b66b_0_cdc_sync.v:595]
WARNING: [Synth 8-6014] Unused sequential element stg6_reg was removed.  [/home/miahafiz/NeuroRing_a_8192/_x.hw.NUM_8192.CORE_5.FREQ_300/link/vivado/vpl/prj/prj.gen/my_rm/bd/ulp/ip/ulp_krnl_aurora_1_0/src/aurora_64b66b_0/aurora_64b66b_0/src/aurora_64b66b_0_cdc_sync.v:596]
WARNING: [Synth 8-6014] Unused sequential element stg7_reg was removed.  [/home/miahafiz/NeuroRing_a_8192/_x.hw.NUM_8192.CORE_5.FREQ_300/link/vivado/vpl/prj/prj.gen/my_rm/bd/ulp/ip/ulp_krnl_aurora_1_0/src/aurora_64b66b_0/aurora_64b66b_0/src/aurora_64b66b_0_cdc_sync.v:597]
WARNING: [Synth 8-6014] Unused sequential element stg8_reg was removed.  [/home/miahafiz/NeuroRing_a_8192/_x.hw.NUM_8192.CORE_5.FREQ_300/link/vivado/vpl/prj/prj.gen/my_rm/bd/ulp/ip/ulp_krnl_aurora_1_0/src/aurora_64b66b_0/aurora_64b66b_0/src/aurora_64b66b_0_cdc_sync.v:598]
WARNING: [Synth 8-6014] Unused sequential element stg9_reg was removed.  [/home/miahafiz/NeuroRing_a_8192/_x.hw.NUM_8192.CORE_5.FREQ_300/link/vivado/vpl/prj/prj.gen/my_rm/bd/ulp/ip/ulp_krnl_aurora_1_0/src/aurora_64b66b_0/aurora_64b66b_0/src/aurora_64b66b_0_cdc_sync.v:599]
WARNING: [Synth 8-6014] Unused sequential element stg10_reg was removed.  [/home/miahafiz/NeuroRing_a_8192/_x.hw.NUM_8192.CORE_5.FREQ_300/link/vivado/vpl/prj/prj.gen/my_rm/bd/ulp/ip/ulp_krnl_aurora_1_0/src/aurora_64b66b_0/aurora_64b66b_0/src/aurora_64b66b_0_cdc_sync.v:600]
WARNING: [Synth 8-6014] Unused sequential element stg11_reg was removed.  [/home/miahafiz/NeuroRing_a_8192/_x.hw.NUM_8192.CORE_5.FREQ_300/link/vivado/vpl/prj/prj.gen/my_rm/bd/ulp/ip/ulp_krnl_aurora_1_0/src/aurora_64b66b_0/aurora_64b66b_0/src/aurora_64b66b_0_cdc_sync.v:601]
WARNING: [Synth 8-6014] Unused sequential element stg12_reg was removed.  [/home/miahafiz/NeuroRing_a_8192/_x.hw.NUM_8192.CORE_5.FREQ_300/link/vivado/vpl/prj/prj.gen/my_rm/bd/ulp/ip/ulp_krnl_aurora_1_0/src/aurora_64b66b_0/aurora_64b66b_0/src/aurora_64b66b_0_cdc_sync.v:602]
WARNING: [Synth 8-6014] Unused sequential element stg13_reg was removed.  [/home/miahafiz/NeuroRing_a_8192/_x.hw.NUM_8192.CORE_5.FREQ_300/link/vivado/vpl/prj/prj.gen/my_rm/bd/ulp/ip/ulp_krnl_aurora_1_0/src/aurora_64b66b_0/aurora_64b66b_0/src/aurora_64b66b_0_cdc_sync.v:603]
WARNING: [Synth 8-6014] Unused sequential element stg14_reg was removed.  [/home/miahafiz/NeuroRing_a_8192/_x.hw.NUM_8192.CORE_5.FREQ_300/link/vivado/vpl/prj/prj.gen/my_rm/bd/ulp/ip/ulp_krnl_aurora_1_0/src/aurora_64b66b_0/aurora_64b66b_0/src/aurora_64b66b_0_cdc_sync.v:604]
WARNING: [Synth 8-6014] Unused sequential element stg15_reg was removed.  [/home/miahafiz/NeuroRing_a_8192/_x.hw.NUM_8192.CORE_5.FREQ_300/link/vivado/vpl/prj/prj.gen/my_rm/bd/ulp/ip/ulp_krnl_aurora_1_0/src/aurora_64b66b_0/aurora_64b66b_0/src/aurora_64b66b_0_cdc_sync.v:605]
WARNING: [Synth 8-6014] Unused sequential element stg16_reg was removed.  [/home/miahafiz/NeuroRing_a_8192/_x.hw.NUM_8192.CORE_5.FREQ_300/link/vivado/vpl/prj/prj.gen/my_rm/bd/ulp/ip/ulp_krnl_aurora_1_0/src/aurora_64b66b_0/aurora_64b66b_0/src/aurora_64b66b_0_cdc_sync.v:606]
WARNING: [Synth 8-6014] Unused sequential element stg17_reg was removed.  [/home/miahafiz/NeuroRing_a_8192/_x.hw.NUM_8192.CORE_5.FREQ_300/link/vivado/vpl/prj/prj.gen/my_rm/bd/ulp/ip/ulp_krnl_aurora_1_0/src/aurora_64b66b_0/aurora_64b66b_0/src/aurora_64b66b_0_cdc_sync.v:607]
WARNING: [Synth 8-6014] Unused sequential element stg18_reg was removed.  [/home/miahafiz/NeuroRing_a_8192/_x.hw.NUM_8192.CORE_5.FREQ_300/link/vivado/vpl/prj/prj.gen/my_rm/bd/ulp/ip/ulp_krnl_aurora_1_0/src/aurora_64b66b_0/aurora_64b66b_0/src/aurora_64b66b_0_cdc_sync.v:608]
WARNING: [Synth 8-6014] Unused sequential element stg19_reg was removed.  [/home/miahafiz/NeuroRing_a_8192/_x.hw.NUM_8192.CORE_5.FREQ_300/link/vivado/vpl/prj/prj.gen/my_rm/bd/ulp/ip/ulp_krnl_aurora_1_0/src/aurora_64b66b_0/aurora_64b66b_0/src/aurora_64b66b_0_cdc_sync.v:609]
WARNING: [Synth 8-6014] Unused sequential element stg20_reg was removed.  [/home/miahafiz/NeuroRing_a_8192/_x.hw.NUM_8192.CORE_5.FREQ_300/link/vivado/vpl/prj/prj.gen/my_rm/bd/ulp/ip/ulp_krnl_aurora_1_0/src/aurora_64b66b_0/aurora_64b66b_0/src/aurora_64b66b_0_cdc_sync.v:610]
WARNING: [Synth 8-6014] Unused sequential element stg21_reg was removed.  [/home/miahafiz/NeuroRing_a_8192/_x.hw.NUM_8192.CORE_5.FREQ_300/link/vivado/vpl/prj/prj.gen/my_rm/bd/ulp/ip/ulp_krnl_aurora_1_0/src/aurora_64b66b_0/aurora_64b66b_0/src/aurora_64b66b_0_cdc_sync.v:611]
WARNING: [Synth 8-6014] Unused sequential element stg22_reg was removed.  [/home/miahafiz/NeuroRing_a_8192/_x.hw.NUM_8192.CORE_5.FREQ_300/link/vivado/vpl/prj/prj.gen/my_rm/bd/ulp/ip/ulp_krnl_aurora_1_0/src/aurora_64b66b_0/aurora_64b66b_0/src/aurora_64b66b_0_cdc_sync.v:612]
WARNING: [Synth 8-6014] Unused sequential element stg23_reg was removed.  [/home/miahafiz/NeuroRing_a_8192/_x.hw.NUM_8192.CORE_5.FREQ_300/link/vivado/vpl/prj/prj.gen/my_rm/bd/ulp/ip/ulp_krnl_aurora_1_0/src/aurora_64b66b_0/aurora_64b66b_0/src/aurora_64b66b_0_cdc_sync.v:613]
WARNING: [Synth 8-6014] Unused sequential element stg24_reg was removed.  [/home/miahafiz/NeuroRing_a_8192/_x.hw.NUM_8192.CORE_5.FREQ_300/link/vivado/vpl/prj/prj.gen/my_rm/bd/ulp/ip/ulp_krnl_aurora_1_0/src/aurora_64b66b_0/aurora_64b66b_0/src/aurora_64b66b_0_cdc_sync.v:614]
WARNING: [Synth 8-6014] Unused sequential element stg25_reg was removed.  [/home/miahafiz/NeuroRing_a_8192/_x.hw.NUM_8192.CORE_5.FREQ_300/link/vivado/vpl/prj/prj.gen/my_rm/bd/ulp/ip/ulp_krnl_aurora_1_0/src/aurora_64b66b_0/aurora_64b66b_0/src/aurora_64b66b_0_cdc_sync.v:615]
WARNING: [Synth 8-6014] Unused sequential element stg26_reg was removed.  [/home/miahafiz/NeuroRing_a_8192/_x.hw.NUM_8192.CORE_5.FREQ_300/link/vivado/vpl/prj/prj.gen/my_rm/bd/ulp/ip/ulp_krnl_aurora_1_0/src/aurora_64b66b_0/aurora_64b66b_0/src/aurora_64b66b_0_cdc_sync.v:616]
WARNING: [Synth 8-6014] Unused sequential element stg27_reg was removed.  [/home/miahafiz/NeuroRing_a_8192/_x.hw.NUM_8192.CORE_5.FREQ_300/link/vivado/vpl/prj/prj.gen/my_rm/bd/ulp/ip/ulp_krnl_aurora_1_0/src/aurora_64b66b_0/aurora_64b66b_0/src/aurora_64b66b_0_cdc_sync.v:617]
WARNING: [Synth 8-6014] Unused sequential element stg28_reg was removed.  [/home/miahafiz/NeuroRing_a_8192/_x.hw.NUM_8192.CORE_5.FREQ_300/link/vivado/vpl/prj/prj.gen/my_rm/bd/ulp/ip/ulp_krnl_aurora_1_0/src/aurora_64b66b_0/aurora_64b66b_0/src/aurora_64b66b_0_cdc_sync.v:618]
WARNING: [Synth 8-6014] Unused sequential element stg29_reg was removed.  [/home/miahafiz/NeuroRing_a_8192/_x.hw.NUM_8192.CORE_5.FREQ_300/link/vivado/vpl/prj/prj.gen/my_rm/bd/ulp/ip/ulp_krnl_aurora_1_0/src/aurora_64b66b_0/aurora_64b66b_0/src/aurora_64b66b_0_cdc_sync.v:619]
WARNING: [Synth 8-6014] Unused sequential element stg30_reg was removed.  [/home/miahafiz/NeuroRing_a_8192/_x.hw.NUM_8192.CORE_5.FREQ_300/link/vivado/vpl/prj/prj.gen/my_rm/bd/ulp/ip/ulp_krnl_aurora_1_0/src/aurora_64b66b_0/aurora_64b66b_0/src/aurora_64b66b_0_cdc_sync.v:620]
WARNING: [Synth 8-6014] Unused sequential element stg31_reg was removed.  [/home/miahafiz/NeuroRing_a_8192/_x.hw.NUM_8192.CORE_5.FREQ_300/link/vivado/vpl/prj/prj.gen/my_rm/bd/ulp/ip/ulp_krnl_aurora_1_0/src/aurora_64b66b_0/aurora_64b66b_0/src/aurora_64b66b_0_cdc_sync.v:621]
WARNING: [Synth 8-6014] Unused sequential element stg6_reg was removed.  [/home/miahafiz/NeuroRing_a_8192/_x.hw.NUM_8192.CORE_5.FREQ_300/link/vivado/vpl/prj/prj.gen/my_rm/bd/ulp/ip/ulp_krnl_aurora_1_0/src/aurora_64b66b_0/aurora_64b66b_0/src/aurora_64b66b_0_cdc_sync.v:596]
WARNING: [Synth 8-6014] Unused sequential element stg7_reg was removed.  [/home/miahafiz/NeuroRing_a_8192/_x.hw.NUM_8192.CORE_5.FREQ_300/link/vivado/vpl/prj/prj.gen/my_rm/bd/ulp/ip/ulp_krnl_aurora_1_0/src/aurora_64b66b_0/aurora_64b66b_0/src/aurora_64b66b_0_cdc_sync.v:597]
WARNING: [Synth 8-6014] Unused sequential element stg8_reg was removed.  [/home/miahafiz/NeuroRing_a_8192/_x.hw.NUM_8192.CORE_5.FREQ_300/link/vivado/vpl/prj/prj.gen/my_rm/bd/ulp/ip/ulp_krnl_aurora_1_0/src/aurora_64b66b_0/aurora_64b66b_0/src/aurora_64b66b_0_cdc_sync.v:598]
WARNING: [Synth 8-6014] Unused sequential element stg9_reg was removed.  [/home/miahafiz/NeuroRing_a_8192/_x.hw.NUM_8192.CORE_5.FREQ_300/link/vivado/vpl/prj/prj.gen/my_rm/bd/ulp/ip/ulp_krnl_aurora_1_0/src/aurora_64b66b_0/aurora_64b66b_0/src/aurora_64b66b_0_cdc_sync.v:599]
WARNING: [Synth 8-6014] Unused sequential element stg10_reg was removed.  [/home/miahafiz/NeuroRing_a_8192/_x.hw.NUM_8192.CORE_5.FREQ_300/link/vivado/vpl/prj/prj.gen/my_rm/bd/ulp/ip/ulp_krnl_aurora_1_0/src/aurora_64b66b_0/aurora_64b66b_0/src/aurora_64b66b_0_cdc_sync.v:600]
WARNING: [Synth 8-6014] Unused sequential element stg11_reg was removed.  [/home/miahafiz/NeuroRing_a_8192/_x.hw.NUM_8192.CORE_5.FREQ_300/link/vivado/vpl/prj/prj.gen/my_rm/bd/ulp/ip/ulp_krnl_aurora_1_0/src/aurora_64b66b_0/aurora_64b66b_0/src/aurora_64b66b_0_cdc_sync.v:601]
WARNING: [Synth 8-6014] Unused sequential element stg12_reg was removed.  [/home/miahafiz/NeuroRing_a_8192/_x.hw.NUM_8192.CORE_5.FREQ_300/link/vivado/vpl/prj/prj.gen/my_rm/bd/ulp/ip/ulp_krnl_aurora_1_0/src/aurora_64b66b_0/aurora_64b66b_0/src/aurora_64b66b_0_cdc_sync.v:602]
WARNING: [Synth 8-6014] Unused sequential element stg13_reg was removed.  [/home/miahafiz/NeuroRing_a_8192/_x.hw.NUM_8192.CORE_5.FREQ_300/link/vivado/vpl/prj/prj.gen/my_rm/bd/ulp/ip/ulp_krnl_aurora_1_0/src/aurora_64b66b_0/aurora_64b66b_0/src/aurora_64b66b_0_cdc_sync.v:603]
WARNING: [Synth 8-6014] Unused sequential element stg14_reg was removed.  [/home/miahafiz/NeuroRing_a_8192/_x.hw.NUM_8192.CORE_5.FREQ_300/link/vivado/vpl/prj/prj.gen/my_rm/bd/ulp/ip/ulp_krnl_aurora_1_0/src/aurora_64b66b_0/aurora_64b66b_0/src/aurora_64b66b_0_cdc_sync.v:604]
WARNING: [Synth 8-6014] Unused sequential element stg15_reg was removed.  [/home/miahafiz/NeuroRing_a_8192/_x.hw.NUM_8192.CORE_5.FREQ_300/link/vivado/vpl/prj/prj.gen/my_rm/bd/ulp/ip/ulp_krnl_aurora_1_0/src/aurora_64b66b_0/aurora_64b66b_0/src/aurora_64b66b_0_cdc_sync.v:605]
WARNING: [Synth 8-6014] Unused sequential element stg16_reg was removed.  [/home/miahafiz/NeuroRing_a_8192/_x.hw.NUM_8192.CORE_5.FREQ_300/link/vivado/vpl/prj/prj.gen/my_rm/bd/ulp/ip/ulp_krnl_aurora_1_0/src/aurora_64b66b_0/aurora_64b66b_0/src/aurora_64b66b_0_cdc_sync.v:606]
WARNING: [Synth 8-6014] Unused sequential element stg17_reg was removed.  [/home/miahafiz/NeuroRing_a_8192/_x.hw.NUM_8192.CORE_5.FREQ_300/link/vivado/vpl/prj/prj.gen/my_rm/bd/ulp/ip/ulp_krnl_aurora_1_0/src/aurora_64b66b_0/aurora_64b66b_0/src/aurora_64b66b_0_cdc_sync.v:607]
WARNING: [Synth 8-6014] Unused sequential element stg18_reg was removed.  [/home/miahafiz/NeuroRing_a_8192/_x.hw.NUM_8192.CORE_5.FREQ_300/link/vivado/vpl/prj/prj.gen/my_rm/bd/ulp/ip/ulp_krnl_aurora_1_0/src/aurora_64b66b_0/aurora_64b66b_0/src/aurora_64b66b_0_cdc_sync.v:608]
WARNING: [Synth 8-6014] Unused sequential element stg19_reg was removed.  [/home/miahafiz/NeuroRing_a_8192/_x.hw.NUM_8192.CORE_5.FREQ_300/link/vivado/vpl/prj/prj.gen/my_rm/bd/ulp/ip/ulp_krnl_aurora_1_0/src/aurora_64b66b_0/aurora_64b66b_0/src/aurora_64b66b_0_cdc_sync.v:609]
WARNING: [Synth 8-6014] Unused sequential element stg20_reg was removed.  [/home/miahafiz/NeuroRing_a_8192/_x.hw.NUM_8192.CORE_5.FREQ_300/link/vivado/vpl/prj/prj.gen/my_rm/bd/ulp/ip/ulp_krnl_aurora_1_0/src/aurora_64b66b_0/aurora_64b66b_0/src/aurora_64b66b_0_cdc_sync.v:610]
WARNING: [Synth 8-6014] Unused sequential element stg21_reg was removed.  [/home/miahafiz/NeuroRing_a_8192/_x.hw.NUM_8192.CORE_5.FREQ_300/link/vivado/vpl/prj/prj.gen/my_rm/bd/ulp/ip/ulp_krnl_aurora_1_0/src/aurora_64b66b_0/aurora_64b66b_0/src/aurora_64b66b_0_cdc_sync.v:611]
WARNING: [Synth 8-6014] Unused sequential element stg22_reg was removed.  [/home/miahafiz/NeuroRing_a_8192/_x.hw.NUM_8192.CORE_5.FREQ_300/link/vivado/vpl/prj/prj.gen/my_rm/bd/ulp/ip/ulp_krnl_aurora_1_0/src/aurora_64b66b_0/aurora_64b66b_0/src/aurora_64b66b_0_cdc_sync.v:612]
WARNING: [Synth 8-6014] Unused sequential element stg23_reg was removed.  [/home/miahafiz/NeuroRing_a_8192/_x.hw.NUM_8192.CORE_5.FREQ_300/link/vivado/vpl/prj/prj.gen/my_rm/bd/ulp/ip/ulp_krnl_aurora_1_0/src/aurora_64b66b_0/aurora_64b66b_0/src/aurora_64b66b_0_cdc_sync.v:613]
WARNING: [Synth 8-6014] Unused sequential element stg24_reg was removed.  [/home/miahafiz/NeuroRing_a_8192/_x.hw.NUM_8192.CORE_5.FREQ_300/link/vivado/vpl/prj/prj.gen/my_rm/bd/ulp/ip/ulp_krnl_aurora_1_0/src/aurora_64b66b_0/aurora_64b66b_0/src/aurora_64b66b_0_cdc_sync.v:614]
WARNING: [Synth 8-6014] Unused sequential element stg25_reg was removed.  [/home/miahafiz/NeuroRing_a_8192/_x.hw.NUM_8192.CORE_5.FREQ_300/link/vivado/vpl/prj/prj.gen/my_rm/bd/ulp/ip/ulp_krnl_aurora_1_0/src/aurora_64b66b_0/aurora_64b66b_0/src/aurora_64b66b_0_cdc_sync.v:615]
WARNING: [Synth 8-6014] Unused sequential element stg26_reg was removed.  [/home/miahafiz/NeuroRing_a_8192/_x.hw.NUM_8192.CORE_5.FREQ_300/link/vivado/vpl/prj/prj.gen/my_rm/bd/ulp/ip/ulp_krnl_aurora_1_0/src/aurora_64b66b_0/aurora_64b66b_0/src/aurora_64b66b_0_cdc_sync.v:616]
WARNING: [Synth 8-6014] Unused sequential element stg27_reg was removed.  [/home/miahafiz/NeuroRing_a_8192/_x.hw.NUM_8192.CORE_5.FREQ_300/link/vivado/vpl/prj/prj.gen/my_rm/bd/ulp/ip/ulp_krnl_aurora_1_0/src/aurora_64b66b_0/aurora_64b66b_0/src/aurora_64b66b_0_cdc_sync.v:617]
WARNING: [Synth 8-6014] Unused sequential element stg28_reg was removed.  [/home/miahafiz/NeuroRing_a_8192/_x.hw.NUM_8192.CORE_5.FREQ_300/link/vivado/vpl/prj/prj.gen/my_rm/bd/ulp/ip/ulp_krnl_aurora_1_0/src/aurora_64b66b_0/aurora_64b66b_0/src/aurora_64b66b_0_cdc_sync.v:618]
WARNING: [Synth 8-6014] Unused sequential element stg29_reg was removed.  [/home/miahafiz/NeuroRing_a_8192/_x.hw.NUM_8192.CORE_5.FREQ_300/link/vivado/vpl/prj/prj.gen/my_rm/bd/ulp/ip/ulp_krnl_aurora_1_0/src/aurora_64b66b_0/aurora_64b66b_0/src/aurora_64b66b_0_cdc_sync.v:619]
WARNING: [Synth 8-6014] Unused sequential element stg30_reg was removed.  [/home/miahafiz/NeuroRing_a_8192/_x.hw.NUM_8192.CORE_5.FREQ_300/link/vivado/vpl/prj/prj.gen/my_rm/bd/ulp/ip/ulp_krnl_aurora_1_0/src/aurora_64b66b_0/aurora_64b66b_0/src/aurora_64b66b_0_cdc_sync.v:620]
WARNING: [Synth 8-6014] Unused sequential element stg31_reg was removed.  [/home/miahafiz/NeuroRing_a_8192/_x.hw.NUM_8192.CORE_5.FREQ_300/link/vivado/vpl/prj/prj.gen/my_rm/bd/ulp/ip/ulp_krnl_aurora_1_0/src/aurora_64b66b_0/aurora_64b66b_0/src/aurora_64b66b_0_cdc_sync.v:621]
WARNING: [Synth 8-6014] Unused sequential element stg12_reg was removed.  [/home/miahafiz/NeuroRing_a_8192/_x.hw.NUM_8192.CORE_5.FREQ_300/link/vivado/vpl/prj/prj.gen/my_rm/bd/ulp/ip/ulp_krnl_aurora_1_0/src/aurora_64b66b_0/aurora_64b66b_0/src/aurora_64b66b_0_cdc_sync.v:602]
WARNING: [Synth 8-6014] Unused sequential element stg13_reg was removed.  [/home/miahafiz/NeuroRing_a_8192/_x.hw.NUM_8192.CORE_5.FREQ_300/link/vivado/vpl/prj/prj.gen/my_rm/bd/ulp/ip/ulp_krnl_aurora_1_0/src/aurora_64b66b_0/aurora_64b66b_0/src/aurora_64b66b_0_cdc_sync.v:603]
WARNING: [Synth 8-6014] Unused sequential element stg14_reg was removed.  [/home/miahafiz/NeuroRing_a_8192/_x.hw.NUM_8192.CORE_5.FREQ_300/link/vivado/vpl/prj/prj.gen/my_rm/bd/ulp/ip/ulp_krnl_aurora_1_0/src/aurora_64b66b_0/aurora_64b66b_0/src/aurora_64b66b_0_cdc_sync.v:604]
WARNING: [Synth 8-6014] Unused sequential element stg15_reg was removed.  [/home/miahafiz/NeuroRing_a_8192/_x.hw.NUM_8192.CORE_5.FREQ_300/link/vivado/vpl/prj/prj.gen/my_rm/bd/ulp/ip/ulp_krnl_aurora_1_0/src/aurora_64b66b_0/aurora_64b66b_0/src/aurora_64b66b_0_cdc_sync.v:605]
WARNING: [Synth 8-6014] Unused sequential element stg16_reg was removed.  [/home/miahafiz/NeuroRing_a_8192/_x.hw.NUM_8192.CORE_5.FREQ_300/link/vivado/vpl/prj/prj.gen/my_rm/bd/ulp/ip/ulp_krnl_aurora_1_0/src/aurora_64b66b_0/aurora_64b66b_0/src/aurora_64b66b_0_cdc_sync.v:606]
WARNING: [Synth 8-6014] Unused sequential element stg17_reg was removed.  [/home/miahafiz/NeuroRing_a_8192/_x.hw.NUM_8192.CORE_5.FREQ_300/link/vivado/vpl/prj/prj.gen/my_rm/bd/ulp/ip/ulp_krnl_aurora_1_0/src/aurora_64b66b_0/aurora_64b66b_0/src/aurora_64b66b_0_cdc_sync.v:607]
WARNING: [Synth 8-6014] Unused sequential element stg18_reg was removed.  [/home/miahafiz/NeuroRing_a_8192/_x.hw.NUM_8192.CORE_5.FREQ_300/link/vivado/vpl/prj/prj.gen/my_rm/bd/ulp/ip/ulp_krnl_aurora_1_0/src/aurora_64b66b_0/aurora_64b66b_0/src/aurora_64b66b_0_cdc_sync.v:608]
WARNING: [Synth 8-6014] Unused sequential element stg19_reg was removed.  [/home/miahafiz/NeuroRing_a_8192/_x.hw.NUM_8192.CORE_5.FREQ_300/link/vivado/vpl/prj/prj.gen/my_rm/bd/ulp/ip/ulp_krnl_aurora_1_0/src/aurora_64b66b_0/aurora_64b66b_0/src/aurora_64b66b_0_cdc_sync.v:609]
WARNING: [Synth 8-6014] Unused sequential element stg20_reg was removed.  [/home/miahafiz/NeuroRing_a_8192/_x.hw.NUM_8192.CORE_5.FREQ_300/link/vivado/vpl/prj/prj.gen/my_rm/bd/ulp/ip/ulp_krnl_aurora_1_0/src/aurora_64b66b_0/aurora_64b66b_0/src/aurora_64b66b_0_cdc_sync.v:610]
WARNING: [Synth 8-6014] Unused sequential element stg21_reg was removed.  [/home/miahafiz/NeuroRing_a_8192/_x.hw.NUM_8192.CORE_5.FREQ_300/link/vivado/vpl/prj/prj.gen/my_rm/bd/ulp/ip/ulp_krnl_aurora_1_0/src/aurora_64b66b_0/aurora_64b66b_0/src/aurora_64b66b_0_cdc_sync.v:611]
WARNING: [Synth 8-6014] Unused sequential element stg22_reg was removed.  [/home/miahafiz/NeuroRing_a_8192/_x.hw.NUM_8192.CORE_5.FREQ_300/link/vivado/vpl/prj/prj.gen/my_rm/bd/ulp/ip/ulp_krnl_aurora_1_0/src/aurora_64b66b_0/aurora_64b66b_0/src/aurora_64b66b_0_cdc_sync.v:612]
WARNING: [Synth 8-6014] Unused sequential element stg23_reg was removed.  [/home/miahafiz/NeuroRing_a_8192/_x.hw.NUM_8192.CORE_5.FREQ_300/link/vivado/vpl/prj/prj.gen/my_rm/bd/ulp/ip/ulp_krnl_aurora_1_0/src/aurora_64b66b_0/aurora_64b66b_0/src/aurora_64b66b_0_cdc_sync.v:613]
WARNING: [Synth 8-6014] Unused sequential element stg24_reg was removed.  [/home/miahafiz/NeuroRing_a_8192/_x.hw.NUM_8192.CORE_5.FREQ_300/link/vivado/vpl/prj/prj.gen/my_rm/bd/ulp/ip/ulp_krnl_aurora_1_0/src/aurora_64b66b_0/aurora_64b66b_0/src/aurora_64b66b_0_cdc_sync.v:614]
WARNING: [Synth 8-6014] Unused sequential element stg25_reg was removed.  [/home/miahafiz/NeuroRing_a_8192/_x.hw.NUM_8192.CORE_5.FREQ_300/link/vivado/vpl/prj/prj.gen/my_rm/bd/ulp/ip/ulp_krnl_aurora_1_0/src/aurora_64b66b_0/aurora_64b66b_0/src/aurora_64b66b_0_cdc_sync.v:615]
WARNING: [Synth 8-6014] Unused sequential element stg26_reg was removed.  [/home/miahafiz/NeuroRing_a_8192/_x.hw.NUM_8192.CORE_5.FREQ_300/link/vivado/vpl/prj/prj.gen/my_rm/bd/ulp/ip/ulp_krnl_aurora_1_0/src/aurora_64b66b_0/aurora_64b66b_0/src/aurora_64b66b_0_cdc_sync.v:616]
WARNING: [Synth 8-6014] Unused sequential element stg27_reg was removed.  [/home/miahafiz/NeuroRing_a_8192/_x.hw.NUM_8192.CORE_5.FREQ_300/link/vivado/vpl/prj/prj.gen/my_rm/bd/ulp/ip/ulp_krnl_aurora_1_0/src/aurora_64b66b_0/aurora_64b66b_0/src/aurora_64b66b_0_cdc_sync.v:617]
WARNING: [Synth 8-6014] Unused sequential element stg28_reg was removed.  [/home/miahafiz/NeuroRing_a_8192/_x.hw.NUM_8192.CORE_5.FREQ_300/link/vivado/vpl/prj/prj.gen/my_rm/bd/ulp/ip/ulp_krnl_aurora_1_0/src/aurora_64b66b_0/aurora_64b66b_0/src/aurora_64b66b_0_cdc_sync.v:618]
WARNING: [Synth 8-6014] Unused sequential element stg29_reg was removed.  [/home/miahafiz/NeuroRing_a_8192/_x.hw.NUM_8192.CORE_5.FREQ_300/link/vivado/vpl/prj/prj.gen/my_rm/bd/ulp/ip/ulp_krnl_aurora_1_0/src/aurora_64b66b_0/aurora_64b66b_0/src/aurora_64b66b_0_cdc_sync.v:619]
INFO: [Common 17-14] Message 'Synth 8-6014' appears 100 times and further instances of the messages will be disabled.
INFO: [Synth 8-3936] Found unconnected internal register 'fifo_dout_reg' and it is trimmed from '72' to '71' bits. [/home/miahafiz/NeuroRing_a_8192/_x.hw.NUM_8192.CORE_5.FREQ_300/link/vivado/vpl/prj/prj.gen/my_rm/bd/ulp/ip/ulp_krnl_aurora_1_0/src/aurora_64b66b_0/aurora_64b66b_0/src/aurora_64b66b_0_cbcc_gtx_6466.v:1114]
WARNING: [Synth 8-3848] Net link_reset_out in module/entity aurora_64b66b_0 does not have driver. [/home/miahafiz/NeuroRing_a_8192/_x.hw.NUM_8192.CORE_5.FREQ_300/link/vivado/vpl/prj/prj.gen/my_rm/bd/ulp/ip/ulp_krnl_aurora_1_0/src/aurora_64b66b_0/aurora_64b66b_0.v:251]
WARNING: [Synth 8-7129] Port AWADDR[11] in module krnl_aurora_control_s_axi is either unconnected or has no load
WARNING: [Synth 8-7129] Port AWADDR[10] in module krnl_aurora_control_s_axi is either unconnected or has no load
WARNING: [Synth 8-7129] Port AWADDR[9] in module krnl_aurora_control_s_axi is either unconnected or has no load
WARNING: [Synth 8-7129] Port AWADDR[8] in module krnl_aurora_control_s_axi is either unconnected or has no load
WARNING: [Synth 8-7129] Port AWADDR[7] in module krnl_aurora_control_s_axi is either unconnected or has no load
WARNING: [Synth 8-7129] Port AWADDR[6] in module krnl_aurora_control_s_axi is either unconnected or has no load
WARNING: [Synth 8-7129] Port AWADDR[5] in module krnl_aurora_control_s_axi is either unconnected or has no load
WARNING: [Synth 8-7129] Port AWADDR[4] in module krnl_aurora_control_s_axi is either unconnected or has no load
WARNING: [Synth 8-7129] Port AWADDR[3] in module krnl_aurora_control_s_axi is either unconnected or has no load
WARNING: [Synth 8-7129] Port AWADDR[2] in module krnl_aurora_control_s_axi is either unconnected or has no load
WARNING: [Synth 8-7129] Port AWADDR[1] in module krnl_aurora_control_s_axi is either unconnected or has no load
WARNING: [Synth 8-7129] Port AWADDR[0] in module krnl_aurora_control_s_axi is either unconnected or has no load
WARNING: [Synth 8-7129] Port AWVALID in module krnl_aurora_control_s_axi is either unconnected or has no load
WARNING: [Synth 8-7129] Port WDATA[31] in module krnl_aurora_control_s_axi is either unconnected or has no load
WARNING: [Synth 8-7129] Port WDATA[30] in module krnl_aurora_control_s_axi is either unconnected or has no load
WARNING: [Synth 8-7129] Port WDATA[29] in module krnl_aurora_control_s_axi is either unconnected or has no load
WARNING: [Synth 8-7129] Port WDATA[28] in module krnl_aurora_control_s_axi is either unconnected or has no load
WARNING: [Synth 8-7129] Port WDATA[27] in module krnl_aurora_control_s_axi is either unconnected or has no load
WARNING: [Synth 8-7129] Port WDATA[26] in module krnl_aurora_control_s_axi is either unconnected or has no load
WARNING: [Synth 8-7129] Port WDATA[25] in module krnl_aurora_control_s_axi is either unconnected or has no load
WARNING: [Synth 8-7129] Port WDATA[24] in module krnl_aurora_control_s_axi is either unconnected or has no load
WARNING: [Synth 8-7129] Port WDATA[23] in module krnl_aurora_control_s_axi is either unconnected or has no load
WARNING: [Synth 8-7129] Port WDATA[22] in module krnl_aurora_control_s_axi is either unconnected or has no load
WARNING: [Synth 8-7129] Port WDATA[21] in module krnl_aurora_control_s_axi is either unconnected or has no load
WARNING: [Synth 8-7129] Port WDATA[20] in module krnl_aurora_control_s_axi is either unconnected or has no load
WARNING: [Synth 8-7129] Port WDATA[19] in module krnl_aurora_control_s_axi is either unconnected or has no load
WARNING: [Synth 8-7129] Port WDATA[18] in module krnl_aurora_control_s_axi is either unconnected or has no load
WARNING: [Synth 8-7129] Port WDATA[17] in module krnl_aurora_control_s_axi is either unconnected or has no load
WARNING: [Synth 8-7129] Port WDATA[16] in module krnl_aurora_control_s_axi is either unconnected or has no load
WARNING: [Synth 8-7129] Port WDATA[15] in module krnl_aurora_control_s_axi is either unconnected or has no load
WARNING: [Synth 8-7129] Port WDATA[14] in module krnl_aurora_control_s_axi is either unconnected or has no load
WARNING: [Synth 8-7129] Port WDATA[13] in module krnl_aurora_control_s_axi is either unconnected or has no load
WARNING: [Synth 8-7129] Port WDATA[12] in module krnl_aurora_control_s_axi is either unconnected or has no load
WARNING: [Synth 8-7129] Port WDATA[11] in module krnl_aurora_control_s_axi is either unconnected or has no load
WARNING: [Synth 8-7129] Port WDATA[10] in module krnl_aurora_control_s_axi is either unconnected or has no load
WARNING: [Synth 8-7129] Port WDATA[9] in module krnl_aurora_control_s_axi is either unconnected or has no load
WARNING: [Synth 8-7129] Port WDATA[8] in module krnl_aurora_control_s_axi is either unconnected or has no load
WARNING: [Synth 8-7129] Port WDATA[7] in module krnl_aurora_control_s_axi is either unconnected or has no load
WARNING: [Synth 8-7129] Port WDATA[6] in module krnl_aurora_control_s_axi is either unconnected or has no load
WARNING: [Synth 8-7129] Port WDATA[5] in module krnl_aurora_control_s_axi is either unconnected or has no load
WARNING: [Synth 8-7129] Port WDATA[4] in module krnl_aurora_control_s_axi is either unconnected or has no load
WARNING: [Synth 8-7129] Port WDATA[3] in module krnl_aurora_control_s_axi is either unconnected or has no load
WARNING: [Synth 8-7129] Port WDATA[2] in module krnl_aurora_control_s_axi is either unconnected or has no load
WARNING: [Synth 8-7129] Port WDATA[1] in module krnl_aurora_control_s_axi is either unconnected or has no load
WARNING: [Synth 8-7129] Port WDATA[0] in module krnl_aurora_control_s_axi is either unconnected or has no load
WARNING: [Synth 8-7129] Port WSTRB[3] in module krnl_aurora_control_s_axi is either unconnected or has no load
WARNING: [Synth 8-7129] Port WSTRB[2] in module krnl_aurora_control_s_axi is either unconnected or has no load
WARNING: [Synth 8-7129] Port WSTRB[1] in module krnl_aurora_control_s_axi is either unconnected or has no load
WARNING: [Synth 8-7129] Port WSTRB[0] in module krnl_aurora_control_s_axi is either unconnected or has no load
WARNING: [Synth 8-7129] Port WVALID in module krnl_aurora_control_s_axi is either unconnected or has no load
WARNING: [Synth 8-7129] Port BREADY in module krnl_aurora_control_s_axi is either unconnected or has no load
WARNING: [Synth 8-7129] Port ACLK in module axis_infrastructure_v1_1_1_util_aclken_converter_wrapper is either unconnected or has no load
WARNING: [Synth 8-7129] Port ARESETN in module axis_infrastructure_v1_1_1_util_aclken_converter_wrapper is either unconnected or has no load
WARNING: [Synth 8-7129] Port S_ACLKEN in module axis_infrastructure_v1_1_1_util_aclken_converter_wrapper is either unconnected or has no load
WARNING: [Synth 8-7129] Port M_ACLKEN in module axis_infrastructure_v1_1_1_util_aclken_converter_wrapper is either unconnected or has no load
WARNING: [Synth 8-7129] Port sleep in module xpm_memory_base is either unconnected or has no load
WARNING: [Synth 8-7129] Port rsta in module xpm_memory_base is either unconnected or has no load
WARNING: [Synth 8-7129] Port regcea in module xpm_memory_base is either unconnected or has no load
WARNING: [Synth 8-7129] Port injectsbiterra in module xpm_memory_base is either unconnected or has no load
WARNING: [Synth 8-7129] Port injectdbiterra in module xpm_memory_base is either unconnected or has no load
WARNING: [Synth 8-7129] Port dinb[323] in module xpm_memory_base is either unconnected or has no load
WARNING: [Synth 8-7129] Port dinb[322] in module xpm_memory_base is either unconnected or has no load
WARNING: [Synth 8-7129] Port dinb[321] in module xpm_memory_base is either unconnected or has no load
WARNING: [Synth 8-7129] Port dinb[320] in module xpm_memory_base is either unconnected or has no load
WARNING: [Synth 8-7129] Port dinb[319] in module xpm_memory_base is either unconnected or has no load
WARNING: [Synth 8-7129] Port dinb[318] in module xpm_memory_base is either unconnected or has no load
WARNING: [Synth 8-7129] Port dinb[317] in module xpm_memory_base is either unconnected or has no load
WARNING: [Synth 8-7129] Port dinb[316] in module xpm_memory_base is either unconnected or has no load
WARNING: [Synth 8-7129] Port dinb[315] in module xpm_memory_base is either unconnected or has no load
WARNING: [Synth 8-7129] Port dinb[314] in module xpm_memory_base is either unconnected or has no load
WARNING: [Synth 8-7129] Port dinb[313] in module xpm_memory_base is either unconnected or has no load
WARNING: [Synth 8-7129] Port dinb[312] in module xpm_memory_base is either unconnected or has no load
WARNING: [Synth 8-7129] Port dinb[311] in module xpm_memory_base is either unconnected or has no load
WARNING: [Synth 8-7129] Port dinb[310] in module xpm_memory_base is either unconnected or has no load
WARNING: [Synth 8-7129] Port dinb[309] in module xpm_memory_base is either unconnected or has no load
WARNING: [Synth 8-7129] Port dinb[308] in module xpm_memory_base is either unconnected or has no load
WARNING: [Synth 8-7129] Port dinb[307] in module xpm_memory_base is either unconnected or has no load
WARNING: [Synth 8-7129] Port dinb[306] in module xpm_memory_base is either unconnected or has no load
WARNING: [Synth 8-7129] Port dinb[305] in module xpm_memory_base is either unconnected or has no load
WARNING: [Synth 8-7129] Port dinb[304] in module xpm_memory_base is either unconnected or has no load
WARNING: [Synth 8-7129] Port dinb[303] in module xpm_memory_base is either unconnected or has no load
WARNING: [Synth 8-7129] Port dinb[302] in module xpm_memory_base is either unconnected or has no load
WARNING: [Synth 8-7129] Port dinb[301] in module xpm_memory_base is either unconnected or has no load
WARNING: [Synth 8-7129] Port dinb[300] in module xpm_memory_base is either unconnected or has no load
WARNING: [Synth 8-7129] Port dinb[299] in module xpm_memory_base is either unconnected or has no load
WARNING: [Synth 8-7129] Port dinb[298] in module xpm_memory_base is either unconnected or has no load
WARNING: [Synth 8-7129] Port dinb[297] in module xpm_memory_base is either unconnected or has no load
WARNING: [Synth 8-7129] Port dinb[296] in module xpm_memory_base is either unconnected or has no load
WARNING: [Synth 8-7129] Port dinb[295] in module xpm_memory_base is either unconnected or has no load
WARNING: [Synth 8-7129] Port dinb[294] in module xpm_memory_base is either unconnected or has no load
WARNING: [Synth 8-7129] Port dinb[293] in module xpm_memory_base is either unconnected or has no load
WARNING: [Synth 8-7129] Port dinb[292] in module xpm_memory_base is either unconnected or has no load
WARNING: [Synth 8-7129] Port dinb[291] in module xpm_memory_base is either unconnected or has no load
WARNING: [Synth 8-7129] Port dinb[290] in module xpm_memory_base is either unconnected or has no load
WARNING: [Synth 8-7129] Port dinb[289] in module xpm_memory_base is either unconnected or has no load
WARNING: [Synth 8-7129] Port dinb[288] in module xpm_memory_base is either unconnected or has no load
WARNING: [Synth 8-7129] Port dinb[287] in module xpm_memory_base is either unconnected or has no load
WARNING: [Synth 8-7129] Port dinb[286] in module xpm_memory_base is either unconnected or has no load
WARNING: [Synth 8-7129] Port dinb[285] in module xpm_memory_base is either unconnected or has no load
WARNING: [Synth 8-7129] Port dinb[284] in module xpm_memory_base is either unconnected or has no load
INFO: [Common 17-14] Message 'Synth 8-7129' appears 100 times and further instances of the messages will be disabled.
---------------------------------------------------------------------------------
Finished RTL Elaboration : Time (s): cpu = 00:00:15 ; elapsed = 00:00:17 . Memory (MB): peak = 3613.254 ; gain = 540.715 ; free physical = 58077 ; free virtual = 137033
---------------------------------------------------------------------------------
---------------------------------------------------------------------------------
Start Handling Custom Attributes
---------------------------------------------------------------------------------
---------------------------------------------------------------------------------
Finished Handling Custom Attributes : Time (s): cpu = 00:00:15 ; elapsed = 00:00:18 . Memory (MB): peak = 3613.254 ; gain = 540.715 ; free physical = 58113 ; free virtual = 137070
---------------------------------------------------------------------------------
---------------------------------------------------------------------------------
Finished RTL Optimization Phase 1 : Time (s): cpu = 00:00:15 ; elapsed = 00:00:18 . Memory (MB): peak = 3613.254 ; gain = 540.715 ; free physical = 58113 ; free virtual = 137070
---------------------------------------------------------------------------------
Netlist sorting complete. Time (s): cpu = 00:00:00.29 ; elapsed = 00:00:00.29 . Memory (MB): peak = 3613.254 ; gain = 0.000 ; free physical = 57863 ; free virtual = 136833
INFO: [Netlist 29-17] Analyzing 10 Unisim elements for replacement
INFO: [Netlist 29-28] Unisim Transformation completed in 0 CPU seconds
INFO: [Project 1-570] Preparing netlist for logic optimization

Processing XDC Constraints
Initializing timing engine
Parsing XDC File [/home/miahafiz/NeuroRing_a_8192/_x.hw.NUM_8192.CORE_5.FREQ_300/link/vivado/vpl/prj/prj.gen/my_rm/bd/ulp/ip/ulp_krnl_aurora_1_0/src/aurora_64b66b_0/ip_2/aurora_64b66b_0_fifo_gen_slave.xdc] for cell 'inst/aurora_64b66b_0_inst/inst/aurora_64b66b_0_core_i/aurora_64b66b_0_wrapper_i/cbcc_gtx0_i/slave_fifo.data_fifo/U0'
Finished Parsing XDC File [/home/miahafiz/NeuroRing_a_8192/_x.hw.NUM_8192.CORE_5.FREQ_300/link/vivado/vpl/prj/prj.gen/my_rm/bd/ulp/ip/ulp_krnl_aurora_1_0/src/aurora_64b66b_0/ip_2/aurora_64b66b_0_fifo_gen_slave.xdc] for cell 'inst/aurora_64b66b_0_inst/inst/aurora_64b66b_0_core_i/aurora_64b66b_0_wrapper_i/cbcc_gtx0_i/slave_fifo.data_fifo/U0'
Parsing XDC File [/home/miahafiz/NeuroRing_a_8192/_x.hw.NUM_8192.CORE_5.FREQ_300/link/vivado/vpl/prj/prj.gen/my_rm/bd/ulp/ip/ulp_krnl_aurora_1_0/src/aurora_64b66b_0/ip_2/aurora_64b66b_0_fifo_gen_slave.xdc] for cell 'inst/aurora_64b66b_0_inst/inst/aurora_64b66b_0_core_i/aurora_64b66b_0_wrapper_i/cbcc_gtx0_lane1_i/slave_fifo.data_fifo/U0'
Finished Parsing XDC File [/home/miahafiz/NeuroRing_a_8192/_x.hw.NUM_8192.CORE_5.FREQ_300/link/vivado/vpl/prj/prj.gen/my_rm/bd/ulp/ip/ulp_krnl_aurora_1_0/src/aurora_64b66b_0/ip_2/aurora_64b66b_0_fifo_gen_slave.xdc] for cell 'inst/aurora_64b66b_0_inst/inst/aurora_64b66b_0_core_i/aurora_64b66b_0_wrapper_i/cbcc_gtx0_lane1_i/slave_fifo.data_fifo/U0'
Parsing XDC File [/home/miahafiz/NeuroRing_a_8192/_x.hw.NUM_8192.CORE_5.FREQ_300/link/vivado/vpl/prj/prj.gen/my_rm/bd/ulp/ip/ulp_krnl_aurora_1_0/src/aurora_64b66b_0/ip_2/aurora_64b66b_0_fifo_gen_slave.xdc] for cell 'inst/aurora_64b66b_0_inst/inst/aurora_64b66b_0_core_i/aurora_64b66b_0_wrapper_i/cbcc_gtx0_lane3_i/slave_fifo.data_fifo/U0'
Finished Parsing XDC File [/home/miahafiz/NeuroRing_a_8192/_x.hw.NUM_8192.CORE_5.FREQ_300/link/vivado/vpl/prj/prj.gen/my_rm/bd/ulp/ip/ulp_krnl_aurora_1_0/src/aurora_64b66b_0/ip_2/aurora_64b66b_0_fifo_gen_slave.xdc] for cell 'inst/aurora_64b66b_0_inst/inst/aurora_64b66b_0_core_i/aurora_64b66b_0_wrapper_i/cbcc_gtx0_lane3_i/slave_fifo.data_fifo/U0'
Parsing XDC File [/home/miahafiz/NeuroRing_a_8192/_x.hw.NUM_8192.CORE_5.FREQ_300/link/vivado/vpl/prj/prj.gen/my_rm/bd/ulp/ip/ulp_krnl_aurora_1_0/src/aurora_64b66b_0/ip_1/aurora_64b66b_0_fifo_gen_master.xdc] for cell 'inst/aurora_64b66b_0_inst/inst/aurora_64b66b_0_core_i/aurora_64b66b_0_wrapper_i/cbcc_gtx0_lane2_i/master_fifo.data_fifo/U0'
Finished Parsing XDC File [/home/miahafiz/NeuroRing_a_8192/_x.hw.NUM_8192.CORE_5.FREQ_300/link/vivado/vpl/prj/prj.gen/my_rm/bd/ulp/ip/ulp_krnl_aurora_1_0/src/aurora_64b66b_0/ip_1/aurora_64b66b_0_fifo_gen_master.xdc] for cell 'inst/aurora_64b66b_0_inst/inst/aurora_64b66b_0_core_i/aurora_64b66b_0_wrapper_i/cbcc_gtx0_lane2_i/master_fifo.data_fifo/U0'
Parsing XDC File [/home/miahafiz/NeuroRing_a_8192/_x.hw.NUM_8192.CORE_5.FREQ_300/link/vivado/vpl/prj/prj.gen/my_rm/bd/ulp/ip/ulp_krnl_aurora_1_0/src/aurora_64b66b_0/ip_0/synth/aurora_64b66b_0_gt.xdc] for cell 'inst/aurora_64b66b_0_inst/inst/aurora_64b66b_0_core_i/aurora_64b66b_0_wrapper_i/aurora_64b66b_0_multi_gt_i/aurora_64b66b_0_gt_i/inst'
Finished Parsing XDC File [/home/miahafiz/NeuroRing_a_8192/_x.hw.NUM_8192.CORE_5.FREQ_300/link/vivado/vpl/prj/prj.gen/my_rm/bd/ulp/ip/ulp_krnl_aurora_1_0/src/aurora_64b66b_0/ip_0/synth/aurora_64b66b_0_gt.xdc] for cell 'inst/aurora_64b66b_0_inst/inst/aurora_64b66b_0_core_i/aurora_64b66b_0_wrapper_i/aurora_64b66b_0_multi_gt_i/aurora_64b66b_0_gt_i/inst'
INFO: [Project 1-236] Implementation specific constraints were found while reading constraint file [/home/miahafiz/NeuroRing_a_8192/_x.hw.NUM_8192.CORE_5.FREQ_300/link/vivado/vpl/prj/prj.gen/my_rm/bd/ulp/ip/ulp_krnl_aurora_1_0/src/aurora_64b66b_0/ip_0/synth/aurora_64b66b_0_gt.xdc]. These constraints will be ignored for synthesis but will be used in implementation. Impacted constraints are listed in the file [.Xil/ulp_krnl_aurora_1_0_propImpl.xdc].
Resolution: To avoid this warning, move constraints listed in [.Xil/ulp_krnl_aurora_1_0_propImpl.xdc] to another XDC file and exclude this new file from synthesis with the used_in_synthesis property (File Properties dialog in GUI) and re-run elaboration/synthesis.
Parsing XDC File [/home/miahafiz/NeuroRing_a_8192/_x.hw.NUM_8192.CORE_5.FREQ_300/link/vivado/vpl/prj/prj.gen/my_rm/bd/ulp/ip/ulp_krnl_aurora_1_0/src/aurora_64b66b_0/aurora_64b66b_0.xdc] for cell 'inst/aurora_64b66b_0_inst/inst'
Finished Parsing XDC File [/home/miahafiz/NeuroRing_a_8192/_x.hw.NUM_8192.CORE_5.FREQ_300/link/vivado/vpl/prj/prj.gen/my_rm/bd/ulp/ip/ulp_krnl_aurora_1_0/src/aurora_64b66b_0/aurora_64b66b_0.xdc] for cell 'inst/aurora_64b66b_0_inst/inst'
INFO: [Project 1-236] Implementation specific constraints were found while reading constraint file [/home/miahafiz/NeuroRing_a_8192/_x.hw.NUM_8192.CORE_5.FREQ_300/link/vivado/vpl/prj/prj.gen/my_rm/bd/ulp/ip/ulp_krnl_aurora_1_0/src/aurora_64b66b_0/aurora_64b66b_0.xdc]. These constraints will be ignored for synthesis but will be used in implementation. Impacted constraints are listed in the file [.Xil/ulp_krnl_aurora_1_0_propImpl.xdc].
Resolution: To avoid this warning, move constraints listed in [.Xil/ulp_krnl_aurora_1_0_propImpl.xdc] to another XDC file and exclude this new file from synthesis with the used_in_synthesis property (File Properties dialog in GUI) and re-run elaboration/synthesis.
Parsing XDC File [/home/miahafiz/NeuroRing_a_8192/_x.hw.NUM_8192.CORE_5.FREQ_300/link/vivado/vpl/prj/prj.gen/my_rm/bd/ulp/ip/ulp_krnl_aurora_1_0/src/aurora_64b66b_0.xdc] for cell 'inst'
create_clock: Time (s): cpu = 00:00:07 ; elapsed = 00:00:07 . Memory (MB): peak = 3647.934 ; gain = 6.234 ; free physical = 48636 ; free virtual = 127624
INFO: [Timing 38-2] Deriving generated clocks [/home/miahafiz/NeuroRing_a_8192/_x.hw.NUM_8192.CORE_5.FREQ_300/link/vivado/vpl/prj/prj.gen/my_rm/bd/ulp/ip/ulp_krnl_aurora_1_0/src/aurora_64b66b_0.xdc:3]
Finished Parsing XDC File [/home/miahafiz/NeuroRing_a_8192/_x.hw.NUM_8192.CORE_5.FREQ_300/link/vivado/vpl/prj/prj.gen/my_rm/bd/ulp/ip/ulp_krnl_aurora_1_0/src/aurora_64b66b_0.xdc] for cell 'inst'
Parsing XDC File [/home/miahafiz/NeuroRing_a_8192/_x.hw.NUM_8192.CORE_5.FREQ_300/link/vivado/vpl/prj/prj.runs/ulp_krnl_aurora_1_0_synth_1/dont_touch.xdc]
Finished Parsing XDC File [/home/miahafiz/NeuroRing_a_8192/_x.hw.NUM_8192.CORE_5.FREQ_300/link/vivado/vpl/prj/prj.runs/ulp_krnl_aurora_1_0_synth_1/dont_touch.xdc]
INFO: [Project 1-236] Implementation specific constraints were found while reading constraint file [/home/miahafiz/NeuroRing_a_8192/_x.hw.NUM_8192.CORE_5.FREQ_300/link/vivado/vpl/prj/prj.runs/ulp_krnl_aurora_1_0_synth_1/dont_touch.xdc]. These constraints will be ignored for synthesis but will be used in implementation. Impacted constraints are listed in the file [.Xil/ulp_krnl_aurora_1_0_propImpl.xdc].
Resolution: To avoid this warning, move constraints listed in [.Xil/ulp_krnl_aurora_1_0_propImpl.xdc] to another XDC file and exclude this new file from synthesis with the used_in_synthesis property (File Properties dialog in GUI) and re-run elaboration/synthesis.
Parsing XDC File [/home/miahafiz/NeuroRing_a_8192/_x.hw.NUM_8192.CORE_5.FREQ_300/link/vivado/vpl/prj/prj.gen/my_rm/bd/ulp/ip/ulp_krnl_aurora_1_0/src/aurora_64b66b_0/ip_2/aurora_64b66b_0_fifo_gen_slave_clocks.xdc] for cell 'inst/aurora_64b66b_0_inst/inst/aurora_64b66b_0_core_i/aurora_64b66b_0_wrapper_i/cbcc_gtx0_i/slave_fifo.data_fifo/U0'
Finished Parsing XDC File [/home/miahafiz/NeuroRing_a_8192/_x.hw.NUM_8192.CORE_5.FREQ_300/link/vivado/vpl/prj/prj.gen/my_rm/bd/ulp/ip/ulp_krnl_aurora_1_0/src/aurora_64b66b_0/ip_2/aurora_64b66b_0_fifo_gen_slave_clocks.xdc] for cell 'inst/aurora_64b66b_0_inst/inst/aurora_64b66b_0_core_i/aurora_64b66b_0_wrapper_i/cbcc_gtx0_i/slave_fifo.data_fifo/U0'
Parsing XDC File [/home/miahafiz/NeuroRing_a_8192/_x.hw.NUM_8192.CORE_5.FREQ_300/link/vivado/vpl/prj/prj.gen/my_rm/bd/ulp/ip/ulp_krnl_aurora_1_0/src/aurora_64b66b_0/ip_2/aurora_64b66b_0_fifo_gen_slave_clocks.xdc] for cell 'inst/aurora_64b66b_0_inst/inst/aurora_64b66b_0_core_i/aurora_64b66b_0_wrapper_i/cbcc_gtx0_lane1_i/slave_fifo.data_fifo/U0'
Finished Parsing XDC File [/home/miahafiz/NeuroRing_a_8192/_x.hw.NUM_8192.CORE_5.FREQ_300/link/vivado/vpl/prj/prj.gen/my_rm/bd/ulp/ip/ulp_krnl_aurora_1_0/src/aurora_64b66b_0/ip_2/aurora_64b66b_0_fifo_gen_slave_clocks.xdc] for cell 'inst/aurora_64b66b_0_inst/inst/aurora_64b66b_0_core_i/aurora_64b66b_0_wrapper_i/cbcc_gtx0_lane1_i/slave_fifo.data_fifo/U0'
Parsing XDC File [/home/miahafiz/NeuroRing_a_8192/_x.hw.NUM_8192.CORE_5.FREQ_300/link/vivado/vpl/prj/prj.gen/my_rm/bd/ulp/ip/ulp_krnl_aurora_1_0/src/aurora_64b66b_0/ip_2/aurora_64b66b_0_fifo_gen_slave_clocks.xdc] for cell 'inst/aurora_64b66b_0_inst/inst/aurora_64b66b_0_core_i/aurora_64b66b_0_wrapper_i/cbcc_gtx0_lane3_i/slave_fifo.data_fifo/U0'
Finished Parsing XDC File [/home/miahafiz/NeuroRing_a_8192/_x.hw.NUM_8192.CORE_5.FREQ_300/link/vivado/vpl/prj/prj.gen/my_rm/bd/ulp/ip/ulp_krnl_aurora_1_0/src/aurora_64b66b_0/ip_2/aurora_64b66b_0_fifo_gen_slave_clocks.xdc] for cell 'inst/aurora_64b66b_0_inst/inst/aurora_64b66b_0_core_i/aurora_64b66b_0_wrapper_i/cbcc_gtx0_lane3_i/slave_fifo.data_fifo/U0'
Parsing XDC File [/home/miahafiz/NeuroRing_a_8192/_x.hw.NUM_8192.CORE_5.FREQ_300/link/vivado/vpl/prj/prj.gen/my_rm/bd/ulp/ip/ulp_krnl_aurora_1_0/src/aurora_64b66b_0/ip_1/aurora_64b66b_0_fifo_gen_master_clocks.xdc] for cell 'inst/aurora_64b66b_0_inst/inst/aurora_64b66b_0_core_i/aurora_64b66b_0_wrapper_i/cbcc_gtx0_lane2_i/master_fifo.data_fifo/U0'
Finished Parsing XDC File [/home/miahafiz/NeuroRing_a_8192/_x.hw.NUM_8192.CORE_5.FREQ_300/link/vivado/vpl/prj/prj.gen/my_rm/bd/ulp/ip/ulp_krnl_aurora_1_0/src/aurora_64b66b_0/ip_1/aurora_64b66b_0_fifo_gen_master_clocks.xdc] for cell 'inst/aurora_64b66b_0_inst/inst/aurora_64b66b_0_core_i/aurora_64b66b_0_wrapper_i/cbcc_gtx0_lane2_i/master_fifo.data_fifo/U0'
Parsing XDC File [/home/miahafiz/NeuroRing_a_8192/_x.hw.NUM_8192.CORE_5.FREQ_300/link/vivado/vpl/prj/prj.gen/my_rm/bd/ulp/ip/ulp_krnl_aurora_1_0/src/aurora_64b66b_0/aurora_64b66b_0_clocks.xdc] for cell 'inst/aurora_64b66b_0_inst/inst'
Finished Parsing XDC File [/home/miahafiz/NeuroRing_a_8192/_x.hw.NUM_8192.CORE_5.FREQ_300/link/vivado/vpl/prj/prj.gen/my_rm/bd/ulp/ip/ulp_krnl_aurora_1_0/src/aurora_64b66b_0/aurora_64b66b_0_clocks.xdc] for cell 'inst/aurora_64b66b_0_inst/inst'
INFO: [Project 1-236] Implementation specific constraints were found while reading constraint file [/opt/xilinx/2025.1/Vivado/data/ip/xpm/xpm_cdc/tcl/xpm_cdc_array_single.tcl]. These constraints will be ignored for synthesis but will be used in implementation. Impacted constraints are listed in the file [.Xil/ulp_krnl_aurora_1_0_propImpl.xdc].
Resolution: To avoid this warning, move constraints listed in [.Xil/ulp_krnl_aurora_1_0_propImpl.xdc] to another XDC file and exclude this new file from synthesis with the used_in_synthesis property (File Properties dialog in GUI) and re-run elaboration/synthesis.
INFO: [Project 1-236] Implementation specific constraints were found while reading constraint file [/opt/xilinx/2025.1/Vivado/data/ip/xpm/xpm_cdc/tcl/xpm_cdc_gray.tcl]. These constraints will be ignored for synthesis but will be used in implementation. Impacted constraints are listed in the file [.Xil/ulp_krnl_aurora_1_0_propImpl.xdc].
Resolution: To avoid this warning, move constraints listed in [.Xil/ulp_krnl_aurora_1_0_propImpl.xdc] to another XDC file and exclude this new file from synthesis with the used_in_synthesis property (File Properties dialog in GUI) and re-run elaboration/synthesis.
INFO: [Project 1-236] Implementation specific constraints were found while reading constraint file [/opt/xilinx/2025.1/Vivado/data/ip/xpm/xpm_cdc/tcl/xpm_cdc_single.tcl]. These constraints will be ignored for synthesis but will be used in implementation. Impacted constraints are listed in the file [.Xil/ulp_krnl_aurora_1_0_propImpl.xdc].
Resolution: To avoid this warning, move constraints listed in [.Xil/ulp_krnl_aurora_1_0_propImpl.xdc] to another XDC file and exclude this new file from synthesis with the used_in_synthesis property (File Properties dialog in GUI) and re-run elaboration/synthesis.
INFO: [Project 1-236] Implementation specific constraints were found while reading constraint file [/opt/xilinx/2025.1/Vivado/data/ip/xpm/xpm_fifo/tcl/xpm_fifo_rst_axis.tcl]. These constraints will be ignored for synthesis but will be used in implementation. Impacted constraints are listed in the file [.Xil/ulp_krnl_aurora_1_0_propImpl.xdc].
Resolution: To avoid this warning, move constraints listed in [.Xil/ulp_krnl_aurora_1_0_propImpl.xdc] to another XDC file and exclude this new file from synthesis with the used_in_synthesis property (File Properties dialog in GUI) and re-run elaboration/synthesis.
INFO: [Project 1-1714] 25 XPM XDC files have been applied to the design.
Completed Processing XDC Constraints

Netlist sorting complete. Time (s): cpu = 00:00:00.01 ; elapsed = 00:00:00 . Memory (MB): peak = 3647.934 ; gain = 0.000 ; free physical = 48286 ; free virtual = 127275
INFO: [Project 1-111] Unisim Transformation Summary:
  A total of 10 instances were transformed.
  FD => FDRE: 2 instances
  FDR => FDRE: 8 instances

Constraint Validation Runtime : Time (s): cpu = 00:00:00.1 ; elapsed = 00:00:00.12 . Memory (MB): peak = 3647.969 ; gain = 0.000 ; free physical = 47887 ; free virtual = 126879
INFO: [Designutils 20-5008] Incremental synthesis strategy off
---------------------------------------------------------------------------------
Finished Constraint Validation : Time (s): cpu = 00:00:35 ; elapsed = 00:00:38 . Memory (MB): peak = 3647.969 ; gain = 575.430 ; free physical = 41427 ; free virtual = 120425
---------------------------------------------------------------------------------
---------------------------------------------------------------------------------
Start Loading Part and Timing Information
---------------------------------------------------------------------------------
Loading part: xcu55c-fsvh2892-2L-e
INFO: [Synth 8-6742] Reading net delay rules and data
---------------------------------------------------------------------------------
Finished Loading Part and Timing Information : Time (s): cpu = 00:00:35 ; elapsed = 00:00:38 . Memory (MB): peak = 3655.938 ; gain = 583.398 ; free physical = 41405 ; free virtual = 120403
---------------------------------------------------------------------------------
---------------------------------------------------------------------------------
Start Applying 'set_property' XDC Constraints
---------------------------------------------------------------------------------
---------------------------------------------------------------------------------
Finished applying 'set_property' XDC Constraints : Time (s): cpu = 00:00:35 ; elapsed = 00:00:38 . Memory (MB): peak = 3655.938 ; gain = 583.398 ; free physical = 41157 ; free virtual = 120156
---------------------------------------------------------------------------------
INFO: [Synth 8-802] inferred FSM for state register 'sm_reset_all_reg' in module 'gtwizard_ultrascale_v1_7_20_gtwiz_reset'
INFO: [Synth 8-802] inferred FSM for state register 'sm_reset_tx_reg' in module 'gtwizard_ultrascale_v1_7_20_gtwiz_reset'
INFO: [Synth 8-802] inferred FSM for state register 'sm_reset_rx_reg' in module 'gtwizard_ultrascale_v1_7_20_gtwiz_reset'
INFO: [Synth 8-802] inferred FSM for state register 'cdr_reset_fsm_r_reg' in module 'aurora_64b66b_0_WRAPPER'
INFO: [Synth 8-802] inferred FSM for state register 'gen_rst_ic.curr_wrst_state_reg' in module 'xpm_fifo_rst__xdcDup__1'
INFO: [Synth 8-802] inferred FSM for state register 'gen_rst_ic.curr_rrst_state_reg' in module 'xpm_fifo_rst__xdcDup__1'
INFO: [Synth 8-802] inferred FSM for state register 'gen_fwft.curr_fwft_state_reg' in module 'xpm_fifo_base__xdcDup__1'
INFO: [Synth 8-802] inferred FSM for state register 'gen_rst_ic.curr_wrst_state_reg' in module 'xpm_fifo_rst'
INFO: [Synth 8-802] inferred FSM for state register 'gen_rst_ic.curr_rrst_state_reg' in module 'xpm_fifo_rst'
INFO: [Synth 8-802] inferred FSM for state register 'gen_fwft.curr_fwft_state_reg' in module 'xpm_fifo_base'
INFO: [Synth 8-802] inferred FSM for state register 'rstate_reg' in module 'krnl_aurora_control_s_axi'
---------------------------------------------------------------------------------------------------
                   State |                     New Encoding |                Previous Encoding 
---------------------------------------------------------------------------------------------------
      ST_RESET_TX_BRANCH |                              000 |                              000
         ST_RESET_TX_PLL |                              001 |                              001
    ST_RESET_TX_DATAPATH |                              010 |                              010
   ST_RESET_TX_WAIT_LOCK |                              011 |                              011
ST_RESET_TX_WAIT_USERRDY |                              100 |                              100
ST_RESET_TX_WAIT_RESETDONE |                              101 |                              101
        ST_RESET_TX_IDLE |                              110 |                              110
---------------------------------------------------------------------------------------------------
INFO: [Synth 8-3354] encoded FSM with state register 'sm_reset_tx_reg' using encoding 'sequential' in module 'gtwizard_ultrascale_v1_7_20_gtwiz_reset'
---------------------------------------------------------------------------------------------------
                   State |                     New Encoding |                Previous Encoding 
---------------------------------------------------------------------------------------------------
      ST_RESET_RX_BRANCH |                              000 |                              000
         ST_RESET_RX_PLL |                              001 |                              001
    ST_RESET_RX_DATAPATH |                              010 |                              010
   ST_RESET_RX_WAIT_LOCK |                              011 |                              011
    ST_RESET_RX_WAIT_CDR |                              100 |                              100
ST_RESET_RX_WAIT_USERRDY |                              101 |                              101
ST_RESET_RX_WAIT_RESETDONE |                              110 |                              110
        ST_RESET_RX_IDLE |                              111 |                              111
---------------------------------------------------------------------------------------------------
INFO: [Synth 8-3354] encoded FSM with state register 'sm_reset_rx_reg' using encoding 'sequential' in module 'gtwizard_ultrascale_v1_7_20_gtwiz_reset'
---------------------------------------------------------------------------------------------------
                   State |                     New Encoding |                Previous Encoding 
---------------------------------------------------------------------------------------------------
       ST_RESET_ALL_INIT |                              000 |                              000
     ST_RESET_ALL_BRANCH |                              001 |                              001
     ST_RESET_ALL_TX_PLL |                              010 |                              010
ST_RESET_ALL_TX_PLL_WAIT |                              011 |                              011
      ST_RESET_ALL_RX_DP |                              100 |                              100
     ST_RESET_ALL_RX_PLL |                              101 |                              101
    ST_RESET_ALL_RX_WAIT |                              110 |                              110
                  iSTATE |                              111 |                              111
---------------------------------------------------------------------------------------------------
INFO: [Synth 8-3354] encoded FSM with state register 'sm_reset_all_reg' using encoding 'sequential' in module 'gtwizard_ultrascale_v1_7_20_gtwiz_reset'
---------------------------------------------------------------------------------------------------
                   State |                     New Encoding |                Previous Encoding 
---------------------------------------------------------------------------------------------------
                    IDLE |                              001 |                               00
          ASSERT_RXRESET |                              010 |                               01
                    DONE |                              100 |                               10
---------------------------------------------------------------------------------------------------
INFO: [Synth 8-3354] encoded FSM with state register 'cdr_reset_fsm_r_reg' using encoding 'one-hot' in module 'aurora_64b66b_0_WRAPPER'
INFO: [Synth 8-5552] Implemented safe state 'default_state' for state register 'gen_rst_ic.curr_wrst_state_reg' in module 'xpm_fifo_rst__xdcDup__1'
---------------------------------------------------------------------------------------------------
                   State |                     New Encoding |                Previous Encoding 
---------------------------------------------------------------------------------------------------
*
               WRST_IDLE |                            00001 |                              000
                 WRST_IN |                            00010 |                              010
                WRST_OUT |                            00100 |                              111
               WRST_EXIT |                            01000 |                              110
            WRST_GO2IDLE |                            10000 |                              100
---------------------------------------------------------------------------------------------------
INFO: [Synth 8-3354] encoded FSM with state register 'gen_rst_ic.curr_wrst_state_reg' using encoding 'one-hot' in module 'xpm_fifo_rst__xdcDup__1'
INFO: [Synth 8-5552] Implemented safe state 'default_state' for state register 'gen_rst_ic.curr_rrst_state_reg' in module 'xpm_fifo_rst__xdcDup__1'
---------------------------------------------------------------------------------------------------
                   State |                     New Encoding |                Previous Encoding 
---------------------------------------------------------------------------------------------------
*
               RRST_IDLE |                               00 |                               00
                 RRST_IN |                               01 |                               10
                RRST_OUT |                               10 |                               11
               RRST_EXIT |                               11 |                               01
---------------------------------------------------------------------------------------------------
INFO: [Synth 8-3354] encoded FSM with state register 'gen_rst_ic.curr_rrst_state_reg' using encoding 'sequential' in module 'xpm_fifo_rst__xdcDup__1'
---------------------------------------------------------------------------------------------------
                   State |                     New Encoding |                Previous Encoding 
---------------------------------------------------------------------------------------------------
                 invalid |                               00 |                               00
            stage1_valid |                               01 |                               10
       both_stages_valid |                               10 |                               11
            stage2_valid |                               11 |                               01
---------------------------------------------------------------------------------------------------
INFO: [Synth 8-3354] encoded FSM with state register 'gen_fwft.curr_fwft_state_reg' using encoding 'sequential' in module 'xpm_fifo_base__xdcDup__1'
INFO: [Synth 8-5552] Implemented safe state 'default_state' for state register 'gen_rst_ic.curr_wrst_state_reg' in module 'xpm_fifo_rst'
---------------------------------------------------------------------------------------------------
                   State |                     New Encoding |                Previous Encoding 
---------------------------------------------------------------------------------------------------
*
               WRST_IDLE |                            00001 |                              000
                 WRST_IN |                            00010 |                              010
                WRST_OUT |                            00100 |                              111
               WRST_EXIT |                            01000 |                              110
            WRST_GO2IDLE |                            10000 |                              100
---------------------------------------------------------------------------------------------------
INFO: [Synth 8-3354] encoded FSM with state register 'gen_rst_ic.curr_wrst_state_reg' using encoding 'one-hot' in module 'xpm_fifo_rst'
INFO: [Synth 8-5552] Implemented safe state 'default_state' for state register 'gen_rst_ic.curr_rrst_state_reg' in module 'xpm_fifo_rst'
---------------------------------------------------------------------------------------------------
                   State |                     New Encoding |                Previous Encoding 
---------------------------------------------------------------------------------------------------
*
               RRST_IDLE |                               00 |                               00
                 RRST_IN |                               01 |                               10
                RRST_OUT |                               10 |                               11
               RRST_EXIT |                               11 |                               01
---------------------------------------------------------------------------------------------------
INFO: [Synth 8-3354] encoded FSM with state register 'gen_rst_ic.curr_rrst_state_reg' using encoding 'sequential' in module 'xpm_fifo_rst'
---------------------------------------------------------------------------------------------------
                   State |                     New Encoding |                Previous Encoding 
---------------------------------------------------------------------------------------------------
                 invalid |                               00 |                               00
            stage1_valid |                               01 |                               10
       both_stages_valid |                               10 |                               11
            stage2_valid |                               11 |                               01
---------------------------------------------------------------------------------------------------
INFO: [Synth 8-3354] encoded FSM with state register 'gen_fwft.curr_fwft_state_reg' using encoding 'sequential' in module 'xpm_fifo_base'
---------------------------------------------------------------------------------------------------
                   State |                     New Encoding |                Previous Encoding 
---------------------------------------------------------------------------------------------------
                  iSTATE |                              001 |                               10
*
                  RDIDLE |                              010 |                               00
                  RDDATA |                              100 |                               01
---------------------------------------------------------------------------------------------------
INFO: [Synth 8-3354] encoded FSM with state register 'rstate_reg' using encoding 'one-hot' in module 'krnl_aurora_control_s_axi'
---------------------------------------------------------------------------------
Finished RTL Optimization Phase 2 : Time (s): cpu = 00:00:38 ; elapsed = 00:00:43 . Memory (MB): peak = 3655.938 ; gain = 583.398 ; free physical = 40937 ; free virtual = 119975
---------------------------------------------------------------------------------
---------------------------------------------------------------------------------
Start RTL Component Statistics 
---------------------------------------------------------------------------------
Detailed RTL Component Info : 
+---Adders : 
	   2 Input   16 Bit       Adders := 5     
	   2 Input   10 Bit       Adders := 11    
	   4 Input   10 Bit       Adders := 4     
	   2 Input    9 Bit       Adders := 1     
	   4 Input    9 Bit       Adders := 6     
	   2 Input    8 Bit       Adders := 4     
	   2 Input    7 Bit       Adders := 4     
	   2 Input    6 Bit       Adders := 5     
	   2 Input    5 Bit       Adders := 5     
	   2 Input    4 Bit       Adders := 13    
	   2 Input    3 Bit       Adders := 21    
	   2 Input    2 Bit       Adders := 3     
	   4 Input    2 Bit       Adders := 2     
+---XORs : 
	   2 Input     10 Bit         XORs := 4     
	   2 Input      9 Bit         XORs := 4     
	   2 Input      1 Bit         XORs := 70    
	   3 Input      1 Bit         XORs := 512   
+---XORs : 
	                2 Bit    Wide XORs := 4     
+---Registers : 
	              324 Bit    Registers := 4     
	              256 Bit    Registers := 3     
	               72 Bit    Registers := 5     
	               71 Bit    Registers := 3     
	               67 Bit    Registers := 8     
	               64 Bit    Registers := 36    
	               58 Bit    Registers := 8     
	               23 Bit    Registers := 1     
	               19 Bit    Registers := 1     
	               16 Bit    Registers := 9     
	               15 Bit    Registers := 1     
	               13 Bit    Registers := 1     
	               12 Bit    Registers := 1     
	               10 Bit    Registers := 35    
	                9 Bit    Registers := 31    
	                8 Bit    Registers := 4     
	                7 Bit    Registers := 4     
	                6 Bit    Registers := 22    
	                5 Bit    Registers := 17    
	                4 Bit    Registers := 33    
	                3 Bit    Registers := 23    
	                2 Bit    Registers := 35    
	                1 Bit    Registers := 1015  
+---RAMs : 
	             162K Bit	(512 X 324 bit)          RAMs := 2     
+---Muxes : 
	   2 Input   72 Bit        Muxes := 4     
	   2 Input   64 Bit        Muxes := 16    
	   2 Input    9 Bit        Muxes := 5     
	   3 Input    9 Bit        Muxes := 1     
	   5 Input    8 Bit        Muxes := 4     
	   3 Input    8 Bit        Muxes := 1     
	   2 Input    6 Bit        Muxes := 1     
	   6 Input    5 Bit        Muxes := 2     
	   2 Input    5 Bit        Muxes := 16    
	   2 Input    4 Bit        Muxes := 1     
	   2 Input    3 Bit        Muxes := 15    
	   7 Input    3 Bit        Muxes := 2     
	   8 Input    3 Bit        Muxes := 1     
	   3 Input    3 Bit        Muxes := 2     
	   2 Input    2 Bit        Muxes := 69    
	   4 Input    2 Bit        Muxes := 15    
	   5 Input    2 Bit        Muxes := 2     
	   2 Input    1 Bit        Muxes := 149   
	   6 Input    1 Bit        Muxes := 8     
	   7 Input    1 Bit        Muxes := 13    
	   8 Input    1 Bit        Muxes := 26    
	   3 Input    1 Bit        Muxes := 3     
	   5 Input    1 Bit        Muxes := 6     
	   4 Input    1 Bit        Muxes := 4     
---------------------------------------------------------------------------------
Finished RTL Component Statistics 
---------------------------------------------------------------------------------
---------------------------------------------------------------------------------
Start Part Resource Summary
---------------------------------------------------------------------------------
Part Resources:
DSPs: 9024 (col length:94)
BRAMs: 4032 (col length: RAMB18 288 RAMB36 144)
---------------------------------------------------------------------------------
Finished Part Resource Summary
---------------------------------------------------------------------------------
---------------------------------------------------------------------------------
Start Cross Boundary and Area Optimization
---------------------------------------------------------------------------------
WARNING: [Synth 8-7080] Parallel synthesis criteria is not met
RAM ("xpm_memory_base:/gen_wr_a.gen_word_narrow.mem_reg") is too shallow (depth = 512) to use URAM. Choosing BRAM instead of URAM 
WARNING: [Synth 8-3332] Sequential element (axi_control_slave/FSM_onehot_rstate_reg[0]) is unused and will be removed from module krnl_aurora.
---------------------------------------------------------------------------------
Finished Cross Boundary and Area Optimization : Time (s): cpu = 00:00:50 ; elapsed = 00:00:55 . Memory (MB): peak = 3655.938 ; gain = 583.398 ; free physical = 39447 ; free virtual = 118485
---------------------------------------------------------------------------------
---------------------------------------------------------------------------------
Start ROM, RAM, DSP, Shift Register and Retiming Reporting
---------------------------------------------------------------------------------

Block RAM: Preliminary Mapping Report (see note below)
+-----------------+----------------------------------+------------------------+---+---+------------------------+---+---+------------------+--------+--------+-----------------+
|Module Name      | RTL Object                       | PORT A (Depth x Width) | W | R | PORT B (Depth x Width) | W | R | Ports driving FF | RAMB18 | RAMB36 | Cascade Heights | 
+-----------------+----------------------------------+------------------------+---+---+------------------------+---+---+------------------+--------+--------+-----------------+
|xpm_memory_base: | gen_wr_a.gen_word_narrow.mem_reg | 512 x 324(NO_CHANGE)   | W |   | 512 x 324(WRITE_FIRST) |   | R | Port A and B     | 1      | 4      |                 | 
|xpm_memory_base: | gen_wr_a.gen_word_narrow.mem_reg | 512 x 324(NO_CHANGE)   | W |   | 512 x 324(WRITE_FIRST) |   | R | Port A and B     | 1      | 4      |                 | 
+-----------------+----------------------------------+------------------------+---+---+------------------------+---+---+------------------+--------+--------+-----------------+

Note: The table above is a preliminary report that shows the Block RAMs at the current stage of the synthesis flow. Some Block RAMs may be reimplemented as non Block RAM primitives later in the synthesis flow. Multiple instantiated Block RAMs are reported only once. 
---------------------------------------------------------------------------------
Finished ROM, RAM, DSP, Shift Register and Retiming Reporting
---------------------------------------------------------------------------------
---------------------------------------------------------------------------------
Start Applying XDC Timing Constraints
---------------------------------------------------------------------------------
INFO: [Synth 8-5578] Moved timing constraint from pin 'inst/aurora_64b66b_0_inst/inst/aurora_64b66b_0_core_i/aurora_64b66b_0_wrapper_i/aurora_64b66b_0_multi_gt_i/ultrascale_rx_userclk/gtwiz_userclk_rx_reset_in' to pin 'inst/aurora_64b66b_0_inst/inst/aurora_64b66b_0_core_i/aurora_64b66b_0_wrapper_i/aurora_64b66b_0_multi_gt_i/gtwiz_userclk_rx_reset_in_r_reg/Q'
INFO: [Synth 8-5819] Moved 1 constraints on hierarchical pins to their respective driving/loading pins
---------------------------------------------------------------------------------
Finished Applying XDC Timing Constraints : Time (s): cpu = 00:00:56 ; elapsed = 00:01:02 . Memory (MB): peak = 4079.348 ; gain = 1006.809 ; free physical = 37726 ; free virtual = 116786
---------------------------------------------------------------------------------
---------------------------------------------------------------------------------
Start Timing Optimization
---------------------------------------------------------------------------------
---------------------------------------------------------------------------------
Finished Timing Optimization : Time (s): cpu = 00:00:58 ; elapsed = 00:01:04 . Memory (MB): peak = 4132.387 ; gain = 1059.848 ; free physical = 37434 ; free virtual = 116515
---------------------------------------------------------------------------------
---------------------------------------------------------------------------------
Start ROM, RAM, DSP, Shift Register and Retiming Reporting
---------------------------------------------------------------------------------

Block RAM: Final Mapping Report
+-----------------+----------------------------------+------------------------+---+---+------------------------+---+---+------------------+--------+--------+-----------------+
|Module Name      | RTL Object                       | PORT A (Depth x Width) | W | R | PORT B (Depth x Width) | W | R | Ports driving FF | RAMB18 | RAMB36 | Cascade Heights | 
+-----------------+----------------------------------+------------------------+---+---+------------------------+---+---+------------------+--------+--------+-----------------+
|xpm_memory_base: | gen_wr_a.gen_word_narrow.mem_reg | 512 x 324(NO_CHANGE)   | W |   | 512 x 324(WRITE_FIRST) |   | R | Port A and B     | 1      | 4      |                 | 
|xpm_memory_base: | gen_wr_a.gen_word_narrow.mem_reg | 512 x 324(NO_CHANGE)   | W |   | 512 x 324(WRITE_FIRST) |   | R | Port A and B     | 1      | 4      |                 | 
+-----------------+----------------------------------+------------------------+---+---+------------------------+---+---+------------------+--------+--------+-----------------+

---------------------------------------------------------------------------------
Finished ROM, RAM, DSP, Shift Register and Retiming Reporting
---------------------------------------------------------------------------------
---------------------------------------------------------------------------------
Start Technology Mapping
---------------------------------------------------------------------------------
INFO: [Synth 8-7052] The timing for the instance inst/axis_data_fifo_0_rx/inst/gen_fifo.xpm_fifo_axis_inst/xpm_fifo_base_inst/gen_sdpram.xpm_memory_base_inst/gen_wr_a.gen_word_narrow.mem_reg_4 (implemented as a Block RAM) might be sub-optimal as no optional output register could be merged into the ram block. Providing additional output register may help in improving timing.
INFO: [Synth 8-7052] The timing for the instance inst/axis_data_fifo_0_tx/inst/gen_fifo.xpm_fifo_axis_inst/xpm_fifo_base_inst/gen_sdpram.xpm_memory_base_inst/gen_wr_a.gen_word_narrow.mem_reg_4 (implemented as a Block RAM) might be sub-optimal as no optional output register could be merged into the ram block. Providing additional output register may help in improving timing.
---------------------------------------------------------------------------------
Finished Technology Mapping : Time (s): cpu = 00:01:00 ; elapsed = 00:01:06 . Memory (MB): peak = 4140.395 ; gain = 1067.855 ; free physical = 36502 ; free virtual = 115594
---------------------------------------------------------------------------------
---------------------------------------------------------------------------------
Start IO Insertion
---------------------------------------------------------------------------------
---------------------------------------------------------------------------------
Start Flattening Before IO Insertion
---------------------------------------------------------------------------------
---------------------------------------------------------------------------------
Finished Flattening Before IO Insertion
---------------------------------------------------------------------------------
---------------------------------------------------------------------------------
Start Final Netlist Cleanup
---------------------------------------------------------------------------------
---------------------------------------------------------------------------------
Finished Final Netlist Cleanup
---------------------------------------------------------------------------------
INFO: [Synth 8-3295] tying undriven pin aurora_64b66b_0_core_i/aurora_lane_0_i/lane_init_sm_i/u_cdc_rxlossofsync_in/s_out_d1_aurora_64b66b_0_cdc_to_inferred:in0 to constant 0
INFO: [Synth 8-3295] tying undriven pin aurora_64b66b_0_core_i/aurora_lane_0_i/lane_init_sm_i/u_cdc_rxlossofsync_in/s_out_d2_inferred:in0 to constant 0
INFO: [Synth 8-3295] tying undriven pin aurora_64b66b_0_core_i/aurora_lane_0_i/lane_init_sm_i/u_cdc_rxlossofsync_in/s_out_d3_inferred:in0 to constant 0
INFO: [Synth 8-3295] tying undriven pin aurora_64b66b_0_core_i/aurora_lane_0_i/lane_init_sm_i/u_cdc_rxlossofsync_in/s_out_d4_inferred:in0 to constant 0
INFO: [Synth 8-3295] tying undriven pin aurora_64b66b_0_core_i/aurora_lane_0_i/lane_init_sm_i/u_cdc_rxlossofsync_in/s_out_d5_inferred:in0 to constant 0
INFO: [Synth 8-3295] tying undriven pin aurora_64b66b_0_core_i/aurora_lane_0_i/lane_init_sm_i/u_cdc_rxlossofsync_in/s_out_d6_inferred:in0 to constant 0
INFO: [Synth 8-3295] tying undriven pin aurora_64b66b_0_core_i/aurora_lane_0_i/lane_init_sm_i/u_cdc_rxlossofsync_in/s_out_d7_inferred:in0 to constant 0
INFO: [Synth 8-3295] tying undriven pin aurora_64b66b_0_core_i/aurora_lane_0_i/lane_init_sm_i/u_cdc_rxlossofsync_in/s_level_out_bus_d1_aurora_64b66b_0_cdc_to_inferred:in0[31] to constant 0
INFO: [Synth 8-3295] tying undriven pin aurora_64b66b_0_core_i/aurora_lane_0_i/lane_init_sm_i/u_cdc_rxlossofsync_in/s_level_out_bus_d1_aurora_64b66b_0_cdc_to_inferred:in0[30] to constant 0
INFO: [Synth 8-3295] tying undriven pin aurora_64b66b_0_core_i/aurora_lane_0_i/lane_init_sm_i/u_cdc_rxlossofsync_in/s_level_out_bus_d1_aurora_64b66b_0_cdc_to_inferred:in0[29] to constant 0
INFO: [Synth 8-3295] tying undriven pin aurora_64b66b_0_core_i/aurora_lane_0_i/lane_init_sm_i/u_cdc_rxlossofsync_in/s_level_out_bus_d1_aurora_64b66b_0_cdc_to_inferred:in0[28] to constant 0
INFO: [Synth 8-3295] tying undriven pin aurora_64b66b_0_core_i/aurora_lane_0_i/lane_init_sm_i/u_cdc_rxlossofsync_in/s_level_out_bus_d1_aurora_64b66b_0_cdc_to_inferred:in0[27] to constant 0
INFO: [Synth 8-3295] tying undriven pin aurora_64b66b_0_core_i/aurora_lane_0_i/lane_init_sm_i/u_cdc_rxlossofsync_in/s_level_out_bus_d1_aurora_64b66b_0_cdc_to_inferred:in0[26] to constant 0
INFO: [Synth 8-3295] tying undriven pin aurora_64b66b_0_core_i/aurora_lane_0_i/lane_init_sm_i/u_cdc_rxlossofsync_in/s_level_out_bus_d1_aurora_64b66b_0_cdc_to_inferred:in0[25] to constant 0
INFO: [Synth 8-3295] tying undriven pin aurora_64b66b_0_core_i/aurora_lane_0_i/lane_init_sm_i/u_cdc_rxlossofsync_in/s_level_out_bus_d1_aurora_64b66b_0_cdc_to_inferred:in0[24] to constant 0
INFO: [Synth 8-3295] tying undriven pin aurora_64b66b_0_core_i/aurora_lane_0_i/lane_init_sm_i/u_cdc_rxlossofsync_in/s_level_out_bus_d1_aurora_64b66b_0_cdc_to_inferred:in0[23] to constant 0
INFO: [Synth 8-3295] tying undriven pin aurora_64b66b_0_core_i/aurora_lane_0_i/lane_init_sm_i/u_cdc_rxlossofsync_in/s_level_out_bus_d1_aurora_64b66b_0_cdc_to_inferred:in0[22] to constant 0
INFO: [Synth 8-3295] tying undriven pin aurora_64b66b_0_core_i/aurora_lane_0_i/lane_init_sm_i/u_cdc_rxlossofsync_in/s_level_out_bus_d1_aurora_64b66b_0_cdc_to_inferred:in0[21] to constant 0
INFO: [Synth 8-3295] tying undriven pin aurora_64b66b_0_core_i/aurora_lane_0_i/lane_init_sm_i/u_cdc_rxlossofsync_in/s_level_out_bus_d1_aurora_64b66b_0_cdc_to_inferred:in0[20] to constant 0
INFO: [Synth 8-3295] tying undriven pin aurora_64b66b_0_core_i/aurora_lane_0_i/lane_init_sm_i/u_cdc_rxlossofsync_in/s_level_out_bus_d1_aurora_64b66b_0_cdc_to_inferred:in0[19] to constant 0
INFO: [Synth 8-3295] tying undriven pin aurora_64b66b_0_core_i/aurora_lane_0_i/lane_init_sm_i/u_cdc_rxlossofsync_in/s_level_out_bus_d1_aurora_64b66b_0_cdc_to_inferred:in0[18] to constant 0
INFO: [Synth 8-3295] tying undriven pin aurora_64b66b_0_core_i/aurora_lane_0_i/lane_init_sm_i/u_cdc_rxlossofsync_in/s_level_out_bus_d1_aurora_64b66b_0_cdc_to_inferred:in0[17] to constant 0
INFO: [Synth 8-3295] tying undriven pin aurora_64b66b_0_core_i/aurora_lane_0_i/lane_init_sm_i/u_cdc_rxlossofsync_in/s_level_out_bus_d1_aurora_64b66b_0_cdc_to_inferred:in0[16] to constant 0
INFO: [Synth 8-3295] tying undriven pin aurora_64b66b_0_core_i/aurora_lane_0_i/lane_init_sm_i/u_cdc_rxlossofsync_in/s_level_out_bus_d1_aurora_64b66b_0_cdc_to_inferred:in0[15] to constant 0
INFO: [Synth 8-3295] tying undriven pin aurora_64b66b_0_core_i/aurora_lane_0_i/lane_init_sm_i/u_cdc_rxlossofsync_in/s_level_out_bus_d1_aurora_64b66b_0_cdc_to_inferred:in0[14] to constant 0
INFO: [Synth 8-3295] tying undriven pin aurora_64b66b_0_core_i/aurora_lane_0_i/lane_init_sm_i/u_cdc_rxlossofsync_in/s_level_out_bus_d1_aurora_64b66b_0_cdc_to_inferred:in0[13] to constant 0
INFO: [Synth 8-3295] tying undriven pin aurora_64b66b_0_core_i/aurora_lane_0_i/lane_init_sm_i/u_cdc_rxlossofsync_in/s_level_out_bus_d1_aurora_64b66b_0_cdc_to_inferred:in0[12] to constant 0
INFO: [Synth 8-3295] tying undriven pin aurora_64b66b_0_core_i/aurora_lane_0_i/lane_init_sm_i/u_cdc_rxlossofsync_in/s_level_out_bus_d1_aurora_64b66b_0_cdc_to_inferred:in0[11] to constant 0
INFO: [Synth 8-3295] tying undriven pin aurora_64b66b_0_core_i/aurora_lane_0_i/lane_init_sm_i/u_cdc_rxlossofsync_in/s_level_out_bus_d1_aurora_64b66b_0_cdc_to_inferred:in0[10] to constant 0
INFO: [Synth 8-3295] tying undriven pin aurora_64b66b_0_core_i/aurora_lane_0_i/lane_init_sm_i/u_cdc_rxlossofsync_in/s_level_out_bus_d1_aurora_64b66b_0_cdc_to_inferred:in0[9] to constant 0
INFO: [Synth 8-3295] tying undriven pin aurora_64b66b_0_core_i/aurora_lane_0_i/lane_init_sm_i/u_cdc_rxlossofsync_in/s_level_out_bus_d1_aurora_64b66b_0_cdc_to_inferred:in0[8] to constant 0
INFO: [Synth 8-3295] tying undriven pin aurora_64b66b_0_core_i/aurora_lane_0_i/lane_init_sm_i/u_cdc_rxlossofsync_in/s_level_out_bus_d1_aurora_64b66b_0_cdc_to_inferred:in0[7] to constant 0
INFO: [Synth 8-3295] tying undriven pin aurora_64b66b_0_core_i/aurora_lane_0_i/lane_init_sm_i/u_cdc_rxlossofsync_in/s_level_out_bus_d1_aurora_64b66b_0_cdc_to_inferred:in0[6] to constant 0
INFO: [Synth 8-3295] tying undriven pin aurora_64b66b_0_core_i/aurora_lane_0_i/lane_init_sm_i/u_cdc_rxlossofsync_in/s_level_out_bus_d1_aurora_64b66b_0_cdc_to_inferred:in0[5] to constant 0
INFO: [Synth 8-3295] tying undriven pin aurora_64b66b_0_core_i/aurora_lane_0_i/lane_init_sm_i/u_cdc_rxlossofsync_in/s_level_out_bus_d1_aurora_64b66b_0_cdc_to_inferred:in0[4] to constant 0
INFO: [Synth 8-3295] tying undriven pin aurora_64b66b_0_core_i/aurora_lane_0_i/lane_init_sm_i/u_cdc_rxlossofsync_in/s_level_out_bus_d1_aurora_64b66b_0_cdc_to_inferred:in0[3] to constant 0
INFO: [Synth 8-3295] tying undriven pin aurora_64b66b_0_core_i/aurora_lane_0_i/lane_init_sm_i/u_cdc_rxlossofsync_in/s_level_out_bus_d1_aurora_64b66b_0_cdc_to_inferred:in0[2] to constant 0
INFO: [Synth 8-3295] tying undriven pin aurora_64b66b_0_core_i/aurora_lane_0_i/lane_init_sm_i/u_cdc_rxlossofsync_in/s_level_out_bus_d1_aurora_64b66b_0_cdc_to_inferred:in0[1] to constant 0
INFO: [Synth 8-3295] tying undriven pin aurora_64b66b_0_core_i/aurora_lane_0_i/lane_init_sm_i/u_cdc_rxlossofsync_in/s_level_out_bus_d1_aurora_64b66b_0_cdc_to_inferred:in0[0] to constant 0
INFO: [Synth 8-3295] tying undriven pin aurora_64b66b_0_core_i/aurora_lane_0_i/lane_init_sm_i/u_cdc_rxlossofsync_in/s_level_out_bus_d2_inferred:in0[31] to constant 0
INFO: [Synth 8-3295] tying undriven pin aurora_64b66b_0_core_i/aurora_lane_0_i/lane_init_sm_i/u_cdc_rxlossofsync_in/s_level_out_bus_d2_inferred:in0[30] to constant 0
INFO: [Synth 8-3295] tying undriven pin aurora_64b66b_0_core_i/aurora_lane_0_i/lane_init_sm_i/u_cdc_rxlossofsync_in/s_level_out_bus_d2_inferred:in0[29] to constant 0
INFO: [Synth 8-3295] tying undriven pin aurora_64b66b_0_core_i/aurora_lane_0_i/lane_init_sm_i/u_cdc_rxlossofsync_in/s_level_out_bus_d2_inferred:in0[28] to constant 0
INFO: [Synth 8-3295] tying undriven pin aurora_64b66b_0_core_i/aurora_lane_0_i/lane_init_sm_i/u_cdc_rxlossofsync_in/s_level_out_bus_d2_inferred:in0[27] to constant 0
INFO: [Synth 8-3295] tying undriven pin aurora_64b66b_0_core_i/aurora_lane_0_i/lane_init_sm_i/u_cdc_rxlossofsync_in/s_level_out_bus_d2_inferred:in0[26] to constant 0
INFO: [Synth 8-3295] tying undriven pin aurora_64b66b_0_core_i/aurora_lane_0_i/lane_init_sm_i/u_cdc_rxlossofsync_in/s_level_out_bus_d2_inferred:in0[25] to constant 0
INFO: [Synth 8-3295] tying undriven pin aurora_64b66b_0_core_i/aurora_lane_0_i/lane_init_sm_i/u_cdc_rxlossofsync_in/s_level_out_bus_d2_inferred:in0[24] to constant 0
INFO: [Synth 8-3295] tying undriven pin aurora_64b66b_0_core_i/aurora_lane_0_i/lane_init_sm_i/u_cdc_rxlossofsync_in/s_level_out_bus_d2_inferred:in0[23] to constant 0
INFO: [Synth 8-3295] tying undriven pin aurora_64b66b_0_core_i/aurora_lane_0_i/lane_init_sm_i/u_cdc_rxlossofsync_in/s_level_out_bus_d2_inferred:in0[22] to constant 0
INFO: [Synth 8-3295] tying undriven pin aurora_64b66b_0_core_i/aurora_lane_0_i/lane_init_sm_i/u_cdc_rxlossofsync_in/s_level_out_bus_d2_inferred:in0[21] to constant 0
INFO: [Synth 8-3295] tying undriven pin aurora_64b66b_0_core_i/aurora_lane_0_i/lane_init_sm_i/u_cdc_rxlossofsync_in/s_level_out_bus_d2_inferred:in0[20] to constant 0
INFO: [Synth 8-3295] tying undriven pin aurora_64b66b_0_core_i/aurora_lane_0_i/lane_init_sm_i/u_cdc_rxlossofsync_in/s_level_out_bus_d2_inferred:in0[19] to constant 0
INFO: [Synth 8-3295] tying undriven pin aurora_64b66b_0_core_i/aurora_lane_0_i/lane_init_sm_i/u_cdc_rxlossofsync_in/s_level_out_bus_d2_inferred:in0[18] to constant 0
INFO: [Synth 8-3295] tying undriven pin aurora_64b66b_0_core_i/aurora_lane_0_i/lane_init_sm_i/u_cdc_rxlossofsync_in/s_level_out_bus_d2_inferred:in0[17] to constant 0
INFO: [Synth 8-3295] tying undriven pin aurora_64b66b_0_core_i/aurora_lane_0_i/lane_init_sm_i/u_cdc_rxlossofsync_in/s_level_out_bus_d2_inferred:in0[16] to constant 0
INFO: [Synth 8-3295] tying undriven pin aurora_64b66b_0_core_i/aurora_lane_0_i/lane_init_sm_i/u_cdc_rxlossofsync_in/s_level_out_bus_d2_inferred:in0[15] to constant 0
INFO: [Synth 8-3295] tying undriven pin aurora_64b66b_0_core_i/aurora_lane_0_i/lane_init_sm_i/u_cdc_rxlossofsync_in/s_level_out_bus_d2_inferred:in0[14] to constant 0
INFO: [Synth 8-3295] tying undriven pin aurora_64b66b_0_core_i/aurora_lane_0_i/lane_init_sm_i/u_cdc_rxlossofsync_in/s_level_out_bus_d2_inferred:in0[13] to constant 0
INFO: [Synth 8-3295] tying undriven pin aurora_64b66b_0_core_i/aurora_lane_0_i/lane_init_sm_i/u_cdc_rxlossofsync_in/s_level_out_bus_d2_inferred:in0[12] to constant 0
INFO: [Synth 8-3295] tying undriven pin aurora_64b66b_0_core_i/aurora_lane_0_i/lane_init_sm_i/u_cdc_rxlossofsync_in/s_level_out_bus_d2_inferred:in0[11] to constant 0
INFO: [Synth 8-3295] tying undriven pin aurora_64b66b_0_core_i/aurora_lane_0_i/lane_init_sm_i/u_cdc_rxlossofsync_in/s_level_out_bus_d2_inferred:in0[10] to constant 0
INFO: [Synth 8-3295] tying undriven pin aurora_64b66b_0_core_i/aurora_lane_0_i/lane_init_sm_i/u_cdc_rxlossofsync_in/s_level_out_bus_d2_inferred:in0[9] to constant 0
INFO: [Synth 8-3295] tying undriven pin aurora_64b66b_0_core_i/aurora_lane_0_i/lane_init_sm_i/u_cdc_rxlossofsync_in/s_level_out_bus_d2_inferred:in0[8] to constant 0
INFO: [Synth 8-3295] tying undriven pin aurora_64b66b_0_core_i/aurora_lane_0_i/lane_init_sm_i/u_cdc_rxlossofsync_in/s_level_out_bus_d2_inferred:in0[7] to constant 0
INFO: [Synth 8-3295] tying undriven pin aurora_64b66b_0_core_i/aurora_lane_0_i/lane_init_sm_i/u_cdc_rxlossofsync_in/s_level_out_bus_d2_inferred:in0[6] to constant 0
INFO: [Synth 8-3295] tying undriven pin aurora_64b66b_0_core_i/aurora_lane_0_i/lane_init_sm_i/u_cdc_rxlossofsync_in/s_level_out_bus_d2_inferred:in0[5] to constant 0
INFO: [Synth 8-3295] tying undriven pin aurora_64b66b_0_core_i/aurora_lane_0_i/lane_init_sm_i/u_cdc_rxlossofsync_in/s_level_out_bus_d2_inferred:in0[4] to constant 0
INFO: [Synth 8-3295] tying undriven pin aurora_64b66b_0_core_i/aurora_lane_0_i/lane_init_sm_i/u_cdc_rxlossofsync_in/s_level_out_bus_d2_inferred:in0[3] to constant 0
INFO: [Synth 8-3295] tying undriven pin aurora_64b66b_0_core_i/aurora_lane_0_i/lane_init_sm_i/u_cdc_rxlossofsync_in/s_level_out_bus_d2_inferred:in0[2] to constant 0
INFO: [Synth 8-3295] tying undriven pin aurora_64b66b_0_core_i/aurora_lane_0_i/lane_init_sm_i/u_cdc_rxlossofsync_in/s_level_out_bus_d2_inferred:in0[1] to constant 0
INFO: [Synth 8-3295] tying undriven pin aurora_64b66b_0_core_i/aurora_lane_0_i/lane_init_sm_i/u_cdc_rxlossofsync_in/s_level_out_bus_d2_inferred:in0[0] to constant 0
INFO: [Synth 8-3295] tying undriven pin aurora_64b66b_0_core_i/aurora_lane_0_i/lane_init_sm_i/u_cdc_rxlossofsync_in/s_level_out_bus_d3_inferred:in0[31] to constant 0
INFO: [Synth 8-3295] tying undriven pin aurora_64b66b_0_core_i/aurora_lane_0_i/lane_init_sm_i/u_cdc_rxlossofsync_in/s_level_out_bus_d3_inferred:in0[30] to constant 0
INFO: [Synth 8-3295] tying undriven pin aurora_64b66b_0_core_i/aurora_lane_0_i/lane_init_sm_i/u_cdc_rxlossofsync_in/s_level_out_bus_d3_inferred:in0[29] to constant 0
INFO: [Synth 8-3295] tying undriven pin aurora_64b66b_0_core_i/aurora_lane_0_i/lane_init_sm_i/u_cdc_rxlossofsync_in/s_level_out_bus_d3_inferred:in0[28] to constant 0
INFO: [Synth 8-3295] tying undriven pin aurora_64b66b_0_core_i/aurora_lane_0_i/lane_init_sm_i/u_cdc_rxlossofsync_in/s_level_out_bus_d3_inferred:in0[27] to constant 0
INFO: [Synth 8-3295] tying undriven pin aurora_64b66b_0_core_i/aurora_lane_0_i/lane_init_sm_i/u_cdc_rxlossofsync_in/s_level_out_bus_d3_inferred:in0[26] to constant 0
INFO: [Synth 8-3295] tying undriven pin aurora_64b66b_0_core_i/aurora_lane_0_i/lane_init_sm_i/u_cdc_rxlossofsync_in/s_level_out_bus_d3_inferred:in0[25] to constant 0
INFO: [Synth 8-3295] tying undriven pin aurora_64b66b_0_core_i/aurora_lane_0_i/lane_init_sm_i/u_cdc_rxlossofsync_in/s_level_out_bus_d3_inferred:in0[24] to constant 0
INFO: [Synth 8-3295] tying undriven pin aurora_64b66b_0_core_i/aurora_lane_0_i/lane_init_sm_i/u_cdc_rxlossofsync_in/s_level_out_bus_d3_inferred:in0[23] to constant 0
INFO: [Synth 8-3295] tying undriven pin aurora_64b66b_0_core_i/aurora_lane_0_i/lane_init_sm_i/u_cdc_rxlossofsync_in/s_level_out_bus_d3_inferred:in0[22] to constant 0
INFO: [Synth 8-3295] tying undriven pin aurora_64b66b_0_core_i/aurora_lane_0_i/lane_init_sm_i/u_cdc_rxlossofsync_in/s_level_out_bus_d3_inferred:in0[21] to constant 0
INFO: [Synth 8-3295] tying undriven pin aurora_64b66b_0_core_i/aurora_lane_0_i/lane_init_sm_i/u_cdc_rxlossofsync_in/s_level_out_bus_d3_inferred:in0[20] to constant 0
INFO: [Synth 8-3295] tying undriven pin aurora_64b66b_0_core_i/aurora_lane_0_i/lane_init_sm_i/u_cdc_rxlossofsync_in/s_level_out_bus_d3_inferred:in0[19] to constant 0
INFO: [Synth 8-3295] tying undriven pin aurora_64b66b_0_core_i/aurora_lane_0_i/lane_init_sm_i/u_cdc_rxlossofsync_in/s_level_out_bus_d3_inferred:in0[18] to constant 0
INFO: [Synth 8-3295] tying undriven pin aurora_64b66b_0_core_i/aurora_lane_0_i/lane_init_sm_i/u_cdc_rxlossofsync_in/s_level_out_bus_d3_inferred:in0[17] to constant 0
INFO: [Synth 8-3295] tying undriven pin aurora_64b66b_0_core_i/aurora_lane_0_i/lane_init_sm_i/u_cdc_rxlossofsync_in/s_level_out_bus_d3_inferred:in0[16] to constant 0
INFO: [Synth 8-3295] tying undriven pin aurora_64b66b_0_core_i/aurora_lane_0_i/lane_init_sm_i/u_cdc_rxlossofsync_in/s_level_out_bus_d3_inferred:in0[15] to constant 0
INFO: [Synth 8-3295] tying undriven pin aurora_64b66b_0_core_i/aurora_lane_0_i/lane_init_sm_i/u_cdc_rxlossofsync_in/s_level_out_bus_d3_inferred:in0[14] to constant 0
INFO: [Synth 8-3295] tying undriven pin aurora_64b66b_0_core_i/aurora_lane_0_i/lane_init_sm_i/u_cdc_rxlossofsync_in/s_level_out_bus_d3_inferred:in0[13] to constant 0
INFO: [Synth 8-3295] tying undriven pin aurora_64b66b_0_core_i/aurora_lane_0_i/lane_init_sm_i/u_cdc_rxlossofsync_in/s_level_out_bus_d3_inferred:in0[12] to constant 0
INFO: [Synth 8-3295] tying undriven pin aurora_64b66b_0_core_i/aurora_lane_0_i/lane_init_sm_i/u_cdc_rxlossofsync_in/s_level_out_bus_d3_inferred:in0[11] to constant 0
INFO: [Synth 8-3295] tying undriven pin aurora_64b66b_0_core_i/aurora_lane_0_i/lane_init_sm_i/u_cdc_rxlossofsync_in/s_level_out_bus_d3_inferred:in0[10] to constant 0
INFO: [Synth 8-3295] tying undriven pin aurora_64b66b_0_core_i/aurora_lane_0_i/lane_init_sm_i/u_cdc_rxlossofsync_in/s_level_out_bus_d3_inferred:in0[9] to constant 0
INFO: [Synth 8-3295] tying undriven pin aurora_64b66b_0_core_i/aurora_lane_0_i/lane_init_sm_i/u_cdc_rxlossofsync_in/s_level_out_bus_d3_inferred:in0[8] to constant 0
INFO: [Synth 8-3295] tying undriven pin aurora_64b66b_0_core_i/aurora_lane_0_i/lane_init_sm_i/u_cdc_rxlossofsync_in/s_level_out_bus_d3_inferred:in0[7] to constant 0
INFO: [Synth 8-3295] tying undriven pin aurora_64b66b_0_core_i/aurora_lane_0_i/lane_init_sm_i/u_cdc_rxlossofsync_in/s_level_out_bus_d3_inferred:in0[6] to constant 0
INFO: [Synth 8-3295] tying undriven pin aurora_64b66b_0_core_i/aurora_lane_0_i/lane_init_sm_i/u_cdc_rxlossofsync_in/s_level_out_bus_d3_inferred:in0[5] to constant 0
INFO: [Synth 8-3295] tying undriven pin aurora_64b66b_0_core_i/aurora_lane_0_i/lane_init_sm_i/u_cdc_rxlossofsync_in/s_level_out_bus_d3_inferred:in0[4] to constant 0
INFO: [Synth 8-3295] tying undriven pin aurora_64b66b_0_core_i/aurora_lane_0_i/lane_init_sm_i/u_cdc_rxlossofsync_in/s_level_out_bus_d3_inferred:in0[3] to constant 0
INFO: [Common 17-14] Message 'Synth 8-3295' appears 100 times and further instances of the messages will be disabled.
---------------------------------------------------------------------------------
Finished IO Insertion : Time (s): cpu = 00:01:04 ; elapsed = 00:01:11 . Memory (MB): peak = 4285.207 ; gain = 1212.668 ; free physical = 38309 ; free virtual = 117399
---------------------------------------------------------------------------------
---------------------------------------------------------------------------------
Start Renaming Generated Instances
---------------------------------------------------------------------------------
---------------------------------------------------------------------------------
Finished Renaming Generated Instances : Time (s): cpu = 00:01:04 ; elapsed = 00:01:11 . Memory (MB): peak = 4285.207 ; gain = 1212.668 ; free physical = 38314 ; free virtual = 117405
---------------------------------------------------------------------------------
---------------------------------------------------------------------------------
Start Rebuilding User Hierarchy
---------------------------------------------------------------------------------
---------------------------------------------------------------------------------
Finished Rebuilding User Hierarchy : Time (s): cpu = 00:01:05 ; elapsed = 00:01:11 . Memory (MB): peak = 4285.207 ; gain = 1212.668 ; free physical = 38131 ; free virtual = 117222
---------------------------------------------------------------------------------
---------------------------------------------------------------------------------
Start Renaming Generated Ports
---------------------------------------------------------------------------------
---------------------------------------------------------------------------------
Finished Renaming Generated Ports : Time (s): cpu = 00:01:05 ; elapsed = 00:01:11 . Memory (MB): peak = 4285.207 ; gain = 1212.668 ; free physical = 38104 ; free virtual = 117195
---------------------------------------------------------------------------------
---------------------------------------------------------------------------------
Start Handling Custom Attributes
---------------------------------------------------------------------------------
---------------------------------------------------------------------------------
Finished Handling Custom Attributes : Time (s): cpu = 00:01:05 ; elapsed = 00:01:11 . Memory (MB): peak = 4285.207 ; gain = 1212.668 ; free physical = 38039 ; free virtual = 117135
---------------------------------------------------------------------------------
---------------------------------------------------------------------------------
Start Renaming Generated Nets
---------------------------------------------------------------------------------
---------------------------------------------------------------------------------
Finished Renaming Generated Nets : Time (s): cpu = 00:01:05 ; elapsed = 00:01:11 . Memory (MB): peak = 4285.207 ; gain = 1212.668 ; free physical = 38027 ; free virtual = 117123
---------------------------------------------------------------------------------
---------------------------------------------------------------------------------
Start ROM, RAM, DSP, Shift Register and Retiming Reporting
---------------------------------------------------------------------------------

Static Shift Register Report:
+------------------------+----------------------------------------------------------------------------------------------+--------+-------+--------------+--------------------+-------------------+--------+---------+
|Module Name             | RTL Name                                                                                     | Length | Width | Reset Signal | Pull out first Reg | Pull out last Reg | SRL16E | SRLC32E | 
+------------------------+----------------------------------------------------------------------------------------------+--------+-------+--------------+--------------------+-------------------+--------+---------+
|aurora_64b66b_0_support | aurora_64b66b_0_core_i/aurora_64b66b_0_wrapper_i/cbcc_gtx0_i/wait_for_wr_en_wr4_reg[5]       | 4      | 6     | NO           | NO                 | YES               | 6      | 0       | 
|aurora_64b66b_0_support | aurora_64b66b_0_core_i/aurora_64b66b_0_wrapper_i/cbcc_gtx0_lane1_i/wait_for_wr_en_wr4_reg[5] | 4      | 6     | NO           | NO                 | YES               | 6      | 0       | 
|aurora_64b66b_0_support | aurora_64b66b_0_core_i/aurora_64b66b_0_wrapper_i/cbcc_gtx0_lane2_i/wait_for_wr_en_wr4_reg[5] | 4      | 6     | NO           | NO                 | YES               | 6      | 0       | 
|aurora_64b66b_0_support | aurora_64b66b_0_core_i/aurora_64b66b_0_wrapper_i/cbcc_gtx0_lane3_i/wait_for_wr_en_wr4_reg[5] | 4      | 6     | NO           | NO                 | YES               | 6      | 0       | 
|aurora_64b66b_0_support | support_reset_logic_i/dly_gt_rst_r_reg[18]                                                   | 19     | 1     | NO           | NO                 | YES               | 0      | 1       | 
+------------------------+----------------------------------------------------------------------------------------------+--------+-------+--------------+--------------------+-------------------+--------+---------+

---------------------------------------------------------------------------------
Finished ROM, RAM, DSP, Shift Register and Retiming Reporting
---------------------------------------------------------------------------------
---------------------------------------------------------------------------------
Start Writing Synthesis Report
---------------------------------------------------------------------------------

Report BlackBoxes: 
+-+--------------+----------+
| |BlackBox name |Instances |
+-+--------------+----------+
+-+--------------+----------+

Report Cell Usage: 
+------+--------------+------+
|      |Cell          |Count |
+------+--------------+------+
|1     |BUFG_GT       |     2|
|2     |CARRY8        |    34|
|3     |FIFO36E2      |     4|
|5     |GTYE4_CHANNEL |     4|
|6     |GTYE4_COMMON  |     1|
|7     |IBUFDS_GTE4   |     1|
|8     |LUT1          |  6111|
|9     |LUT2          |   265|
|10    |LUT3          |   635|
|11    |LUT4          |   317|
|12    |LUT5          |   367|
|13    |LUT6          |   360|
|14    |RAMB18E2      |     2|
|15    |RAMB36E2      |     8|
|16    |SRL16E        |    24|
|17    |SRLC32E       |    13|
|18    |FD            |     2|
|19    |FDCE          |   152|
|20    |FDPE          |    45|
|21    |FDR           |     8|
|22    |FDRE          |  6719|
|23    |FDSE          |   189|
+------+--------------+------+
---------------------------------------------------------------------------------
Finished Writing Synthesis Report : Time (s): cpu = 00:01:05 ; elapsed = 00:01:12 . Memory (MB): peak = 4285.207 ; gain = 1212.668 ; free physical = 38026 ; free virtual = 117120
---------------------------------------------------------------------------------
Synthesis finished with 0 errors, 0 critical warnings and 2638 warnings.
Synthesis Optimization Runtime : Time (s): cpu = 00:00:53 ; elapsed = 00:00:59 . Memory (MB): peak = 4285.207 ; gain = 1177.953 ; free physical = 37893 ; free virtual = 117042
Synthesis Optimization Complete : Time (s): cpu = 00:01:05 ; elapsed = 00:01:12 . Memory (MB): peak = 4285.207 ; gain = 1212.668 ; free physical = 37803 ; free virtual = 116952
INFO: [Project 1-571] Translating synthesized netlist
Netlist sorting complete. Time (s): cpu = 00:00:00.22 ; elapsed = 00:00:00.22 . Memory (MB): peak = 4285.207 ; gain = 0.000 ; free physical = 36528 ; free virtual = 115616
INFO: [Netlist 29-17] Analyzing 44 Unisim elements for replacement
INFO: [Netlist 29-28] Unisim Transformation completed in 0 CPU seconds
INFO: [Project 1-570] Preparing netlist for logic optimization
INFO: [Opt 31-138] Pushed 0 inverter(s) to 0 load pin(s).
INFO: [Opt 31-441] Inserted BUFG_GT_SYNC inst/aurora_64b66b_0_inst/inst/aurora_64b66b_0_core_i/aurora_64b66b_0_wrapper_i/aurora_64b66b_0_multi_gt_i/aurora_64b66b_0_gt_i/inst/gen_gtwizard_gtye4_top.aurora_64b66b_0_gt_gtwizard_gtye4_inst/gen_gtwizard_gtye4.gen_channel_container[24].gen_enabled_channel.gtye4_channel_wrapper_inst/channel_inst/BUFG_GT_SYNC for BUFG_GT inst/aurora_64b66b_0_inst/inst/aurora_64b66b_0_core_i/aurora_64b66b_0_wrapper_i/aurora_64b66b_0_multi_gt_i/ultrascale_rx_userclk/gen_gtwiz_userclk_rx_main.bufg_gt_usrclk_inst
INFO: [Opt 31-441] Inserted BUFG_GT_SYNC inst/aurora_64b66b_0_inst/inst/aurora_64b66b_0_core_i/aurora_64b66b_0_wrapper_i/aurora_64b66b_0_multi_gt_i/aurora_64b66b_0_gt_i/inst/gen_gtwizard_gtye4_top.aurora_64b66b_0_gt_gtwizard_gtye4_inst/gen_gtwizard_gtye4.gen_channel_container[24].gen_enabled_channel.gtye4_channel_wrapper_inst/channel_inst/BUFG_GT_SYNC_1 for BUFG_GT inst/aurora_64b66b_0_inst/inst/clock_module_i/ultrascale_tx_userclk_1/gen_gtwiz_userclk_tx_main.bufg_gt_usrclk_inst
Netlist sorting complete. Time (s): cpu = 00:00:00 ; elapsed = 00:00:00 . Memory (MB): peak = 4285.207 ; gain = 0.000 ; free physical = 41865 ; free virtual = 121082
INFO: [Project 1-111] Unisim Transformation Summary:
  A total of 10 instances were transformed.
  FD => FDRE: 2 instances
  FDR => FDRE: 8 instances

Synth Design complete | Checksum: 8191cc90
INFO: [Common 17-83] Releasing license: Synthesis
388 Infos, 213 Warnings, 0 Critical Warnings and 0 Errors encountered.
synth_design completed successfully
synth_design: Time (s): cpu = 00:01:26 ; elapsed = 00:01:32 . Memory (MB): peak = 4285.207 ; gain = 2596.508 ; free physical = 41689 ; free virtual = 120914
INFO: [Common 17-2834] synth_design peak Physical Memory [PSS] (MB): overall = 3380.517; main = 3230.797; forked = 172.071
INFO: [Common 17-2834] synth_design peak Virtual Memory [VSS] (MB): overall = 5240.414; main = 4285.211; forked = 955.203
Write ShapeDB Complete: Time (s): cpu = 00:00:00.01 ; elapsed = 00:00:00.01 . Memory (MB): peak = 4285.207 ; gain = 0.000 ; free physical = 49857 ; free virtual = 129092
INFO: [Common 17-1381] The checkpoint '/home/miahafiz/NeuroRing_a_8192/_x.hw.NUM_8192.CORE_5.FREQ_300/link/vivado/vpl/prj/prj.runs/ulp_krnl_aurora_1_0_synth_1/ulp_krnl_aurora_1_0.dcp' has been generated.
INFO: [Coretcl 2-1648] Added synthesis output to IP cache for IP ulp_krnl_aurora_1_0, cache-ID = 33cb62b896882a40
INFO: [Coretcl 2-1174] Renamed 256 cell refs.
Write ShapeDB Complete: Time (s): cpu = 00:00:00.02 ; elapsed = 00:00:00.03 . Memory (MB): peak = 4285.207 ; gain = 0.000 ; free physical = 66457 ; free virtual = 145568
INFO: [Common 17-1381] The checkpoint '/home/miahafiz/NeuroRing_a_8192/_x.hw.NUM_8192.CORE_5.FREQ_300/link/vivado/vpl/prj/prj.runs/ulp_krnl_aurora_1_0_synth_1/ulp_krnl_aurora_1_0.dcp' has been generated.
INFO: [Vivado 12-24828] Executing command : report_utilization -file ulp_krnl_aurora_1_0_utilization_synth.rpt -pb ulp_krnl_aurora_1_0_utilization_synth.pb
INFO: [Common 17-206] Exiting Vivado at Thu Feb 26 05:27:00 2026...
