
*** Running vivado
    with args -log ulp.vds -m64 -product Vivado -mode batch -messageDb vivado.pb -notrace -source ulp.tcl


****** Vivado v2025.1 (64-bit)
  **** SW Build 6140274 on Wed May 21 22:58:25 MDT 2025
  **** IP Build 6138677 on Thu May 22 03:10:11 MDT 2025
  **** SharedData Build 6139179 on Tue May 20 17:58:58 MDT 2025
  **** Start of session at: Fri Feb 27 06:05:58 2026
    ** Copyright 1986-2022 Xilinx, Inc. All Rights Reserved.
    ** Copyright 2022-2025 Advanced Micro Devices, Inc. All Rights Reserved.

source ulp.tcl -notrace
INFO: Dispatch client connection id - 40507
create_project: Time (s): cpu = 00:00:10 ; elapsed = 00:00:11 . Memory (MB): peak = 1535.914 ; gain = 36.836 ; free physical = 75625 ; free virtual = 151457
INFO: [IP_Flow 19-234] Refreshing IP repositories
INFO: [IP_Flow 19-1700] Loaded user IP repository '/home/miahafiz/NeuroRing_a_4096_5c/_x.hw.NUM_4096.CORE_5.FREQ_300/link/int/xo/ip_repo/xilinx_com_hls_SynapseRouter_1_0'.
INFO: [IP_Flow 19-1700] Loaded user IP repository '/home/miahafiz/NeuroRing_a_4096_5c/_x.hw.NUM_4096.CORE_5.FREQ_300/link/int/xo/ip_repo/xilinx_com_hls_NeuroRing_1_0'.
INFO: [IP_Flow 19-1700] Loaded user IP repository '/home/miahafiz/NeuroRing_a_4096_5c/_x.hw.NUM_4096.CORE_5.FREQ_300/link/vivado/vpl/.local/hw_platform/iprepo'.
INFO: [IP_Flow 19-1700] Loaded user IP repository '/opt/xilinx/2025.1/Vitis/data/cache/xilinx'.
INFO: [IP_Flow 19-1700] Loaded user IP repository '/home/miahafiz/NeuroRing_a_4096_5c/_x.hw.NUM_4096.CORE_5.FREQ_300/link/vivado/vpl/.local/hw_platform/ipcache'.
INFO: [IP_Flow 19-1700] Loaded user IP repository '/opt/xilinx/2025.1/Vitis/data/vitis/ip'.
INFO: [IP_Flow 19-2313] Loaded Vivado IP repository '/opt/xilinx/2025.1/Vivado/data/ip'.
WARNING: [IP_Flow 19-1663] Duplicate IP found for 'xilinx.com:ip:axi_clk_metadata_adapter:1.0'. The one found in IP location '/home/miahafiz/NeuroRing_a_4096_5c/_x.hw.NUM_4096.CORE_5.FREQ_300/link/vivado/vpl/.local/hw_platform/iprepo/ipdefs/other_ipdefs/axi_clk_metadata_adapter_v1_0' will take precedence over the same IP in location /home/miahafiz/NeuroRing_a_4096_5c/_x.hw.NUM_4096.CORE_5.FREQ_300/link/vivado/vpl/.local/hw_platform/iprepo/ipdefs/pxi_ii_infra/axi_clk_metadata_adapter_v1_0
WARNING: [IP_Flow 19-1663] Duplicate IP found for 'xilinx.com:ip:axis_clk_metadata_adapter:1.0'. The one found in IP location '/home/miahafiz/NeuroRing_a_4096_5c/_x.hw.NUM_4096.CORE_5.FREQ_300/link/vivado/vpl/.local/hw_platform/iprepo/ipdefs/other_ipdefs/axis_clk_metadata_adapter_v1_0' will take precedence over the same IP in location /home/miahafiz/NeuroRing_a_4096_5c/_x.hw.NUM_4096.CORE_5.FREQ_300/link/vivado/vpl/.local/hw_platform/iprepo/ipdefs/pxi_ii_infra/axis_clk_metadata_adapter_v1_0
WARNING: [IP_Flow 19-1663] Duplicate IP found for 'xilinx.com:ip:clk_metadata_adapter:1.0'. The one found in IP location '/home/miahafiz/NeuroRing_a_4096_5c/_x.hw.NUM_4096.CORE_5.FREQ_300/link/vivado/vpl/.local/hw_platform/iprepo/ipdefs/other_ipdefs/clk_metadata_adapter_v1_0' will take precedence over the same IP in location /home/miahafiz/NeuroRing_a_4096_5c/_x.hw.NUM_4096.CORE_5.FREQ_300/link/vivado/vpl/.local/hw_platform/iprepo/ipdefs/pxi_ii_infra/clk_metadata_adapter_v1_0
WARNING: [IP_Flow 19-1663] Duplicate IP found for 'xilinx.com:ip:pipeline_reg:1.0'. The one found in IP location '/home/miahafiz/NeuroRing_a_4096_5c/_x.hw.NUM_4096.CORE_5.FREQ_300/link/vivado/vpl/.local/hw_platform/iprepo/ipdefs/other_ipdefs/pipeline_reg_v1_0' will take precedence over the same IP in location /home/miahafiz/NeuroRing_a_4096_5c/_x.hw.NUM_4096.CORE_5.FREQ_300/link/vivado/vpl/.local/hw_platform/iprepo/ipdefs/pxi_ii_infra/pipeline_reg_v1_0
INFO: [Project 1-5698] Found the below utility IPs instantiated in block design /home/miahafiz/NeuroRing_a_4096_5c/_x.hw.NUM_4096.CORE_5.FREQ_300/link/vivado/vpl/prj/prj.srcs/my_rm/bd/ulp/ulp.bd which have equivalent inline hdl with improved performance and reduced diskspace.
It is recommended to migrate these utility IPs to inline hdl  using the command upgrade_project -migrate_to_inline_hdl.  The utility IPs may be deprecated in future releases.
More information on inline hdl is available in UG994.
Utility IP Component Instances:
 ulp_satellite_gpio_slice_1_0
ulp_ii_level0_wire_ulp_s_irq_cu_00_1_interrupt_concat_0
ulp_ii_level0_wire_ulp_s_irq_cu_00_1_interrupt_concat_0_0
ulp_ii_level0_wire_ulp_s_irq_cu_00_1_interrupt_concat_1_0
ulp_ii_level0_wire_ulp_s_irq_cu_00_1_interrupt_concat_2_0
ulp_ii_level0_wire_ulp_s_irq_cu_00_1_interrupt_concat_3_0
ulp_irq_const_tieoff_0
add_files: Time (s): cpu = 00:00:10 ; elapsed = 00:00:15 . Memory (MB): peak = 1763.055 ; gain = 37.812 ; free physical = 94348 ; free virtual = 169897
Command: synth_design -top ulp -part xcu55c-fsvh2892-2L-e -incremental_mode off -mode out_of_context
Starting synth_design
Attempting to get a license for feature 'Synthesis' and/or device 'xcu55c'
INFO: [Common 17-349] Got license for feature 'Synthesis' and/or device 'xcu55c'
INFO: [Device 21-403] Loading part xcu55c-fsvh2892-2L-e
INFO: [Synth 8-7079] Multithreading enabled for synth_design using a maximum of 1 processes.
INFO: [Synth 8-7078] Launching helper process for spawning children vivado processes
INFO: [Synth 8-7075] Helper process launched with PID 993118
---------------------------------------------------------------------------------
Starting RTL Elaboration : Time (s): cpu = 00:00:05 ; elapsed = 00:00:06 . Memory (MB): peak = 3449.871 ; gain = 74.062 ; free physical = 90437 ; free virtual = 165998
---------------------------------------------------------------------------------
INFO: [Synth 8-6157] synthesizing module 'ulp' [/home/miahafiz/NeuroRing_a_4096_5c/_x.hw.NUM_4096.CORE_5.FREQ_300/link/vivado/vpl/prj/prj.gen/my_rm/bd/ulp/synth/ulp.v:5046]
INFO: [Synth 8-6157] synthesizing module 'ulp_NeuroRing_0_0' [/home/miahafiz/NeuroRing_a_4096_5c/_x.hw.NUM_4096.CORE_5.FREQ_300/link/vivado/vpl/prj/prj.runs/my_rm_synth_1/.Xil/Vivado-988657-cyberdeck/realtime/ulp_NeuroRing_0_0_stub.v:6]
INFO: [Synth 8-6155] done synthesizing module 'ulp_NeuroRing_0_0' (0#1) [/home/miahafiz/NeuroRing_a_4096_5c/_x.hw.NUM_4096.CORE_5.FREQ_300/link/vivado/vpl/prj/prj.runs/my_rm_synth_1/.Xil/Vivado-988657-cyberdeck/realtime/ulp_NeuroRing_0_0_stub.v:6]
WARNING: [Synth 8-7071] port 'm_axi_gmem_syn_ARREGION' of module 'ulp_NeuroRing_0_0' is unconnected for instance 'NeuroRing_0' [/home/miahafiz/NeuroRing_a_4096_5c/_x.hw.NUM_4096.CORE_5.FREQ_300/link/vivado/vpl/prj/prj.gen/my_rm/bd/ulp/synth/ulp.v:6509]
WARNING: [Synth 8-7071] port 'm_axi_gmem_syn_AWREGION' of module 'ulp_NeuroRing_0_0' is unconnected for instance 'NeuroRing_0' [/home/miahafiz/NeuroRing_a_4096_5c/_x.hw.NUM_4096.CORE_5.FREQ_300/link/vivado/vpl/prj/prj.gen/my_rm/bd/ulp/synth/ulp.v:6509]
WARNING: [Synth 8-7071] port 'm_axi_gmem_syn_WID' of module 'ulp_NeuroRing_0_0' is unconnected for instance 'NeuroRing_0' [/home/miahafiz/NeuroRing_a_4096_5c/_x.hw.NUM_4096.CORE_5.FREQ_300/link/vivado/vpl/prj/prj.gen/my_rm/bd/ulp/synth/ulp.v:6509]
WARNING: [Synth 8-7023] instance 'NeuroRing_0' of module 'ulp_NeuroRing_0_0' has 78 connections declared, but only 75 given [/home/miahafiz/NeuroRing_a_4096_5c/_x.hw.NUM_4096.CORE_5.FREQ_300/link/vivado/vpl/prj/prj.gen/my_rm/bd/ulp/synth/ulp.v:6509]
INFO: [Synth 8-6157] synthesizing module 'ulp_NeuroRing_1_0' [/home/miahafiz/NeuroRing_a_4096_5c/_x.hw.NUM_4096.CORE_5.FREQ_300/link/vivado/vpl/prj/prj.runs/my_rm_synth_1/.Xil/Vivado-988657-cyberdeck/realtime/ulp_NeuroRing_1_0_stub.v:6]
INFO: [Synth 8-6155] done synthesizing module 'ulp_NeuroRing_1_0' (0#1) [/home/miahafiz/NeuroRing_a_4096_5c/_x.hw.NUM_4096.CORE_5.FREQ_300/link/vivado/vpl/prj/prj.runs/my_rm_synth_1/.Xil/Vivado-988657-cyberdeck/realtime/ulp_NeuroRing_1_0_stub.v:6]
WARNING: [Synth 8-7071] port 'm_axi_gmem_syn_ARREGION' of module 'ulp_NeuroRing_1_0' is unconnected for instance 'NeuroRing_1' [/home/miahafiz/NeuroRing_a_4096_5c/_x.hw.NUM_4096.CORE_5.FREQ_300/link/vivado/vpl/prj/prj.gen/my_rm/bd/ulp/synth/ulp.v:6585]
WARNING: [Synth 8-7071] port 'm_axi_gmem_syn_AWREGION' of module 'ulp_NeuroRing_1_0' is unconnected for instance 'NeuroRing_1' [/home/miahafiz/NeuroRing_a_4096_5c/_x.hw.NUM_4096.CORE_5.FREQ_300/link/vivado/vpl/prj/prj.gen/my_rm/bd/ulp/synth/ulp.v:6585]
WARNING: [Synth 8-7071] port 'm_axi_gmem_syn_WID' of module 'ulp_NeuroRing_1_0' is unconnected for instance 'NeuroRing_1' [/home/miahafiz/NeuroRing_a_4096_5c/_x.hw.NUM_4096.CORE_5.FREQ_300/link/vivado/vpl/prj/prj.gen/my_rm/bd/ulp/synth/ulp.v:6585]
WARNING: [Synth 8-7023] instance 'NeuroRing_1' of module 'ulp_NeuroRing_1_0' has 78 connections declared, but only 75 given [/home/miahafiz/NeuroRing_a_4096_5c/_x.hw.NUM_4096.CORE_5.FREQ_300/link/vivado/vpl/prj/prj.gen/my_rm/bd/ulp/synth/ulp.v:6585]
INFO: [Synth 8-6157] synthesizing module 'ulp_NeuroRing_2_0' [/home/miahafiz/NeuroRing_a_4096_5c/_x.hw.NUM_4096.CORE_5.FREQ_300/link/vivado/vpl/prj/prj.runs/my_rm_synth_1/.Xil/Vivado-988657-cyberdeck/realtime/ulp_NeuroRing_2_0_stub.v:6]
INFO: [Synth 8-6155] done synthesizing module 'ulp_NeuroRing_2_0' (0#1) [/home/miahafiz/NeuroRing_a_4096_5c/_x.hw.NUM_4096.CORE_5.FREQ_300/link/vivado/vpl/prj/prj.runs/my_rm_synth_1/.Xil/Vivado-988657-cyberdeck/realtime/ulp_NeuroRing_2_0_stub.v:6]
WARNING: [Synth 8-7071] port 'm_axi_gmem_syn_ARREGION' of module 'ulp_NeuroRing_2_0' is unconnected for instance 'NeuroRing_2' [/home/miahafiz/NeuroRing_a_4096_5c/_x.hw.NUM_4096.CORE_5.FREQ_300/link/vivado/vpl/prj/prj.gen/my_rm/bd/ulp/synth/ulp.v:6661]
WARNING: [Synth 8-7071] port 'm_axi_gmem_syn_AWREGION' of module 'ulp_NeuroRing_2_0' is unconnected for instance 'NeuroRing_2' [/home/miahafiz/NeuroRing_a_4096_5c/_x.hw.NUM_4096.CORE_5.FREQ_300/link/vivado/vpl/prj/prj.gen/my_rm/bd/ulp/synth/ulp.v:6661]
WARNING: [Synth 8-7071] port 'm_axi_gmem_syn_WID' of module 'ulp_NeuroRing_2_0' is unconnected for instance 'NeuroRing_2' [/home/miahafiz/NeuroRing_a_4096_5c/_x.hw.NUM_4096.CORE_5.FREQ_300/link/vivado/vpl/prj/prj.gen/my_rm/bd/ulp/synth/ulp.v:6661]
WARNING: [Synth 8-7023] instance 'NeuroRing_2' of module 'ulp_NeuroRing_2_0' has 78 connections declared, but only 75 given [/home/miahafiz/NeuroRing_a_4096_5c/_x.hw.NUM_4096.CORE_5.FREQ_300/link/vivado/vpl/prj/prj.gen/my_rm/bd/ulp/synth/ulp.v:6661]
INFO: [Synth 8-6157] synthesizing module 'ulp_NeuroRing_3_0' [/home/miahafiz/NeuroRing_a_4096_5c/_x.hw.NUM_4096.CORE_5.FREQ_300/link/vivado/vpl/prj/prj.runs/my_rm_synth_1/.Xil/Vivado-988657-cyberdeck/realtime/ulp_NeuroRing_3_0_stub.v:6]
INFO: [Synth 8-6155] done synthesizing module 'ulp_NeuroRing_3_0' (0#1) [/home/miahafiz/NeuroRing_a_4096_5c/_x.hw.NUM_4096.CORE_5.FREQ_300/link/vivado/vpl/prj/prj.runs/my_rm_synth_1/.Xil/Vivado-988657-cyberdeck/realtime/ulp_NeuroRing_3_0_stub.v:6]
WARNING: [Synth 8-7071] port 'm_axi_gmem_syn_ARREGION' of module 'ulp_NeuroRing_3_0' is unconnected for instance 'NeuroRing_3' [/home/miahafiz/NeuroRing_a_4096_5c/_x.hw.NUM_4096.CORE_5.FREQ_300/link/vivado/vpl/prj/prj.gen/my_rm/bd/ulp/synth/ulp.v:6737]
WARNING: [Synth 8-7071] port 'm_axi_gmem_syn_AWREGION' of module 'ulp_NeuroRing_3_0' is unconnected for instance 'NeuroRing_3' [/home/miahafiz/NeuroRing_a_4096_5c/_x.hw.NUM_4096.CORE_5.FREQ_300/link/vivado/vpl/prj/prj.gen/my_rm/bd/ulp/synth/ulp.v:6737]
WARNING: [Synth 8-7071] port 'm_axi_gmem_syn_WID' of module 'ulp_NeuroRing_3_0' is unconnected for instance 'NeuroRing_3' [/home/miahafiz/NeuroRing_a_4096_5c/_x.hw.NUM_4096.CORE_5.FREQ_300/link/vivado/vpl/prj/prj.gen/my_rm/bd/ulp/synth/ulp.v:6737]
WARNING: [Synth 8-7023] instance 'NeuroRing_3' of module 'ulp_NeuroRing_3_0' has 78 connections declared, but only 75 given [/home/miahafiz/NeuroRing_a_4096_5c/_x.hw.NUM_4096.CORE_5.FREQ_300/link/vivado/vpl/prj/prj.gen/my_rm/bd/ulp/synth/ulp.v:6737]
INFO: [Synth 8-6157] synthesizing module 'ulp_NeuroRing_4_0' [/home/miahafiz/NeuroRing_a_4096_5c/_x.hw.NUM_4096.CORE_5.FREQ_300/link/vivado/vpl/prj/prj.runs/my_rm_synth_1/.Xil/Vivado-988657-cyberdeck/realtime/ulp_NeuroRing_4_0_stub.v:6]
INFO: [Synth 8-6155] done synthesizing module 'ulp_NeuroRing_4_0' (0#1) [/home/miahafiz/NeuroRing_a_4096_5c/_x.hw.NUM_4096.CORE_5.FREQ_300/link/vivado/vpl/prj/prj.runs/my_rm_synth_1/.Xil/Vivado-988657-cyberdeck/realtime/ulp_NeuroRing_4_0_stub.v:6]
WARNING: [Synth 8-7071] port 'm_axi_gmem_syn_ARREGION' of module 'ulp_NeuroRing_4_0' is unconnected for instance 'NeuroRing_4' [/home/miahafiz/NeuroRing_a_4096_5c/_x.hw.NUM_4096.CORE_5.FREQ_300/link/vivado/vpl/prj/prj.gen/my_rm/bd/ulp/synth/ulp.v:6813]
WARNING: [Synth 8-7071] port 'm_axi_gmem_syn_AWREGION' of module 'ulp_NeuroRing_4_0' is unconnected for instance 'NeuroRing_4' [/home/miahafiz/NeuroRing_a_4096_5c/_x.hw.NUM_4096.CORE_5.FREQ_300/link/vivado/vpl/prj/prj.gen/my_rm/bd/ulp/synth/ulp.v:6813]
WARNING: [Synth 8-7071] port 'm_axi_gmem_syn_WID' of module 'ulp_NeuroRing_4_0' is unconnected for instance 'NeuroRing_4' [/home/miahafiz/NeuroRing_a_4096_5c/_x.hw.NUM_4096.CORE_5.FREQ_300/link/vivado/vpl/prj/prj.gen/my_rm/bd/ulp/synth/ulp.v:6813]
WARNING: [Synth 8-7023] instance 'NeuroRing_4' of module 'ulp_NeuroRing_4_0' has 78 connections declared, but only 75 given [/home/miahafiz/NeuroRing_a_4096_5c/_x.hw.NUM_4096.CORE_5.FREQ_300/link/vivado/vpl/prj/prj.gen/my_rm/bd/ulp/synth/ulp.v:6813]
INFO: [Synth 8-6157] synthesizing module 'SLR0_imp_NYMDU0' [/home/miahafiz/NeuroRing_a_4096_5c/_x.hw.NUM_4096.CORE_5.FREQ_300/link/vivado/vpl/prj/prj.gen/my_rm/bd/ulp/synth/ulp.v:13]
INFO: [Synth 8-6157] synthesizing module 'ulp_axi_gpio_null_0' [/home/miahafiz/NeuroRing_a_4096_5c/_x.hw.NUM_4096.CORE_5.FREQ_300/link/vivado/vpl/prj/prj.runs/my_rm_synth_1/.Xil/Vivado-988657-cyberdeck/realtime/ulp_axi_gpio_null_0_stub.v:6]
INFO: [Synth 8-6155] done synthesizing module 'ulp_axi_gpio_null_0' (0#1) [/home/miahafiz/NeuroRing_a_4096_5c/_x.hw.NUM_4096.CORE_5.FREQ_300/link/vivado/vpl/prj/prj.runs/my_rm_synth_1/.Xil/Vivado-988657-cyberdeck/realtime/ulp_axi_gpio_null_0_stub.v:6]
WARNING: [Synth 8-7071] port 'gpio_io_o' of module 'ulp_axi_gpio_null_0' is unconnected for instance 'axi_gpio_null' [/home/miahafiz/NeuroRing_a_4096_5c/_x.hw.NUM_4096.CORE_5.FREQ_300/link/vivado/vpl/prj/prj.gen/my_rm/bd/ulp/synth/ulp.v:660]
WARNING: [Synth 8-7071] port 'gpio_io_t' of module 'ulp_axi_gpio_null_0' is unconnected for instance 'axi_gpio_null' [/home/miahafiz/NeuroRing_a_4096_5c/_x.hw.NUM_4096.CORE_5.FREQ_300/link/vivado/vpl/prj/prj.gen/my_rm/bd/ulp/synth/ulp.v:660]
WARNING: [Synth 8-7023] instance 'axi_gpio_null' of module 'ulp_axi_gpio_null_0' has 22 connections declared, but only 20 given [/home/miahafiz/NeuroRing_a_4096_5c/_x.hw.NUM_4096.CORE_5.FREQ_300/link/vivado/vpl/prj/prj.gen/my_rm/bd/ulp/synth/ulp.v:660]
INFO: [Synth 8-6157] synthesizing module 'ulp_axi_vip_ctrl_userpf_0' [/home/miahafiz/NeuroRing_a_4096_5c/_x.hw.NUM_4096.CORE_5.FREQ_300/link/vivado/vpl/prj/prj.runs/my_rm_synth_1/.Xil/Vivado-988657-cyberdeck/realtime/ulp_axi_vip_ctrl_userpf_0_stub.v:6]
INFO: [Synth 8-6155] done synthesizing module 'ulp_axi_vip_ctrl_userpf_0' (0#1) [/home/miahafiz/NeuroRing_a_4096_5c/_x.hw.NUM_4096.CORE_5.FREQ_300/link/vivado/vpl/prj/prj.runs/my_rm_synth_1/.Xil/Vivado-988657-cyberdeck/realtime/ulp_axi_vip_ctrl_userpf_0_stub.v:6]
INFO: [Synth 8-6157] synthesizing module 'ulp_interconnect_axilite_user_0' [/home/miahafiz/NeuroRing_a_4096_5c/_x.hw.NUM_4096.CORE_5.FREQ_300/link/vivado/vpl/prj/prj.gen/my_rm/bd/ulp/synth/ulp.v:9264]
INFO: [Synth 8-6157] synthesizing module 'm00_couplers_imp_G77R79' [/home/miahafiz/NeuroRing_a_4096_5c/_x.hw.NUM_4096.CORE_5.FREQ_300/link/vivado/vpl/prj/prj.gen/my_rm/bd/ulp/synth/ulp.v:1696]
INFO: [Synth 8-6157] synthesizing module 'ulp_interconnect_axilite_user_imp_auto_cc_0' [/home/miahafiz/NeuroRing_a_4096_5c/_x.hw.NUM_4096.CORE_5.FREQ_300/link/vivado/vpl/prj/prj.runs/my_rm_synth_1/.Xil/Vivado-988657-cyberdeck/realtime/ulp_interconnect_axilite_user_imp_auto_cc_0_stub.v:6]
INFO: [Synth 8-6155] done synthesizing module 'ulp_interconnect_axilite_user_imp_auto_cc_0' (0#1) [/home/miahafiz/NeuroRing_a_4096_5c/_x.hw.NUM_4096.CORE_5.FREQ_300/link/vivado/vpl/prj/prj.runs/my_rm_synth_1/.Xil/Vivado-988657-cyberdeck/realtime/ulp_interconnect_axilite_user_imp_auto_cc_0_stub.v:6]
INFO: [Synth 8-6157] synthesizing module 'ulp_interconnect_axilite_user_imp_m00_regslice_0' [/home/miahafiz/NeuroRing_a_4096_5c/_x.hw.NUM_4096.CORE_5.FREQ_300/link/vivado/vpl/prj/prj.runs/my_rm_synth_1/.Xil/Vivado-988657-cyberdeck/realtime/ulp_interconnect_axilite_user_imp_m00_regslice_0_stub.v:6]
INFO: [Synth 8-6155] done synthesizing module 'ulp_interconnect_axilite_user_imp_m00_regslice_0' (0#1) [/home/miahafiz/NeuroRing_a_4096_5c/_x.hw.NUM_4096.CORE_5.FREQ_300/link/vivado/vpl/prj/prj.runs/my_rm_synth_1/.Xil/Vivado-988657-cyberdeck/realtime/ulp_interconnect_axilite_user_imp_m00_regslice_0_stub.v:6]
WARNING: [Synth 8-7071] port 'm_axi_awprot' of module 'ulp_interconnect_axilite_user_imp_m00_regslice_0' is unconnected for instance 'm00_regslice' [/home/miahafiz/NeuroRing_a_4096_5c/_x.hw.NUM_4096.CORE_5.FREQ_300/link/vivado/vpl/prj/prj.gen/my_rm/bd/ulp/synth/ulp.v:1881]
WARNING: [Synth 8-7071] port 'm_axi_arprot' of module 'ulp_interconnect_axilite_user_imp_m00_regslice_0' is unconnected for instance 'm00_regslice' [/home/miahafiz/NeuroRing_a_4096_5c/_x.hw.NUM_4096.CORE_5.FREQ_300/link/vivado/vpl/prj/prj.gen/my_rm/bd/ulp/synth/ulp.v:1881]
WARNING: [Synth 8-7023] instance 'm00_regslice' of module 'ulp_interconnect_axilite_user_imp_m00_regslice_0' has 40 connections declared, but only 38 given [/home/miahafiz/NeuroRing_a_4096_5c/_x.hw.NUM_4096.CORE_5.FREQ_300/link/vivado/vpl/prj/prj.gen/my_rm/bd/ulp/synth/ulp.v:1881]
INFO: [Synth 8-6155] done synthesizing module 'm00_couplers_imp_G77R79' (0#1) [/home/miahafiz/NeuroRing_a_4096_5c/_x.hw.NUM_4096.CORE_5.FREQ_300/link/vivado/vpl/prj/prj.gen/my_rm/bd/ulp/synth/ulp.v:1696]
INFO: [Synth 8-6157] synthesizing module 'm01_couplers_imp_1SCZP4G' [/home/miahafiz/NeuroRing_a_4096_5c/_x.hw.NUM_4096.CORE_5.FREQ_300/link/vivado/vpl/prj/prj.gen/my_rm/bd/ulp/synth/ulp.v:1922]
INFO: [Synth 8-6157] synthesizing module 'ulp_interconnect_axilite_user_imp_auto_cc_1' [/home/miahafiz/NeuroRing_a_4096_5c/_x.hw.NUM_4096.CORE_5.FREQ_300/link/vivado/vpl/prj/prj.runs/my_rm_synth_1/.Xil/Vivado-988657-cyberdeck/realtime/ulp_interconnect_axilite_user_imp_auto_cc_1_stub.v:6]
INFO: [Synth 8-6155] done synthesizing module 'ulp_interconnect_axilite_user_imp_auto_cc_1' (0#1) [/home/miahafiz/NeuroRing_a_4096_5c/_x.hw.NUM_4096.CORE_5.FREQ_300/link/vivado/vpl/prj/prj.runs/my_rm_synth_1/.Xil/Vivado-988657-cyberdeck/realtime/ulp_interconnect_axilite_user_imp_auto_cc_1_stub.v:6]
INFO: [Synth 8-6157] synthesizing module 'ulp_interconnect_axilite_user_imp_m01_regslice_0' [/home/miahafiz/NeuroRing_a_4096_5c/_x.hw.NUM_4096.CORE_5.FREQ_300/link/vivado/vpl/prj/prj.runs/my_rm_synth_1/.Xil/Vivado-988657-cyberdeck/realtime/ulp_interconnect_axilite_user_imp_m01_regslice_0_stub.v:6]
INFO: [Synth 8-6155] done synthesizing module 'ulp_interconnect_axilite_user_imp_m01_regslice_0' (0#1) [/home/miahafiz/NeuroRing_a_4096_5c/_x.hw.NUM_4096.CORE_5.FREQ_300/link/vivado/vpl/prj/prj.runs/my_rm_synth_1/.Xil/Vivado-988657-cyberdeck/realtime/ulp_interconnect_axilite_user_imp_m01_regslice_0_stub.v:6]
WARNING: [Synth 8-7071] port 'm_axi_awprot' of module 'ulp_interconnect_axilite_user_imp_m01_regslice_0' is unconnected for instance 'm01_regslice' [/home/miahafiz/NeuroRing_a_4096_5c/_x.hw.NUM_4096.CORE_5.FREQ_300/link/vivado/vpl/prj/prj.gen/my_rm/bd/ulp/synth/ulp.v:2107]
WARNING: [Synth 8-7071] port 'm_axi_arprot' of module 'ulp_interconnect_axilite_user_imp_m01_regslice_0' is unconnected for instance 'm01_regslice' [/home/miahafiz/NeuroRing_a_4096_5c/_x.hw.NUM_4096.CORE_5.FREQ_300/link/vivado/vpl/prj/prj.gen/my_rm/bd/ulp/synth/ulp.v:2107]
WARNING: [Synth 8-7023] instance 'm01_regslice' of module 'ulp_interconnect_axilite_user_imp_m01_regslice_0' has 40 connections declared, but only 38 given [/home/miahafiz/NeuroRing_a_4096_5c/_x.hw.NUM_4096.CORE_5.FREQ_300/link/vivado/vpl/prj/prj.gen/my_rm/bd/ulp/synth/ulp.v:2107]
INFO: [Synth 8-6155] done synthesizing module 'm01_couplers_imp_1SCZP4G' (0#1) [/home/miahafiz/NeuroRing_a_4096_5c/_x.hw.NUM_4096.CORE_5.FREQ_300/link/vivado/vpl/prj/prj.gen/my_rm/bd/ulp/synth/ulp.v:1922]
INFO: [Synth 8-6157] synthesizing module 'm02_couplers_imp_P1GSHQ' [/home/miahafiz/NeuroRing_a_4096_5c/_x.hw.NUM_4096.CORE_5.FREQ_300/link/vivado/vpl/prj/prj.gen/my_rm/bd/ulp/synth/ulp.v:2263]
INFO: [Synth 8-6157] synthesizing module 'ulp_interconnect_axilite_user_imp_auto_cc_2' [/home/miahafiz/NeuroRing_a_4096_5c/_x.hw.NUM_4096.CORE_5.FREQ_300/link/vivado/vpl/prj/prj.runs/my_rm_synth_1/.Xil/Vivado-988657-cyberdeck/realtime/ulp_interconnect_axilite_user_imp_auto_cc_2_stub.v:6]
INFO: [Synth 8-6155] done synthesizing module 'ulp_interconnect_axilite_user_imp_auto_cc_2' (0#1) [/home/miahafiz/NeuroRing_a_4096_5c/_x.hw.NUM_4096.CORE_5.FREQ_300/link/vivado/vpl/prj/prj.runs/my_rm_synth_1/.Xil/Vivado-988657-cyberdeck/realtime/ulp_interconnect_axilite_user_imp_auto_cc_2_stub.v:6]
INFO: [Synth 8-6157] synthesizing module 'ulp_interconnect_axilite_user_imp_m02_regslice_0' [/home/miahafiz/NeuroRing_a_4096_5c/_x.hw.NUM_4096.CORE_5.FREQ_300/link/vivado/vpl/prj/prj.runs/my_rm_synth_1/.Xil/Vivado-988657-cyberdeck/realtime/ulp_interconnect_axilite_user_imp_m02_regslice_0_stub.v:6]
INFO: [Synth 8-6155] done synthesizing module 'ulp_interconnect_axilite_user_imp_m02_regslice_0' (0#1) [/home/miahafiz/NeuroRing_a_4096_5c/_x.hw.NUM_4096.CORE_5.FREQ_300/link/vivado/vpl/prj/prj.runs/my_rm_synth_1/.Xil/Vivado-988657-cyberdeck/realtime/ulp_interconnect_axilite_user_imp_m02_regslice_0_stub.v:6]
WARNING: [Synth 8-7071] port 'm_axi_awprot' of module 'ulp_interconnect_axilite_user_imp_m02_regslice_0' is unconnected for instance 'm02_regslice' [/home/miahafiz/NeuroRing_a_4096_5c/_x.hw.NUM_4096.CORE_5.FREQ_300/link/vivado/vpl/prj/prj.gen/my_rm/bd/ulp/synth/ulp.v:2448]
WARNING: [Synth 8-7071] port 'm_axi_arprot' of module 'ulp_interconnect_axilite_user_imp_m02_regslice_0' is unconnected for instance 'm02_regslice' [/home/miahafiz/NeuroRing_a_4096_5c/_x.hw.NUM_4096.CORE_5.FREQ_300/link/vivado/vpl/prj/prj.gen/my_rm/bd/ulp/synth/ulp.v:2448]
WARNING: [Synth 8-7023] instance 'm02_regslice' of module 'ulp_interconnect_axilite_user_imp_m02_regslice_0' has 40 connections declared, but only 38 given [/home/miahafiz/NeuroRing_a_4096_5c/_x.hw.NUM_4096.CORE_5.FREQ_300/link/vivado/vpl/prj/prj.gen/my_rm/bd/ulp/synth/ulp.v:2448]
INFO: [Synth 8-6155] done synthesizing module 'm02_couplers_imp_P1GSHQ' (0#1) [/home/miahafiz/NeuroRing_a_4096_5c/_x.hw.NUM_4096.CORE_5.FREQ_300/link/vivado/vpl/prj/prj.gen/my_rm/bd/ulp/synth/ulp.v:2263]
INFO: [Synth 8-6157] synthesizing module 'm03_couplers_imp_11N2XFF' [/home/miahafiz/NeuroRing_a_4096_5c/_x.hw.NUM_4096.CORE_5.FREQ_300/link/vivado/vpl/prj/prj.gen/my_rm/bd/ulp/synth/ulp.v:2489]
INFO: [Synth 8-6157] synthesizing module 'ulp_interconnect_axilite_user_imp_auto_cc_3' [/home/miahafiz/NeuroRing_a_4096_5c/_x.hw.NUM_4096.CORE_5.FREQ_300/link/vivado/vpl/prj/prj.runs/my_rm_synth_1/.Xil/Vivado-988657-cyberdeck/realtime/ulp_interconnect_axilite_user_imp_auto_cc_3_stub.v:6]
INFO: [Synth 8-6155] done synthesizing module 'ulp_interconnect_axilite_user_imp_auto_cc_3' (0#1) [/home/miahafiz/NeuroRing_a_4096_5c/_x.hw.NUM_4096.CORE_5.FREQ_300/link/vivado/vpl/prj/prj.runs/my_rm_synth_1/.Xil/Vivado-988657-cyberdeck/realtime/ulp_interconnect_axilite_user_imp_auto_cc_3_stub.v:6]
INFO: [Synth 8-6157] synthesizing module 'ulp_interconnect_axilite_user_imp_m03_regslice_0' [/home/miahafiz/NeuroRing_a_4096_5c/_x.hw.NUM_4096.CORE_5.FREQ_300/link/vivado/vpl/prj/prj.runs/my_rm_synth_1/.Xil/Vivado-988657-cyberdeck/realtime/ulp_interconnect_axilite_user_imp_m03_regslice_0_stub.v:6]
INFO: [Synth 8-6155] done synthesizing module 'ulp_interconnect_axilite_user_imp_m03_regslice_0' (0#1) [/home/miahafiz/NeuroRing_a_4096_5c/_x.hw.NUM_4096.CORE_5.FREQ_300/link/vivado/vpl/prj/prj.runs/my_rm_synth_1/.Xil/Vivado-988657-cyberdeck/realtime/ulp_interconnect_axilite_user_imp_m03_regslice_0_stub.v:6]
WARNING: [Synth 8-7071] port 'm_axi_awprot' of module 'ulp_interconnect_axilite_user_imp_m03_regslice_0' is unconnected for instance 'm03_regslice' [/home/miahafiz/NeuroRing_a_4096_5c/_x.hw.NUM_4096.CORE_5.FREQ_300/link/vivado/vpl/prj/prj.gen/my_rm/bd/ulp/synth/ulp.v:2674]
WARNING: [Synth 8-7071] port 'm_axi_arprot' of module 'ulp_interconnect_axilite_user_imp_m03_regslice_0' is unconnected for instance 'm03_regslice' [/home/miahafiz/NeuroRing_a_4096_5c/_x.hw.NUM_4096.CORE_5.FREQ_300/link/vivado/vpl/prj/prj.gen/my_rm/bd/ulp/synth/ulp.v:2674]
WARNING: [Synth 8-7023] instance 'm03_regslice' of module 'ulp_interconnect_axilite_user_imp_m03_regslice_0' has 40 connections declared, but only 38 given [/home/miahafiz/NeuroRing_a_4096_5c/_x.hw.NUM_4096.CORE_5.FREQ_300/link/vivado/vpl/prj/prj.gen/my_rm/bd/ulp/synth/ulp.v:2674]
INFO: [Synth 8-6155] done synthesizing module 'm03_couplers_imp_11N2XFF' (0#1) [/home/miahafiz/NeuroRing_a_4096_5c/_x.hw.NUM_4096.CORE_5.FREQ_300/link/vivado/vpl/prj/prj.gen/my_rm/bd/ulp/synth/ulp.v:2489]
INFO: [Synth 8-6157] synthesizing module 'm04_couplers_imp_1XLP3HF' [/home/miahafiz/NeuroRing_a_4096_5c/_x.hw.NUM_4096.CORE_5.FREQ_300/link/vivado/vpl/prj/prj.gen/my_rm/bd/ulp/synth/ulp.v:2715]
INFO: [Synth 8-6157] synthesizing module 'ulp_interconnect_axilite_user_imp_auto_cc_4' [/home/miahafiz/NeuroRing_a_4096_5c/_x.hw.NUM_4096.CORE_5.FREQ_300/link/vivado/vpl/prj/prj.runs/my_rm_synth_1/.Xil/Vivado-988657-cyberdeck/realtime/ulp_interconnect_axilite_user_imp_auto_cc_4_stub.v:6]
INFO: [Synth 8-6155] done synthesizing module 'ulp_interconnect_axilite_user_imp_auto_cc_4' (0#1) [/home/miahafiz/NeuroRing_a_4096_5c/_x.hw.NUM_4096.CORE_5.FREQ_300/link/vivado/vpl/prj/prj.runs/my_rm_synth_1/.Xil/Vivado-988657-cyberdeck/realtime/ulp_interconnect_axilite_user_imp_auto_cc_4_stub.v:6]
INFO: [Synth 8-6157] synthesizing module 'ulp_interconnect_axilite_user_imp_m04_regslice_0' [/home/miahafiz/NeuroRing_a_4096_5c/_x.hw.NUM_4096.CORE_5.FREQ_300/link/vivado/vpl/prj/prj.runs/my_rm_synth_1/.Xil/Vivado-988657-cyberdeck/realtime/ulp_interconnect_axilite_user_imp_m04_regslice_0_stub.v:6]
INFO: [Synth 8-6155] done synthesizing module 'ulp_interconnect_axilite_user_imp_m04_regslice_0' (0#1) [/home/miahafiz/NeuroRing_a_4096_5c/_x.hw.NUM_4096.CORE_5.FREQ_300/link/vivado/vpl/prj/prj.runs/my_rm_synth_1/.Xil/Vivado-988657-cyberdeck/realtime/ulp_interconnect_axilite_user_imp_m04_regslice_0_stub.v:6]
WARNING: [Synth 8-7071] port 'm_axi_awprot' of module 'ulp_interconnect_axilite_user_imp_m04_regslice_0' is unconnected for instance 'm04_regslice' [/home/miahafiz/NeuroRing_a_4096_5c/_x.hw.NUM_4096.CORE_5.FREQ_300/link/vivado/vpl/prj/prj.gen/my_rm/bd/ulp/synth/ulp.v:2900]
WARNING: [Synth 8-7071] port 'm_axi_arprot' of module 'ulp_interconnect_axilite_user_imp_m04_regslice_0' is unconnected for instance 'm04_regslice' [/home/miahafiz/NeuroRing_a_4096_5c/_x.hw.NUM_4096.CORE_5.FREQ_300/link/vivado/vpl/prj/prj.gen/my_rm/bd/ulp/synth/ulp.v:2900]
WARNING: [Synth 8-7023] instance 'm04_regslice' of module 'ulp_interconnect_axilite_user_imp_m04_regslice_0' has 40 connections declared, but only 38 given [/home/miahafiz/NeuroRing_a_4096_5c/_x.hw.NUM_4096.CORE_5.FREQ_300/link/vivado/vpl/prj/prj.gen/my_rm/bd/ulp/synth/ulp.v:2900]
INFO: [Synth 8-6155] done synthesizing module 'm04_couplers_imp_1XLP3HF' (0#1) [/home/miahafiz/NeuroRing_a_4096_5c/_x.hw.NUM_4096.CORE_5.FREQ_300/link/vivado/vpl/prj/prj.gen/my_rm/bd/ulp/synth/ulp.v:2715]
INFO: [Synth 8-6157] synthesizing module 'm05_couplers_imp_AWJSKM' [/home/miahafiz/NeuroRing_a_4096_5c/_x.hw.NUM_4096.CORE_5.FREQ_300/link/vivado/vpl/prj/prj.gen/my_rm/bd/ulp/synth/ulp.v:2941]
INFO: [Synth 8-6157] synthesizing module 'ulp_interconnect_axilite_user_imp_auto_cc_5' [/home/miahafiz/NeuroRing_a_4096_5c/_x.hw.NUM_4096.CORE_5.FREQ_300/link/vivado/vpl/prj/prj.runs/my_rm_synth_1/.Xil/Vivado-988657-cyberdeck/realtime/ulp_interconnect_axilite_user_imp_auto_cc_5_stub.v:6]
INFO: [Synth 8-6155] done synthesizing module 'ulp_interconnect_axilite_user_imp_auto_cc_5' (0#1) [/home/miahafiz/NeuroRing_a_4096_5c/_x.hw.NUM_4096.CORE_5.FREQ_300/link/vivado/vpl/prj/prj.runs/my_rm_synth_1/.Xil/Vivado-988657-cyberdeck/realtime/ulp_interconnect_axilite_user_imp_auto_cc_5_stub.v:6]
INFO: [Synth 8-6157] synthesizing module 'ulp_interconnect_axilite_user_imp_m05_regslice_0' [/home/miahafiz/NeuroRing_a_4096_5c/_x.hw.NUM_4096.CORE_5.FREQ_300/link/vivado/vpl/prj/prj.runs/my_rm_synth_1/.Xil/Vivado-988657-cyberdeck/realtime/ulp_interconnect_axilite_user_imp_m05_regslice_0_stub.v:6]
INFO: [Synth 8-6155] done synthesizing module 'ulp_interconnect_axilite_user_imp_m05_regslice_0' (0#1) [/home/miahafiz/NeuroRing_a_4096_5c/_x.hw.NUM_4096.CORE_5.FREQ_300/link/vivado/vpl/prj/prj.runs/my_rm_synth_1/.Xil/Vivado-988657-cyberdeck/realtime/ulp_interconnect_axilite_user_imp_m05_regslice_0_stub.v:6]
WARNING: [Synth 8-7071] port 'm_axi_awprot' of module 'ulp_interconnect_axilite_user_imp_m05_regslice_0' is unconnected for instance 'm05_regslice' [/home/miahafiz/NeuroRing_a_4096_5c/_x.hw.NUM_4096.CORE_5.FREQ_300/link/vivado/vpl/prj/prj.gen/my_rm/bd/ulp/synth/ulp.v:3126]
WARNING: [Synth 8-7071] port 'm_axi_arprot' of module 'ulp_interconnect_axilite_user_imp_m05_regslice_0' is unconnected for instance 'm05_regslice' [/home/miahafiz/NeuroRing_a_4096_5c/_x.hw.NUM_4096.CORE_5.FREQ_300/link/vivado/vpl/prj/prj.gen/my_rm/bd/ulp/synth/ulp.v:3126]
WARNING: [Synth 8-7023] instance 'm05_regslice' of module 'ulp_interconnect_axilite_user_imp_m05_regslice_0' has 40 connections declared, but only 38 given [/home/miahafiz/NeuroRing_a_4096_5c/_x.hw.NUM_4096.CORE_5.FREQ_300/link/vivado/vpl/prj/prj.gen/my_rm/bd/ulp/synth/ulp.v:3126]
INFO: [Synth 8-6155] done synthesizing module 'm05_couplers_imp_AWJSKM' (0#1) [/home/miahafiz/NeuroRing_a_4096_5c/_x.hw.NUM_4096.CORE_5.FREQ_300/link/vivado/vpl/prj/prj.gen/my_rm/bd/ulp/synth/ulp.v:2941]
INFO: [Synth 8-6157] synthesizing module 'm06_couplers_imp_16VJ160' [/home/miahafiz/NeuroRing_a_4096_5c/_x.hw.NUM_4096.CORE_5.FREQ_300/link/vivado/vpl/prj/prj.gen/my_rm/bd/ulp/synth/ulp.v:3167]
INFO: [Synth 8-6157] synthesizing module 'ulp_interconnect_axilite_user_imp_auto_cc_6' [/home/miahafiz/NeuroRing_a_4096_5c/_x.hw.NUM_4096.CORE_5.FREQ_300/link/vivado/vpl/prj/prj.runs/my_rm_synth_1/.Xil/Vivado-988657-cyberdeck/realtime/ulp_interconnect_axilite_user_imp_auto_cc_6_stub.v:6]
INFO: [Synth 8-6155] done synthesizing module 'ulp_interconnect_axilite_user_imp_auto_cc_6' (0#1) [/home/miahafiz/NeuroRing_a_4096_5c/_x.hw.NUM_4096.CORE_5.FREQ_300/link/vivado/vpl/prj/prj.runs/my_rm_synth_1/.Xil/Vivado-988657-cyberdeck/realtime/ulp_interconnect_axilite_user_imp_auto_cc_6_stub.v:6]
INFO: [Synth 8-6157] synthesizing module 'ulp_interconnect_axilite_user_imp_m06_regslice_0' [/home/miahafiz/NeuroRing_a_4096_5c/_x.hw.NUM_4096.CORE_5.FREQ_300/link/vivado/vpl/prj/prj.runs/my_rm_synth_1/.Xil/Vivado-988657-cyberdeck/realtime/ulp_interconnect_axilite_user_imp_m06_regslice_0_stub.v:6]
INFO: [Synth 8-6155] done synthesizing module 'ulp_interconnect_axilite_user_imp_m06_regslice_0' (0#1) [/home/miahafiz/NeuroRing_a_4096_5c/_x.hw.NUM_4096.CORE_5.FREQ_300/link/vivado/vpl/prj/prj.runs/my_rm_synth_1/.Xil/Vivado-988657-cyberdeck/realtime/ulp_interconnect_axilite_user_imp_m06_regslice_0_stub.v:6]
WARNING: [Synth 8-7071] port 'm_axi_awprot' of module 'ulp_interconnect_axilite_user_imp_m06_regslice_0' is unconnected for instance 'm06_regslice' [/home/miahafiz/NeuroRing_a_4096_5c/_x.hw.NUM_4096.CORE_5.FREQ_300/link/vivado/vpl/prj/prj.gen/my_rm/bd/ulp/synth/ulp.v:3352]
WARNING: [Synth 8-7071] port 'm_axi_arprot' of module 'ulp_interconnect_axilite_user_imp_m06_regslice_0' is unconnected for instance 'm06_regslice' [/home/miahafiz/NeuroRing_a_4096_5c/_x.hw.NUM_4096.CORE_5.FREQ_300/link/vivado/vpl/prj/prj.gen/my_rm/bd/ulp/synth/ulp.v:3352]
WARNING: [Synth 8-7023] instance 'm06_regslice' of module 'ulp_interconnect_axilite_user_imp_m06_regslice_0' has 40 connections declared, but only 38 given [/home/miahafiz/NeuroRing_a_4096_5c/_x.hw.NUM_4096.CORE_5.FREQ_300/link/vivado/vpl/prj/prj.gen/my_rm/bd/ulp/synth/ulp.v:3352]
INFO: [Synth 8-6155] done synthesizing module 'm06_couplers_imp_16VJ160' (0#1) [/home/miahafiz/NeuroRing_a_4096_5c/_x.hw.NUM_4096.CORE_5.FREQ_300/link/vivado/vpl/prj/prj.gen/my_rm/bd/ulp/synth/ulp.v:3167]
INFO: [Synth 8-6157] synthesizing module 'm07_couplers_imp_JPTVL9' [/home/miahafiz/NeuroRing_a_4096_5c/_x.hw.NUM_4096.CORE_5.FREQ_300/link/vivado/vpl/prj/prj.gen/my_rm/bd/ulp/synth/ulp.v:3393]
INFO: [Synth 8-6157] synthesizing module 'ulp_interconnect_axilite_user_imp_auto_cc_7' [/home/miahafiz/NeuroRing_a_4096_5c/_x.hw.NUM_4096.CORE_5.FREQ_300/link/vivado/vpl/prj/prj.runs/my_rm_synth_1/.Xil/Vivado-988657-cyberdeck/realtime/ulp_interconnect_axilite_user_imp_auto_cc_7_stub.v:6]
INFO: [Synth 8-6155] done synthesizing module 'ulp_interconnect_axilite_user_imp_auto_cc_7' (0#1) [/home/miahafiz/NeuroRing_a_4096_5c/_x.hw.NUM_4096.CORE_5.FREQ_300/link/vivado/vpl/prj/prj.runs/my_rm_synth_1/.Xil/Vivado-988657-cyberdeck/realtime/ulp_interconnect_axilite_user_imp_auto_cc_7_stub.v:6]
INFO: [Synth 8-6157] synthesizing module 'ulp_interconnect_axilite_user_imp_m07_regslice_0' [/home/miahafiz/NeuroRing_a_4096_5c/_x.hw.NUM_4096.CORE_5.FREQ_300/link/vivado/vpl/prj/prj.runs/my_rm_synth_1/.Xil/Vivado-988657-cyberdeck/realtime/ulp_interconnect_axilite_user_imp_m07_regslice_0_stub.v:6]
INFO: [Synth 8-6155] done synthesizing module 'ulp_interconnect_axilite_user_imp_m07_regslice_0' (0#1) [/home/miahafiz/NeuroRing_a_4096_5c/_x.hw.NUM_4096.CORE_5.FREQ_300/link/vivado/vpl/prj/prj.runs/my_rm_synth_1/.Xil/Vivado-988657-cyberdeck/realtime/ulp_interconnect_axilite_user_imp_m07_regslice_0_stub.v:6]
WARNING: [Synth 8-7071] port 'm_axi_awprot' of module 'ulp_interconnect_axilite_user_imp_m07_regslice_0' is unconnected for instance 'm07_regslice' [/home/miahafiz/NeuroRing_a_4096_5c/_x.hw.NUM_4096.CORE_5.FREQ_300/link/vivado/vpl/prj/prj.gen/my_rm/bd/ulp/synth/ulp.v:3578]
WARNING: [Synth 8-7071] port 'm_axi_arprot' of module 'ulp_interconnect_axilite_user_imp_m07_regslice_0' is unconnected for instance 'm07_regslice' [/home/miahafiz/NeuroRing_a_4096_5c/_x.hw.NUM_4096.CORE_5.FREQ_300/link/vivado/vpl/prj/prj.gen/my_rm/bd/ulp/synth/ulp.v:3578]
WARNING: [Synth 8-7023] instance 'm07_regslice' of module 'ulp_interconnect_axilite_user_imp_m07_regslice_0' has 40 connections declared, but only 38 given [/home/miahafiz/NeuroRing_a_4096_5c/_x.hw.NUM_4096.CORE_5.FREQ_300/link/vivado/vpl/prj/prj.gen/my_rm/bd/ulp/synth/ulp.v:3578]
INFO: [Synth 8-6155] done synthesizing module 'm07_couplers_imp_JPTVL9' (0#1) [/home/miahafiz/NeuroRing_a_4096_5c/_x.hw.NUM_4096.CORE_5.FREQ_300/link/vivado/vpl/prj/prj.gen/my_rm/bd/ulp/synth/ulp.v:3393]
INFO: [Synth 8-6157] synthesizing module 'm08_couplers_imp_QQP9NC' [/home/miahafiz/NeuroRing_a_4096_5c/_x.hw.NUM_4096.CORE_5.FREQ_300/link/vivado/vpl/prj/prj.gen/my_rm/bd/ulp/synth/ulp.v:3619]
INFO: [Synth 8-6157] synthesizing module 'ulp_interconnect_axilite_user_imp_auto_cc_8' [/home/miahafiz/NeuroRing_a_4096_5c/_x.hw.NUM_4096.CORE_5.FREQ_300/link/vivado/vpl/prj/prj.runs/my_rm_synth_1/.Xil/Vivado-988657-cyberdeck/realtime/ulp_interconnect_axilite_user_imp_auto_cc_8_stub.v:6]
INFO: [Synth 8-6155] done synthesizing module 'ulp_interconnect_axilite_user_imp_auto_cc_8' (0#1) [/home/miahafiz/NeuroRing_a_4096_5c/_x.hw.NUM_4096.CORE_5.FREQ_300/link/vivado/vpl/prj/prj.runs/my_rm_synth_1/.Xil/Vivado-988657-cyberdeck/realtime/ulp_interconnect_axilite_user_imp_auto_cc_8_stub.v:6]
INFO: [Synth 8-6157] synthesizing module 'ulp_interconnect_axilite_user_imp_m08_regslice_0' [/home/miahafiz/NeuroRing_a_4096_5c/_x.hw.NUM_4096.CORE_5.FREQ_300/link/vivado/vpl/prj/prj.runs/my_rm_synth_1/.Xil/Vivado-988657-cyberdeck/realtime/ulp_interconnect_axilite_user_imp_m08_regslice_0_stub.v:6]
INFO: [Synth 8-6155] done synthesizing module 'ulp_interconnect_axilite_user_imp_m08_regslice_0' (0#1) [/home/miahafiz/NeuroRing_a_4096_5c/_x.hw.NUM_4096.CORE_5.FREQ_300/link/vivado/vpl/prj/prj.runs/my_rm_synth_1/.Xil/Vivado-988657-cyberdeck/realtime/ulp_interconnect_axilite_user_imp_m08_regslice_0_stub.v:6]
WARNING: [Synth 8-7071] port 'm_axi_awprot' of module 'ulp_interconnect_axilite_user_imp_m08_regslice_0' is unconnected for instance 'm08_regslice' [/home/miahafiz/NeuroRing_a_4096_5c/_x.hw.NUM_4096.CORE_5.FREQ_300/link/vivado/vpl/prj/prj.gen/my_rm/bd/ulp/synth/ulp.v:3804]
WARNING: [Synth 8-7071] port 'm_axi_arprot' of module 'ulp_interconnect_axilite_user_imp_m08_regslice_0' is unconnected for instance 'm08_regslice' [/home/miahafiz/NeuroRing_a_4096_5c/_x.hw.NUM_4096.CORE_5.FREQ_300/link/vivado/vpl/prj/prj.gen/my_rm/bd/ulp/synth/ulp.v:3804]
WARNING: [Synth 8-7023] instance 'm08_regslice' of module 'ulp_interconnect_axilite_user_imp_m08_regslice_0' has 40 connections declared, but only 38 given [/home/miahafiz/NeuroRing_a_4096_5c/_x.hw.NUM_4096.CORE_5.FREQ_300/link/vivado/vpl/prj/prj.gen/my_rm/bd/ulp/synth/ulp.v:3804]
INFO: [Synth 8-6155] done synthesizing module 'm08_couplers_imp_QQP9NC' (0#1) [/home/miahafiz/NeuroRing_a_4096_5c/_x.hw.NUM_4096.CORE_5.FREQ_300/link/vivado/vpl/prj/prj.gen/my_rm/bd/ulp/synth/ulp.v:3619]
INFO: [Synth 8-6157] synthesizing module 'm09_couplers_imp_1GPH0NX' [/home/miahafiz/NeuroRing_a_4096_5c/_x.hw.NUM_4096.CORE_5.FREQ_300/link/vivado/vpl/prj/prj.gen/my_rm/bd/ulp/synth/ulp.v:3845]
INFO: [Synth 8-6157] synthesizing module 'ulp_interconnect_axilite_user_imp_auto_cc_9' [/home/miahafiz/NeuroRing_a_4096_5c/_x.hw.NUM_4096.CORE_5.FREQ_300/link/vivado/vpl/prj/prj.runs/my_rm_synth_1/.Xil/Vivado-988657-cyberdeck/realtime/ulp_interconnect_axilite_user_imp_auto_cc_9_stub.v:6]
INFO: [Synth 8-6155] done synthesizing module 'ulp_interconnect_axilite_user_imp_auto_cc_9' (0#1) [/home/miahafiz/NeuroRing_a_4096_5c/_x.hw.NUM_4096.CORE_5.FREQ_300/link/vivado/vpl/prj/prj.runs/my_rm_synth_1/.Xil/Vivado-988657-cyberdeck/realtime/ulp_interconnect_axilite_user_imp_auto_cc_9_stub.v:6]
INFO: [Synth 8-6157] synthesizing module 'ulp_interconnect_axilite_user_imp_m09_regslice_0' [/home/miahafiz/NeuroRing_a_4096_5c/_x.hw.NUM_4096.CORE_5.FREQ_300/link/vivado/vpl/prj/prj.runs/my_rm_synth_1/.Xil/Vivado-988657-cyberdeck/realtime/ulp_interconnect_axilite_user_imp_m09_regslice_0_stub.v:6]
INFO: [Synth 8-6155] done synthesizing module 'ulp_interconnect_axilite_user_imp_m09_regslice_0' (0#1) [/home/miahafiz/NeuroRing_a_4096_5c/_x.hw.NUM_4096.CORE_5.FREQ_300/link/vivado/vpl/prj/prj.runs/my_rm_synth_1/.Xil/Vivado-988657-cyberdeck/realtime/ulp_interconnect_axilite_user_imp_m09_regslice_0_stub.v:6]
WARNING: [Synth 8-7071] port 'm_axi_awprot' of module 'ulp_interconnect_axilite_user_imp_m09_regslice_0' is unconnected for instance 'm09_regslice' [/home/miahafiz/NeuroRing_a_4096_5c/_x.hw.NUM_4096.CORE_5.FREQ_300/link/vivado/vpl/prj/prj.gen/my_rm/bd/ulp/synth/ulp.v:4030]
WARNING: [Synth 8-7071] port 'm_axi_arprot' of module 'ulp_interconnect_axilite_user_imp_m09_regslice_0' is unconnected for instance 'm09_regslice' [/home/miahafiz/NeuroRing_a_4096_5c/_x.hw.NUM_4096.CORE_5.FREQ_300/link/vivado/vpl/prj/prj.gen/my_rm/bd/ulp/synth/ulp.v:4030]
WARNING: [Synth 8-7023] instance 'm09_regslice' of module 'ulp_interconnect_axilite_user_imp_m09_regslice_0' has 40 connections declared, but only 38 given [/home/miahafiz/NeuroRing_a_4096_5c/_x.hw.NUM_4096.CORE_5.FREQ_300/link/vivado/vpl/prj/prj.gen/my_rm/bd/ulp/synth/ulp.v:4030]
INFO: [Synth 8-6155] done synthesizing module 'm09_couplers_imp_1GPH0NX' (0#1) [/home/miahafiz/NeuroRing_a_4096_5c/_x.hw.NUM_4096.CORE_5.FREQ_300/link/vivado/vpl/prj/prj.gen/my_rm/bd/ulp/synth/ulp.v:3845]
INFO: [Synth 8-6157] synthesizing module 'm10_couplers_imp_1AGD0QR' [/home/miahafiz/NeuroRing_a_4096_5c/_x.hw.NUM_4096.CORE_5.FREQ_300/link/vivado/vpl/prj/prj.gen/my_rm/bd/ulp/synth/ulp.v:4071]
INFO: [Synth 8-6157] synthesizing module 'ulp_interconnect_axilite_user_imp_auto_cc_10' [/home/miahafiz/NeuroRing_a_4096_5c/_x.hw.NUM_4096.CORE_5.FREQ_300/link/vivado/vpl/prj/prj.runs/my_rm_synth_1/.Xil/Vivado-988657-cyberdeck/realtime/ulp_interconnect_axilite_user_imp_auto_cc_10_stub.v:6]
INFO: [Synth 8-6155] done synthesizing module 'ulp_interconnect_axilite_user_imp_auto_cc_10' (0#1) [/home/miahafiz/NeuroRing_a_4096_5c/_x.hw.NUM_4096.CORE_5.FREQ_300/link/vivado/vpl/prj/prj.runs/my_rm_synth_1/.Xil/Vivado-988657-cyberdeck/realtime/ulp_interconnect_axilite_user_imp_auto_cc_10_stub.v:6]
INFO: [Synth 8-6157] synthesizing module 'ulp_interconnect_axilite_user_imp_m10_regslice_0' [/home/miahafiz/NeuroRing_a_4096_5c/_x.hw.NUM_4096.CORE_5.FREQ_300/link/vivado/vpl/prj/prj.runs/my_rm_synth_1/.Xil/Vivado-988657-cyberdeck/realtime/ulp_interconnect_axilite_user_imp_m10_regslice_0_stub.v:6]
INFO: [Synth 8-6155] done synthesizing module 'ulp_interconnect_axilite_user_imp_m10_regslice_0' (0#1) [/home/miahafiz/NeuroRing_a_4096_5c/_x.hw.NUM_4096.CORE_5.FREQ_300/link/vivado/vpl/prj/prj.runs/my_rm_synth_1/.Xil/Vivado-988657-cyberdeck/realtime/ulp_interconnect_axilite_user_imp_m10_regslice_0_stub.v:6]
WARNING: [Synth 8-7071] port 'm_axi_awprot' of module 'ulp_interconnect_axilite_user_imp_m10_regslice_0' is unconnected for instance 'm10_regslice' [/home/miahafiz/NeuroRing_a_4096_5c/_x.hw.NUM_4096.CORE_5.FREQ_300/link/vivado/vpl/prj/prj.gen/my_rm/bd/ulp/synth/ulp.v:4256]
WARNING: [Synth 8-7071] port 'm_axi_arprot' of module 'ulp_interconnect_axilite_user_imp_m10_regslice_0' is unconnected for instance 'm10_regslice' [/home/miahafiz/NeuroRing_a_4096_5c/_x.hw.NUM_4096.CORE_5.FREQ_300/link/vivado/vpl/prj/prj.gen/my_rm/bd/ulp/synth/ulp.v:4256]
WARNING: [Synth 8-7023] instance 'm10_regslice' of module 'ulp_interconnect_axilite_user_imp_m10_regslice_0' has 40 connections declared, but only 38 given [/home/miahafiz/NeuroRing_a_4096_5c/_x.hw.NUM_4096.CORE_5.FREQ_300/link/vivado/vpl/prj/prj.gen/my_rm/bd/ulp/synth/ulp.v:4256]
INFO: [Synth 8-6155] done synthesizing module 'm10_couplers_imp_1AGD0QR' (0#1) [/home/miahafiz/NeuroRing_a_4096_5c/_x.hw.NUM_4096.CORE_5.FREQ_300/link/vivado/vpl/prj/prj.gen/my_rm/bd/ulp/synth/ulp.v:4071]
INFO: [Synth 8-6157] synthesizing module 's00_couplers_imp_14WTDU7' [/home/miahafiz/NeuroRing_a_4096_5c/_x.hw.NUM_4096.CORE_5.FREQ_300/link/vivado/vpl/prj/prj.gen/my_rm/bd/ulp/synth/ulp.v:4424]
INFO: [Synth 8-6157] synthesizing module 'ulp_interconnect_axilite_user_imp_s00_regslice_0' [/home/miahafiz/NeuroRing_a_4096_5c/_x.hw.NUM_4096.CORE_5.FREQ_300/link/vivado/vpl/prj/prj.runs/my_rm_synth_1/.Xil/Vivado-988657-cyberdeck/realtime/ulp_interconnect_axilite_user_imp_s00_regslice_0_stub.v:6]
INFO: [Synth 8-6155] done synthesizing module 'ulp_interconnect_axilite_user_imp_s00_regslice_0' (0#1) [/home/miahafiz/NeuroRing_a_4096_5c/_x.hw.NUM_4096.CORE_5.FREQ_300/link/vivado/vpl/prj/prj.runs/my_rm_synth_1/.Xil/Vivado-988657-cyberdeck/realtime/ulp_interconnect_axilite_user_imp_s00_regslice_0_stub.v:6]
INFO: [Synth 8-6155] done synthesizing module 's00_couplers_imp_14WTDU7' (0#1) [/home/miahafiz/NeuroRing_a_4096_5c/_x.hw.NUM_4096.CORE_5.FREQ_300/link/vivado/vpl/prj/prj.gen/my_rm/bd/ulp/synth/ulp.v:4424]
INFO: [Synth 8-6157] synthesizing module 'ulp_interconnect_axilite_user_upgraded_ipi_imp_xbar_0' [/home/miahafiz/NeuroRing_a_4096_5c/_x.hw.NUM_4096.CORE_5.FREQ_300/link/vivado/vpl/prj/prj.runs/my_rm_synth_1/.Xil/Vivado-988657-cyberdeck/realtime/ulp_interconnect_axilite_user_upgraded_ipi_imp_xbar_0_stub.v:6]
INFO: [Synth 8-6155] done synthesizing module 'ulp_interconnect_axilite_user_upgraded_ipi_imp_xbar_0' (0#1) [/home/miahafiz/NeuroRing_a_4096_5c/_x.hw.NUM_4096.CORE_5.FREQ_300/link/vivado/vpl/prj/prj.runs/my_rm_synth_1/.Xil/Vivado-988657-cyberdeck/realtime/ulp_interconnect_axilite_user_upgraded_ipi_imp_xbar_0_stub.v:6]
INFO: [Synth 8-6155] done synthesizing module 'ulp_interconnect_axilite_user_0' (0#1) [/home/miahafiz/NeuroRing_a_4096_5c/_x.hw.NUM_4096.CORE_5.FREQ_300/link/vivado/vpl/prj/prj.gen/my_rm/bd/ulp/synth/ulp.v:9264]
INFO: [Synth 8-6157] synthesizing module 'ulp_regslice_control_userpf_0' [/home/miahafiz/NeuroRing_a_4096_5c/_x.hw.NUM_4096.CORE_5.FREQ_300/link/vivado/vpl/prj/prj.runs/my_rm_synth_1/.Xil/Vivado-988657-cyberdeck/realtime/ulp_regslice_control_userpf_0_stub.v:6]
INFO: [Synth 8-6155] done synthesizing module 'ulp_regslice_control_userpf_0' (0#1) [/home/miahafiz/NeuroRing_a_4096_5c/_x.hw.NUM_4096.CORE_5.FREQ_300/link/vivado/vpl/prj/prj.runs/my_rm_synth_1/.Xil/Vivado-988657-cyberdeck/realtime/ulp_regslice_control_userpf_0_stub.v:6]
INFO: [Synth 8-6155] done synthesizing module 'SLR0_imp_NYMDU0' (0#1) [/home/miahafiz/NeuroRing_a_4096_5c/_x.hw.NUM_4096.CORE_5.FREQ_300/link/vivado/vpl/prj/prj.gen/my_rm/bd/ulp/synth/ulp.v:13]
INFO: [Synth 8-6157] synthesizing module 'SLR1_imp_1UA2LF1' [/home/miahafiz/NeuroRing_a_4096_5c/_x.hw.NUM_4096.CORE_5.FREQ_300/link/vivado/vpl/prj/prj.gen/my_rm/bd/ulp/synth/ulp.v:999]
INFO: [Synth 8-6157] synthesizing module 'ulp_axi_gpio_null_1' [/home/miahafiz/NeuroRing_a_4096_5c/_x.hw.NUM_4096.CORE_5.FREQ_300/link/vivado/vpl/prj/prj.runs/my_rm_synth_1/.Xil/Vivado-988657-cyberdeck/realtime/ulp_axi_gpio_null_1_stub.v:6]
INFO: [Synth 8-6155] done synthesizing module 'ulp_axi_gpio_null_1' (0#1) [/home/miahafiz/NeuroRing_a_4096_5c/_x.hw.NUM_4096.CORE_5.FREQ_300/link/vivado/vpl/prj/prj.runs/my_rm_synth_1/.Xil/Vivado-988657-cyberdeck/realtime/ulp_axi_gpio_null_1_stub.v:6]
WARNING: [Synth 8-7071] port 'gpio_io_o' of module 'ulp_axi_gpio_null_1' is unconnected for instance 'axi_gpio_null' [/home/miahafiz/NeuroRing_a_4096_5c/_x.hw.NUM_4096.CORE_5.FREQ_300/link/vivado/vpl/prj/prj.gen/my_rm/bd/ulp/synth/ulp.v:1136]
WARNING: [Synth 8-7071] port 'gpio_io_t' of module 'ulp_axi_gpio_null_1' is unconnected for instance 'axi_gpio_null' [/home/miahafiz/NeuroRing_a_4096_5c/_x.hw.NUM_4096.CORE_5.FREQ_300/link/vivado/vpl/prj/prj.gen/my_rm/bd/ulp/synth/ulp.v:1136]
WARNING: [Synth 8-7023] instance 'axi_gpio_null' of module 'ulp_axi_gpio_null_1' has 22 connections declared, but only 20 given [/home/miahafiz/NeuroRing_a_4096_5c/_x.hw.NUM_4096.CORE_5.FREQ_300/link/vivado/vpl/prj/prj.gen/my_rm/bd/ulp/synth/ulp.v:1136]
INFO: [Synth 8-6157] synthesizing module 'ulp_axi_vip_ctrl_userpf_1' [/home/miahafiz/NeuroRing_a_4096_5c/_x.hw.NUM_4096.CORE_5.FREQ_300/link/vivado/vpl/prj/prj.runs/my_rm_synth_1/.Xil/Vivado-988657-cyberdeck/realtime/ulp_axi_vip_ctrl_userpf_1_stub.v:6]
INFO: [Synth 8-6155] done synthesizing module 'ulp_axi_vip_ctrl_userpf_1' (0#1) [/home/miahafiz/NeuroRing_a_4096_5c/_x.hw.NUM_4096.CORE_5.FREQ_300/link/vivado/vpl/prj/prj.runs/my_rm_synth_1/.Xil/Vivado-988657-cyberdeck/realtime/ulp_axi_vip_ctrl_userpf_1_stub.v:6]
INFO: [Synth 8-6157] synthesizing module 'ulp_interconnect_axilite_user_1' [/home/miahafiz/NeuroRing_a_4096_5c/_x.hw.NUM_4096.CORE_5.FREQ_300/link/vivado/vpl/prj/prj.gen/my_rm/bd/ulp/synth/ulp.v:10728]
INFO: [Synth 8-6157] synthesizing module 's00_couplers_imp_1MXEOQC' [/home/miahafiz/NeuroRing_a_4096_5c/_x.hw.NUM_4096.CORE_5.FREQ_300/link/vivado/vpl/prj/prj.gen/my_rm/bd/ulp/synth/ulp.v:4594]
INFO: [Synth 8-6157] synthesizing module 'ulp_interconnect_axilite_user_imp_auto_cc_11' [/home/miahafiz/NeuroRing_a_4096_5c/_x.hw.NUM_4096.CORE_5.FREQ_300/link/vivado/vpl/prj/prj.runs/my_rm_synth_1/.Xil/Vivado-988657-cyberdeck/realtime/ulp_interconnect_axilite_user_imp_auto_cc_11_stub.v:6]
INFO: [Synth 8-6155] done synthesizing module 'ulp_interconnect_axilite_user_imp_auto_cc_11' (0#1) [/home/miahafiz/NeuroRing_a_4096_5c/_x.hw.NUM_4096.CORE_5.FREQ_300/link/vivado/vpl/prj/prj.runs/my_rm_synth_1/.Xil/Vivado-988657-cyberdeck/realtime/ulp_interconnect_axilite_user_imp_auto_cc_11_stub.v:6]
WARNING: [Synth 8-7071] port 'm_axi_awprot' of module 'ulp_interconnect_axilite_user_imp_auto_cc_11' is unconnected for instance 'auto_cc' [/home/miahafiz/NeuroRing_a_4096_5c/_x.hw.NUM_4096.CORE_5.FREQ_300/link/vivado/vpl/prj/prj.gen/my_rm/bd/ulp/synth/ulp.v:4736]
WARNING: [Synth 8-7071] port 'm_axi_arprot' of module 'ulp_interconnect_axilite_user_imp_auto_cc_11' is unconnected for instance 'auto_cc' [/home/miahafiz/NeuroRing_a_4096_5c/_x.hw.NUM_4096.CORE_5.FREQ_300/link/vivado/vpl/prj/prj.gen/my_rm/bd/ulp/synth/ulp.v:4736]
WARNING: [Synth 8-7023] instance 'auto_cc' of module 'ulp_interconnect_axilite_user_imp_auto_cc_11' has 42 connections declared, but only 40 given [/home/miahafiz/NeuroRing_a_4096_5c/_x.hw.NUM_4096.CORE_5.FREQ_300/link/vivado/vpl/prj/prj.gen/my_rm/bd/ulp/synth/ulp.v:4736]
INFO: [Synth 8-6157] synthesizing module 'ulp_interconnect_axilite_user_imp_s00_regslice_1' [/home/miahafiz/NeuroRing_a_4096_5c/_x.hw.NUM_4096.CORE_5.FREQ_300/link/vivado/vpl/prj/prj.runs/my_rm_synth_1/.Xil/Vivado-988657-cyberdeck/realtime/ulp_interconnect_axilite_user_imp_s00_regslice_1_stub.v:6]
INFO: [Synth 8-6155] done synthesizing module 'ulp_interconnect_axilite_user_imp_s00_regslice_1' (0#1) [/home/miahafiz/NeuroRing_a_4096_5c/_x.hw.NUM_4096.CORE_5.FREQ_300/link/vivado/vpl/prj/prj.runs/my_rm_synth_1/.Xil/Vivado-988657-cyberdeck/realtime/ulp_interconnect_axilite_user_imp_s00_regslice_1_stub.v:6]
INFO: [Synth 8-6155] done synthesizing module 's00_couplers_imp_1MXEOQC' (0#1) [/home/miahafiz/NeuroRing_a_4096_5c/_x.hw.NUM_4096.CORE_5.FREQ_300/link/vivado/vpl/prj/prj.gen/my_rm/bd/ulp/synth/ulp.v:4594]
INFO: [Synth 8-6155] done synthesizing module 'ulp_interconnect_axilite_user_1' (0#1) [/home/miahafiz/NeuroRing_a_4096_5c/_x.hw.NUM_4096.CORE_5.FREQ_300/link/vivado/vpl/prj/prj.gen/my_rm/bd/ulp/synth/ulp.v:10728]
INFO: [Synth 8-6157] synthesizing module 'ulp_regslice_control_userpf_1' [/home/miahafiz/NeuroRing_a_4096_5c/_x.hw.NUM_4096.CORE_5.FREQ_300/link/vivado/vpl/prj/prj.runs/my_rm_synth_1/.Xil/Vivado-988657-cyberdeck/realtime/ulp_regslice_control_userpf_1_stub.v:6]
INFO: [Synth 8-6155] done synthesizing module 'ulp_regslice_control_userpf_1' (0#1) [/home/miahafiz/NeuroRing_a_4096_5c/_x.hw.NUM_4096.CORE_5.FREQ_300/link/vivado/vpl/prj/prj.runs/my_rm_synth_1/.Xil/Vivado-988657-cyberdeck/realtime/ulp_regslice_control_userpf_1_stub.v:6]
INFO: [Synth 8-6155] done synthesizing module 'SLR1_imp_1UA2LF1' (0#1) [/home/miahafiz/NeuroRing_a_4096_5c/_x.hw.NUM_4096.CORE_5.FREQ_300/link/vivado/vpl/prj/prj.gen/my_rm/bd/ulp/synth/ulp.v:999]
INFO: [Synth 8-6157] synthesizing module 'SLR2_imp_1Y0I5MR' [/home/miahafiz/NeuroRing_a_4096_5c/_x.hw.NUM_4096.CORE_5.FREQ_300/link/vivado/vpl/prj/prj.gen/my_rm/bd/ulp/synth/ulp.v:1284]
INFO: [Synth 8-6157] synthesizing module 'ulp_axi_gpio_null_2' [/home/miahafiz/NeuroRing_a_4096_5c/_x.hw.NUM_4096.CORE_5.FREQ_300/link/vivado/vpl/prj/prj.runs/my_rm_synth_1/.Xil/Vivado-988657-cyberdeck/realtime/ulp_axi_gpio_null_2_stub.v:6]
INFO: [Synth 8-6155] done synthesizing module 'ulp_axi_gpio_null_2' (0#1) [/home/miahafiz/NeuroRing_a_4096_5c/_x.hw.NUM_4096.CORE_5.FREQ_300/link/vivado/vpl/prj/prj.runs/my_rm_synth_1/.Xil/Vivado-988657-cyberdeck/realtime/ulp_axi_gpio_null_2_stub.v:6]
WARNING: [Synth 8-7071] port 'gpio_io_o' of module 'ulp_axi_gpio_null_2' is unconnected for instance 'axi_gpio_null' [/home/miahafiz/NeuroRing_a_4096_5c/_x.hw.NUM_4096.CORE_5.FREQ_300/link/vivado/vpl/prj/prj.gen/my_rm/bd/ulp/synth/ulp.v:1421]
WARNING: [Synth 8-7071] port 'gpio_io_t' of module 'ulp_axi_gpio_null_2' is unconnected for instance 'axi_gpio_null' [/home/miahafiz/NeuroRing_a_4096_5c/_x.hw.NUM_4096.CORE_5.FREQ_300/link/vivado/vpl/prj/prj.gen/my_rm/bd/ulp/synth/ulp.v:1421]
WARNING: [Synth 8-7023] instance 'axi_gpio_null' of module 'ulp_axi_gpio_null_2' has 22 connections declared, but only 20 given [/home/miahafiz/NeuroRing_a_4096_5c/_x.hw.NUM_4096.CORE_5.FREQ_300/link/vivado/vpl/prj/prj.gen/my_rm/bd/ulp/synth/ulp.v:1421]
INFO: [Synth 8-6157] synthesizing module 'ulp_axi_vip_ctrl_userpf_2' [/home/miahafiz/NeuroRing_a_4096_5c/_x.hw.NUM_4096.CORE_5.FREQ_300/link/vivado/vpl/prj/prj.runs/my_rm_synth_1/.Xil/Vivado-988657-cyberdeck/realtime/ulp_axi_vip_ctrl_userpf_2_stub.v:6]
INFO: [Synth 8-6155] done synthesizing module 'ulp_axi_vip_ctrl_userpf_2' (0#1) [/home/miahafiz/NeuroRing_a_4096_5c/_x.hw.NUM_4096.CORE_5.FREQ_300/link/vivado/vpl/prj/prj.runs/my_rm_synth_1/.Xil/Vivado-988657-cyberdeck/realtime/ulp_axi_vip_ctrl_userpf_2_stub.v:6]
INFO: [Synth 8-6157] synthesizing module 'ulp_interconnect_axilite_user_2' [/home/miahafiz/NeuroRing_a_4096_5c/_x.hw.NUM_4096.CORE_5.FREQ_300/link/vivado/vpl/prj/prj.gen/my_rm/bd/ulp/synth/ulp.v:10898]
INFO: [Synth 8-6157] synthesizing module 's00_couplers_imp_8500C9' [/home/miahafiz/NeuroRing_a_4096_5c/_x.hw.NUM_4096.CORE_5.FREQ_300/link/vivado/vpl/prj/prj.gen/my_rm/bd/ulp/synth/ulp.v:4820]
INFO: [Synth 8-6157] synthesizing module 'ulp_interconnect_axilite_user_imp_auto_cc_12' [/home/miahafiz/NeuroRing_a_4096_5c/_x.hw.NUM_4096.CORE_5.FREQ_300/link/vivado/vpl/prj/prj.runs/my_rm_synth_1/.Xil/Vivado-988657-cyberdeck/realtime/ulp_interconnect_axilite_user_imp_auto_cc_12_stub.v:6]
INFO: [Synth 8-6155] done synthesizing module 'ulp_interconnect_axilite_user_imp_auto_cc_12' (0#1) [/home/miahafiz/NeuroRing_a_4096_5c/_x.hw.NUM_4096.CORE_5.FREQ_300/link/vivado/vpl/prj/prj.runs/my_rm_synth_1/.Xil/Vivado-988657-cyberdeck/realtime/ulp_interconnect_axilite_user_imp_auto_cc_12_stub.v:6]
WARNING: [Synth 8-7071] port 'm_axi_awprot' of module 'ulp_interconnect_axilite_user_imp_auto_cc_12' is unconnected for instance 'auto_cc' [/home/miahafiz/NeuroRing_a_4096_5c/_x.hw.NUM_4096.CORE_5.FREQ_300/link/vivado/vpl/prj/prj.gen/my_rm/bd/ulp/synth/ulp.v:4962]
WARNING: [Synth 8-7071] port 'm_axi_arprot' of module 'ulp_interconnect_axilite_user_imp_auto_cc_12' is unconnected for instance 'auto_cc' [/home/miahafiz/NeuroRing_a_4096_5c/_x.hw.NUM_4096.CORE_5.FREQ_300/link/vivado/vpl/prj/prj.gen/my_rm/bd/ulp/synth/ulp.v:4962]
WARNING: [Synth 8-7023] instance 'auto_cc' of module 'ulp_interconnect_axilite_user_imp_auto_cc_12' has 42 connections declared, but only 40 given [/home/miahafiz/NeuroRing_a_4096_5c/_x.hw.NUM_4096.CORE_5.FREQ_300/link/vivado/vpl/prj/prj.gen/my_rm/bd/ulp/synth/ulp.v:4962]
INFO: [Synth 8-6157] synthesizing module 'ulp_interconnect_axilite_user_imp_s00_regslice_2' [/home/miahafiz/NeuroRing_a_4096_5c/_x.hw.NUM_4096.CORE_5.FREQ_300/link/vivado/vpl/prj/prj.runs/my_rm_synth_1/.Xil/Vivado-988657-cyberdeck/realtime/ulp_interconnect_axilite_user_imp_s00_regslice_2_stub.v:6]
INFO: [Synth 8-6155] done synthesizing module 'ulp_interconnect_axilite_user_imp_s00_regslice_2' (0#1) [/home/miahafiz/NeuroRing_a_4096_5c/_x.hw.NUM_4096.CORE_5.FREQ_300/link/vivado/vpl/prj/prj.runs/my_rm_synth_1/.Xil/Vivado-988657-cyberdeck/realtime/ulp_interconnect_axilite_user_imp_s00_regslice_2_stub.v:6]
INFO: [Synth 8-6155] done synthesizing module 's00_couplers_imp_8500C9' (0#1) [/home/miahafiz/NeuroRing_a_4096_5c/_x.hw.NUM_4096.CORE_5.FREQ_300/link/vivado/vpl/prj/prj.gen/my_rm/bd/ulp/synth/ulp.v:4820]
INFO: [Synth 8-6155] done synthesizing module 'ulp_interconnect_axilite_user_2' (0#1) [/home/miahafiz/NeuroRing_a_4096_5c/_x.hw.NUM_4096.CORE_5.FREQ_300/link/vivado/vpl/prj/prj.gen/my_rm/bd/ulp/synth/ulp.v:10898]
INFO: [Synth 8-6157] synthesizing module 'ulp_regslice_control_userpf_2' [/home/miahafiz/NeuroRing_a_4096_5c/_x.hw.NUM_4096.CORE_5.FREQ_300/link/vivado/vpl/prj/prj.runs/my_rm_synth_1/.Xil/Vivado-988657-cyberdeck/realtime/ulp_regslice_control_userpf_2_stub.v:6]
INFO: [Synth 8-6155] done synthesizing module 'ulp_regslice_control_userpf_2' (0#1) [/home/miahafiz/NeuroRing_a_4096_5c/_x.hw.NUM_4096.CORE_5.FREQ_300/link/vivado/vpl/prj/prj.runs/my_rm_synth_1/.Xil/Vivado-988657-cyberdeck/realtime/ulp_regslice_control_userpf_2_stub.v:6]
INFO: [Synth 8-6155] done synthesizing module 'SLR2_imp_1Y0I5MR' (0#1) [/home/miahafiz/NeuroRing_a_4096_5c/_x.hw.NUM_4096.CORE_5.FREQ_300/link/vivado/vpl/prj/prj.gen/my_rm/bd/ulp/synth/ulp.v:1284]
INFO: [Synth 8-6157] synthesizing module 'ulp_SynapseRouter_0_0' [/home/miahafiz/NeuroRing_a_4096_5c/_x.hw.NUM_4096.CORE_5.FREQ_300/link/vivado/vpl/prj/prj.runs/my_rm_synth_1/.Xil/Vivado-988657-cyberdeck/realtime/ulp_SynapseRouter_0_0_stub.v:6]
INFO: [Synth 8-6155] done synthesizing module 'ulp_SynapseRouter_0_0' (0#1) [/home/miahafiz/NeuroRing_a_4096_5c/_x.hw.NUM_4096.CORE_5.FREQ_300/link/vivado/vpl/prj/prj.runs/my_rm_synth_1/.Xil/Vivado-988657-cyberdeck/realtime/ulp_SynapseRouter_0_0_stub.v:6]
INFO: [Synth 8-6157] synthesizing module 'ulp_SynapseRouter_1_0' [/home/miahafiz/NeuroRing_a_4096_5c/_x.hw.NUM_4096.CORE_5.FREQ_300/link/vivado/vpl/prj/prj.runs/my_rm_synth_1/.Xil/Vivado-988657-cyberdeck/realtime/ulp_SynapseRouter_1_0_stub.v:6]
INFO: [Synth 8-6155] done synthesizing module 'ulp_SynapseRouter_1_0' (0#1) [/home/miahafiz/NeuroRing_a_4096_5c/_x.hw.NUM_4096.CORE_5.FREQ_300/link/vivado/vpl/prj/prj.runs/my_rm_synth_1/.Xil/Vivado-988657-cyberdeck/realtime/ulp_SynapseRouter_1_0_stub.v:6]
INFO: [Synth 8-6157] synthesizing module 'ulp_SynapseRouter_2_0' [/home/miahafiz/NeuroRing_a_4096_5c/_x.hw.NUM_4096.CORE_5.FREQ_300/link/vivado/vpl/prj/prj.runs/my_rm_synth_1/.Xil/Vivado-988657-cyberdeck/realtime/ulp_SynapseRouter_2_0_stub.v:6]
INFO: [Synth 8-6155] done synthesizing module 'ulp_SynapseRouter_2_0' (0#1) [/home/miahafiz/NeuroRing_a_4096_5c/_x.hw.NUM_4096.CORE_5.FREQ_300/link/vivado/vpl/prj/prj.runs/my_rm_synth_1/.Xil/Vivado-988657-cyberdeck/realtime/ulp_SynapseRouter_2_0_stub.v:6]
INFO: [Synth 8-6157] synthesizing module 'ulp_SynapseRouter_3_0' [/home/miahafiz/NeuroRing_a_4096_5c/_x.hw.NUM_4096.CORE_5.FREQ_300/link/vivado/vpl/prj/prj.runs/my_rm_synth_1/.Xil/Vivado-988657-cyberdeck/realtime/ulp_SynapseRouter_3_0_stub.v:6]
INFO: [Synth 8-6155] done synthesizing module 'ulp_SynapseRouter_3_0' (0#1) [/home/miahafiz/NeuroRing_a_4096_5c/_x.hw.NUM_4096.CORE_5.FREQ_300/link/vivado/vpl/prj/prj.runs/my_rm_synth_1/.Xil/Vivado-988657-cyberdeck/realtime/ulp_SynapseRouter_3_0_stub.v:6]
INFO: [Synth 8-6157] synthesizing module 'ulp_SynapseRouter_4_0' [/home/miahafiz/NeuroRing_a_4096_5c/_x.hw.NUM_4096.CORE_5.FREQ_300/link/vivado/vpl/prj/prj.runs/my_rm_synth_1/.Xil/Vivado-988657-cyberdeck/realtime/ulp_SynapseRouter_4_0_stub.v:6]
INFO: [Synth 8-6155] done synthesizing module 'ulp_SynapseRouter_4_0' (0#1) [/home/miahafiz/NeuroRing_a_4096_5c/_x.hw.NUM_4096.CORE_5.FREQ_300/link/vivado/vpl/prj/prj.runs/my_rm_synth_1/.Xil/Vivado-988657-cyberdeck/realtime/ulp_SynapseRouter_4_0_stub.v:6]
INFO: [Synth 8-6157] synthesizing module 'ulp_axi_ic_ctrl_mgmt_slr1_0' [/home/miahafiz/NeuroRing_a_4096_5c/_x.hw.NUM_4096.CORE_5.FREQ_300/link/vivado/vpl/prj/prj.gen/my_rm/bd/ulp/synth/ulp.v:8855]
INFO: [Synth 8-6157] synthesizing module 'm00_couplers_imp_CAGKWP' [/home/miahafiz/NeuroRing_a_4096_5c/_x.hw.NUM_4096.CORE_5.FREQ_300/link/vivado/vpl/prj/prj.gen/my_rm/bd/ulp/synth/ulp.v:1569]
INFO: [Synth 8-6155] done synthesizing module 'm00_couplers_imp_CAGKWP' (0#1) [/home/miahafiz/NeuroRing_a_4096_5c/_x.hw.NUM_4096.CORE_5.FREQ_300/link/vivado/vpl/prj/prj.gen/my_rm/bd/ulp/synth/ulp.v:1569]
INFO: [Synth 8-6157] synthesizing module 'm01_couplers_imp_1V3WQQK' [/home/miahafiz/NeuroRing_a_4096_5c/_x.hw.NUM_4096.CORE_5.FREQ_300/link/vivado/vpl/prj/prj.gen/my_rm/bd/ulp/synth/ulp.v:2148]
INFO: [Synth 8-6155] done synthesizing module 'm01_couplers_imp_1V3WQQK' (0#1) [/home/miahafiz/NeuroRing_a_4096_5c/_x.hw.NUM_4096.CORE_5.FREQ_300/link/vivado/vpl/prj/prj.gen/my_rm/bd/ulp/synth/ulp.v:2148]
INFO: [Synth 8-6157] synthesizing module 's00_couplers_imp_1100RTV' [/home/miahafiz/NeuroRing_a_4096_5c/_x.hw.NUM_4096.CORE_5.FREQ_300/link/vivado/vpl/prj/prj.gen/my_rm/bd/ulp/synth/ulp.v:4297]
INFO: [Synth 8-6155] done synthesizing module 's00_couplers_imp_1100RTV' (0#1) [/home/miahafiz/NeuroRing_a_4096_5c/_x.hw.NUM_4096.CORE_5.FREQ_300/link/vivado/vpl/prj/prj.gen/my_rm/bd/ulp/synth/ulp.v:4297]
INFO: [Synth 8-6157] synthesizing module 'ulp_axi_ic_ctrl_mgmt_slr1_upgraded_ipi_imp_xbar_0' [/home/miahafiz/NeuroRing_a_4096_5c/_x.hw.NUM_4096.CORE_5.FREQ_300/link/vivado/vpl/prj/prj.runs/my_rm_synth_1/.Xil/Vivado-988657-cyberdeck/realtime/ulp_axi_ic_ctrl_mgmt_slr1_upgraded_ipi_imp_xbar_0_stub.v:6]
INFO: [Synth 8-6155] done synthesizing module 'ulp_axi_ic_ctrl_mgmt_slr1_upgraded_ipi_imp_xbar_0' (0#1) [/home/miahafiz/NeuroRing_a_4096_5c/_x.hw.NUM_4096.CORE_5.FREQ_300/link/vivado/vpl/prj/prj.runs/my_rm_synth_1/.Xil/Vivado-988657-cyberdeck/realtime/ulp_axi_ic_ctrl_mgmt_slr1_upgraded_ipi_imp_xbar_0_stub.v:6]
WARNING: [Synth 8-689] width (3) of port connection 'm_axi_arprot' does not match port width (6) of module 'ulp_axi_ic_ctrl_mgmt_slr1_upgraded_ipi_imp_xbar_0' [/home/miahafiz/NeuroRing_a_4096_5c/_x.hw.NUM_4096.CORE_5.FREQ_300/link/vivado/vpl/prj/prj.gen/my_rm/bd/ulp/synth/ulp.v:9225]
WARNING: [Synth 8-689] width (3) of port connection 'm_axi_awprot' does not match port width (6) of module 'ulp_axi_ic_ctrl_mgmt_slr1_upgraded_ipi_imp_xbar_0' [/home/miahafiz/NeuroRing_a_4096_5c/_x.hw.NUM_4096.CORE_5.FREQ_300/link/vivado/vpl/prj/prj.gen/my_rm/bd/ulp/synth/ulp.v:9229]
INFO: [Synth 8-6155] done synthesizing module 'ulp_axi_ic_ctrl_mgmt_slr1_0' (0#1) [/home/miahafiz/NeuroRing_a_4096_5c/_x.hw.NUM_4096.CORE_5.FREQ_300/link/vivado/vpl/prj/prj.gen/my_rm/bd/ulp/synth/ulp.v:8855]
INFO: [Synth 8-6157] synthesizing module 'ulp_axi_vip_data_0' [/home/miahafiz/NeuroRing_a_4096_5c/_x.hw.NUM_4096.CORE_5.FREQ_300/link/vivado/vpl/prj/prj.runs/my_rm_synth_1/.Xil/Vivado-988657-cyberdeck/realtime/ulp_axi_vip_data_0_stub.v:6]
INFO: [Synth 8-6155] done synthesizing module 'ulp_axi_vip_data_0' (0#1) [/home/miahafiz/NeuroRing_a_4096_5c/_x.hw.NUM_4096.CORE_5.FREQ_300/link/vivado/vpl/prj/prj.runs/my_rm_synth_1/.Xil/Vivado-988657-cyberdeck/realtime/ulp_axi_vip_data_0_stub.v:6]
INFO: [Synth 8-6157] synthesizing module 'ulp_buffer_NeuroRing_0_SynapseStreamLeft_0' [/home/miahafiz/NeuroRing_a_4096_5c/_x.hw.NUM_4096.CORE_5.FREQ_300/link/vivado/vpl/prj/prj.runs/my_rm_synth_1/.Xil/Vivado-988657-cyberdeck/realtime/ulp_buffer_NeuroRing_0_SynapseStreamLeft_0_stub.v:6]
INFO: [Synth 8-6155] done synthesizing module 'ulp_buffer_NeuroRing_0_SynapseStreamLeft_0' (0#1) [/home/miahafiz/NeuroRing_a_4096_5c/_x.hw.NUM_4096.CORE_5.FREQ_300/link/vivado/vpl/prj/prj.runs/my_rm_synth_1/.Xil/Vivado-988657-cyberdeck/realtime/ulp_buffer_NeuroRing_0_SynapseStreamLeft_0_stub.v:6]
INFO: [Synth 8-6157] synthesizing module 'ulp_buffer_NeuroRing_0_SynapseStreamRight_0' [/home/miahafiz/NeuroRing_a_4096_5c/_x.hw.NUM_4096.CORE_5.FREQ_300/link/vivado/vpl/prj/prj.runs/my_rm_synth_1/.Xil/Vivado-988657-cyberdeck/realtime/ulp_buffer_NeuroRing_0_SynapseStreamRight_0_stub.v:6]
INFO: [Synth 8-6155] done synthesizing module 'ulp_buffer_NeuroRing_0_SynapseStreamRight_0' (0#1) [/home/miahafiz/NeuroRing_a_4096_5c/_x.hw.NUM_4096.CORE_5.FREQ_300/link/vivado/vpl/prj/prj.runs/my_rm_synth_1/.Xil/Vivado-988657-cyberdeck/realtime/ulp_buffer_NeuroRing_0_SynapseStreamRight_0_stub.v:6]
INFO: [Synth 8-6157] synthesizing module 'ulp_buffer_NeuroRing_1_SynapseStreamLeft_0' [/home/miahafiz/NeuroRing_a_4096_5c/_x.hw.NUM_4096.CORE_5.FREQ_300/link/vivado/vpl/prj/prj.runs/my_rm_synth_1/.Xil/Vivado-988657-cyberdeck/realtime/ulp_buffer_NeuroRing_1_SynapseStreamLeft_0_stub.v:6]
INFO: [Synth 8-6155] done synthesizing module 'ulp_buffer_NeuroRing_1_SynapseStreamLeft_0' (0#1) [/home/miahafiz/NeuroRing_a_4096_5c/_x.hw.NUM_4096.CORE_5.FREQ_300/link/vivado/vpl/prj/prj.runs/my_rm_synth_1/.Xil/Vivado-988657-cyberdeck/realtime/ulp_buffer_NeuroRing_1_SynapseStreamLeft_0_stub.v:6]
INFO: [Synth 8-6157] synthesizing module 'ulp_buffer_NeuroRing_1_SynapseStreamRight_0' [/home/miahafiz/NeuroRing_a_4096_5c/_x.hw.NUM_4096.CORE_5.FREQ_300/link/vivado/vpl/prj/prj.runs/my_rm_synth_1/.Xil/Vivado-988657-cyberdeck/realtime/ulp_buffer_NeuroRing_1_SynapseStreamRight_0_stub.v:6]
INFO: [Synth 8-6155] done synthesizing module 'ulp_buffer_NeuroRing_1_SynapseStreamRight_0' (0#1) [/home/miahafiz/NeuroRing_a_4096_5c/_x.hw.NUM_4096.CORE_5.FREQ_300/link/vivado/vpl/prj/prj.runs/my_rm_synth_1/.Xil/Vivado-988657-cyberdeck/realtime/ulp_buffer_NeuroRing_1_SynapseStreamRight_0_stub.v:6]
INFO: [Synth 8-6157] synthesizing module 'ulp_buffer_NeuroRing_2_SynapseStreamLeft_0' [/home/miahafiz/NeuroRing_a_4096_5c/_x.hw.NUM_4096.CORE_5.FREQ_300/link/vivado/vpl/prj/prj.runs/my_rm_synth_1/.Xil/Vivado-988657-cyberdeck/realtime/ulp_buffer_NeuroRing_2_SynapseStreamLeft_0_stub.v:6]
INFO: [Synth 8-6155] done synthesizing module 'ulp_buffer_NeuroRing_2_SynapseStreamLeft_0' (0#1) [/home/miahafiz/NeuroRing_a_4096_5c/_x.hw.NUM_4096.CORE_5.FREQ_300/link/vivado/vpl/prj/prj.runs/my_rm_synth_1/.Xil/Vivado-988657-cyberdeck/realtime/ulp_buffer_NeuroRing_2_SynapseStreamLeft_0_stub.v:6]
INFO: [Synth 8-6157] synthesizing module 'ulp_buffer_NeuroRing_2_SynapseStreamRight_0' [/home/miahafiz/NeuroRing_a_4096_5c/_x.hw.NUM_4096.CORE_5.FREQ_300/link/vivado/vpl/prj/prj.runs/my_rm_synth_1/.Xil/Vivado-988657-cyberdeck/realtime/ulp_buffer_NeuroRing_2_SynapseStreamRight_0_stub.v:6]
INFO: [Synth 8-6155] done synthesizing module 'ulp_buffer_NeuroRing_2_SynapseStreamRight_0' (0#1) [/home/miahafiz/NeuroRing_a_4096_5c/_x.hw.NUM_4096.CORE_5.FREQ_300/link/vivado/vpl/prj/prj.runs/my_rm_synth_1/.Xil/Vivado-988657-cyberdeck/realtime/ulp_buffer_NeuroRing_2_SynapseStreamRight_0_stub.v:6]
INFO: [Synth 8-6157] synthesizing module 'ulp_buffer_NeuroRing_3_SynapseStreamLeft_0' [/home/miahafiz/NeuroRing_a_4096_5c/_x.hw.NUM_4096.CORE_5.FREQ_300/link/vivado/vpl/prj/prj.runs/my_rm_synth_1/.Xil/Vivado-988657-cyberdeck/realtime/ulp_buffer_NeuroRing_3_SynapseStreamLeft_0_stub.v:6]
INFO: [Synth 8-6155] done synthesizing module 'ulp_buffer_NeuroRing_3_SynapseStreamLeft_0' (0#1) [/home/miahafiz/NeuroRing_a_4096_5c/_x.hw.NUM_4096.CORE_5.FREQ_300/link/vivado/vpl/prj/prj.runs/my_rm_synth_1/.Xil/Vivado-988657-cyberdeck/realtime/ulp_buffer_NeuroRing_3_SynapseStreamLeft_0_stub.v:6]
INFO: [Synth 8-6157] synthesizing module 'ulp_buffer_NeuroRing_3_SynapseStreamRight_0' [/home/miahafiz/NeuroRing_a_4096_5c/_x.hw.NUM_4096.CORE_5.FREQ_300/link/vivado/vpl/prj/prj.runs/my_rm_synth_1/.Xil/Vivado-988657-cyberdeck/realtime/ulp_buffer_NeuroRing_3_SynapseStreamRight_0_stub.v:6]
INFO: [Synth 8-6155] done synthesizing module 'ulp_buffer_NeuroRing_3_SynapseStreamRight_0' (0#1) [/home/miahafiz/NeuroRing_a_4096_5c/_x.hw.NUM_4096.CORE_5.FREQ_300/link/vivado/vpl/prj/prj.runs/my_rm_synth_1/.Xil/Vivado-988657-cyberdeck/realtime/ulp_buffer_NeuroRing_3_SynapseStreamRight_0_stub.v:6]
INFO: [Synth 8-6157] synthesizing module 'ulp_buffer_NeuroRing_4_SynapseStreamLeft_0' [/home/miahafiz/NeuroRing_a_4096_5c/_x.hw.NUM_4096.CORE_5.FREQ_300/link/vivado/vpl/prj/prj.runs/my_rm_synth_1/.Xil/Vivado-988657-cyberdeck/realtime/ulp_buffer_NeuroRing_4_SynapseStreamLeft_0_stub.v:6]
INFO: [Synth 8-6155] done synthesizing module 'ulp_buffer_NeuroRing_4_SynapseStreamLeft_0' (0#1) [/home/miahafiz/NeuroRing_a_4096_5c/_x.hw.NUM_4096.CORE_5.FREQ_300/link/vivado/vpl/prj/prj.runs/my_rm_synth_1/.Xil/Vivado-988657-cyberdeck/realtime/ulp_buffer_NeuroRing_4_SynapseStreamLeft_0_stub.v:6]
INFO: [Synth 8-6157] synthesizing module 'ulp_buffer_NeuroRing_4_SynapseStreamRight_0' [/home/miahafiz/NeuroRing_a_4096_5c/_x.hw.NUM_4096.CORE_5.FREQ_300/link/vivado/vpl/prj/prj.runs/my_rm_synth_1/.Xil/Vivado-988657-cyberdeck/realtime/ulp_buffer_NeuroRing_4_SynapseStreamRight_0_stub.v:6]
INFO: [Synth 8-6155] done synthesizing module 'ulp_buffer_NeuroRing_4_SynapseStreamRight_0' (0#1) [/home/miahafiz/NeuroRing_a_4096_5c/_x.hw.NUM_4096.CORE_5.FREQ_300/link/vivado/vpl/prj/prj.runs/my_rm_synth_1/.Xil/Vivado-988657-cyberdeck/realtime/ulp_buffer_NeuroRing_4_SynapseStreamRight_0_stub.v:6]
INFO: [Synth 8-6157] synthesizing module 'ulp_buffer_SynapseRouter_0_SpikeOutWeight_0' [/home/miahafiz/NeuroRing_a_4096_5c/_x.hw.NUM_4096.CORE_5.FREQ_300/link/vivado/vpl/prj/prj.runs/my_rm_synth_1/.Xil/Vivado-988657-cyberdeck/realtime/ulp_buffer_SynapseRouter_0_SpikeOutWeight_0_stub.v:6]
INFO: [Synth 8-6155] done synthesizing module 'ulp_buffer_SynapseRouter_0_SpikeOutWeight_0' (0#1) [/home/miahafiz/NeuroRing_a_4096_5c/_x.hw.NUM_4096.CORE_5.FREQ_300/link/vivado/vpl/prj/prj.runs/my_rm_synth_1/.Xil/Vivado-988657-cyberdeck/realtime/ulp_buffer_SynapseRouter_0_SpikeOutWeight_0_stub.v:6]
INFO: [Synth 8-6157] synthesizing module 'ulp_buffer_SynapseRouter_0_syn_forward_rt_left_0' [/home/miahafiz/NeuroRing_a_4096_5c/_x.hw.NUM_4096.CORE_5.FREQ_300/link/vivado/vpl/prj/prj.runs/my_rm_synth_1/.Xil/Vivado-988657-cyberdeck/realtime/ulp_buffer_SynapseRouter_0_syn_forward_rt_left_0_stub.v:6]
INFO: [Synth 8-6155] done synthesizing module 'ulp_buffer_SynapseRouter_0_syn_forward_rt_left_0' (0#1) [/home/miahafiz/NeuroRing_a_4096_5c/_x.hw.NUM_4096.CORE_5.FREQ_300/link/vivado/vpl/prj/prj.runs/my_rm_synth_1/.Xil/Vivado-988657-cyberdeck/realtime/ulp_buffer_SynapseRouter_0_syn_forward_rt_left_0_stub.v:6]
INFO: [Synth 8-6157] synthesizing module 'ulp_buffer_SynapseRouter_0_syn_forward_rt_right_0' [/home/miahafiz/NeuroRing_a_4096_5c/_x.hw.NUM_4096.CORE_5.FREQ_300/link/vivado/vpl/prj/prj.runs/my_rm_synth_1/.Xil/Vivado-988657-cyberdeck/realtime/ulp_buffer_SynapseRouter_0_syn_forward_rt_right_0_stub.v:6]
INFO: [Synth 8-6155] done synthesizing module 'ulp_buffer_SynapseRouter_0_syn_forward_rt_right_0' (0#1) [/home/miahafiz/NeuroRing_a_4096_5c/_x.hw.NUM_4096.CORE_5.FREQ_300/link/vivado/vpl/prj/prj.runs/my_rm_synth_1/.Xil/Vivado-988657-cyberdeck/realtime/ulp_buffer_SynapseRouter_0_syn_forward_rt_right_0_stub.v:6]
INFO: [Synth 8-6157] synthesizing module 'ulp_buffer_SynapseRouter_1_SpikeOutWeight_0' [/home/miahafiz/NeuroRing_a_4096_5c/_x.hw.NUM_4096.CORE_5.FREQ_300/link/vivado/vpl/prj/prj.runs/my_rm_synth_1/.Xil/Vivado-988657-cyberdeck/realtime/ulp_buffer_SynapseRouter_1_SpikeOutWeight_0_stub.v:6]
INFO: [Synth 8-6155] done synthesizing module 'ulp_buffer_SynapseRouter_1_SpikeOutWeight_0' (0#1) [/home/miahafiz/NeuroRing_a_4096_5c/_x.hw.NUM_4096.CORE_5.FREQ_300/link/vivado/vpl/prj/prj.runs/my_rm_synth_1/.Xil/Vivado-988657-cyberdeck/realtime/ulp_buffer_SynapseRouter_1_SpikeOutWeight_0_stub.v:6]
INFO: [Synth 8-6157] synthesizing module 'ulp_buffer_SynapseRouter_1_syn_forward_rt_left_0' [/home/miahafiz/NeuroRing_a_4096_5c/_x.hw.NUM_4096.CORE_5.FREQ_300/link/vivado/vpl/prj/prj.runs/my_rm_synth_1/.Xil/Vivado-988657-cyberdeck/realtime/ulp_buffer_SynapseRouter_1_syn_forward_rt_left_0_stub.v:6]
INFO: [Synth 8-6155] done synthesizing module 'ulp_buffer_SynapseRouter_1_syn_forward_rt_left_0' (0#1) [/home/miahafiz/NeuroRing_a_4096_5c/_x.hw.NUM_4096.CORE_5.FREQ_300/link/vivado/vpl/prj/prj.runs/my_rm_synth_1/.Xil/Vivado-988657-cyberdeck/realtime/ulp_buffer_SynapseRouter_1_syn_forward_rt_left_0_stub.v:6]
INFO: [Synth 8-6157] synthesizing module 'ulp_buffer_SynapseRouter_1_syn_forward_rt_right_0' [/home/miahafiz/NeuroRing_a_4096_5c/_x.hw.NUM_4096.CORE_5.FREQ_300/link/vivado/vpl/prj/prj.runs/my_rm_synth_1/.Xil/Vivado-988657-cyberdeck/realtime/ulp_buffer_SynapseRouter_1_syn_forward_rt_right_0_stub.v:6]
INFO: [Synth 8-6155] done synthesizing module 'ulp_buffer_SynapseRouter_1_syn_forward_rt_right_0' (0#1) [/home/miahafiz/NeuroRing_a_4096_5c/_x.hw.NUM_4096.CORE_5.FREQ_300/link/vivado/vpl/prj/prj.runs/my_rm_synth_1/.Xil/Vivado-988657-cyberdeck/realtime/ulp_buffer_SynapseRouter_1_syn_forward_rt_right_0_stub.v:6]
INFO: [Synth 8-6157] synthesizing module 'ulp_buffer_SynapseRouter_2_SpikeOutWeight_0' [/home/miahafiz/NeuroRing_a_4096_5c/_x.hw.NUM_4096.CORE_5.FREQ_300/link/vivado/vpl/prj/prj.runs/my_rm_synth_1/.Xil/Vivado-988657-cyberdeck/realtime/ulp_buffer_SynapseRouter_2_SpikeOutWeight_0_stub.v:6]
INFO: [Synth 8-6155] done synthesizing module 'ulp_buffer_SynapseRouter_2_SpikeOutWeight_0' (0#1) [/home/miahafiz/NeuroRing_a_4096_5c/_x.hw.NUM_4096.CORE_5.FREQ_300/link/vivado/vpl/prj/prj.runs/my_rm_synth_1/.Xil/Vivado-988657-cyberdeck/realtime/ulp_buffer_SynapseRouter_2_SpikeOutWeight_0_stub.v:6]
INFO: [Synth 8-6157] synthesizing module 'ulp_buffer_SynapseRouter_2_syn_forward_rt_left_0' [/home/miahafiz/NeuroRing_a_4096_5c/_x.hw.NUM_4096.CORE_5.FREQ_300/link/vivado/vpl/prj/prj.runs/my_rm_synth_1/.Xil/Vivado-988657-cyberdeck/realtime/ulp_buffer_SynapseRouter_2_syn_forward_rt_left_0_stub.v:6]
INFO: [Synth 8-6155] done synthesizing module 'ulp_buffer_SynapseRouter_2_syn_forward_rt_left_0' (0#1) [/home/miahafiz/NeuroRing_a_4096_5c/_x.hw.NUM_4096.CORE_5.FREQ_300/link/vivado/vpl/prj/prj.runs/my_rm_synth_1/.Xil/Vivado-988657-cyberdeck/realtime/ulp_buffer_SynapseRouter_2_syn_forward_rt_left_0_stub.v:6]
INFO: [Synth 8-6157] synthesizing module 'ulp_buffer_SynapseRouter_2_syn_forward_rt_right_0' [/home/miahafiz/NeuroRing_a_4096_5c/_x.hw.NUM_4096.CORE_5.FREQ_300/link/vivado/vpl/prj/prj.runs/my_rm_synth_1/.Xil/Vivado-988657-cyberdeck/realtime/ulp_buffer_SynapseRouter_2_syn_forward_rt_right_0_stub.v:6]
INFO: [Synth 8-6155] done synthesizing module 'ulp_buffer_SynapseRouter_2_syn_forward_rt_right_0' (0#1) [/home/miahafiz/NeuroRing_a_4096_5c/_x.hw.NUM_4096.CORE_5.FREQ_300/link/vivado/vpl/prj/prj.runs/my_rm_synth_1/.Xil/Vivado-988657-cyberdeck/realtime/ulp_buffer_SynapseRouter_2_syn_forward_rt_right_0_stub.v:6]
INFO: [Synth 8-6157] synthesizing module 'ulp_buffer_SynapseRouter_3_SpikeOutWeight_0' [/home/miahafiz/NeuroRing_a_4096_5c/_x.hw.NUM_4096.CORE_5.FREQ_300/link/vivado/vpl/prj/prj.runs/my_rm_synth_1/.Xil/Vivado-988657-cyberdeck/realtime/ulp_buffer_SynapseRouter_3_SpikeOutWeight_0_stub.v:6]
INFO: [Synth 8-6155] done synthesizing module 'ulp_buffer_SynapseRouter_3_SpikeOutWeight_0' (0#1) [/home/miahafiz/NeuroRing_a_4096_5c/_x.hw.NUM_4096.CORE_5.FREQ_300/link/vivado/vpl/prj/prj.runs/my_rm_synth_1/.Xil/Vivado-988657-cyberdeck/realtime/ulp_buffer_SynapseRouter_3_SpikeOutWeight_0_stub.v:6]
INFO: [Synth 8-6157] synthesizing module 'ulp_buffer_SynapseRouter_3_syn_forward_rt_left_0' [/home/miahafiz/NeuroRing_a_4096_5c/_x.hw.NUM_4096.CORE_5.FREQ_300/link/vivado/vpl/prj/prj.runs/my_rm_synth_1/.Xil/Vivado-988657-cyberdeck/realtime/ulp_buffer_SynapseRouter_3_syn_forward_rt_left_0_stub.v:6]
INFO: [Synth 8-6155] done synthesizing module 'ulp_buffer_SynapseRouter_3_syn_forward_rt_left_0' (0#1) [/home/miahafiz/NeuroRing_a_4096_5c/_x.hw.NUM_4096.CORE_5.FREQ_300/link/vivado/vpl/prj/prj.runs/my_rm_synth_1/.Xil/Vivado-988657-cyberdeck/realtime/ulp_buffer_SynapseRouter_3_syn_forward_rt_left_0_stub.v:6]
INFO: [Synth 8-6157] synthesizing module 'ulp_buffer_SynapseRouter_3_syn_forward_rt_right_0' [/home/miahafiz/NeuroRing_a_4096_5c/_x.hw.NUM_4096.CORE_5.FREQ_300/link/vivado/vpl/prj/prj.runs/my_rm_synth_1/.Xil/Vivado-988657-cyberdeck/realtime/ulp_buffer_SynapseRouter_3_syn_forward_rt_right_0_stub.v:6]
INFO: [Synth 8-6155] done synthesizing module 'ulp_buffer_SynapseRouter_3_syn_forward_rt_right_0' (0#1) [/home/miahafiz/NeuroRing_a_4096_5c/_x.hw.NUM_4096.CORE_5.FREQ_300/link/vivado/vpl/prj/prj.runs/my_rm_synth_1/.Xil/Vivado-988657-cyberdeck/realtime/ulp_buffer_SynapseRouter_3_syn_forward_rt_right_0_stub.v:6]
INFO: [Synth 8-6157] synthesizing module 'ulp_buffer_SynapseRouter_4_SpikeOutWeight_0' [/home/miahafiz/NeuroRing_a_4096_5c/_x.hw.NUM_4096.CORE_5.FREQ_300/link/vivado/vpl/prj/prj.runs/my_rm_synth_1/.Xil/Vivado-988657-cyberdeck/realtime/ulp_buffer_SynapseRouter_4_SpikeOutWeight_0_stub.v:6]
INFO: [Synth 8-6155] done synthesizing module 'ulp_buffer_SynapseRouter_4_SpikeOutWeight_0' (0#1) [/home/miahafiz/NeuroRing_a_4096_5c/_x.hw.NUM_4096.CORE_5.FREQ_300/link/vivado/vpl/prj/prj.runs/my_rm_synth_1/.Xil/Vivado-988657-cyberdeck/realtime/ulp_buffer_SynapseRouter_4_SpikeOutWeight_0_stub.v:6]
INFO: [Synth 8-6157] synthesizing module 'ulp_buffer_SynapseRouter_4_syn_forward_rt_left_0' [/home/miahafiz/NeuroRing_a_4096_5c/_x.hw.NUM_4096.CORE_5.FREQ_300/link/vivado/vpl/prj/prj.runs/my_rm_synth_1/.Xil/Vivado-988657-cyberdeck/realtime/ulp_buffer_SynapseRouter_4_syn_forward_rt_left_0_stub.v:6]
INFO: [Synth 8-6155] done synthesizing module 'ulp_buffer_SynapseRouter_4_syn_forward_rt_left_0' (0#1) [/home/miahafiz/NeuroRing_a_4096_5c/_x.hw.NUM_4096.CORE_5.FREQ_300/link/vivado/vpl/prj/prj.runs/my_rm_synth_1/.Xil/Vivado-988657-cyberdeck/realtime/ulp_buffer_SynapseRouter_4_syn_forward_rt_left_0_stub.v:6]
INFO: [Synth 8-6157] synthesizing module 'ulp_buffer_SynapseRouter_4_syn_forward_rt_right_0' [/home/miahafiz/NeuroRing_a_4096_5c/_x.hw.NUM_4096.CORE_5.FREQ_300/link/vivado/vpl/prj/prj.runs/my_rm_synth_1/.Xil/Vivado-988657-cyberdeck/realtime/ulp_buffer_SynapseRouter_4_syn_forward_rt_right_0_stub.v:6]
INFO: [Synth 8-6155] done synthesizing module 'ulp_buffer_SynapseRouter_4_syn_forward_rt_right_0' (0#1) [/home/miahafiz/NeuroRing_a_4096_5c/_x.hw.NUM_4096.CORE_5.FREQ_300/link/vivado/vpl/prj/prj.runs/my_rm_synth_1/.Xil/Vivado-988657-cyberdeck/realtime/ulp_buffer_SynapseRouter_4_syn_forward_rt_right_0_stub.v:6]
INFO: [Synth 8-6157] synthesizing module 'ulp_hmss_0_0' [/home/miahafiz/NeuroRing_a_4096_5c/_x.hw.NUM_4096.CORE_5.FREQ_300/link/vivado/vpl/prj/prj.runs/my_rm_synth_1/.Xil/Vivado-988657-cyberdeck/realtime/ulp_hmss_0_0_stub.v:6]
INFO: [Common 17-14] Message 'Synth 8-6157' appears 100 times and further instances of the messages will be disabled.
INFO: [Synth 8-6155] done synthesizing module 'ulp_hmss_0_0' (0#1) [/home/miahafiz/NeuroRing_a_4096_5c/_x.hw.NUM_4096.CORE_5.FREQ_300/link/vivado/vpl/prj/prj.runs/my_rm_synth_1/.Xil/Vivado-988657-cyberdeck/realtime/ulp_hmss_0_0_stub.v:6]
INFO: [Synth 8-6155] done synthesizing module 'ulp_ii_level0_wire_0' (0#1) [/home/miahafiz/NeuroRing_a_4096_5c/_x.hw.NUM_4096.CORE_5.FREQ_300/link/vivado/vpl/prj/prj.runs/my_rm_synth_1/.Xil/Vivado-988657-cyberdeck/realtime/ulp_ii_level0_wire_0_stub.v:6]
INFO: [Common 17-14] Message 'Synth 8-6155' appears 100 times and further instances of the messages will be disabled.
WARNING: [Synth 8-7071] port 'ULP_M_AXI_CTRL_MGMT_00_arprot' of module 'ulp_ii_level0_wire_0' is unconnected for instance 'ii_level0_wire' [/home/miahafiz/NeuroRing_a_4096_5c/_x.hw.NUM_4096.CORE_5.FREQ_300/link/vivado/vpl/prj/prj.gen/my_rm/bd/ulp/synth/ulp.v:8202]
WARNING: [Synth 8-7071] port 'ULP_M_AXI_CTRL_MGMT_00_awprot' of module 'ulp_ii_level0_wire_0' is unconnected for instance 'ii_level0_wire' [/home/miahafiz/NeuroRing_a_4096_5c/_x.hw.NUM_4096.CORE_5.FREQ_300/link/vivado/vpl/prj/prj.gen/my_rm/bd/ulp/synth/ulp.v:8202]
WARNING: [Synth 8-7071] port 'ULP_M_AXI_CTRL_MGMT_00_wstrb' of module 'ulp_ii_level0_wire_0' is unconnected for instance 'ii_level0_wire' [/home/miahafiz/NeuroRing_a_4096_5c/_x.hw.NUM_4096.CORE_5.FREQ_300/link/vivado/vpl/prj/prj.gen/my_rm/bd/ulp/synth/ulp.v:8202]
WARNING: [Synth 8-7071] port 'ULP_S_AXI_DATA_C2H_00_arready' of module 'ulp_ii_level0_wire_0' is unconnected for instance 'ii_level0_wire' [/home/miahafiz/NeuroRing_a_4096_5c/_x.hw.NUM_4096.CORE_5.FREQ_300/link/vivado/vpl/prj/prj.gen/my_rm/bd/ulp/synth/ulp.v:8202]
WARNING: [Synth 8-7071] port 'ULP_S_AXI_DATA_C2H_00_awready' of module 'ulp_ii_level0_wire_0' is unconnected for instance 'ii_level0_wire' [/home/miahafiz/NeuroRing_a_4096_5c/_x.hw.NUM_4096.CORE_5.FREQ_300/link/vivado/vpl/prj/prj.gen/my_rm/bd/ulp/synth/ulp.v:8202]
WARNING: [Synth 8-7071] port 'ULP_S_AXI_DATA_C2H_00_bid' of module 'ulp_ii_level0_wire_0' is unconnected for instance 'ii_level0_wire' [/home/miahafiz/NeuroRing_a_4096_5c/_x.hw.NUM_4096.CORE_5.FREQ_300/link/vivado/vpl/prj/prj.gen/my_rm/bd/ulp/synth/ulp.v:8202]
WARNING: [Synth 8-7071] port 'ULP_S_AXI_DATA_C2H_00_bresp' of module 'ulp_ii_level0_wire_0' is unconnected for instance 'ii_level0_wire' [/home/miahafiz/NeuroRing_a_4096_5c/_x.hw.NUM_4096.CORE_5.FREQ_300/link/vivado/vpl/prj/prj.gen/my_rm/bd/ulp/synth/ulp.v:8202]
WARNING: [Synth 8-7071] port 'ULP_S_AXI_DATA_C2H_00_bvalid' of module 'ulp_ii_level0_wire_0' is unconnected for instance 'ii_level0_wire' [/home/miahafiz/NeuroRing_a_4096_5c/_x.hw.NUM_4096.CORE_5.FREQ_300/link/vivado/vpl/prj/prj.gen/my_rm/bd/ulp/synth/ulp.v:8202]
WARNING: [Synth 8-7071] port 'ULP_S_AXI_DATA_C2H_00_rdata' of module 'ulp_ii_level0_wire_0' is unconnected for instance 'ii_level0_wire' [/home/miahafiz/NeuroRing_a_4096_5c/_x.hw.NUM_4096.CORE_5.FREQ_300/link/vivado/vpl/prj/prj.gen/my_rm/bd/ulp/synth/ulp.v:8202]
WARNING: [Synth 8-7071] port 'ULP_S_AXI_DATA_C2H_00_rid' of module 'ulp_ii_level0_wire_0' is unconnected for instance 'ii_level0_wire' [/home/miahafiz/NeuroRing_a_4096_5c/_x.hw.NUM_4096.CORE_5.FREQ_300/link/vivado/vpl/prj/prj.gen/my_rm/bd/ulp/synth/ulp.v:8202]
WARNING: [Synth 8-7071] port 'ULP_S_AXI_DATA_C2H_00_rlast' of module 'ulp_ii_level0_wire_0' is unconnected for instance 'ii_level0_wire' [/home/miahafiz/NeuroRing_a_4096_5c/_x.hw.NUM_4096.CORE_5.FREQ_300/link/vivado/vpl/prj/prj.gen/my_rm/bd/ulp/synth/ulp.v:8202]
WARNING: [Synth 8-7071] port 'ULP_S_AXI_DATA_C2H_00_rresp' of module 'ulp_ii_level0_wire_0' is unconnected for instance 'ii_level0_wire' [/home/miahafiz/NeuroRing_a_4096_5c/_x.hw.NUM_4096.CORE_5.FREQ_300/link/vivado/vpl/prj/prj.gen/my_rm/bd/ulp/synth/ulp.v:8202]
WARNING: [Synth 8-7071] port 'ULP_S_AXI_DATA_C2H_00_rvalid' of module 'ulp_ii_level0_wire_0' is unconnected for instance 'ii_level0_wire' [/home/miahafiz/NeuroRing_a_4096_5c/_x.hw.NUM_4096.CORE_5.FREQ_300/link/vivado/vpl/prj/prj.gen/my_rm/bd/ulp/synth/ulp.v:8202]
WARNING: [Synth 8-7071] port 'ULP_S_AXI_DATA_C2H_00_wready' of module 'ulp_ii_level0_wire_0' is unconnected for instance 'ii_level0_wire' [/home/miahafiz/NeuroRing_a_4096_5c/_x.hw.NUM_4096.CORE_5.FREQ_300/link/vivado/vpl/prj/prj.gen/my_rm/bd/ulp/synth/ulp.v:8202]
WARNING: [Synth 8-7023] instance 'ii_level0_wire' of module 'ulp_ii_level0_wire_0' has 354 connections declared, but only 340 given [/home/miahafiz/NeuroRing_a_4096_5c/_x.hw.NUM_4096.CORE_5.FREQ_300/link/vivado/vpl/prj/prj.gen/my_rm/bd/ulp/synth/ulp.v:8202]
WARNING: [Synth 8-7071] port 'mb_reset' of module 'ulp_proc_sys_reset_ctrl_slr0_0' is unconnected for instance 'proc_sys_reset_ctrl_slr0' [/home/miahafiz/NeuroRing_a_4096_5c/_x.hw.NUM_4096.CORE_5.FREQ_300/link/vivado/vpl/prj/prj.gen/my_rm/bd/ulp/synth/ulp.v:8687]
WARNING: [Synth 8-7071] port 'bus_struct_reset' of module 'ulp_proc_sys_reset_ctrl_slr0_0' is unconnected for instance 'proc_sys_reset_ctrl_slr0' [/home/miahafiz/NeuroRing_a_4096_5c/_x.hw.NUM_4096.CORE_5.FREQ_300/link/vivado/vpl/prj/prj.gen/my_rm/bd/ulp/synth/ulp.v:8687]
WARNING: [Synth 8-7071] port 'peripheral_reset' of module 'ulp_proc_sys_reset_ctrl_slr0_0' is unconnected for instance 'proc_sys_reset_ctrl_slr0' [/home/miahafiz/NeuroRing_a_4096_5c/_x.hw.NUM_4096.CORE_5.FREQ_300/link/vivado/vpl/prj/prj.gen/my_rm/bd/ulp/synth/ulp.v:8687]
WARNING: [Synth 8-7071] port 'interconnect_aresetn' of module 'ulp_proc_sys_reset_ctrl_slr0_0' is unconnected for instance 'proc_sys_reset_ctrl_slr0' [/home/miahafiz/NeuroRing_a_4096_5c/_x.hw.NUM_4096.CORE_5.FREQ_300/link/vivado/vpl/prj/prj.gen/my_rm/bd/ulp/synth/ulp.v:8687]
WARNING: [Synth 8-7023] instance 'proc_sys_reset_ctrl_slr0' of module 'ulp_proc_sys_reset_ctrl_slr0_0' has 10 connections declared, but only 6 given [/home/miahafiz/NeuroRing_a_4096_5c/_x.hw.NUM_4096.CORE_5.FREQ_300/link/vivado/vpl/prj/prj.gen/my_rm/bd/ulp/synth/ulp.v:8687]
WARNING: [Synth 8-7071] port 'mb_reset' of module 'ulp_proc_sys_reset_ctrl_slr1_0' is unconnected for instance 'proc_sys_reset_ctrl_slr1' [/home/miahafiz/NeuroRing_a_4096_5c/_x.hw.NUM_4096.CORE_5.FREQ_300/link/vivado/vpl/prj/prj.gen/my_rm/bd/ulp/synth/ulp.v:8694]
WARNING: [Synth 8-7071] port 'bus_struct_reset' of module 'ulp_proc_sys_reset_ctrl_slr1_0' is unconnected for instance 'proc_sys_reset_ctrl_slr1' [/home/miahafiz/NeuroRing_a_4096_5c/_x.hw.NUM_4096.CORE_5.FREQ_300/link/vivado/vpl/prj/prj.gen/my_rm/bd/ulp/synth/ulp.v:8694]
WARNING: [Synth 8-7071] port 'peripheral_reset' of module 'ulp_proc_sys_reset_ctrl_slr1_0' is unconnected for instance 'proc_sys_reset_ctrl_slr1' [/home/miahafiz/NeuroRing_a_4096_5c/_x.hw.NUM_4096.CORE_5.FREQ_300/link/vivado/vpl/prj/prj.gen/my_rm/bd/ulp/synth/ulp.v:8694]
WARNING: [Synth 8-7071] port 'interconnect_aresetn' of module 'ulp_proc_sys_reset_ctrl_slr1_0' is unconnected for instance 'proc_sys_reset_ctrl_slr1' [/home/miahafiz/NeuroRing_a_4096_5c/_x.hw.NUM_4096.CORE_5.FREQ_300/link/vivado/vpl/prj/prj.gen/my_rm/bd/ulp/synth/ulp.v:8694]
WARNING: [Synth 8-7023] instance 'proc_sys_reset_ctrl_slr1' of module 'ulp_proc_sys_reset_ctrl_slr1_0' has 10 connections declared, but only 6 given [/home/miahafiz/NeuroRing_a_4096_5c/_x.hw.NUM_4096.CORE_5.FREQ_300/link/vivado/vpl/prj/prj.gen/my_rm/bd/ulp/synth/ulp.v:8694]
WARNING: [Synth 8-7071] port 'mb_reset' of module 'ulp_proc_sys_reset_ctrl_slr2_0' is unconnected for instance 'proc_sys_reset_ctrl_slr2' [/home/miahafiz/NeuroRing_a_4096_5c/_x.hw.NUM_4096.CORE_5.FREQ_300/link/vivado/vpl/prj/prj.gen/my_rm/bd/ulp/synth/ulp.v:8701]
WARNING: [Synth 8-7071] port 'bus_struct_reset' of module 'ulp_proc_sys_reset_ctrl_slr2_0' is unconnected for instance 'proc_sys_reset_ctrl_slr2' [/home/miahafiz/NeuroRing_a_4096_5c/_x.hw.NUM_4096.CORE_5.FREQ_300/link/vivado/vpl/prj/prj.gen/my_rm/bd/ulp/synth/ulp.v:8701]
WARNING: [Synth 8-7071] port 'peripheral_reset' of module 'ulp_proc_sys_reset_ctrl_slr2_0' is unconnected for instance 'proc_sys_reset_ctrl_slr2' [/home/miahafiz/NeuroRing_a_4096_5c/_x.hw.NUM_4096.CORE_5.FREQ_300/link/vivado/vpl/prj/prj.gen/my_rm/bd/ulp/synth/ulp.v:8701]
WARNING: [Synth 8-7071] port 'interconnect_aresetn' of module 'ulp_proc_sys_reset_ctrl_slr2_0' is unconnected for instance 'proc_sys_reset_ctrl_slr2' [/home/miahafiz/NeuroRing_a_4096_5c/_x.hw.NUM_4096.CORE_5.FREQ_300/link/vivado/vpl/prj/prj.gen/my_rm/bd/ulp/synth/ulp.v:8701]
WARNING: [Synth 8-7023] instance 'proc_sys_reset_ctrl_slr2' of module 'ulp_proc_sys_reset_ctrl_slr2_0' has 10 connections declared, but only 6 given [/home/miahafiz/NeuroRing_a_4096_5c/_x.hw.NUM_4096.CORE_5.FREQ_300/link/vivado/vpl/prj/prj.gen/my_rm/bd/ulp/synth/ulp.v:8701]
WARNING: [Synth 8-4446] all outputs are unconnected for this instance and logic may be removed [/home/miahafiz/NeuroRing_a_4096_5c/_x.hw.NUM_4096.CORE_5.FREQ_300/link/vivado/vpl/prj/prj.gen/my_rm/bd/ulp/synth/ulp.v:8708]
WARNING: [Synth 8-7071] port 'mb_reset' of module 'ulp_proc_sys_reset_freerun_slr0_0' is unconnected for instance 'proc_sys_reset_freerun_slr0' [/home/miahafiz/NeuroRing_a_4096_5c/_x.hw.NUM_4096.CORE_5.FREQ_300/link/vivado/vpl/prj/prj.gen/my_rm/bd/ulp/synth/ulp.v:8708]
WARNING: [Synth 8-7071] port 'bus_struct_reset' of module 'ulp_proc_sys_reset_freerun_slr0_0' is unconnected for instance 'proc_sys_reset_freerun_slr0' [/home/miahafiz/NeuroRing_a_4096_5c/_x.hw.NUM_4096.CORE_5.FREQ_300/link/vivado/vpl/prj/prj.gen/my_rm/bd/ulp/synth/ulp.v:8708]
WARNING: [Synth 8-7071] port 'peripheral_reset' of module 'ulp_proc_sys_reset_freerun_slr0_0' is unconnected for instance 'proc_sys_reset_freerun_slr0' [/home/miahafiz/NeuroRing_a_4096_5c/_x.hw.NUM_4096.CORE_5.FREQ_300/link/vivado/vpl/prj/prj.gen/my_rm/bd/ulp/synth/ulp.v:8708]
WARNING: [Synth 8-7071] port 'interconnect_aresetn' of module 'ulp_proc_sys_reset_freerun_slr0_0' is unconnected for instance 'proc_sys_reset_freerun_slr0' [/home/miahafiz/NeuroRing_a_4096_5c/_x.hw.NUM_4096.CORE_5.FREQ_300/link/vivado/vpl/prj/prj.gen/my_rm/bd/ulp/synth/ulp.v:8708]
WARNING: [Synth 8-7071] port 'peripheral_aresetn' of module 'ulp_proc_sys_reset_freerun_slr0_0' is unconnected for instance 'proc_sys_reset_freerun_slr0' [/home/miahafiz/NeuroRing_a_4096_5c/_x.hw.NUM_4096.CORE_5.FREQ_300/link/vivado/vpl/prj/prj.gen/my_rm/bd/ulp/synth/ulp.v:8708]
WARNING: [Synth 8-7023] instance 'proc_sys_reset_freerun_slr0' of module 'ulp_proc_sys_reset_freerun_slr0_0' has 10 connections declared, but only 5 given [/home/miahafiz/NeuroRing_a_4096_5c/_x.hw.NUM_4096.CORE_5.FREQ_300/link/vivado/vpl/prj/prj.gen/my_rm/bd/ulp/synth/ulp.v:8708]
WARNING: [Synth 8-4446] all outputs are unconnected for this instance and logic may be removed [/home/miahafiz/NeuroRing_a_4096_5c/_x.hw.NUM_4096.CORE_5.FREQ_300/link/vivado/vpl/prj/prj.gen/my_rm/bd/ulp/synth/ulp.v:8714]
WARNING: [Synth 8-7071] port 'mb_reset' of module 'ulp_proc_sys_reset_freerun_slr1_0' is unconnected for instance 'proc_sys_reset_freerun_slr1' [/home/miahafiz/NeuroRing_a_4096_5c/_x.hw.NUM_4096.CORE_5.FREQ_300/link/vivado/vpl/prj/prj.gen/my_rm/bd/ulp/synth/ulp.v:8714]
WARNING: [Synth 8-7071] port 'bus_struct_reset' of module 'ulp_proc_sys_reset_freerun_slr1_0' is unconnected for instance 'proc_sys_reset_freerun_slr1' [/home/miahafiz/NeuroRing_a_4096_5c/_x.hw.NUM_4096.CORE_5.FREQ_300/link/vivado/vpl/prj/prj.gen/my_rm/bd/ulp/synth/ulp.v:8714]
WARNING: [Synth 8-7071] port 'peripheral_reset' of module 'ulp_proc_sys_reset_freerun_slr1_0' is unconnected for instance 'proc_sys_reset_freerun_slr1' [/home/miahafiz/NeuroRing_a_4096_5c/_x.hw.NUM_4096.CORE_5.FREQ_300/link/vivado/vpl/prj/prj.gen/my_rm/bd/ulp/synth/ulp.v:8714]
WARNING: [Synth 8-7071] port 'interconnect_aresetn' of module 'ulp_proc_sys_reset_freerun_slr1_0' is unconnected for instance 'proc_sys_reset_freerun_slr1' [/home/miahafiz/NeuroRing_a_4096_5c/_x.hw.NUM_4096.CORE_5.FREQ_300/link/vivado/vpl/prj/prj.gen/my_rm/bd/ulp/synth/ulp.v:8714]
WARNING: [Synth 8-7071] port 'peripheral_aresetn' of module 'ulp_proc_sys_reset_freerun_slr1_0' is unconnected for instance 'proc_sys_reset_freerun_slr1' [/home/miahafiz/NeuroRing_a_4096_5c/_x.hw.NUM_4096.CORE_5.FREQ_300/link/vivado/vpl/prj/prj.gen/my_rm/bd/ulp/synth/ulp.v:8714]
WARNING: [Synth 8-7023] instance 'proc_sys_reset_freerun_slr1' of module 'ulp_proc_sys_reset_freerun_slr1_0' has 10 connections declared, but only 5 given [/home/miahafiz/NeuroRing_a_4096_5c/_x.hw.NUM_4096.CORE_5.FREQ_300/link/vivado/vpl/prj/prj.gen/my_rm/bd/ulp/synth/ulp.v:8714]
WARNING: [Synth 8-4446] all outputs are unconnected for this instance and logic may be removed [/home/miahafiz/NeuroRing_a_4096_5c/_x.hw.NUM_4096.CORE_5.FREQ_300/link/vivado/vpl/prj/prj.gen/my_rm/bd/ulp/synth/ulp.v:8720]
WARNING: [Synth 8-7071] port 'mb_reset' of module 'ulp_proc_sys_reset_freerun_slr2_0' is unconnected for instance 'proc_sys_reset_freerun_slr2' [/home/miahafiz/NeuroRing_a_4096_5c/_x.hw.NUM_4096.CORE_5.FREQ_300/link/vivado/vpl/prj/prj.gen/my_rm/bd/ulp/synth/ulp.v:8720]
WARNING: [Synth 8-7071] port 'bus_struct_reset' of module 'ulp_proc_sys_reset_freerun_slr2_0' is unconnected for instance 'proc_sys_reset_freerun_slr2' [/home/miahafiz/NeuroRing_a_4096_5c/_x.hw.NUM_4096.CORE_5.FREQ_300/link/vivado/vpl/prj/prj.gen/my_rm/bd/ulp/synth/ulp.v:8720]
WARNING: [Synth 8-7071] port 'peripheral_reset' of module 'ulp_proc_sys_reset_freerun_slr2_0' is unconnected for instance 'proc_sys_reset_freerun_slr2' [/home/miahafiz/NeuroRing_a_4096_5c/_x.hw.NUM_4096.CORE_5.FREQ_300/link/vivado/vpl/prj/prj.gen/my_rm/bd/ulp/synth/ulp.v:8720]
WARNING: [Synth 8-7071] port 'interconnect_aresetn' of module 'ulp_proc_sys_reset_freerun_slr2_0' is unconnected for instance 'proc_sys_reset_freerun_slr2' [/home/miahafiz/NeuroRing_a_4096_5c/_x.hw.NUM_4096.CORE_5.FREQ_300/link/vivado/vpl/prj/prj.gen/my_rm/bd/ulp/synth/ulp.v:8720]
WARNING: [Synth 8-7071] port 'peripheral_aresetn' of module 'ulp_proc_sys_reset_freerun_slr2_0' is unconnected for instance 'proc_sys_reset_freerun_slr2' [/home/miahafiz/NeuroRing_a_4096_5c/_x.hw.NUM_4096.CORE_5.FREQ_300/link/vivado/vpl/prj/prj.gen/my_rm/bd/ulp/synth/ulp.v:8720]
WARNING: [Synth 8-7023] instance 'proc_sys_reset_freerun_slr2' of module 'ulp_proc_sys_reset_freerun_slr2_0' has 10 connections declared, but only 5 given [/home/miahafiz/NeuroRing_a_4096_5c/_x.hw.NUM_4096.CORE_5.FREQ_300/link/vivado/vpl/prj/prj.gen/my_rm/bd/ulp/synth/ulp.v:8720]
WARNING: [Synth 8-7071] port 'mb_reset' of module 'ulp_proc_sys_reset_kernel2_slr0_0' is unconnected for instance 'proc_sys_reset_kernel2_slr0' [/home/miahafiz/NeuroRing_a_4096_5c/_x.hw.NUM_4096.CORE_5.FREQ_300/link/vivado/vpl/prj/prj.gen/my_rm/bd/ulp/synth/ulp.v:8726]
WARNING: [Synth 8-7071] port 'bus_struct_reset' of module 'ulp_proc_sys_reset_kernel2_slr0_0' is unconnected for instance 'proc_sys_reset_kernel2_slr0' [/home/miahafiz/NeuroRing_a_4096_5c/_x.hw.NUM_4096.CORE_5.FREQ_300/link/vivado/vpl/prj/prj.gen/my_rm/bd/ulp/synth/ulp.v:8726]
WARNING: [Synth 8-7071] port 'peripheral_reset' of module 'ulp_proc_sys_reset_kernel2_slr0_0' is unconnected for instance 'proc_sys_reset_kernel2_slr0' [/home/miahafiz/NeuroRing_a_4096_5c/_x.hw.NUM_4096.CORE_5.FREQ_300/link/vivado/vpl/prj/prj.gen/my_rm/bd/ulp/synth/ulp.v:8726]
WARNING: [Synth 8-7071] port 'interconnect_aresetn' of module 'ulp_proc_sys_reset_kernel2_slr0_0' is unconnected for instance 'proc_sys_reset_kernel2_slr0' [/home/miahafiz/NeuroRing_a_4096_5c/_x.hw.NUM_4096.CORE_5.FREQ_300/link/vivado/vpl/prj/prj.gen/my_rm/bd/ulp/synth/ulp.v:8726]
WARNING: [Synth 8-7023] instance 'proc_sys_reset_kernel2_slr0' of module 'ulp_proc_sys_reset_kernel2_slr0_0' has 10 connections declared, but only 6 given [/home/miahafiz/NeuroRing_a_4096_5c/_x.hw.NUM_4096.CORE_5.FREQ_300/link/vivado/vpl/prj/prj.gen/my_rm/bd/ulp/synth/ulp.v:8726]
WARNING: [Synth 8-7071] port 'mb_reset' of module 'ulp_proc_sys_reset_kernel2_slr1_0' is unconnected for instance 'proc_sys_reset_kernel2_slr1' [/home/miahafiz/NeuroRing_a_4096_5c/_x.hw.NUM_4096.CORE_5.FREQ_300/link/vivado/vpl/prj/prj.gen/my_rm/bd/ulp/synth/ulp.v:8733]
WARNING: [Synth 8-7071] port 'bus_struct_reset' of module 'ulp_proc_sys_reset_kernel2_slr1_0' is unconnected for instance 'proc_sys_reset_kernel2_slr1' [/home/miahafiz/NeuroRing_a_4096_5c/_x.hw.NUM_4096.CORE_5.FREQ_300/link/vivado/vpl/prj/prj.gen/my_rm/bd/ulp/synth/ulp.v:8733]
WARNING: [Synth 8-7071] port 'peripheral_reset' of module 'ulp_proc_sys_reset_kernel2_slr1_0' is unconnected for instance 'proc_sys_reset_kernel2_slr1' [/home/miahafiz/NeuroRing_a_4096_5c/_x.hw.NUM_4096.CORE_5.FREQ_300/link/vivado/vpl/prj/prj.gen/my_rm/bd/ulp/synth/ulp.v:8733]
WARNING: [Synth 8-7071] port 'interconnect_aresetn' of module 'ulp_proc_sys_reset_kernel2_slr1_0' is unconnected for instance 'proc_sys_reset_kernel2_slr1' [/home/miahafiz/NeuroRing_a_4096_5c/_x.hw.NUM_4096.CORE_5.FREQ_300/link/vivado/vpl/prj/prj.gen/my_rm/bd/ulp/synth/ulp.v:8733]
WARNING: [Synth 8-7023] instance 'proc_sys_reset_kernel2_slr1' of module 'ulp_proc_sys_reset_kernel2_slr1_0' has 10 connections declared, but only 6 given [/home/miahafiz/NeuroRing_a_4096_5c/_x.hw.NUM_4096.CORE_5.FREQ_300/link/vivado/vpl/prj/prj.gen/my_rm/bd/ulp/synth/ulp.v:8733]
WARNING: [Synth 8-7071] port 'mb_reset' of module 'ulp_proc_sys_reset_kernel2_slr2_0' is unconnected for instance 'proc_sys_reset_kernel2_slr2' [/home/miahafiz/NeuroRing_a_4096_5c/_x.hw.NUM_4096.CORE_5.FREQ_300/link/vivado/vpl/prj/prj.gen/my_rm/bd/ulp/synth/ulp.v:8740]
WARNING: [Synth 8-7071] port 'bus_struct_reset' of module 'ulp_proc_sys_reset_kernel2_slr2_0' is unconnected for instance 'proc_sys_reset_kernel2_slr2' [/home/miahafiz/NeuroRing_a_4096_5c/_x.hw.NUM_4096.CORE_5.FREQ_300/link/vivado/vpl/prj/prj.gen/my_rm/bd/ulp/synth/ulp.v:8740]
WARNING: [Synth 8-7071] port 'peripheral_reset' of module 'ulp_proc_sys_reset_kernel2_slr2_0' is unconnected for instance 'proc_sys_reset_kernel2_slr2' [/home/miahafiz/NeuroRing_a_4096_5c/_x.hw.NUM_4096.CORE_5.FREQ_300/link/vivado/vpl/prj/prj.gen/my_rm/bd/ulp/synth/ulp.v:8740]
WARNING: [Synth 8-7071] port 'interconnect_aresetn' of module 'ulp_proc_sys_reset_kernel2_slr2_0' is unconnected for instance 'proc_sys_reset_kernel2_slr2' [/home/miahafiz/NeuroRing_a_4096_5c/_x.hw.NUM_4096.CORE_5.FREQ_300/link/vivado/vpl/prj/prj.gen/my_rm/bd/ulp/synth/ulp.v:8740]
INFO: [Common 17-14] Message 'Synth 8-7071' appears 100 times and further instances of the messages will be disabled.
WARNING: [Synth 8-7023] instance 'proc_sys_reset_kernel2_slr2' of module 'ulp_proc_sys_reset_kernel2_slr2_0' has 10 connections declared, but only 6 given [/home/miahafiz/NeuroRing_a_4096_5c/_x.hw.NUM_4096.CORE_5.FREQ_300/link/vivado/vpl/prj/prj.gen/my_rm/bd/ulp/synth/ulp.v:8740]
WARNING: [Synth 8-7023] instance 'proc_sys_reset_kernel_slr0' of module 'ulp_proc_sys_reset_kernel_slr0_0' has 10 connections declared, but only 6 given [/home/miahafiz/NeuroRing_a_4096_5c/_x.hw.NUM_4096.CORE_5.FREQ_300/link/vivado/vpl/prj/prj.gen/my_rm/bd/ulp/synth/ulp.v:8747]
WARNING: [Synth 8-7023] instance 'proc_sys_reset_kernel_slr1' of module 'ulp_proc_sys_reset_kernel_slr1_0' has 10 connections declared, but only 6 given [/home/miahafiz/NeuroRing_a_4096_5c/_x.hw.NUM_4096.CORE_5.FREQ_300/link/vivado/vpl/prj/prj.gen/my_rm/bd/ulp/synth/ulp.v:8754]
WARNING: [Synth 8-7023] instance 'proc_sys_reset_kernel_slr2' of module 'ulp_proc_sys_reset_kernel_slr2_0' has 10 connections declared, but only 6 given [/home/miahafiz/NeuroRing_a_4096_5c/_x.hw.NUM_4096.CORE_5.FREQ_300/link/vivado/vpl/prj/prj.gen/my_rm/bd/ulp/synth/ulp.v:8761]
WARNING: [Synth 8-3848] Net io_gt_qsfp0_00_gtx_n in module/entity ulp does not have driver. [/home/miahafiz/NeuroRing_a_4096_5c/_x.hw.NUM_4096.CORE_5.FREQ_300/link/vivado/vpl/prj/prj.gen/my_rm/bd/ulp/synth/ulp.v:5420]
WARNING: [Synth 8-3848] Net io_gt_qsfp0_00_gtx_p in module/entity ulp does not have driver. [/home/miahafiz/NeuroRing_a_4096_5c/_x.hw.NUM_4096.CORE_5.FREQ_300/link/vivado/vpl/prj/prj.gen/my_rm/bd/ulp/synth/ulp.v:5421]
WARNING: [Synth 8-3848] Net io_gt_qsfp1_00_gtx_n in module/entity ulp does not have driver. [/home/miahafiz/NeuroRing_a_4096_5c/_x.hw.NUM_4096.CORE_5.FREQ_300/link/vivado/vpl/prj/prj.gen/my_rm/bd/ulp/synth/ulp.v:5424]
WARNING: [Synth 8-3848] Net io_gt_qsfp1_00_gtx_p in module/entity ulp does not have driver. [/home/miahafiz/NeuroRing_a_4096_5c/_x.hw.NUM_4096.CORE_5.FREQ_300/link/vivado/vpl/prj/prj.gen/my_rm/bd/ulp/synth/ulp.v:5425]
WARNING: [Synth 8-7129] Port Din[3] in module xlslice_v1_0_5_xlslice is either unconnected or has no load
WARNING: [Synth 8-7129] Port Din[2] in module xlslice_v1_0_5_xlslice is either unconnected or has no load
WARNING: [Synth 8-7129] Port Din[0] in module xlslice_v1_0_5_xlslice is either unconnected or has no load
WARNING: [Synth 8-7129] Port In32[0] in module xlconcat_v2_1_7_xlconcat__parameterized0 is either unconnected or has no load
WARNING: [Synth 8-7129] Port In33[0] in module xlconcat_v2_1_7_xlconcat__parameterized0 is either unconnected or has no load
WARNING: [Synth 8-7129] Port In34[0] in module xlconcat_v2_1_7_xlconcat__parameterized0 is either unconnected or has no load
WARNING: [Synth 8-7129] Port In35[0] in module xlconcat_v2_1_7_xlconcat__parameterized0 is either unconnected or has no load
WARNING: [Synth 8-7129] Port In36[0] in module xlconcat_v2_1_7_xlconcat__parameterized0 is either unconnected or has no load
WARNING: [Synth 8-7129] Port In37[0] in module xlconcat_v2_1_7_xlconcat__parameterized0 is either unconnected or has no load
WARNING: [Synth 8-7129] Port In38[0] in module xlconcat_v2_1_7_xlconcat__parameterized0 is either unconnected or has no load
WARNING: [Synth 8-7129] Port In39[0] in module xlconcat_v2_1_7_xlconcat__parameterized0 is either unconnected or has no load
WARNING: [Synth 8-7129] Port In40[0] in module xlconcat_v2_1_7_xlconcat__parameterized0 is either unconnected or has no load
WARNING: [Synth 8-7129] Port In41[0] in module xlconcat_v2_1_7_xlconcat__parameterized0 is either unconnected or has no load
WARNING: [Synth 8-7129] Port In42[0] in module xlconcat_v2_1_7_xlconcat__parameterized0 is either unconnected or has no load
WARNING: [Synth 8-7129] Port In43[0] in module xlconcat_v2_1_7_xlconcat__parameterized0 is either unconnected or has no load
WARNING: [Synth 8-7129] Port In44[0] in module xlconcat_v2_1_7_xlconcat__parameterized0 is either unconnected or has no load
WARNING: [Synth 8-7129] Port In45[0] in module xlconcat_v2_1_7_xlconcat__parameterized0 is either unconnected or has no load
WARNING: [Synth 8-7129] Port In46[0] in module xlconcat_v2_1_7_xlconcat__parameterized0 is either unconnected or has no load
WARNING: [Synth 8-7129] Port In47[0] in module xlconcat_v2_1_7_xlconcat__parameterized0 is either unconnected or has no load
WARNING: [Synth 8-7129] Port In48[0] in module xlconcat_v2_1_7_xlconcat__parameterized0 is either unconnected or has no load
WARNING: [Synth 8-7129] Port In49[0] in module xlconcat_v2_1_7_xlconcat__parameterized0 is either unconnected or has no load
WARNING: [Synth 8-7129] Port In50[0] in module xlconcat_v2_1_7_xlconcat__parameterized0 is either unconnected or has no load
WARNING: [Synth 8-7129] Port In51[0] in module xlconcat_v2_1_7_xlconcat__parameterized0 is either unconnected or has no load
WARNING: [Synth 8-7129] Port In52[0] in module xlconcat_v2_1_7_xlconcat__parameterized0 is either unconnected or has no load
WARNING: [Synth 8-7129] Port In53[0] in module xlconcat_v2_1_7_xlconcat__parameterized0 is either unconnected or has no load
WARNING: [Synth 8-7129] Port In54[0] in module xlconcat_v2_1_7_xlconcat__parameterized0 is either unconnected or has no load
WARNING: [Synth 8-7129] Port In55[0] in module xlconcat_v2_1_7_xlconcat__parameterized0 is either unconnected or has no load
WARNING: [Synth 8-7129] Port In56[0] in module xlconcat_v2_1_7_xlconcat__parameterized0 is either unconnected or has no load
WARNING: [Synth 8-7129] Port In57[0] in module xlconcat_v2_1_7_xlconcat__parameterized0 is either unconnected or has no load
WARNING: [Synth 8-7129] Port In58[0] in module xlconcat_v2_1_7_xlconcat__parameterized0 is either unconnected or has no load
WARNING: [Synth 8-7129] Port In59[0] in module xlconcat_v2_1_7_xlconcat__parameterized0 is either unconnected or has no load
WARNING: [Synth 8-7129] Port In60[0] in module xlconcat_v2_1_7_xlconcat__parameterized0 is either unconnected or has no load
WARNING: [Synth 8-7129] Port In61[0] in module xlconcat_v2_1_7_xlconcat__parameterized0 is either unconnected or has no load
WARNING: [Synth 8-7129] Port In62[0] in module xlconcat_v2_1_7_xlconcat__parameterized0 is either unconnected or has no load
WARNING: [Synth 8-7129] Port In63[0] in module xlconcat_v2_1_7_xlconcat__parameterized0 is either unconnected or has no load
WARNING: [Synth 8-7129] Port In64[0] in module xlconcat_v2_1_7_xlconcat__parameterized0 is either unconnected or has no load
WARNING: [Synth 8-7129] Port In65[0] in module xlconcat_v2_1_7_xlconcat__parameterized0 is either unconnected or has no load
WARNING: [Synth 8-7129] Port In66[0] in module xlconcat_v2_1_7_xlconcat__parameterized0 is either unconnected or has no load
WARNING: [Synth 8-7129] Port In67[0] in module xlconcat_v2_1_7_xlconcat__parameterized0 is either unconnected or has no load
WARNING: [Synth 8-7129] Port In68[0] in module xlconcat_v2_1_7_xlconcat__parameterized0 is either unconnected or has no load
WARNING: [Synth 8-7129] Port In69[0] in module xlconcat_v2_1_7_xlconcat__parameterized0 is either unconnected or has no load
WARNING: [Synth 8-7129] Port In70[0] in module xlconcat_v2_1_7_xlconcat__parameterized0 is either unconnected or has no load
WARNING: [Synth 8-7129] Port In71[0] in module xlconcat_v2_1_7_xlconcat__parameterized0 is either unconnected or has no load
WARNING: [Synth 8-7129] Port In72[0] in module xlconcat_v2_1_7_xlconcat__parameterized0 is either unconnected or has no load
WARNING: [Synth 8-7129] Port In73[0] in module xlconcat_v2_1_7_xlconcat__parameterized0 is either unconnected or has no load
WARNING: [Synth 8-7129] Port In74[0] in module xlconcat_v2_1_7_xlconcat__parameterized0 is either unconnected or has no load
WARNING: [Synth 8-7129] Port In75[0] in module xlconcat_v2_1_7_xlconcat__parameterized0 is either unconnected or has no load
WARNING: [Synth 8-7129] Port In76[0] in module xlconcat_v2_1_7_xlconcat__parameterized0 is either unconnected or has no load
WARNING: [Synth 8-7129] Port In77[0] in module xlconcat_v2_1_7_xlconcat__parameterized0 is either unconnected or has no load
WARNING: [Synth 8-7129] Port In78[0] in module xlconcat_v2_1_7_xlconcat__parameterized0 is either unconnected or has no load
WARNING: [Synth 8-7129] Port In79[0] in module xlconcat_v2_1_7_xlconcat__parameterized0 is either unconnected or has no load
WARNING: [Synth 8-7129] Port In80[0] in module xlconcat_v2_1_7_xlconcat__parameterized0 is either unconnected or has no load
WARNING: [Synth 8-7129] Port In81[0] in module xlconcat_v2_1_7_xlconcat__parameterized0 is either unconnected or has no load
WARNING: [Synth 8-7129] Port In82[0] in module xlconcat_v2_1_7_xlconcat__parameterized0 is either unconnected or has no load
WARNING: [Synth 8-7129] Port In83[0] in module xlconcat_v2_1_7_xlconcat__parameterized0 is either unconnected or has no load
WARNING: [Synth 8-7129] Port In84[0] in module xlconcat_v2_1_7_xlconcat__parameterized0 is either unconnected or has no load
WARNING: [Synth 8-7129] Port In85[0] in module xlconcat_v2_1_7_xlconcat__parameterized0 is either unconnected or has no load
WARNING: [Synth 8-7129] Port In86[0] in module xlconcat_v2_1_7_xlconcat__parameterized0 is either unconnected or has no load
WARNING: [Synth 8-7129] Port In87[0] in module xlconcat_v2_1_7_xlconcat__parameterized0 is either unconnected or has no load
WARNING: [Synth 8-7129] Port In88[0] in module xlconcat_v2_1_7_xlconcat__parameterized0 is either unconnected or has no load
WARNING: [Synth 8-7129] Port In89[0] in module xlconcat_v2_1_7_xlconcat__parameterized0 is either unconnected or has no load
WARNING: [Synth 8-7129] Port In90[0] in module xlconcat_v2_1_7_xlconcat__parameterized0 is either unconnected or has no load
WARNING: [Synth 8-7129] Port In91[0] in module xlconcat_v2_1_7_xlconcat__parameterized0 is either unconnected or has no load
WARNING: [Synth 8-7129] Port In92[0] in module xlconcat_v2_1_7_xlconcat__parameterized0 is either unconnected or has no load
WARNING: [Synth 8-7129] Port In93[0] in module xlconcat_v2_1_7_xlconcat__parameterized0 is either unconnected or has no load
WARNING: [Synth 8-7129] Port In94[0] in module xlconcat_v2_1_7_xlconcat__parameterized0 is either unconnected or has no load
WARNING: [Synth 8-7129] Port In95[0] in module xlconcat_v2_1_7_xlconcat__parameterized0 is either unconnected or has no load
WARNING: [Synth 8-7129] Port In96[0] in module xlconcat_v2_1_7_xlconcat__parameterized0 is either unconnected or has no load
WARNING: [Synth 8-7129] Port In97[0] in module xlconcat_v2_1_7_xlconcat__parameterized0 is either unconnected or has no load
WARNING: [Synth 8-7129] Port In98[0] in module xlconcat_v2_1_7_xlconcat__parameterized0 is either unconnected or has no load
WARNING: [Synth 8-7129] Port In99[0] in module xlconcat_v2_1_7_xlconcat__parameterized0 is either unconnected or has no load
WARNING: [Synth 8-7129] Port In100[0] in module xlconcat_v2_1_7_xlconcat__parameterized0 is either unconnected or has no load
WARNING: [Synth 8-7129] Port In101[0] in module xlconcat_v2_1_7_xlconcat__parameterized0 is either unconnected or has no load
WARNING: [Synth 8-7129] Port In102[0] in module xlconcat_v2_1_7_xlconcat__parameterized0 is either unconnected or has no load
WARNING: [Synth 8-7129] Port In103[0] in module xlconcat_v2_1_7_xlconcat__parameterized0 is either unconnected or has no load
WARNING: [Synth 8-7129] Port In104[0] in module xlconcat_v2_1_7_xlconcat__parameterized0 is either unconnected or has no load
WARNING: [Synth 8-7129] Port In105[0] in module xlconcat_v2_1_7_xlconcat__parameterized0 is either unconnected or has no load
WARNING: [Synth 8-7129] Port In106[0] in module xlconcat_v2_1_7_xlconcat__parameterized0 is either unconnected or has no load
WARNING: [Synth 8-7129] Port In107[0] in module xlconcat_v2_1_7_xlconcat__parameterized0 is either unconnected or has no load
WARNING: [Synth 8-7129] Port In108[0] in module xlconcat_v2_1_7_xlconcat__parameterized0 is either unconnected or has no load
WARNING: [Synth 8-7129] Port In109[0] in module xlconcat_v2_1_7_xlconcat__parameterized0 is either unconnected or has no load
WARNING: [Synth 8-7129] Port In110[0] in module xlconcat_v2_1_7_xlconcat__parameterized0 is either unconnected or has no load
WARNING: [Synth 8-7129] Port In111[0] in module xlconcat_v2_1_7_xlconcat__parameterized0 is either unconnected or has no load
WARNING: [Synth 8-7129] Port In112[0] in module xlconcat_v2_1_7_xlconcat__parameterized0 is either unconnected or has no load
WARNING: [Synth 8-7129] Port In113[0] in module xlconcat_v2_1_7_xlconcat__parameterized0 is either unconnected or has no load
WARNING: [Synth 8-7129] Port In114[0] in module xlconcat_v2_1_7_xlconcat__parameterized0 is either unconnected or has no load
WARNING: [Synth 8-7129] Port In115[0] in module xlconcat_v2_1_7_xlconcat__parameterized0 is either unconnected or has no load
WARNING: [Synth 8-7129] Port In116[0] in module xlconcat_v2_1_7_xlconcat__parameterized0 is either unconnected or has no load
WARNING: [Synth 8-7129] Port In117[0] in module xlconcat_v2_1_7_xlconcat__parameterized0 is either unconnected or has no load
WARNING: [Synth 8-7129] Port In118[0] in module xlconcat_v2_1_7_xlconcat__parameterized0 is either unconnected or has no load
WARNING: [Synth 8-7129] Port In119[0] in module xlconcat_v2_1_7_xlconcat__parameterized0 is either unconnected or has no load
WARNING: [Synth 8-7129] Port In120[0] in module xlconcat_v2_1_7_xlconcat__parameterized0 is either unconnected or has no load
WARNING: [Synth 8-7129] Port In121[0] in module xlconcat_v2_1_7_xlconcat__parameterized0 is either unconnected or has no load
WARNING: [Synth 8-7129] Port In122[0] in module xlconcat_v2_1_7_xlconcat__parameterized0 is either unconnected or has no load
WARNING: [Synth 8-7129] Port In123[0] in module xlconcat_v2_1_7_xlconcat__parameterized0 is either unconnected or has no load
WARNING: [Synth 8-7129] Port In124[0] in module xlconcat_v2_1_7_xlconcat__parameterized0 is either unconnected or has no load
WARNING: [Synth 8-7129] Port In125[0] in module xlconcat_v2_1_7_xlconcat__parameterized0 is either unconnected or has no load
WARNING: [Synth 8-7129] Port In126[0] in module xlconcat_v2_1_7_xlconcat__parameterized0 is either unconnected or has no load
WARNING: [Synth 8-7129] Port In127[0] in module xlconcat_v2_1_7_xlconcat__parameterized0 is either unconnected or has no load
WARNING: [Synth 8-7129] Port In4[0] in module xlconcat_v2_1_7_xlconcat is either unconnected or has no load
INFO: [Common 17-14] Message 'Synth 8-7129' appears 100 times and further instances of the messages will be disabled.
---------------------------------------------------------------------------------
Finished RTL Elaboration : Time (s): cpu = 00:00:09 ; elapsed = 00:00:10 . Memory (MB): peak = 3590.809 ; gain = 215.000 ; free physical = 90702 ; free virtual = 166265
---------------------------------------------------------------------------------
---------------------------------------------------------------------------------
Start Handling Custom Attributes
---------------------------------------------------------------------------------
---------------------------------------------------------------------------------
Finished Handling Custom Attributes : Time (s): cpu = 00:00:09 ; elapsed = 00:00:10 . Memory (MB): peak = 3590.809 ; gain = 215.000 ; free physical = 91049 ; free virtual = 166611
---------------------------------------------------------------------------------
---------------------------------------------------------------------------------
Finished RTL Optimization Phase 1 : Time (s): cpu = 00:00:09 ; elapsed = 00:00:10 . Memory (MB): peak = 3590.809 ; gain = 215.000 ; free physical = 91055 ; free virtual = 166617
---------------------------------------------------------------------------------
Netlist sorting complete. Time (s): cpu = 00:00:00.23 ; elapsed = 00:00:00.23 . Memory (MB): peak = 3590.809 ; gain = 0.000 ; free physical = 90602 ; free virtual = 166165
INFO: [Project 1-570] Preparing netlist for logic optimization

Processing XDC Constraints
Initializing timing engine
Parsing XDC File [/home/miahafiz/NeuroRing_a_4096_5c/_x.hw.NUM_4096.CORE_5.FREQ_300/link/vivado/vpl/prj/prj.gen/my_rm/bd/ulp/ip/ulp_NeuroRing_0_0/ulp_NeuroRing_0_0/ulp_NeuroRing_1_0_in_context.xdc] for cell 'NeuroRing_0'
Finished Parsing XDC File [/home/miahafiz/NeuroRing_a_4096_5c/_x.hw.NUM_4096.CORE_5.FREQ_300/link/vivado/vpl/prj/prj.gen/my_rm/bd/ulp/ip/ulp_NeuroRing_0_0/ulp_NeuroRing_0_0/ulp_NeuroRing_1_0_in_context.xdc] for cell 'NeuroRing_0'
Parsing XDC File [/home/miahafiz/NeuroRing_a_4096_5c/_x.hw.NUM_4096.CORE_5.FREQ_300/link/vivado/vpl/prj/prj.gen/my_rm/bd/ulp/ip/ulp_NeuroRing_1_0/ulp_NeuroRing_1_0/ulp_NeuroRing_1_0_in_context.xdc] for cell 'NeuroRing_1'
Finished Parsing XDC File [/home/miahafiz/NeuroRing_a_4096_5c/_x.hw.NUM_4096.CORE_5.FREQ_300/link/vivado/vpl/prj/prj.gen/my_rm/bd/ulp/ip/ulp_NeuroRing_1_0/ulp_NeuroRing_1_0/ulp_NeuroRing_1_0_in_context.xdc] for cell 'NeuroRing_1'
Parsing XDC File [/home/miahafiz/NeuroRing_a_4096_5c/_x.hw.NUM_4096.CORE_5.FREQ_300/link/vivado/vpl/prj/prj.gen/my_rm/bd/ulp/ip/ulp_NeuroRing_2_0/ulp_NeuroRing_2_0/ulp_NeuroRing_1_0_in_context.xdc] for cell 'NeuroRing_2'
Finished Parsing XDC File [/home/miahafiz/NeuroRing_a_4096_5c/_x.hw.NUM_4096.CORE_5.FREQ_300/link/vivado/vpl/prj/prj.gen/my_rm/bd/ulp/ip/ulp_NeuroRing_2_0/ulp_NeuroRing_2_0/ulp_NeuroRing_1_0_in_context.xdc] for cell 'NeuroRing_2'
Parsing XDC File [/home/miahafiz/NeuroRing_a_4096_5c/_x.hw.NUM_4096.CORE_5.FREQ_300/link/vivado/vpl/prj/prj.gen/my_rm/bd/ulp/ip/ulp_NeuroRing_3_0/ulp_NeuroRing_3_0/ulp_NeuroRing_1_0_in_context.xdc] for cell 'NeuroRing_3'
Finished Parsing XDC File [/home/miahafiz/NeuroRing_a_4096_5c/_x.hw.NUM_4096.CORE_5.FREQ_300/link/vivado/vpl/prj/prj.gen/my_rm/bd/ulp/ip/ulp_NeuroRing_3_0/ulp_NeuroRing_3_0/ulp_NeuroRing_1_0_in_context.xdc] for cell 'NeuroRing_3'
Parsing XDC File [/home/miahafiz/NeuroRing_a_4096_5c/_x.hw.NUM_4096.CORE_5.FREQ_300/link/vivado/vpl/prj/prj.gen/my_rm/bd/ulp/ip/ulp_NeuroRing_4_0/ulp_NeuroRing_4_0/ulp_NeuroRing_1_0_in_context.xdc] for cell 'NeuroRing_4'
Finished Parsing XDC File [/home/miahafiz/NeuroRing_a_4096_5c/_x.hw.NUM_4096.CORE_5.FREQ_300/link/vivado/vpl/prj/prj.gen/my_rm/bd/ulp/ip/ulp_NeuroRing_4_0/ulp_NeuroRing_4_0/ulp_NeuroRing_1_0_in_context.xdc] for cell 'NeuroRing_4'
Parsing XDC File [/home/miahafiz/NeuroRing_a_4096_5c/_x.hw.NUM_4096.CORE_5.FREQ_300/link/vivado/vpl/prj/prj.gen/my_rm/bd/ulp/ip/ulp_SynapseRouter_0_0/ulp_SynapseRouter_0_0/ulp_SynapseRouter_0_0_in_context.xdc] for cell 'SynapseRouter_0'
Finished Parsing XDC File [/home/miahafiz/NeuroRing_a_4096_5c/_x.hw.NUM_4096.CORE_5.FREQ_300/link/vivado/vpl/prj/prj.gen/my_rm/bd/ulp/ip/ulp_SynapseRouter_0_0/ulp_SynapseRouter_0_0/ulp_SynapseRouter_0_0_in_context.xdc] for cell 'SynapseRouter_0'
Parsing XDC File [/home/miahafiz/NeuroRing_a_4096_5c/_x.hw.NUM_4096.CORE_5.FREQ_300/link/vivado/vpl/prj/prj.gen/my_rm/bd/ulp/ip/ulp_SynapseRouter_1_0/ulp_SynapseRouter_1_0/ulp_SynapseRouter_0_0_in_context.xdc] for cell 'SynapseRouter_1'
Finished Parsing XDC File [/home/miahafiz/NeuroRing_a_4096_5c/_x.hw.NUM_4096.CORE_5.FREQ_300/link/vivado/vpl/prj/prj.gen/my_rm/bd/ulp/ip/ulp_SynapseRouter_1_0/ulp_SynapseRouter_1_0/ulp_SynapseRouter_0_0_in_context.xdc] for cell 'SynapseRouter_1'
Parsing XDC File [/home/miahafiz/NeuroRing_a_4096_5c/_x.hw.NUM_4096.CORE_5.FREQ_300/link/vivado/vpl/prj/prj.gen/my_rm/bd/ulp/ip/ulp_SynapseRouter_2_0/ulp_SynapseRouter_2_0/ulp_SynapseRouter_0_0_in_context.xdc] for cell 'SynapseRouter_2'
Finished Parsing XDC File [/home/miahafiz/NeuroRing_a_4096_5c/_x.hw.NUM_4096.CORE_5.FREQ_300/link/vivado/vpl/prj/prj.gen/my_rm/bd/ulp/ip/ulp_SynapseRouter_2_0/ulp_SynapseRouter_2_0/ulp_SynapseRouter_0_0_in_context.xdc] for cell 'SynapseRouter_2'
Parsing XDC File [/home/miahafiz/NeuroRing_a_4096_5c/_x.hw.NUM_4096.CORE_5.FREQ_300/link/vivado/vpl/prj/prj.gen/my_rm/bd/ulp/ip/ulp_SynapseRouter_3_0/ulp_SynapseRouter_3_0/ulp_SynapseRouter_0_0_in_context.xdc] for cell 'SynapseRouter_3'
Finished Parsing XDC File [/home/miahafiz/NeuroRing_a_4096_5c/_x.hw.NUM_4096.CORE_5.FREQ_300/link/vivado/vpl/prj/prj.gen/my_rm/bd/ulp/ip/ulp_SynapseRouter_3_0/ulp_SynapseRouter_3_0/ulp_SynapseRouter_0_0_in_context.xdc] for cell 'SynapseRouter_3'
Parsing XDC File [/home/miahafiz/NeuroRing_a_4096_5c/_x.hw.NUM_4096.CORE_5.FREQ_300/link/vivado/vpl/prj/prj.gen/my_rm/bd/ulp/ip/ulp_SynapseRouter_4_0/ulp_SynapseRouter_4_0/ulp_SynapseRouter_0_0_in_context.xdc] for cell 'SynapseRouter_4'
Finished Parsing XDC File [/home/miahafiz/NeuroRing_a_4096_5c/_x.hw.NUM_4096.CORE_5.FREQ_300/link/vivado/vpl/prj/prj.gen/my_rm/bd/ulp/ip/ulp_SynapseRouter_4_0/ulp_SynapseRouter_4_0/ulp_SynapseRouter_0_0_in_context.xdc] for cell 'SynapseRouter_4'
Parsing XDC File [/home/miahafiz/NeuroRing_a_4096_5c/_x.hw.NUM_4096.CORE_5.FREQ_300/link/vivado/vpl/prj/prj.gen/my_rm/bd/ulp/ip/ulp_axi_gpio_null_0/ulp_axi_gpio_null_0/ulp_axi_gpio_null_0_in_context.xdc] for cell 'SLR0/axi_gpio_null'
Finished Parsing XDC File [/home/miahafiz/NeuroRing_a_4096_5c/_x.hw.NUM_4096.CORE_5.FREQ_300/link/vivado/vpl/prj/prj.gen/my_rm/bd/ulp/ip/ulp_axi_gpio_null_0/ulp_axi_gpio_null_0/ulp_axi_gpio_null_0_in_context.xdc] for cell 'SLR0/axi_gpio_null'
Parsing XDC File [/home/miahafiz/NeuroRing_a_4096_5c/_x.hw.NUM_4096.CORE_5.FREQ_300/link/vivado/vpl/prj/prj.gen/my_rm/bd/ulp/ip/ulp_axi_gpio_null_1/ulp_axi_gpio_null_1/ulp_axi_gpio_null_0_in_context.xdc] for cell 'SLR1/axi_gpio_null'
Finished Parsing XDC File [/home/miahafiz/NeuroRing_a_4096_5c/_x.hw.NUM_4096.CORE_5.FREQ_300/link/vivado/vpl/prj/prj.gen/my_rm/bd/ulp/ip/ulp_axi_gpio_null_1/ulp_axi_gpio_null_1/ulp_axi_gpio_null_0_in_context.xdc] for cell 'SLR1/axi_gpio_null'
Parsing XDC File [/home/miahafiz/NeuroRing_a_4096_5c/_x.hw.NUM_4096.CORE_5.FREQ_300/link/vivado/vpl/prj/prj.gen/my_rm/bd/ulp/ip/ulp_axi_gpio_null_2/ulp_axi_gpio_null_2/ulp_axi_gpio_null_0_in_context.xdc] for cell 'SLR2/axi_gpio_null'
Finished Parsing XDC File [/home/miahafiz/NeuroRing_a_4096_5c/_x.hw.NUM_4096.CORE_5.FREQ_300/link/vivado/vpl/prj/prj.gen/my_rm/bd/ulp/ip/ulp_axi_gpio_null_2/ulp_axi_gpio_null_2/ulp_axi_gpio_null_0_in_context.xdc] for cell 'SLR2/axi_gpio_null'
Parsing XDC File [/home/miahafiz/NeuroRing_a_4096_5c/_x.hw.NUM_4096.CORE_5.FREQ_300/link/vivado/vpl/prj/prj.gen/my_rm/bd/ulp/ip/ulp_axi_ic_ctrl_mgmt_slr1_upgraded_ipi_imp_xbar_0/ulp_axi_ic_ctrl_mgmt_slr1_upgraded_ipi_imp_xbar_0/ulp_axi_ic_ctrl_mgmt_slr1_upgraded_ipi_imp_xbar_0_in_context.xdc] for cell 'axi_ic_ctrl_mgmt_slr1/xbar'
Finished Parsing XDC File [/home/miahafiz/NeuroRing_a_4096_5c/_x.hw.NUM_4096.CORE_5.FREQ_300/link/vivado/vpl/prj/prj.gen/my_rm/bd/ulp/ip/ulp_axi_ic_ctrl_mgmt_slr1_upgraded_ipi_imp_xbar_0/ulp_axi_ic_ctrl_mgmt_slr1_upgraded_ipi_imp_xbar_0/ulp_axi_ic_ctrl_mgmt_slr1_upgraded_ipi_imp_xbar_0_in_context.xdc] for cell 'axi_ic_ctrl_mgmt_slr1/xbar'
Parsing XDC File [/home/miahafiz/NeuroRing_a_4096_5c/_x.hw.NUM_4096.CORE_5.FREQ_300/link/vivado/vpl/prj/prj.gen/my_rm/bd/ulp/ip/ulp_axi_vip_ctrl_userpf_0/ulp_axi_vip_ctrl_userpf_0/ulp_axi_vip_ctrl_userpf_2_in_context.xdc] for cell 'SLR0/axi_vip_ctrl_userpf'
Finished Parsing XDC File [/home/miahafiz/NeuroRing_a_4096_5c/_x.hw.NUM_4096.CORE_5.FREQ_300/link/vivado/vpl/prj/prj.gen/my_rm/bd/ulp/ip/ulp_axi_vip_ctrl_userpf_0/ulp_axi_vip_ctrl_userpf_0/ulp_axi_vip_ctrl_userpf_2_in_context.xdc] for cell 'SLR0/axi_vip_ctrl_userpf'
Parsing XDC File [/home/miahafiz/NeuroRing_a_4096_5c/_x.hw.NUM_4096.CORE_5.FREQ_300/link/vivado/vpl/prj/prj.gen/my_rm/bd/ulp/ip/ulp_axi_vip_ctrl_userpf_1/ulp_axi_vip_ctrl_userpf_1/ulp_axi_vip_ctrl_userpf_2_in_context.xdc] for cell 'SLR1/axi_vip_ctrl_userpf'
Finished Parsing XDC File [/home/miahafiz/NeuroRing_a_4096_5c/_x.hw.NUM_4096.CORE_5.FREQ_300/link/vivado/vpl/prj/prj.gen/my_rm/bd/ulp/ip/ulp_axi_vip_ctrl_userpf_1/ulp_axi_vip_ctrl_userpf_1/ulp_axi_vip_ctrl_userpf_2_in_context.xdc] for cell 'SLR1/axi_vip_ctrl_userpf'
Parsing XDC File [/home/miahafiz/NeuroRing_a_4096_5c/_x.hw.NUM_4096.CORE_5.FREQ_300/link/vivado/vpl/prj/prj.gen/my_rm/bd/ulp/ip/ulp_axi_vip_ctrl_userpf_2/ulp_axi_vip_ctrl_userpf_2/ulp_axi_vip_ctrl_userpf_2_in_context.xdc] for cell 'SLR2/axi_vip_ctrl_userpf'
Finished Parsing XDC File [/home/miahafiz/NeuroRing_a_4096_5c/_x.hw.NUM_4096.CORE_5.FREQ_300/link/vivado/vpl/prj/prj.gen/my_rm/bd/ulp/ip/ulp_axi_vip_ctrl_userpf_2/ulp_axi_vip_ctrl_userpf_2/ulp_axi_vip_ctrl_userpf_2_in_context.xdc] for cell 'SLR2/axi_vip_ctrl_userpf'
Parsing XDC File [/home/miahafiz/NeuroRing_a_4096_5c/_x.hw.NUM_4096.CORE_5.FREQ_300/link/vivado/vpl/prj/prj.gen/my_rm/bd/ulp/ip/ulp_axi_vip_data_0/ulp_axi_vip_data_0/ulp_axi_vip_data_0_in_context.xdc] for cell 'axi_vip_data'
Finished Parsing XDC File [/home/miahafiz/NeuroRing_a_4096_5c/_x.hw.NUM_4096.CORE_5.FREQ_300/link/vivado/vpl/prj/prj.gen/my_rm/bd/ulp/ip/ulp_axi_vip_data_0/ulp_axi_vip_data_0/ulp_axi_vip_data_0_in_context.xdc] for cell 'axi_vip_data'
Parsing XDC File [/home/miahafiz/NeuroRing_a_4096_5c/_x.hw.NUM_4096.CORE_5.FREQ_300/link/vivado/vpl/prj/prj.gen/my_rm/bd/ulp/ip/ulp_buffer_NeuroRing_0_SynapseStreamLeft_0/ulp_buffer_NeuroRing_0_SynapseStreamLeft_0/ulp_buffer_NeuroRing_1_SynapseStreamRight_0_in_context.xdc] for cell 'buffer_NeuroRing_0_SynapseStreamLeft'
Finished Parsing XDC File [/home/miahafiz/NeuroRing_a_4096_5c/_x.hw.NUM_4096.CORE_5.FREQ_300/link/vivado/vpl/prj/prj.gen/my_rm/bd/ulp/ip/ulp_buffer_NeuroRing_0_SynapseStreamLeft_0/ulp_buffer_NeuroRing_0_SynapseStreamLeft_0/ulp_buffer_NeuroRing_1_SynapseStreamRight_0_in_context.xdc] for cell 'buffer_NeuroRing_0_SynapseStreamLeft'
Parsing XDC File [/home/miahafiz/NeuroRing_a_4096_5c/_x.hw.NUM_4096.CORE_5.FREQ_300/link/vivado/vpl/prj/prj.gen/my_rm/bd/ulp/ip/ulp_buffer_NeuroRing_0_SynapseStreamRight_0/ulp_buffer_NeuroRing_0_SynapseStreamRight_0/ulp_buffer_NeuroRing_1_SynapseStreamRight_0_in_context.xdc] for cell 'buffer_NeuroRing_0_SynapseStreamRight'
Finished Parsing XDC File [/home/miahafiz/NeuroRing_a_4096_5c/_x.hw.NUM_4096.CORE_5.FREQ_300/link/vivado/vpl/prj/prj.gen/my_rm/bd/ulp/ip/ulp_buffer_NeuroRing_0_SynapseStreamRight_0/ulp_buffer_NeuroRing_0_SynapseStreamRight_0/ulp_buffer_NeuroRing_1_SynapseStreamRight_0_in_context.xdc] for cell 'buffer_NeuroRing_0_SynapseStreamRight'
Parsing XDC File [/home/miahafiz/NeuroRing_a_4096_5c/_x.hw.NUM_4096.CORE_5.FREQ_300/link/vivado/vpl/prj/prj.gen/my_rm/bd/ulp/ip/ulp_buffer_NeuroRing_1_SynapseStreamLeft_0/ulp_buffer_NeuroRing_1_SynapseStreamLeft_0/ulp_buffer_NeuroRing_1_SynapseStreamRight_0_in_context.xdc] for cell 'buffer_NeuroRing_1_SynapseStreamLeft'
Finished Parsing XDC File [/home/miahafiz/NeuroRing_a_4096_5c/_x.hw.NUM_4096.CORE_5.FREQ_300/link/vivado/vpl/prj/prj.gen/my_rm/bd/ulp/ip/ulp_buffer_NeuroRing_1_SynapseStreamLeft_0/ulp_buffer_NeuroRing_1_SynapseStreamLeft_0/ulp_buffer_NeuroRing_1_SynapseStreamRight_0_in_context.xdc] for cell 'buffer_NeuroRing_1_SynapseStreamLeft'
Parsing XDC File [/home/miahafiz/NeuroRing_a_4096_5c/_x.hw.NUM_4096.CORE_5.FREQ_300/link/vivado/vpl/prj/prj.gen/my_rm/bd/ulp/ip/ulp_buffer_NeuroRing_1_SynapseStreamRight_0/ulp_buffer_NeuroRing_1_SynapseStreamRight_0/ulp_buffer_NeuroRing_1_SynapseStreamRight_0_in_context.xdc] for cell 'buffer_NeuroRing_1_SynapseStreamRight'
Finished Parsing XDC File [/home/miahafiz/NeuroRing_a_4096_5c/_x.hw.NUM_4096.CORE_5.FREQ_300/link/vivado/vpl/prj/prj.gen/my_rm/bd/ulp/ip/ulp_buffer_NeuroRing_1_SynapseStreamRight_0/ulp_buffer_NeuroRing_1_SynapseStreamRight_0/ulp_buffer_NeuroRing_1_SynapseStreamRight_0_in_context.xdc] for cell 'buffer_NeuroRing_1_SynapseStreamRight'
Parsing XDC File [/home/miahafiz/NeuroRing_a_4096_5c/_x.hw.NUM_4096.CORE_5.FREQ_300/link/vivado/vpl/prj/prj.gen/my_rm/bd/ulp/ip/ulp_buffer_NeuroRing_2_SynapseStreamLeft_0/ulp_buffer_NeuroRing_2_SynapseStreamLeft_0/ulp_buffer_NeuroRing_1_SynapseStreamRight_0_in_context.xdc] for cell 'buffer_NeuroRing_2_SynapseStreamLeft'
Finished Parsing XDC File [/home/miahafiz/NeuroRing_a_4096_5c/_x.hw.NUM_4096.CORE_5.FREQ_300/link/vivado/vpl/prj/prj.gen/my_rm/bd/ulp/ip/ulp_buffer_NeuroRing_2_SynapseStreamLeft_0/ulp_buffer_NeuroRing_2_SynapseStreamLeft_0/ulp_buffer_NeuroRing_1_SynapseStreamRight_0_in_context.xdc] for cell 'buffer_NeuroRing_2_SynapseStreamLeft'
Parsing XDC File [/home/miahafiz/NeuroRing_a_4096_5c/_x.hw.NUM_4096.CORE_5.FREQ_300/link/vivado/vpl/prj/prj.gen/my_rm/bd/ulp/ip/ulp_buffer_NeuroRing_2_SynapseStreamRight_0/ulp_buffer_NeuroRing_2_SynapseStreamRight_0/ulp_buffer_NeuroRing_1_SynapseStreamRight_0_in_context.xdc] for cell 'buffer_NeuroRing_2_SynapseStreamRight'
Finished Parsing XDC File [/home/miahafiz/NeuroRing_a_4096_5c/_x.hw.NUM_4096.CORE_5.FREQ_300/link/vivado/vpl/prj/prj.gen/my_rm/bd/ulp/ip/ulp_buffer_NeuroRing_2_SynapseStreamRight_0/ulp_buffer_NeuroRing_2_SynapseStreamRight_0/ulp_buffer_NeuroRing_1_SynapseStreamRight_0_in_context.xdc] for cell 'buffer_NeuroRing_2_SynapseStreamRight'
Parsing XDC File [/home/miahafiz/NeuroRing_a_4096_5c/_x.hw.NUM_4096.CORE_5.FREQ_300/link/vivado/vpl/prj/prj.gen/my_rm/bd/ulp/ip/ulp_buffer_NeuroRing_3_SynapseStreamLeft_0/ulp_buffer_NeuroRing_3_SynapseStreamLeft_0/ulp_buffer_NeuroRing_1_SynapseStreamRight_0_in_context.xdc] for cell 'buffer_NeuroRing_3_SynapseStreamLeft'
Finished Parsing XDC File [/home/miahafiz/NeuroRing_a_4096_5c/_x.hw.NUM_4096.CORE_5.FREQ_300/link/vivado/vpl/prj/prj.gen/my_rm/bd/ulp/ip/ulp_buffer_NeuroRing_3_SynapseStreamLeft_0/ulp_buffer_NeuroRing_3_SynapseStreamLeft_0/ulp_buffer_NeuroRing_1_SynapseStreamRight_0_in_context.xdc] for cell 'buffer_NeuroRing_3_SynapseStreamLeft'
Parsing XDC File [/home/miahafiz/NeuroRing_a_4096_5c/_x.hw.NUM_4096.CORE_5.FREQ_300/link/vivado/vpl/prj/prj.gen/my_rm/bd/ulp/ip/ulp_buffer_NeuroRing_3_SynapseStreamRight_0/ulp_buffer_NeuroRing_3_SynapseStreamRight_0/ulp_buffer_NeuroRing_1_SynapseStreamRight_0_in_context.xdc] for cell 'buffer_NeuroRing_3_SynapseStreamRight'
Finished Parsing XDC File [/home/miahafiz/NeuroRing_a_4096_5c/_x.hw.NUM_4096.CORE_5.FREQ_300/link/vivado/vpl/prj/prj.gen/my_rm/bd/ulp/ip/ulp_buffer_NeuroRing_3_SynapseStreamRight_0/ulp_buffer_NeuroRing_3_SynapseStreamRight_0/ulp_buffer_NeuroRing_1_SynapseStreamRight_0_in_context.xdc] for cell 'buffer_NeuroRing_3_SynapseStreamRight'
Parsing XDC File [/home/miahafiz/NeuroRing_a_4096_5c/_x.hw.NUM_4096.CORE_5.FREQ_300/link/vivado/vpl/prj/prj.gen/my_rm/bd/ulp/ip/ulp_buffer_NeuroRing_4_SynapseStreamLeft_0/ulp_buffer_NeuroRing_4_SynapseStreamLeft_0/ulp_buffer_NeuroRing_1_SynapseStreamRight_0_in_context.xdc] for cell 'buffer_NeuroRing_4_SynapseStreamLeft'
Finished Parsing XDC File [/home/miahafiz/NeuroRing_a_4096_5c/_x.hw.NUM_4096.CORE_5.FREQ_300/link/vivado/vpl/prj/prj.gen/my_rm/bd/ulp/ip/ulp_buffer_NeuroRing_4_SynapseStreamLeft_0/ulp_buffer_NeuroRing_4_SynapseStreamLeft_0/ulp_buffer_NeuroRing_1_SynapseStreamRight_0_in_context.xdc] for cell 'buffer_NeuroRing_4_SynapseStreamLeft'
Parsing XDC File [/home/miahafiz/NeuroRing_a_4096_5c/_x.hw.NUM_4096.CORE_5.FREQ_300/link/vivado/vpl/prj/prj.gen/my_rm/bd/ulp/ip/ulp_buffer_NeuroRing_4_SynapseStreamRight_0/ulp_buffer_NeuroRing_4_SynapseStreamRight_0/ulp_buffer_NeuroRing_1_SynapseStreamRight_0_in_context.xdc] for cell 'buffer_NeuroRing_4_SynapseStreamRight'
Finished Parsing XDC File [/home/miahafiz/NeuroRing_a_4096_5c/_x.hw.NUM_4096.CORE_5.FREQ_300/link/vivado/vpl/prj/prj.gen/my_rm/bd/ulp/ip/ulp_buffer_NeuroRing_4_SynapseStreamRight_0/ulp_buffer_NeuroRing_4_SynapseStreamRight_0/ulp_buffer_NeuroRing_1_SynapseStreamRight_0_in_context.xdc] for cell 'buffer_NeuroRing_4_SynapseStreamRight'
Parsing XDC File [/home/miahafiz/NeuroRing_a_4096_5c/_x.hw.NUM_4096.CORE_5.FREQ_300/link/vivado/vpl/prj/prj.gen/my_rm/bd/ulp/ip/ulp_buffer_SynapseRouter_0_SpikeOutWeight_0/ulp_buffer_SynapseRouter_0_SpikeOutWeight_0/ulp_buffer_SynapseRouter_3_SpikeOutWeight_0_in_context.xdc] for cell 'buffer_SynapseRouter_0_SpikeOutWeight'
Finished Parsing XDC File [/home/miahafiz/NeuroRing_a_4096_5c/_x.hw.NUM_4096.CORE_5.FREQ_300/link/vivado/vpl/prj/prj.gen/my_rm/bd/ulp/ip/ulp_buffer_SynapseRouter_0_SpikeOutWeight_0/ulp_buffer_SynapseRouter_0_SpikeOutWeight_0/ulp_buffer_SynapseRouter_3_SpikeOutWeight_0_in_context.xdc] for cell 'buffer_SynapseRouter_0_SpikeOutWeight'
Parsing XDC File [/home/miahafiz/NeuroRing_a_4096_5c/_x.hw.NUM_4096.CORE_5.FREQ_300/link/vivado/vpl/prj/prj.gen/my_rm/bd/ulp/ip/ulp_buffer_SynapseRouter_0_syn_forward_rt_left_0/ulp_buffer_SynapseRouter_0_syn_forward_rt_left_0/ulp_buffer_SynapseRouter_3_syn_forward_rt_left_0_in_context.xdc] for cell 'buffer_SynapseRouter_0_syn_forward_rt_left'
Finished Parsing XDC File [/home/miahafiz/NeuroRing_a_4096_5c/_x.hw.NUM_4096.CORE_5.FREQ_300/link/vivado/vpl/prj/prj.gen/my_rm/bd/ulp/ip/ulp_buffer_SynapseRouter_0_syn_forward_rt_left_0/ulp_buffer_SynapseRouter_0_syn_forward_rt_left_0/ulp_buffer_SynapseRouter_3_syn_forward_rt_left_0_in_context.xdc] for cell 'buffer_SynapseRouter_0_syn_forward_rt_left'
Parsing XDC File [/home/miahafiz/NeuroRing_a_4096_5c/_x.hw.NUM_4096.CORE_5.FREQ_300/link/vivado/vpl/prj/prj.gen/my_rm/bd/ulp/ip/ulp_buffer_SynapseRouter_0_syn_forward_rt_right_0/ulp_buffer_SynapseRouter_0_syn_forward_rt_right_0/ulp_buffer_SynapseRouter_3_syn_forward_rt_left_0_in_context.xdc] for cell 'buffer_SynapseRouter_0_syn_forward_rt_right'
Finished Parsing XDC File [/home/miahafiz/NeuroRing_a_4096_5c/_x.hw.NUM_4096.CORE_5.FREQ_300/link/vivado/vpl/prj/prj.gen/my_rm/bd/ulp/ip/ulp_buffer_SynapseRouter_0_syn_forward_rt_right_0/ulp_buffer_SynapseRouter_0_syn_forward_rt_right_0/ulp_buffer_SynapseRouter_3_syn_forward_rt_left_0_in_context.xdc] for cell 'buffer_SynapseRouter_0_syn_forward_rt_right'
Parsing XDC File [/home/miahafiz/NeuroRing_a_4096_5c/_x.hw.NUM_4096.CORE_5.FREQ_300/link/vivado/vpl/prj/prj.gen/my_rm/bd/ulp/ip/ulp_buffer_SynapseRouter_1_SpikeOutWeight_0/ulp_buffer_SynapseRouter_1_SpikeOutWeight_0/ulp_buffer_SynapseRouter_3_SpikeOutWeight_0_in_context.xdc] for cell 'buffer_SynapseRouter_1_SpikeOutWeight'
Finished Parsing XDC File [/home/miahafiz/NeuroRing_a_4096_5c/_x.hw.NUM_4096.CORE_5.FREQ_300/link/vivado/vpl/prj/prj.gen/my_rm/bd/ulp/ip/ulp_buffer_SynapseRouter_1_SpikeOutWeight_0/ulp_buffer_SynapseRouter_1_SpikeOutWeight_0/ulp_buffer_SynapseRouter_3_SpikeOutWeight_0_in_context.xdc] for cell 'buffer_SynapseRouter_1_SpikeOutWeight'
Parsing XDC File [/home/miahafiz/NeuroRing_a_4096_5c/_x.hw.NUM_4096.CORE_5.FREQ_300/link/vivado/vpl/prj/prj.gen/my_rm/bd/ulp/ip/ulp_buffer_SynapseRouter_1_syn_forward_rt_left_0/ulp_buffer_SynapseRouter_1_syn_forward_rt_left_0/ulp_buffer_SynapseRouter_3_syn_forward_rt_left_0_in_context.xdc] for cell 'buffer_SynapseRouter_1_syn_forward_rt_left'
Finished Parsing XDC File [/home/miahafiz/NeuroRing_a_4096_5c/_x.hw.NUM_4096.CORE_5.FREQ_300/link/vivado/vpl/prj/prj.gen/my_rm/bd/ulp/ip/ulp_buffer_SynapseRouter_1_syn_forward_rt_left_0/ulp_buffer_SynapseRouter_1_syn_forward_rt_left_0/ulp_buffer_SynapseRouter_3_syn_forward_rt_left_0_in_context.xdc] for cell 'buffer_SynapseRouter_1_syn_forward_rt_left'
Parsing XDC File [/home/miahafiz/NeuroRing_a_4096_5c/_x.hw.NUM_4096.CORE_5.FREQ_300/link/vivado/vpl/prj/prj.gen/my_rm/bd/ulp/ip/ulp_buffer_SynapseRouter_1_syn_forward_rt_right_0/ulp_buffer_SynapseRouter_1_syn_forward_rt_right_0/ulp_buffer_SynapseRouter_3_syn_forward_rt_left_0_in_context.xdc] for cell 'buffer_SynapseRouter_1_syn_forward_rt_right'
Finished Parsing XDC File [/home/miahafiz/NeuroRing_a_4096_5c/_x.hw.NUM_4096.CORE_5.FREQ_300/link/vivado/vpl/prj/prj.gen/my_rm/bd/ulp/ip/ulp_buffer_SynapseRouter_1_syn_forward_rt_right_0/ulp_buffer_SynapseRouter_1_syn_forward_rt_right_0/ulp_buffer_SynapseRouter_3_syn_forward_rt_left_0_in_context.xdc] for cell 'buffer_SynapseRouter_1_syn_forward_rt_right'
Parsing XDC File [/home/miahafiz/NeuroRing_a_4096_5c/_x.hw.NUM_4096.CORE_5.FREQ_300/link/vivado/vpl/prj/prj.gen/my_rm/bd/ulp/ip/ulp_buffer_SynapseRouter_2_SpikeOutWeight_0/ulp_buffer_SynapseRouter_2_SpikeOutWeight_0/ulp_buffer_SynapseRouter_3_SpikeOutWeight_0_in_context.xdc] for cell 'buffer_SynapseRouter_2_SpikeOutWeight'
Finished Parsing XDC File [/home/miahafiz/NeuroRing_a_4096_5c/_x.hw.NUM_4096.CORE_5.FREQ_300/link/vivado/vpl/prj/prj.gen/my_rm/bd/ulp/ip/ulp_buffer_SynapseRouter_2_SpikeOutWeight_0/ulp_buffer_SynapseRouter_2_SpikeOutWeight_0/ulp_buffer_SynapseRouter_3_SpikeOutWeight_0_in_context.xdc] for cell 'buffer_SynapseRouter_2_SpikeOutWeight'
Parsing XDC File [/home/miahafiz/NeuroRing_a_4096_5c/_x.hw.NUM_4096.CORE_5.FREQ_300/link/vivado/vpl/prj/prj.gen/my_rm/bd/ulp/ip/ulp_buffer_SynapseRouter_2_syn_forward_rt_left_0/ulp_buffer_SynapseRouter_2_syn_forward_rt_left_0/ulp_buffer_SynapseRouter_3_syn_forward_rt_left_0_in_context.xdc] for cell 'buffer_SynapseRouter_2_syn_forward_rt_left'
Finished Parsing XDC File [/home/miahafiz/NeuroRing_a_4096_5c/_x.hw.NUM_4096.CORE_5.FREQ_300/link/vivado/vpl/prj/prj.gen/my_rm/bd/ulp/ip/ulp_buffer_SynapseRouter_2_syn_forward_rt_left_0/ulp_buffer_SynapseRouter_2_syn_forward_rt_left_0/ulp_buffer_SynapseRouter_3_syn_forward_rt_left_0_in_context.xdc] for cell 'buffer_SynapseRouter_2_syn_forward_rt_left'
Parsing XDC File [/home/miahafiz/NeuroRing_a_4096_5c/_x.hw.NUM_4096.CORE_5.FREQ_300/link/vivado/vpl/prj/prj.gen/my_rm/bd/ulp/ip/ulp_buffer_SynapseRouter_2_syn_forward_rt_right_0/ulp_buffer_SynapseRouter_2_syn_forward_rt_right_0/ulp_buffer_SynapseRouter_3_syn_forward_rt_left_0_in_context.xdc] for cell 'buffer_SynapseRouter_2_syn_forward_rt_right'
Finished Parsing XDC File [/home/miahafiz/NeuroRing_a_4096_5c/_x.hw.NUM_4096.CORE_5.FREQ_300/link/vivado/vpl/prj/prj.gen/my_rm/bd/ulp/ip/ulp_buffer_SynapseRouter_2_syn_forward_rt_right_0/ulp_buffer_SynapseRouter_2_syn_forward_rt_right_0/ulp_buffer_SynapseRouter_3_syn_forward_rt_left_0_in_context.xdc] for cell 'buffer_SynapseRouter_2_syn_forward_rt_right'
Parsing XDC File [/home/miahafiz/NeuroRing_a_4096_5c/_x.hw.NUM_4096.CORE_5.FREQ_300/link/vivado/vpl/prj/prj.gen/my_rm/bd/ulp/ip/ulp_buffer_SynapseRouter_3_SpikeOutWeight_0/ulp_buffer_SynapseRouter_3_SpikeOutWeight_0/ulp_buffer_SynapseRouter_3_SpikeOutWeight_0_in_context.xdc] for cell 'buffer_SynapseRouter_3_SpikeOutWeight'
Finished Parsing XDC File [/home/miahafiz/NeuroRing_a_4096_5c/_x.hw.NUM_4096.CORE_5.FREQ_300/link/vivado/vpl/prj/prj.gen/my_rm/bd/ulp/ip/ulp_buffer_SynapseRouter_3_SpikeOutWeight_0/ulp_buffer_SynapseRouter_3_SpikeOutWeight_0/ulp_buffer_SynapseRouter_3_SpikeOutWeight_0_in_context.xdc] for cell 'buffer_SynapseRouter_3_SpikeOutWeight'
Parsing XDC File [/home/miahafiz/NeuroRing_a_4096_5c/_x.hw.NUM_4096.CORE_5.FREQ_300/link/vivado/vpl/prj/prj.gen/my_rm/bd/ulp/ip/ulp_buffer_SynapseRouter_3_syn_forward_rt_left_0/ulp_buffer_SynapseRouter_3_syn_forward_rt_left_0/ulp_buffer_SynapseRouter_3_syn_forward_rt_left_0_in_context.xdc] for cell 'buffer_SynapseRouter_3_syn_forward_rt_left'
Finished Parsing XDC File [/home/miahafiz/NeuroRing_a_4096_5c/_x.hw.NUM_4096.CORE_5.FREQ_300/link/vivado/vpl/prj/prj.gen/my_rm/bd/ulp/ip/ulp_buffer_SynapseRouter_3_syn_forward_rt_left_0/ulp_buffer_SynapseRouter_3_syn_forward_rt_left_0/ulp_buffer_SynapseRouter_3_syn_forward_rt_left_0_in_context.xdc] for cell 'buffer_SynapseRouter_3_syn_forward_rt_left'
Parsing XDC File [/home/miahafiz/NeuroRing_a_4096_5c/_x.hw.NUM_4096.CORE_5.FREQ_300/link/vivado/vpl/prj/prj.gen/my_rm/bd/ulp/ip/ulp_buffer_SynapseRouter_3_syn_forward_rt_right_0/ulp_buffer_SynapseRouter_3_syn_forward_rt_right_0/ulp_buffer_SynapseRouter_3_syn_forward_rt_left_0_in_context.xdc] for cell 'buffer_SynapseRouter_3_syn_forward_rt_right'
Finished Parsing XDC File [/home/miahafiz/NeuroRing_a_4096_5c/_x.hw.NUM_4096.CORE_5.FREQ_300/link/vivado/vpl/prj/prj.gen/my_rm/bd/ulp/ip/ulp_buffer_SynapseRouter_3_syn_forward_rt_right_0/ulp_buffer_SynapseRouter_3_syn_forward_rt_right_0/ulp_buffer_SynapseRouter_3_syn_forward_rt_left_0_in_context.xdc] for cell 'buffer_SynapseRouter_3_syn_forward_rt_right'
Parsing XDC File [/home/miahafiz/NeuroRing_a_4096_5c/_x.hw.NUM_4096.CORE_5.FREQ_300/link/vivado/vpl/prj/prj.gen/my_rm/bd/ulp/ip/ulp_buffer_SynapseRouter_4_SpikeOutWeight_0/ulp_buffer_SynapseRouter_4_SpikeOutWeight_0/ulp_buffer_SynapseRouter_3_SpikeOutWeight_0_in_context.xdc] for cell 'buffer_SynapseRouter_4_SpikeOutWeight'
Finished Parsing XDC File [/home/miahafiz/NeuroRing_a_4096_5c/_x.hw.NUM_4096.CORE_5.FREQ_300/link/vivado/vpl/prj/prj.gen/my_rm/bd/ulp/ip/ulp_buffer_SynapseRouter_4_SpikeOutWeight_0/ulp_buffer_SynapseRouter_4_SpikeOutWeight_0/ulp_buffer_SynapseRouter_3_SpikeOutWeight_0_in_context.xdc] for cell 'buffer_SynapseRouter_4_SpikeOutWeight'
Parsing XDC File [/home/miahafiz/NeuroRing_a_4096_5c/_x.hw.NUM_4096.CORE_5.FREQ_300/link/vivado/vpl/prj/prj.gen/my_rm/bd/ulp/ip/ulp_buffer_SynapseRouter_4_syn_forward_rt_left_0/ulp_buffer_SynapseRouter_4_syn_forward_rt_left_0/ulp_buffer_SynapseRouter_3_syn_forward_rt_left_0_in_context.xdc] for cell 'buffer_SynapseRouter_4_syn_forward_rt_left'
Finished Parsing XDC File [/home/miahafiz/NeuroRing_a_4096_5c/_x.hw.NUM_4096.CORE_5.FREQ_300/link/vivado/vpl/prj/prj.gen/my_rm/bd/ulp/ip/ulp_buffer_SynapseRouter_4_syn_forward_rt_left_0/ulp_buffer_SynapseRouter_4_syn_forward_rt_left_0/ulp_buffer_SynapseRouter_3_syn_forward_rt_left_0_in_context.xdc] for cell 'buffer_SynapseRouter_4_syn_forward_rt_left'
Parsing XDC File [/home/miahafiz/NeuroRing_a_4096_5c/_x.hw.NUM_4096.CORE_5.FREQ_300/link/vivado/vpl/prj/prj.gen/my_rm/bd/ulp/ip/ulp_buffer_SynapseRouter_4_syn_forward_rt_right_0/ulp_buffer_SynapseRouter_4_syn_forward_rt_right_0/ulp_buffer_SynapseRouter_3_syn_forward_rt_left_0_in_context.xdc] for cell 'buffer_SynapseRouter_4_syn_forward_rt_right'
Finished Parsing XDC File [/home/miahafiz/NeuroRing_a_4096_5c/_x.hw.NUM_4096.CORE_5.FREQ_300/link/vivado/vpl/prj/prj.gen/my_rm/bd/ulp/ip/ulp_buffer_SynapseRouter_4_syn_forward_rt_right_0/ulp_buffer_SynapseRouter_4_syn_forward_rt_right_0/ulp_buffer_SynapseRouter_3_syn_forward_rt_left_0_in_context.xdc] for cell 'buffer_SynapseRouter_4_syn_forward_rt_right'
Parsing XDC File [/home/miahafiz/NeuroRing_a_4096_5c/_x.hw.NUM_4096.CORE_5.FREQ_300/link/vivado/vpl/prj/prj.gen/my_rm/bd/ulp/ip/ulp_hmss_0_0/ulp_hmss_0_0/ulp_hmss_0_0_in_context.xdc] for cell 'hmss_0'
Finished Parsing XDC File [/home/miahafiz/NeuroRing_a_4096_5c/_x.hw.NUM_4096.CORE_5.FREQ_300/link/vivado/vpl/prj/prj.gen/my_rm/bd/ulp/ip/ulp_hmss_0_0/ulp_hmss_0_0/ulp_hmss_0_0_in_context.xdc] for cell 'hmss_0'
Parsing XDC File [/home/miahafiz/NeuroRing_a_4096_5c/_x.hw.NUM_4096.CORE_5.FREQ_300/link/vivado/vpl/prj/prj.gen/my_rm/bd/ulp/ip/ulp_ii_level0_wire_0/ulp_ii_level0_wire_0/ulp_ii_level0_wire_0_in_context.xdc] for cell 'ii_level0_wire'
create_clock: Time (s): cpu = 00:00:08 ; elapsed = 00:00:08 . Memory (MB): peak = 3618.051 ; gain = 3.117 ; free physical = 90489 ; free virtual = 166068
Finished Parsing XDC File [/home/miahafiz/NeuroRing_a_4096_5c/_x.hw.NUM_4096.CORE_5.FREQ_300/link/vivado/vpl/prj/prj.gen/my_rm/bd/ulp/ip/ulp_ii_level0_wire_0/ulp_ii_level0_wire_0/ulp_ii_level0_wire_0_in_context.xdc] for cell 'ii_level0_wire'
Parsing XDC File [/home/miahafiz/NeuroRing_a_4096_5c/_x.hw.NUM_4096.CORE_5.FREQ_300/link/vivado/vpl/prj/prj.gen/my_rm/bd/ulp/ip/ulp_interconnect_axilite_user_imp_auto_cc_0/ulp_interconnect_axilite_user_imp_auto_cc_0/ulp_interconnect_axilite_user_imp_auto_cc_0_in_context.xdc] for cell 'SLR0/interconnect_axilite_user/m00_couplers/auto_cc'
Finished Parsing XDC File [/home/miahafiz/NeuroRing_a_4096_5c/_x.hw.NUM_4096.CORE_5.FREQ_300/link/vivado/vpl/prj/prj.gen/my_rm/bd/ulp/ip/ulp_interconnect_axilite_user_imp_auto_cc_0/ulp_interconnect_axilite_user_imp_auto_cc_0/ulp_interconnect_axilite_user_imp_auto_cc_0_in_context.xdc] for cell 'SLR0/interconnect_axilite_user/m00_couplers/auto_cc'
Parsing XDC File [/home/miahafiz/NeuroRing_a_4096_5c/_x.hw.NUM_4096.CORE_5.FREQ_300/link/vivado/vpl/prj/prj.gen/my_rm/bd/ulp/ip/ulp_interconnect_axilite_user_imp_auto_cc_1/ulp_interconnect_axilite_user_imp_auto_cc_1/ulp_interconnect_axilite_user_imp_auto_cc_3_in_context.xdc] for cell 'SLR0/interconnect_axilite_user/m01_couplers/auto_cc'
Finished Parsing XDC File [/home/miahafiz/NeuroRing_a_4096_5c/_x.hw.NUM_4096.CORE_5.FREQ_300/link/vivado/vpl/prj/prj.gen/my_rm/bd/ulp/ip/ulp_interconnect_axilite_user_imp_auto_cc_1/ulp_interconnect_axilite_user_imp_auto_cc_1/ulp_interconnect_axilite_user_imp_auto_cc_3_in_context.xdc] for cell 'SLR0/interconnect_axilite_user/m01_couplers/auto_cc'
Parsing XDC File [/home/miahafiz/NeuroRing_a_4096_5c/_x.hw.NUM_4096.CORE_5.FREQ_300/link/vivado/vpl/prj/prj.gen/my_rm/bd/ulp/ip/ulp_interconnect_axilite_user_imp_auto_cc_10/ulp_interconnect_axilite_user_imp_auto_cc_10/ulp_interconnect_axilite_user_imp_auto_cc_6_in_context.xdc] for cell 'SLR0/interconnect_axilite_user/m10_couplers/auto_cc'
Finished Parsing XDC File [/home/miahafiz/NeuroRing_a_4096_5c/_x.hw.NUM_4096.CORE_5.FREQ_300/link/vivado/vpl/prj/prj.gen/my_rm/bd/ulp/ip/ulp_interconnect_axilite_user_imp_auto_cc_10/ulp_interconnect_axilite_user_imp_auto_cc_10/ulp_interconnect_axilite_user_imp_auto_cc_6_in_context.xdc] for cell 'SLR0/interconnect_axilite_user/m10_couplers/auto_cc'
Parsing XDC File [/home/miahafiz/NeuroRing_a_4096_5c/_x.hw.NUM_4096.CORE_5.FREQ_300/link/vivado/vpl/prj/prj.gen/my_rm/bd/ulp/ip/ulp_interconnect_axilite_user_imp_auto_cc_11/ulp_interconnect_axilite_user_imp_auto_cc_11/ulp_interconnect_axilite_user_imp_auto_cc_0_in_context.xdc] for cell 'SLR1/interconnect_axilite_user/s00_couplers/auto_cc'
Finished Parsing XDC File [/home/miahafiz/NeuroRing_a_4096_5c/_x.hw.NUM_4096.CORE_5.FREQ_300/link/vivado/vpl/prj/prj.gen/my_rm/bd/ulp/ip/ulp_interconnect_axilite_user_imp_auto_cc_11/ulp_interconnect_axilite_user_imp_auto_cc_11/ulp_interconnect_axilite_user_imp_auto_cc_0_in_context.xdc] for cell 'SLR1/interconnect_axilite_user/s00_couplers/auto_cc'
Parsing XDC File [/home/miahafiz/NeuroRing_a_4096_5c/_x.hw.NUM_4096.CORE_5.FREQ_300/link/vivado/vpl/prj/prj.gen/my_rm/bd/ulp/ip/ulp_interconnect_axilite_user_imp_auto_cc_12/ulp_interconnect_axilite_user_imp_auto_cc_12/ulp_interconnect_axilite_user_imp_auto_cc_0_in_context.xdc] for cell 'SLR2/interconnect_axilite_user/s00_couplers/auto_cc'
Finished Parsing XDC File [/home/miahafiz/NeuroRing_a_4096_5c/_x.hw.NUM_4096.CORE_5.FREQ_300/link/vivado/vpl/prj/prj.gen/my_rm/bd/ulp/ip/ulp_interconnect_axilite_user_imp_auto_cc_12/ulp_interconnect_axilite_user_imp_auto_cc_12/ulp_interconnect_axilite_user_imp_auto_cc_0_in_context.xdc] for cell 'SLR2/interconnect_axilite_user/s00_couplers/auto_cc'
Parsing XDC File [/home/miahafiz/NeuroRing_a_4096_5c/_x.hw.NUM_4096.CORE_5.FREQ_300/link/vivado/vpl/prj/prj.gen/my_rm/bd/ulp/ip/ulp_interconnect_axilite_user_imp_auto_cc_2/ulp_interconnect_axilite_user_imp_auto_cc_2/ulp_interconnect_axilite_user_imp_auto_cc_3_in_context.xdc] for cell 'SLR0/interconnect_axilite_user/m02_couplers/auto_cc'
Finished Parsing XDC File [/home/miahafiz/NeuroRing_a_4096_5c/_x.hw.NUM_4096.CORE_5.FREQ_300/link/vivado/vpl/prj/prj.gen/my_rm/bd/ulp/ip/ulp_interconnect_axilite_user_imp_auto_cc_2/ulp_interconnect_axilite_user_imp_auto_cc_2/ulp_interconnect_axilite_user_imp_auto_cc_3_in_context.xdc] for cell 'SLR0/interconnect_axilite_user/m02_couplers/auto_cc'
Parsing XDC File [/home/miahafiz/NeuroRing_a_4096_5c/_x.hw.NUM_4096.CORE_5.FREQ_300/link/vivado/vpl/prj/prj.gen/my_rm/bd/ulp/ip/ulp_interconnect_axilite_user_imp_auto_cc_3/ulp_interconnect_axilite_user_imp_auto_cc_3/ulp_interconnect_axilite_user_imp_auto_cc_3_in_context.xdc] for cell 'SLR0/interconnect_axilite_user/m03_couplers/auto_cc'
Finished Parsing XDC File [/home/miahafiz/NeuroRing_a_4096_5c/_x.hw.NUM_4096.CORE_5.FREQ_300/link/vivado/vpl/prj/prj.gen/my_rm/bd/ulp/ip/ulp_interconnect_axilite_user_imp_auto_cc_3/ulp_interconnect_axilite_user_imp_auto_cc_3/ulp_interconnect_axilite_user_imp_auto_cc_3_in_context.xdc] for cell 'SLR0/interconnect_axilite_user/m03_couplers/auto_cc'
Parsing XDC File [/home/miahafiz/NeuroRing_a_4096_5c/_x.hw.NUM_4096.CORE_5.FREQ_300/link/vivado/vpl/prj/prj.gen/my_rm/bd/ulp/ip/ulp_interconnect_axilite_user_imp_auto_cc_4/ulp_interconnect_axilite_user_imp_auto_cc_4/ulp_interconnect_axilite_user_imp_auto_cc_3_in_context.xdc] for cell 'SLR0/interconnect_axilite_user/m04_couplers/auto_cc'
Finished Parsing XDC File [/home/miahafiz/NeuroRing_a_4096_5c/_x.hw.NUM_4096.CORE_5.FREQ_300/link/vivado/vpl/prj/prj.gen/my_rm/bd/ulp/ip/ulp_interconnect_axilite_user_imp_auto_cc_4/ulp_interconnect_axilite_user_imp_auto_cc_4/ulp_interconnect_axilite_user_imp_auto_cc_3_in_context.xdc] for cell 'SLR0/interconnect_axilite_user/m04_couplers/auto_cc'
Parsing XDC File [/home/miahafiz/NeuroRing_a_4096_5c/_x.hw.NUM_4096.CORE_5.FREQ_300/link/vivado/vpl/prj/prj.gen/my_rm/bd/ulp/ip/ulp_interconnect_axilite_user_imp_auto_cc_5/ulp_interconnect_axilite_user_imp_auto_cc_5/ulp_interconnect_axilite_user_imp_auto_cc_3_in_context.xdc] for cell 'SLR0/interconnect_axilite_user/m05_couplers/auto_cc'
Finished Parsing XDC File [/home/miahafiz/NeuroRing_a_4096_5c/_x.hw.NUM_4096.CORE_5.FREQ_300/link/vivado/vpl/prj/prj.gen/my_rm/bd/ulp/ip/ulp_interconnect_axilite_user_imp_auto_cc_5/ulp_interconnect_axilite_user_imp_auto_cc_5/ulp_interconnect_axilite_user_imp_auto_cc_3_in_context.xdc] for cell 'SLR0/interconnect_axilite_user/m05_couplers/auto_cc'
Parsing XDC File [/home/miahafiz/NeuroRing_a_4096_5c/_x.hw.NUM_4096.CORE_5.FREQ_300/link/vivado/vpl/prj/prj.gen/my_rm/bd/ulp/ip/ulp_interconnect_axilite_user_imp_auto_cc_6/ulp_interconnect_axilite_user_imp_auto_cc_6/ulp_interconnect_axilite_user_imp_auto_cc_6_in_context.xdc] for cell 'SLR0/interconnect_axilite_user/m06_couplers/auto_cc'
Finished Parsing XDC File [/home/miahafiz/NeuroRing_a_4096_5c/_x.hw.NUM_4096.CORE_5.FREQ_300/link/vivado/vpl/prj/prj.gen/my_rm/bd/ulp/ip/ulp_interconnect_axilite_user_imp_auto_cc_6/ulp_interconnect_axilite_user_imp_auto_cc_6/ulp_interconnect_axilite_user_imp_auto_cc_6_in_context.xdc] for cell 'SLR0/interconnect_axilite_user/m06_couplers/auto_cc'
Parsing XDC File [/home/miahafiz/NeuroRing_a_4096_5c/_x.hw.NUM_4096.CORE_5.FREQ_300/link/vivado/vpl/prj/prj.gen/my_rm/bd/ulp/ip/ulp_interconnect_axilite_user_imp_auto_cc_7/ulp_interconnect_axilite_user_imp_auto_cc_7/ulp_interconnect_axilite_user_imp_auto_cc_6_in_context.xdc] for cell 'SLR0/interconnect_axilite_user/m07_couplers/auto_cc'
Finished Parsing XDC File [/home/miahafiz/NeuroRing_a_4096_5c/_x.hw.NUM_4096.CORE_5.FREQ_300/link/vivado/vpl/prj/prj.gen/my_rm/bd/ulp/ip/ulp_interconnect_axilite_user_imp_auto_cc_7/ulp_interconnect_axilite_user_imp_auto_cc_7/ulp_interconnect_axilite_user_imp_auto_cc_6_in_context.xdc] for cell 'SLR0/interconnect_axilite_user/m07_couplers/auto_cc'
Parsing XDC File [/home/miahafiz/NeuroRing_a_4096_5c/_x.hw.NUM_4096.CORE_5.FREQ_300/link/vivado/vpl/prj/prj.gen/my_rm/bd/ulp/ip/ulp_interconnect_axilite_user_imp_auto_cc_8/ulp_interconnect_axilite_user_imp_auto_cc_8/ulp_interconnect_axilite_user_imp_auto_cc_6_in_context.xdc] for cell 'SLR0/interconnect_axilite_user/m08_couplers/auto_cc'
Finished Parsing XDC File [/home/miahafiz/NeuroRing_a_4096_5c/_x.hw.NUM_4096.CORE_5.FREQ_300/link/vivado/vpl/prj/prj.gen/my_rm/bd/ulp/ip/ulp_interconnect_axilite_user_imp_auto_cc_8/ulp_interconnect_axilite_user_imp_auto_cc_8/ulp_interconnect_axilite_user_imp_auto_cc_6_in_context.xdc] for cell 'SLR0/interconnect_axilite_user/m08_couplers/auto_cc'
Parsing XDC File [/home/miahafiz/NeuroRing_a_4096_5c/_x.hw.NUM_4096.CORE_5.FREQ_300/link/vivado/vpl/prj/prj.gen/my_rm/bd/ulp/ip/ulp_interconnect_axilite_user_imp_auto_cc_9/ulp_interconnect_axilite_user_imp_auto_cc_9/ulp_interconnect_axilite_user_imp_auto_cc_6_in_context.xdc] for cell 'SLR0/interconnect_axilite_user/m09_couplers/auto_cc'
Finished Parsing XDC File [/home/miahafiz/NeuroRing_a_4096_5c/_x.hw.NUM_4096.CORE_5.FREQ_300/link/vivado/vpl/prj/prj.gen/my_rm/bd/ulp/ip/ulp_interconnect_axilite_user_imp_auto_cc_9/ulp_interconnect_axilite_user_imp_auto_cc_9/ulp_interconnect_axilite_user_imp_auto_cc_6_in_context.xdc] for cell 'SLR0/interconnect_axilite_user/m09_couplers/auto_cc'
Parsing XDC File [/home/miahafiz/NeuroRing_a_4096_5c/_x.hw.NUM_4096.CORE_5.FREQ_300/link/vivado/vpl/prj/prj.gen/my_rm/bd/ulp/ip/ulp_interconnect_axilite_user_imp_m00_regslice_0/ulp_interconnect_axilite_user_imp_m00_regslice_0/ulp_interconnect_axilite_user_imp_m00_regslice_0_in_context.xdc] for cell 'SLR0/interconnect_axilite_user/m00_couplers/m00_regslice'
Finished Parsing XDC File [/home/miahafiz/NeuroRing_a_4096_5c/_x.hw.NUM_4096.CORE_5.FREQ_300/link/vivado/vpl/prj/prj.gen/my_rm/bd/ulp/ip/ulp_interconnect_axilite_user_imp_m00_regslice_0/ulp_interconnect_axilite_user_imp_m00_regslice_0/ulp_interconnect_axilite_user_imp_m00_regslice_0_in_context.xdc] for cell 'SLR0/interconnect_axilite_user/m00_couplers/m00_regslice'
Parsing XDC File [/home/miahafiz/NeuroRing_a_4096_5c/_x.hw.NUM_4096.CORE_5.FREQ_300/link/vivado/vpl/prj/prj.gen/my_rm/bd/ulp/ip/ulp_interconnect_axilite_user_imp_m01_regslice_0/ulp_interconnect_axilite_user_imp_m01_regslice_0/ulp_interconnect_axilite_user_imp_m05_regslice_0_in_context.xdc] for cell 'SLR0/interconnect_axilite_user/m01_couplers/m01_regslice'
Finished Parsing XDC File [/home/miahafiz/NeuroRing_a_4096_5c/_x.hw.NUM_4096.CORE_5.FREQ_300/link/vivado/vpl/prj/prj.gen/my_rm/bd/ulp/ip/ulp_interconnect_axilite_user_imp_m01_regslice_0/ulp_interconnect_axilite_user_imp_m01_regslice_0/ulp_interconnect_axilite_user_imp_m05_regslice_0_in_context.xdc] for cell 'SLR0/interconnect_axilite_user/m01_couplers/m01_regslice'
Parsing XDC File [/home/miahafiz/NeuroRing_a_4096_5c/_x.hw.NUM_4096.CORE_5.FREQ_300/link/vivado/vpl/prj/prj.gen/my_rm/bd/ulp/ip/ulp_interconnect_axilite_user_imp_m02_regslice_0/ulp_interconnect_axilite_user_imp_m02_regslice_0/ulp_interconnect_axilite_user_imp_m05_regslice_0_in_context.xdc] for cell 'SLR0/interconnect_axilite_user/m02_couplers/m02_regslice'
Finished Parsing XDC File [/home/miahafiz/NeuroRing_a_4096_5c/_x.hw.NUM_4096.CORE_5.FREQ_300/link/vivado/vpl/prj/prj.gen/my_rm/bd/ulp/ip/ulp_interconnect_axilite_user_imp_m02_regslice_0/ulp_interconnect_axilite_user_imp_m02_regslice_0/ulp_interconnect_axilite_user_imp_m05_regslice_0_in_context.xdc] for cell 'SLR0/interconnect_axilite_user/m02_couplers/m02_regslice'
Parsing XDC File [/home/miahafiz/NeuroRing_a_4096_5c/_x.hw.NUM_4096.CORE_5.FREQ_300/link/vivado/vpl/prj/prj.gen/my_rm/bd/ulp/ip/ulp_interconnect_axilite_user_imp_m03_regslice_0/ulp_interconnect_axilite_user_imp_m03_regslice_0/ulp_interconnect_axilite_user_imp_m05_regslice_0_in_context.xdc] for cell 'SLR0/interconnect_axilite_user/m03_couplers/m03_regslice'
Finished Parsing XDC File [/home/miahafiz/NeuroRing_a_4096_5c/_x.hw.NUM_4096.CORE_5.FREQ_300/link/vivado/vpl/prj/prj.gen/my_rm/bd/ulp/ip/ulp_interconnect_axilite_user_imp_m03_regslice_0/ulp_interconnect_axilite_user_imp_m03_regslice_0/ulp_interconnect_axilite_user_imp_m05_regslice_0_in_context.xdc] for cell 'SLR0/interconnect_axilite_user/m03_couplers/m03_regslice'
Parsing XDC File [/home/miahafiz/NeuroRing_a_4096_5c/_x.hw.NUM_4096.CORE_5.FREQ_300/link/vivado/vpl/prj/prj.gen/my_rm/bd/ulp/ip/ulp_interconnect_axilite_user_imp_m04_regslice_0/ulp_interconnect_axilite_user_imp_m04_regslice_0/ulp_interconnect_axilite_user_imp_m05_regslice_0_in_context.xdc] for cell 'SLR0/interconnect_axilite_user/m04_couplers/m04_regslice'
Finished Parsing XDC File [/home/miahafiz/NeuroRing_a_4096_5c/_x.hw.NUM_4096.CORE_5.FREQ_300/link/vivado/vpl/prj/prj.gen/my_rm/bd/ulp/ip/ulp_interconnect_axilite_user_imp_m04_regslice_0/ulp_interconnect_axilite_user_imp_m04_regslice_0/ulp_interconnect_axilite_user_imp_m05_regslice_0_in_context.xdc] for cell 'SLR0/interconnect_axilite_user/m04_couplers/m04_regslice'
Parsing XDC File [/home/miahafiz/NeuroRing_a_4096_5c/_x.hw.NUM_4096.CORE_5.FREQ_300/link/vivado/vpl/prj/prj.gen/my_rm/bd/ulp/ip/ulp_interconnect_axilite_user_imp_m05_regslice_0/ulp_interconnect_axilite_user_imp_m05_regslice_0/ulp_interconnect_axilite_user_imp_m05_regslice_0_in_context.xdc] for cell 'SLR0/interconnect_axilite_user/m05_couplers/m05_regslice'
Finished Parsing XDC File [/home/miahafiz/NeuroRing_a_4096_5c/_x.hw.NUM_4096.CORE_5.FREQ_300/link/vivado/vpl/prj/prj.gen/my_rm/bd/ulp/ip/ulp_interconnect_axilite_user_imp_m05_regslice_0/ulp_interconnect_axilite_user_imp_m05_regslice_0/ulp_interconnect_axilite_user_imp_m05_regslice_0_in_context.xdc] for cell 'SLR0/interconnect_axilite_user/m05_couplers/m05_regslice'
Parsing XDC File [/home/miahafiz/NeuroRing_a_4096_5c/_x.hw.NUM_4096.CORE_5.FREQ_300/link/vivado/vpl/prj/prj.gen/my_rm/bd/ulp/ip/ulp_interconnect_axilite_user_imp_m06_regslice_0/ulp_interconnect_axilite_user_imp_m06_regslice_0/ulp_interconnect_axilite_user_imp_m07_regslice_0_in_context.xdc] for cell 'SLR0/interconnect_axilite_user/m06_couplers/m06_regslice'
Finished Parsing XDC File [/home/miahafiz/NeuroRing_a_4096_5c/_x.hw.NUM_4096.CORE_5.FREQ_300/link/vivado/vpl/prj/prj.gen/my_rm/bd/ulp/ip/ulp_interconnect_axilite_user_imp_m06_regslice_0/ulp_interconnect_axilite_user_imp_m06_regslice_0/ulp_interconnect_axilite_user_imp_m07_regslice_0_in_context.xdc] for cell 'SLR0/interconnect_axilite_user/m06_couplers/m06_regslice'
Parsing XDC File [/home/miahafiz/NeuroRing_a_4096_5c/_x.hw.NUM_4096.CORE_5.FREQ_300/link/vivado/vpl/prj/prj.gen/my_rm/bd/ulp/ip/ulp_interconnect_axilite_user_imp_m07_regslice_0/ulp_interconnect_axilite_user_imp_m07_regslice_0/ulp_interconnect_axilite_user_imp_m07_regslice_0_in_context.xdc] for cell 'SLR0/interconnect_axilite_user/m07_couplers/m07_regslice'
Finished Parsing XDC File [/home/miahafiz/NeuroRing_a_4096_5c/_x.hw.NUM_4096.CORE_5.FREQ_300/link/vivado/vpl/prj/prj.gen/my_rm/bd/ulp/ip/ulp_interconnect_axilite_user_imp_m07_regslice_0/ulp_interconnect_axilite_user_imp_m07_regslice_0/ulp_interconnect_axilite_user_imp_m07_regslice_0_in_context.xdc] for cell 'SLR0/interconnect_axilite_user/m07_couplers/m07_regslice'
Parsing XDC File [/home/miahafiz/NeuroRing_a_4096_5c/_x.hw.NUM_4096.CORE_5.FREQ_300/link/vivado/vpl/prj/prj.gen/my_rm/bd/ulp/ip/ulp_interconnect_axilite_user_imp_m08_regslice_0/ulp_interconnect_axilite_user_imp_m08_regslice_0/ulp_interconnect_axilite_user_imp_m07_regslice_0_in_context.xdc] for cell 'SLR0/interconnect_axilite_user/m08_couplers/m08_regslice'
Finished Parsing XDC File [/home/miahafiz/NeuroRing_a_4096_5c/_x.hw.NUM_4096.CORE_5.FREQ_300/link/vivado/vpl/prj/prj.gen/my_rm/bd/ulp/ip/ulp_interconnect_axilite_user_imp_m08_regslice_0/ulp_interconnect_axilite_user_imp_m08_regslice_0/ulp_interconnect_axilite_user_imp_m07_regslice_0_in_context.xdc] for cell 'SLR0/interconnect_axilite_user/m08_couplers/m08_regslice'
Parsing XDC File [/home/miahafiz/NeuroRing_a_4096_5c/_x.hw.NUM_4096.CORE_5.FREQ_300/link/vivado/vpl/prj/prj.gen/my_rm/bd/ulp/ip/ulp_interconnect_axilite_user_imp_m09_regslice_0/ulp_interconnect_axilite_user_imp_m09_regslice_0/ulp_interconnect_axilite_user_imp_m07_regslice_0_in_context.xdc] for cell 'SLR0/interconnect_axilite_user/m09_couplers/m09_regslice'
Finished Parsing XDC File [/home/miahafiz/NeuroRing_a_4096_5c/_x.hw.NUM_4096.CORE_5.FREQ_300/link/vivado/vpl/prj/prj.gen/my_rm/bd/ulp/ip/ulp_interconnect_axilite_user_imp_m09_regslice_0/ulp_interconnect_axilite_user_imp_m09_regslice_0/ulp_interconnect_axilite_user_imp_m07_regslice_0_in_context.xdc] for cell 'SLR0/interconnect_axilite_user/m09_couplers/m09_regslice'
Parsing XDC File [/home/miahafiz/NeuroRing_a_4096_5c/_x.hw.NUM_4096.CORE_5.FREQ_300/link/vivado/vpl/prj/prj.gen/my_rm/bd/ulp/ip/ulp_interconnect_axilite_user_imp_m10_regslice_0/ulp_interconnect_axilite_user_imp_m10_regslice_0/ulp_interconnect_axilite_user_imp_m07_regslice_0_in_context.xdc] for cell 'SLR0/interconnect_axilite_user/m10_couplers/m10_regslice'
Finished Parsing XDC File [/home/miahafiz/NeuroRing_a_4096_5c/_x.hw.NUM_4096.CORE_5.FREQ_300/link/vivado/vpl/prj/prj.gen/my_rm/bd/ulp/ip/ulp_interconnect_axilite_user_imp_m10_regslice_0/ulp_interconnect_axilite_user_imp_m10_regslice_0/ulp_interconnect_axilite_user_imp_m07_regslice_0_in_context.xdc] for cell 'SLR0/interconnect_axilite_user/m10_couplers/m10_regslice'
Parsing XDC File [/home/miahafiz/NeuroRing_a_4096_5c/_x.hw.NUM_4096.CORE_5.FREQ_300/link/vivado/vpl/prj/prj.gen/my_rm/bd/ulp/ip/ulp_interconnect_axilite_user_imp_s00_regslice_0/ulp_interconnect_axilite_user_imp_s00_regslice_0/ulp_interconnect_axilite_user_imp_s00_regslice_0_in_context.xdc] for cell 'SLR0/interconnect_axilite_user/s00_couplers/s00_regslice'
Finished Parsing XDC File [/home/miahafiz/NeuroRing_a_4096_5c/_x.hw.NUM_4096.CORE_5.FREQ_300/link/vivado/vpl/prj/prj.gen/my_rm/bd/ulp/ip/ulp_interconnect_axilite_user_imp_s00_regslice_0/ulp_interconnect_axilite_user_imp_s00_regslice_0/ulp_interconnect_axilite_user_imp_s00_regslice_0_in_context.xdc] for cell 'SLR0/interconnect_axilite_user/s00_couplers/s00_regslice'
Parsing XDC File [/home/miahafiz/NeuroRing_a_4096_5c/_x.hw.NUM_4096.CORE_5.FREQ_300/link/vivado/vpl/prj/prj.gen/my_rm/bd/ulp/ip/ulp_interconnect_axilite_user_imp_s00_regslice_1/ulp_interconnect_axilite_user_imp_s00_regslice_1/ulp_interconnect_axilite_user_imp_s00_regslice_1_in_context.xdc] for cell 'SLR1/interconnect_axilite_user/s00_couplers/s00_regslice'
Finished Parsing XDC File [/home/miahafiz/NeuroRing_a_4096_5c/_x.hw.NUM_4096.CORE_5.FREQ_300/link/vivado/vpl/prj/prj.gen/my_rm/bd/ulp/ip/ulp_interconnect_axilite_user_imp_s00_regslice_1/ulp_interconnect_axilite_user_imp_s00_regslice_1/ulp_interconnect_axilite_user_imp_s00_regslice_1_in_context.xdc] for cell 'SLR1/interconnect_axilite_user/s00_couplers/s00_regslice'
Parsing XDC File [/home/miahafiz/NeuroRing_a_4096_5c/_x.hw.NUM_4096.CORE_5.FREQ_300/link/vivado/vpl/prj/prj.gen/my_rm/bd/ulp/ip/ulp_interconnect_axilite_user_imp_s00_regslice_2/ulp_interconnect_axilite_user_imp_s00_regslice_2/ulp_interconnect_axilite_user_imp_s00_regslice_1_in_context.xdc] for cell 'SLR2/interconnect_axilite_user/s00_couplers/s00_regslice'
Finished Parsing XDC File [/home/miahafiz/NeuroRing_a_4096_5c/_x.hw.NUM_4096.CORE_5.FREQ_300/link/vivado/vpl/prj/prj.gen/my_rm/bd/ulp/ip/ulp_interconnect_axilite_user_imp_s00_regslice_2/ulp_interconnect_axilite_user_imp_s00_regslice_2/ulp_interconnect_axilite_user_imp_s00_regslice_1_in_context.xdc] for cell 'SLR2/interconnect_axilite_user/s00_couplers/s00_regslice'
Parsing XDC File [/home/miahafiz/NeuroRing_a_4096_5c/_x.hw.NUM_4096.CORE_5.FREQ_300/link/vivado/vpl/prj/prj.gen/my_rm/bd/ulp/ip/ulp_interconnect_axilite_user_upgraded_ipi_imp_xbar_0/ulp_interconnect_axilite_user_upgraded_ipi_imp_xbar_0/ulp_interconnect_axilite_user_upgraded_ipi_imp_xbar_0_in_context.xdc] for cell 'SLR0/interconnect_axilite_user/xbar'
Finished Parsing XDC File [/home/miahafiz/NeuroRing_a_4096_5c/_x.hw.NUM_4096.CORE_5.FREQ_300/link/vivado/vpl/prj/prj.gen/my_rm/bd/ulp/ip/ulp_interconnect_axilite_user_upgraded_ipi_imp_xbar_0/ulp_interconnect_axilite_user_upgraded_ipi_imp_xbar_0/ulp_interconnect_axilite_user_upgraded_ipi_imp_xbar_0_in_context.xdc] for cell 'SLR0/interconnect_axilite_user/xbar'
Parsing XDC File [/home/miahafiz/NeuroRing_a_4096_5c/_x.hw.NUM_4096.CORE_5.FREQ_300/link/vivado/vpl/prj/prj.gen/my_rm/bd/ulp/ip/ulp_proc_sys_reset_ctrl_slr0_0/ulp_proc_sys_reset_ctrl_slr0_0/ulp_proc_sys_reset_ctrl_slr0_0_in_context.xdc] for cell 'proc_sys_reset_ctrl_slr0'
Finished Parsing XDC File [/home/miahafiz/NeuroRing_a_4096_5c/_x.hw.NUM_4096.CORE_5.FREQ_300/link/vivado/vpl/prj/prj.gen/my_rm/bd/ulp/ip/ulp_proc_sys_reset_ctrl_slr0_0/ulp_proc_sys_reset_ctrl_slr0_0/ulp_proc_sys_reset_ctrl_slr0_0_in_context.xdc] for cell 'proc_sys_reset_ctrl_slr0'
Parsing XDC File [/home/miahafiz/NeuroRing_a_4096_5c/_x.hw.NUM_4096.CORE_5.FREQ_300/link/vivado/vpl/prj/prj.gen/my_rm/bd/ulp/ip/ulp_proc_sys_reset_ctrl_slr1_0/ulp_proc_sys_reset_ctrl_slr1_0/ulp_proc_sys_reset_ctrl_slr1_0_in_context.xdc] for cell 'proc_sys_reset_ctrl_slr1'
Finished Parsing XDC File [/home/miahafiz/NeuroRing_a_4096_5c/_x.hw.NUM_4096.CORE_5.FREQ_300/link/vivado/vpl/prj/prj.gen/my_rm/bd/ulp/ip/ulp_proc_sys_reset_ctrl_slr1_0/ulp_proc_sys_reset_ctrl_slr1_0/ulp_proc_sys_reset_ctrl_slr1_0_in_context.xdc] for cell 'proc_sys_reset_ctrl_slr1'
Parsing XDC File [/home/miahafiz/NeuroRing_a_4096_5c/_x.hw.NUM_4096.CORE_5.FREQ_300/link/vivado/vpl/prj/prj.gen/my_rm/bd/ulp/ip/ulp_proc_sys_reset_ctrl_slr2_0/ulp_proc_sys_reset_ctrl_slr2_0/ulp_proc_sys_reset_ctrl_slr2_0_in_context.xdc] for cell 'proc_sys_reset_ctrl_slr2'
Finished Parsing XDC File [/home/miahafiz/NeuroRing_a_4096_5c/_x.hw.NUM_4096.CORE_5.FREQ_300/link/vivado/vpl/prj/prj.gen/my_rm/bd/ulp/ip/ulp_proc_sys_reset_ctrl_slr2_0/ulp_proc_sys_reset_ctrl_slr2_0/ulp_proc_sys_reset_ctrl_slr2_0_in_context.xdc] for cell 'proc_sys_reset_ctrl_slr2'
Parsing XDC File [/home/miahafiz/NeuroRing_a_4096_5c/_x.hw.NUM_4096.CORE_5.FREQ_300/link/vivado/vpl/prj/prj.gen/my_rm/bd/ulp/ip/ulp_proc_sys_reset_freerun_slr0_0/ulp_proc_sys_reset_freerun_slr0_0/ulp_proc_sys_reset_freerun_slr0_0_in_context.xdc] for cell 'proc_sys_reset_freerun_slr0'
Finished Parsing XDC File [/home/miahafiz/NeuroRing_a_4096_5c/_x.hw.NUM_4096.CORE_5.FREQ_300/link/vivado/vpl/prj/prj.gen/my_rm/bd/ulp/ip/ulp_proc_sys_reset_freerun_slr0_0/ulp_proc_sys_reset_freerun_slr0_0/ulp_proc_sys_reset_freerun_slr0_0_in_context.xdc] for cell 'proc_sys_reset_freerun_slr0'
Parsing XDC File [/home/miahafiz/NeuroRing_a_4096_5c/_x.hw.NUM_4096.CORE_5.FREQ_300/link/vivado/vpl/prj/prj.gen/my_rm/bd/ulp/ip/ulp_proc_sys_reset_freerun_slr1_0/ulp_proc_sys_reset_freerun_slr1_0/ulp_proc_sys_reset_freerun_slr1_0_in_context.xdc] for cell 'proc_sys_reset_freerun_slr1'
Finished Parsing XDC File [/home/miahafiz/NeuroRing_a_4096_5c/_x.hw.NUM_4096.CORE_5.FREQ_300/link/vivado/vpl/prj/prj.gen/my_rm/bd/ulp/ip/ulp_proc_sys_reset_freerun_slr1_0/ulp_proc_sys_reset_freerun_slr1_0/ulp_proc_sys_reset_freerun_slr1_0_in_context.xdc] for cell 'proc_sys_reset_freerun_slr1'
Parsing XDC File [/home/miahafiz/NeuroRing_a_4096_5c/_x.hw.NUM_4096.CORE_5.FREQ_300/link/vivado/vpl/prj/prj.gen/my_rm/bd/ulp/ip/ulp_proc_sys_reset_freerun_slr2_0/ulp_proc_sys_reset_freerun_slr2_0/ulp_proc_sys_reset_freerun_slr2_0_in_context.xdc] for cell 'proc_sys_reset_freerun_slr2'
Finished Parsing XDC File [/home/miahafiz/NeuroRing_a_4096_5c/_x.hw.NUM_4096.CORE_5.FREQ_300/link/vivado/vpl/prj/prj.gen/my_rm/bd/ulp/ip/ulp_proc_sys_reset_freerun_slr2_0/ulp_proc_sys_reset_freerun_slr2_0/ulp_proc_sys_reset_freerun_slr2_0_in_context.xdc] for cell 'proc_sys_reset_freerun_slr2'
Parsing XDC File [/home/miahafiz/NeuroRing_a_4096_5c/_x.hw.NUM_4096.CORE_5.FREQ_300/link/vivado/vpl/prj/prj.gen/my_rm/bd/ulp/ip/ulp_proc_sys_reset_kernel2_slr0_0/ulp_proc_sys_reset_kernel2_slr0_0/ulp_proc_sys_reset_kernel2_slr0_0_in_context.xdc] for cell 'proc_sys_reset_kernel2_slr0'
Finished Parsing XDC File [/home/miahafiz/NeuroRing_a_4096_5c/_x.hw.NUM_4096.CORE_5.FREQ_300/link/vivado/vpl/prj/prj.gen/my_rm/bd/ulp/ip/ulp_proc_sys_reset_kernel2_slr0_0/ulp_proc_sys_reset_kernel2_slr0_0/ulp_proc_sys_reset_kernel2_slr0_0_in_context.xdc] for cell 'proc_sys_reset_kernel2_slr0'
Parsing XDC File [/home/miahafiz/NeuroRing_a_4096_5c/_x.hw.NUM_4096.CORE_5.FREQ_300/link/vivado/vpl/prj/prj.gen/my_rm/bd/ulp/ip/ulp_proc_sys_reset_kernel2_slr1_0/ulp_proc_sys_reset_kernel2_slr1_0/ulp_proc_sys_reset_kernel2_slr1_0_in_context.xdc] for cell 'proc_sys_reset_kernel2_slr1'
Finished Parsing XDC File [/home/miahafiz/NeuroRing_a_4096_5c/_x.hw.NUM_4096.CORE_5.FREQ_300/link/vivado/vpl/prj/prj.gen/my_rm/bd/ulp/ip/ulp_proc_sys_reset_kernel2_slr1_0/ulp_proc_sys_reset_kernel2_slr1_0/ulp_proc_sys_reset_kernel2_slr1_0_in_context.xdc] for cell 'proc_sys_reset_kernel2_slr1'
Parsing XDC File [/home/miahafiz/NeuroRing_a_4096_5c/_x.hw.NUM_4096.CORE_5.FREQ_300/link/vivado/vpl/prj/prj.gen/my_rm/bd/ulp/ip/ulp_proc_sys_reset_kernel2_slr2_0/ulp_proc_sys_reset_kernel2_slr2_0/ulp_proc_sys_reset_kernel2_slr2_0_in_context.xdc] for cell 'proc_sys_reset_kernel2_slr2'
Finished Parsing XDC File [/home/miahafiz/NeuroRing_a_4096_5c/_x.hw.NUM_4096.CORE_5.FREQ_300/link/vivado/vpl/prj/prj.gen/my_rm/bd/ulp/ip/ulp_proc_sys_reset_kernel2_slr2_0/ulp_proc_sys_reset_kernel2_slr2_0/ulp_proc_sys_reset_kernel2_slr2_0_in_context.xdc] for cell 'proc_sys_reset_kernel2_slr2'
Parsing XDC File [/home/miahafiz/NeuroRing_a_4096_5c/_x.hw.NUM_4096.CORE_5.FREQ_300/link/vivado/vpl/prj/prj.gen/my_rm/bd/ulp/ip/ulp_proc_sys_reset_kernel_slr0_0/ulp_proc_sys_reset_kernel_slr0_0/ulp_proc_sys_reset_kernel_slr0_0_in_context.xdc] for cell 'proc_sys_reset_kernel_slr0'
Finished Parsing XDC File [/home/miahafiz/NeuroRing_a_4096_5c/_x.hw.NUM_4096.CORE_5.FREQ_300/link/vivado/vpl/prj/prj.gen/my_rm/bd/ulp/ip/ulp_proc_sys_reset_kernel_slr0_0/ulp_proc_sys_reset_kernel_slr0_0/ulp_proc_sys_reset_kernel_slr0_0_in_context.xdc] for cell 'proc_sys_reset_kernel_slr0'
Parsing XDC File [/home/miahafiz/NeuroRing_a_4096_5c/_x.hw.NUM_4096.CORE_5.FREQ_300/link/vivado/vpl/prj/prj.gen/my_rm/bd/ulp/ip/ulp_proc_sys_reset_kernel_slr1_0/ulp_proc_sys_reset_kernel_slr1_0/ulp_proc_sys_reset_kernel_slr1_0_in_context.xdc] for cell 'proc_sys_reset_kernel_slr1'
Finished Parsing XDC File [/home/miahafiz/NeuroRing_a_4096_5c/_x.hw.NUM_4096.CORE_5.FREQ_300/link/vivado/vpl/prj/prj.gen/my_rm/bd/ulp/ip/ulp_proc_sys_reset_kernel_slr1_0/ulp_proc_sys_reset_kernel_slr1_0/ulp_proc_sys_reset_kernel_slr1_0_in_context.xdc] for cell 'proc_sys_reset_kernel_slr1'
Parsing XDC File [/home/miahafiz/NeuroRing_a_4096_5c/_x.hw.NUM_4096.CORE_5.FREQ_300/link/vivado/vpl/prj/prj.gen/my_rm/bd/ulp/ip/ulp_proc_sys_reset_kernel_slr2_0/ulp_proc_sys_reset_kernel_slr2_0/ulp_proc_sys_reset_kernel_slr2_0_in_context.xdc] for cell 'proc_sys_reset_kernel_slr2'
Finished Parsing XDC File [/home/miahafiz/NeuroRing_a_4096_5c/_x.hw.NUM_4096.CORE_5.FREQ_300/link/vivado/vpl/prj/prj.gen/my_rm/bd/ulp/ip/ulp_proc_sys_reset_kernel_slr2_0/ulp_proc_sys_reset_kernel_slr2_0/ulp_proc_sys_reset_kernel_slr2_0_in_context.xdc] for cell 'proc_sys_reset_kernel_slr2'
Parsing XDC File [/home/miahafiz/NeuroRing_a_4096_5c/_x.hw.NUM_4096.CORE_5.FREQ_300/link/vivado/vpl/prj/prj.gen/my_rm/bd/ulp/ip/ulp_regslice_control_userpf_0/ulp_regslice_control_userpf_0/ulp_regslice_control_userpf_0_in_context.xdc] for cell 'SLR0/regslice_control_userpf'
Finished Parsing XDC File [/home/miahafiz/NeuroRing_a_4096_5c/_x.hw.NUM_4096.CORE_5.FREQ_300/link/vivado/vpl/prj/prj.gen/my_rm/bd/ulp/ip/ulp_regslice_control_userpf_0/ulp_regslice_control_userpf_0/ulp_regslice_control_userpf_0_in_context.xdc] for cell 'SLR0/regslice_control_userpf'
Parsing XDC File [/home/miahafiz/NeuroRing_a_4096_5c/_x.hw.NUM_4096.CORE_5.FREQ_300/link/vivado/vpl/prj/prj.gen/my_rm/bd/ulp/ip/ulp_regslice_control_userpf_1/ulp_regslice_control_userpf_1/ulp_regslice_control_userpf_1_in_context.xdc] for cell 'SLR1/regslice_control_userpf'
Finished Parsing XDC File [/home/miahafiz/NeuroRing_a_4096_5c/_x.hw.NUM_4096.CORE_5.FREQ_300/link/vivado/vpl/prj/prj.gen/my_rm/bd/ulp/ip/ulp_regslice_control_userpf_1/ulp_regslice_control_userpf_1/ulp_regslice_control_userpf_1_in_context.xdc] for cell 'SLR1/regslice_control_userpf'
Parsing XDC File [/home/miahafiz/NeuroRing_a_4096_5c/_x.hw.NUM_4096.CORE_5.FREQ_300/link/vivado/vpl/prj/prj.gen/my_rm/bd/ulp/ip/ulp_regslice_control_userpf_2/ulp_regslice_control_userpf_2/ulp_regslice_control_userpf_2_in_context.xdc] for cell 'SLR2/regslice_control_userpf'
Finished Parsing XDC File [/home/miahafiz/NeuroRing_a_4096_5c/_x.hw.NUM_4096.CORE_5.FREQ_300/link/vivado/vpl/prj/prj.gen/my_rm/bd/ulp/ip/ulp_regslice_control_userpf_2/ulp_regslice_control_userpf_2/ulp_regslice_control_userpf_2_in_context.xdc] for cell 'SLR2/regslice_control_userpf'
Parsing XDC File [/home/miahafiz/NeuroRing_a_4096_5c/_x.hw.NUM_4096.CORE_5.FREQ_300/link/vivado/vpl/prj/prj.gen/my_rm/bd/ulp/ip/ulp_ulp_cmp_0/ulp_ulp_cmp_0/ulp_ulp_cmp_0_in_context.xdc] for cell 'ulp_cmp'
Finished Parsing XDC File [/home/miahafiz/NeuroRing_a_4096_5c/_x.hw.NUM_4096.CORE_5.FREQ_300/link/vivado/vpl/prj/prj.gen/my_rm/bd/ulp/ip/ulp_ulp_cmp_0/ulp_ulp_cmp_0/ulp_ulp_cmp_0_in_context.xdc] for cell 'ulp_cmp'
Parsing XDC File [/home/miahafiz/NeuroRing_a_4096_5c/_x.hw.NUM_4096.CORE_5.FREQ_300/link/vivado/vpl/prj/prj.gen/my_rm/bd/ulp/ip/ulp_ulp_ucs_0/ulp_ulp_ucs_0/ulp_ulp_ucs_0_in_context.xdc] for cell 'ulp_ucs'
Finished Parsing XDC File [/home/miahafiz/NeuroRing_a_4096_5c/_x.hw.NUM_4096.CORE_5.FREQ_300/link/vivado/vpl/prj/prj.gen/my_rm/bd/ulp/ip/ulp_ulp_ucs_0/ulp_ulp_ucs_0/ulp_ulp_ucs_0_in_context.xdc] for cell 'ulp_ucs'
Parsing XDC File [/home/miahafiz/NeuroRing_a_4096_5c/_x.hw.NUM_4096.CORE_5.FREQ_300/link/vivado/vpl/prj/prj.gen/my_rm/bd/ulp/ulp_ooc.xdc]
Finished Parsing XDC File [/home/miahafiz/NeuroRing_a_4096_5c/_x.hw.NUM_4096.CORE_5.FREQ_300/link/vivado/vpl/prj/prj.gen/my_rm/bd/ulp/ulp_ooc.xdc]
Parsing XDC File [/home/miahafiz/NeuroRing_a_4096_5c/_x.hw.NUM_4096.CORE_5.FREQ_300/link/vivado/vpl/prj/prj.runs/my_rm_synth_1/dont_touch.xdc]
Finished Parsing XDC File [/home/miahafiz/NeuroRing_a_4096_5c/_x.hw.NUM_4096.CORE_5.FREQ_300/link/vivado/vpl/prj/prj.runs/my_rm_synth_1/dont_touch.xdc]
Parsing XDC File [/home/miahafiz/NeuroRing_a_4096_5c/_x.hw.NUM_4096.CORE_5.FREQ_300/link/vivado/vpl/output/ulp_ooc_copy.xdc]
WARNING: [Constraints 18-619] A clock with name 'blp_s_aclk_ctrl_00' already exists, overwriting the previous clock with the same name. [/home/miahafiz/NeuroRing_a_4096_5c/_x.hw.NUM_4096.CORE_5.FREQ_300/link/vivado/vpl/output/ulp_ooc_copy.xdc:9]
WARNING: [Constraints 18-619] A clock with name 'blp_s_aclk_freerun_ref_00' already exists, overwriting the previous clock with the same name. [/home/miahafiz/NeuroRing_a_4096_5c/_x.hw.NUM_4096.CORE_5.FREQ_300/link/vivado/vpl/output/ulp_ooc_copy.xdc:10]
WARNING: [Constraints 18-619] A clock with name 'blp_s_aclk_pcie_00' already exists, overwriting the previous clock with the same name. [/home/miahafiz/NeuroRing_a_4096_5c/_x.hw.NUM_4096.CORE_5.FREQ_300/link/vivado/vpl/output/ulp_ooc_copy.xdc:11]
Finished Parsing XDC File [/home/miahafiz/NeuroRing_a_4096_5c/_x.hw.NUM_4096.CORE_5.FREQ_300/link/vivado/vpl/output/ulp_ooc_copy.xdc]
Completed Processing XDC Constraints

Netlist sorting complete. Time (s): cpu = 00:00:00 ; elapsed = 00:00:00 . Memory (MB): peak = 3618.051 ; gain = 0.000 ; free physical = 90318 ; free virtual = 165899
INFO: [Project 1-111] Unisim Transformation Summary:
No Unisim elements were transformed.

Constraint Validation Runtime : Time (s): cpu = 00:00:00.23 ; elapsed = 00:00:00.25 . Memory (MB): peak = 3618.086 ; gain = 0.000 ; free physical = 90830 ; free virtual = 166403
INFO: [Designutils 20-5008] Incremental synthesis strategy off
---------------------------------------------------------------------------------
Finished Constraint Validation : Time (s): cpu = 00:00:30 ; elapsed = 00:00:34 . Memory (MB): peak = 3618.086 ; gain = 242.277 ; free physical = 90467 ; free virtual = 166042
---------------------------------------------------------------------------------
---------------------------------------------------------------------------------
Start Loading Part and Timing Information
---------------------------------------------------------------------------------
Loading part: xcu55c-fsvh2892-2L-e
INFO: [Synth 8-6742] Reading net delay rules and data
---------------------------------------------------------------------------------
Finished Loading Part and Timing Information : Time (s): cpu = 00:00:30 ; elapsed = 00:00:34 . Memory (MB): peak = 3618.086 ; gain = 242.277 ; free physical = 90464 ; free virtual = 166039
---------------------------------------------------------------------------------
---------------------------------------------------------------------------------
Start Applying 'set_property' XDC Constraints
---------------------------------------------------------------------------------
---------------------------------------------------------------------------------
Finished applying 'set_property' XDC Constraints : Time (s): cpu = 00:00:30 ; elapsed = 00:00:35 . Memory (MB): peak = 3618.086 ; gain = 242.277 ; free physical = 90384 ; free virtual = 165959
---------------------------------------------------------------------------------
---------------------------------------------------------------------------------
Finished RTL Optimization Phase 2 : Time (s): cpu = 00:00:31 ; elapsed = 00:00:36 . Memory (MB): peak = 3618.086 ; gain = 242.277 ; free physical = 90307 ; free virtual = 165885
---------------------------------------------------------------------------------
---------------------------------------------------------------------------------
Start RTL Component Statistics 
---------------------------------------------------------------------------------
Detailed RTL Component Info : 
---------------------------------------------------------------------------------
Finished RTL Component Statistics 
---------------------------------------------------------------------------------
---------------------------------------------------------------------------------
Start Part Resource Summary
---------------------------------------------------------------------------------
Part Resources:
DSPs: 9024 (col length:94)
BRAMs: 4032 (col length: RAMB18 288 RAMB36 144)
---------------------------------------------------------------------------------
Finished Part Resource Summary
---------------------------------------------------------------------------------
---------------------------------------------------------------------------------
Start Cross Boundary and Area Optimization
---------------------------------------------------------------------------------
WARNING: [Synth 8-7080] Parallel synthesis criteria is not met
---------------------------------------------------------------------------------
Finished Cross Boundary and Area Optimization : Time (s): cpu = 00:00:33 ; elapsed = 00:00:38 . Memory (MB): peak = 3618.086 ; gain = 242.277 ; free physical = 92758 ; free virtual = 168336
---------------------------------------------------------------------------------
---------------------------------------------------------------------------------
Start Applying XDC Timing Constraints
---------------------------------------------------------------------------------
WARNING: [Synth 8-565] redefining clock 'blp_s_aclk_ctrl_00'
WARNING: [Synth 8-565] redefining clock 'blp_s_aclk_freerun_ref_00'
WARNING: [Synth 8-565] redefining clock 'blp_s_aclk_pcie_00'
---------------------------------------------------------------------------------
Finished Applying XDC Timing Constraints : Time (s): cpu = 00:00:41 ; elapsed = 00:00:46 . Memory (MB): peak = 4104.523 ; gain = 728.715 ; free physical = 94510 ; free virtual = 170088
---------------------------------------------------------------------------------
---------------------------------------------------------------------------------
Start Timing Optimization
---------------------------------------------------------------------------------
---------------------------------------------------------------------------------
Finished Timing Optimization : Time (s): cpu = 00:00:41 ; elapsed = 00:00:46 . Memory (MB): peak = 4115.523 ; gain = 739.715 ; free physical = 94989 ; free virtual = 170566
---------------------------------------------------------------------------------
---------------------------------------------------------------------------------
Start Technology Mapping
---------------------------------------------------------------------------------
---------------------------------------------------------------------------------
Finished Technology Mapping : Time (s): cpu = 00:00:42 ; elapsed = 00:00:47 . Memory (MB): peak = 4136.789 ; gain = 760.980 ; free physical = 94939 ; free virtual = 170515
---------------------------------------------------------------------------------
---------------------------------------------------------------------------------
Start IO Insertion
---------------------------------------------------------------------------------
---------------------------------------------------------------------------------
Start Flattening Before IO Insertion
---------------------------------------------------------------------------------
---------------------------------------------------------------------------------
Finished Flattening Before IO Insertion
---------------------------------------------------------------------------------
---------------------------------------------------------------------------------
Start Final Netlist Cleanup
---------------------------------------------------------------------------------
---------------------------------------------------------------------------------
Finished Final Netlist Cleanup
---------------------------------------------------------------------------------
---------------------------------------------------------------------------------
Finished IO Insertion : Time (s): cpu = 00:00:47 ; elapsed = 00:00:52 . Memory (MB): peak = 4295.602 ; gain = 919.793 ; free physical = 95542 ; free virtual = 171121
---------------------------------------------------------------------------------
---------------------------------------------------------------------------------
Start Renaming Generated Instances
---------------------------------------------------------------------------------
---------------------------------------------------------------------------------
Finished Renaming Generated Instances : Time (s): cpu = 00:00:47 ; elapsed = 00:00:52 . Memory (MB): peak = 4295.602 ; gain = 919.793 ; free physical = 95538 ; free virtual = 171117
---------------------------------------------------------------------------------
---------------------------------------------------------------------------------
Start Rebuilding User Hierarchy
---------------------------------------------------------------------------------
---------------------------------------------------------------------------------
Finished Rebuilding User Hierarchy : Time (s): cpu = 00:00:47 ; elapsed = 00:00:52 . Memory (MB): peak = 4295.602 ; gain = 919.793 ; free physical = 95513 ; free virtual = 171092
---------------------------------------------------------------------------------
---------------------------------------------------------------------------------
Start Renaming Generated Ports
---------------------------------------------------------------------------------
---------------------------------------------------------------------------------
Finished Renaming Generated Ports : Time (s): cpu = 00:00:47 ; elapsed = 00:00:52 . Memory (MB): peak = 4295.602 ; gain = 919.793 ; free physical = 95511 ; free virtual = 171090
---------------------------------------------------------------------------------
---------------------------------------------------------------------------------
Start Handling Custom Attributes
---------------------------------------------------------------------------------
---------------------------------------------------------------------------------
Finished Handling Custom Attributes : Time (s): cpu = 00:00:47 ; elapsed = 00:00:52 . Memory (MB): peak = 4295.602 ; gain = 919.793 ; free physical = 95480 ; free virtual = 171059
---------------------------------------------------------------------------------
---------------------------------------------------------------------------------
Start Renaming Generated Nets
---------------------------------------------------------------------------------
---------------------------------------------------------------------------------
Finished Renaming Generated Nets : Time (s): cpu = 00:00:47 ; elapsed = 00:00:52 . Memory (MB): peak = 4295.602 ; gain = 919.793 ; free physical = 95473 ; free virtual = 171052
---------------------------------------------------------------------------------
---------------------------------------------------------------------------------
Start Writing Synthesis Report
---------------------------------------------------------------------------------

Report BlackBoxes: 
+------+------------------------------------------------------+----------+
|      |BlackBox name                                         |Instances |
+------+------------------------------------------------------+----------+
|1     |ulp_NeuroRing_0_0                                     |         1|
|2     |ulp_NeuroRing_1_0                                     |         1|
|3     |ulp_NeuroRing_2_0                                     |         1|
|4     |ulp_NeuroRing_3_0                                     |         1|
|5     |ulp_NeuroRing_4_0                                     |         1|
|6     |ulp_SynapseRouter_0_0                                 |         1|
|7     |ulp_SynapseRouter_1_0                                 |         1|
|8     |ulp_SynapseRouter_2_0                                 |         1|
|9     |ulp_SynapseRouter_3_0                                 |         1|
|10    |ulp_SynapseRouter_4_0                                 |         1|
|11    |ulp_axi_ic_ctrl_mgmt_slr1_upgraded_ipi_imp_xbar_0     |         1|
|12    |ulp_axi_vip_data_0                                    |         1|
|13    |ulp_buffer_NeuroRing_0_SynapseStreamLeft_0            |         1|
|14    |ulp_buffer_NeuroRing_0_SynapseStreamRight_0           |         1|
|15    |ulp_buffer_NeuroRing_1_SynapseStreamLeft_0            |         1|
|16    |ulp_buffer_NeuroRing_1_SynapseStreamRight_0           |         1|
|17    |ulp_buffer_NeuroRing_2_SynapseStreamLeft_0            |         1|
|18    |ulp_buffer_NeuroRing_2_SynapseStreamRight_0           |         1|
|19    |ulp_buffer_NeuroRing_3_SynapseStreamLeft_0            |         1|
|20    |ulp_buffer_NeuroRing_3_SynapseStreamRight_0           |         1|
|21    |ulp_buffer_NeuroRing_4_SynapseStreamLeft_0            |         1|
|22    |ulp_buffer_NeuroRing_4_SynapseStreamRight_0           |         1|
|23    |ulp_buffer_SynapseRouter_0_SpikeOutWeight_0           |         1|
|24    |ulp_buffer_SynapseRouter_0_syn_forward_rt_left_0      |         1|
|25    |ulp_buffer_SynapseRouter_0_syn_forward_rt_right_0     |         1|
|26    |ulp_buffer_SynapseRouter_1_SpikeOutWeight_0           |         1|
|27    |ulp_buffer_SynapseRouter_1_syn_forward_rt_left_0      |         1|
|28    |ulp_buffer_SynapseRouter_1_syn_forward_rt_right_0     |         1|
|29    |ulp_buffer_SynapseRouter_2_SpikeOutWeight_0           |         1|
|30    |ulp_buffer_SynapseRouter_2_syn_forward_rt_left_0      |         1|
|31    |ulp_buffer_SynapseRouter_2_syn_forward_rt_right_0     |         1|
|32    |ulp_buffer_SynapseRouter_3_SpikeOutWeight_0           |         1|
|33    |ulp_buffer_SynapseRouter_3_syn_forward_rt_left_0      |         1|
|34    |ulp_buffer_SynapseRouter_3_syn_forward_rt_right_0     |         1|
|35    |ulp_buffer_SynapseRouter_4_SpikeOutWeight_0           |         1|
|36    |ulp_buffer_SynapseRouter_4_syn_forward_rt_left_0      |         1|
|37    |ulp_buffer_SynapseRouter_4_syn_forward_rt_right_0     |         1|
|38    |ulp_hmss_0_0                                          |         1|
|39    |ulp_ii_level0_wire_0                                  |         1|
|40    |ulp_proc_sys_reset_ctrl_slr0_0                        |         1|
|41    |ulp_proc_sys_reset_ctrl_slr1_0                        |         1|
|42    |ulp_proc_sys_reset_ctrl_slr2_0                        |         1|
|43    |ulp_proc_sys_reset_freerun_slr0_0                     |         1|
|44    |ulp_proc_sys_reset_freerun_slr1_0                     |         1|
|45    |ulp_proc_sys_reset_freerun_slr2_0                     |         1|
|46    |ulp_proc_sys_reset_kernel2_slr0_0                     |         1|
|47    |ulp_proc_sys_reset_kernel2_slr1_0                     |         1|
|48    |ulp_proc_sys_reset_kernel2_slr2_0                     |         1|
|49    |ulp_proc_sys_reset_kernel_slr0_0                      |         1|
|50    |ulp_proc_sys_reset_kernel_slr1_0                      |         1|
|51    |ulp_proc_sys_reset_kernel_slr2_0                      |         1|
|52    |ulp_ulp_cmp_0                                         |         1|
|53    |ulp_ulp_ucs_0                                         |         1|
|54    |ulp_axi_gpio_null_0                                   |         1|
|55    |ulp_axi_vip_ctrl_userpf_0                             |         1|
|56    |ulp_interconnect_axilite_user_upgraded_ipi_imp_xbar_0 |         1|
|57    |ulp_interconnect_axilite_user_imp_auto_cc_0           |         1|
|58    |ulp_interconnect_axilite_user_imp_m00_regslice_0      |         1|
|59    |ulp_interconnect_axilite_user_imp_auto_cc_1           |         1|
|60    |ulp_interconnect_axilite_user_imp_m01_regslice_0      |         1|
|61    |ulp_interconnect_axilite_user_imp_auto_cc_2           |         1|
|62    |ulp_interconnect_axilite_user_imp_m02_regslice_0      |         1|
|63    |ulp_interconnect_axilite_user_imp_auto_cc_3           |         1|
|64    |ulp_interconnect_axilite_user_imp_m03_regslice_0      |         1|
|65    |ulp_interconnect_axilite_user_imp_auto_cc_4           |         1|
|66    |ulp_interconnect_axilite_user_imp_m04_regslice_0      |         1|
|67    |ulp_interconnect_axilite_user_imp_auto_cc_5           |         1|
|68    |ulp_interconnect_axilite_user_imp_m05_regslice_0      |         1|
|69    |ulp_interconnect_axilite_user_imp_auto_cc_6           |         1|
|70    |ulp_interconnect_axilite_user_imp_m06_regslice_0      |         1|
|71    |ulp_interconnect_axilite_user_imp_auto_cc_7           |         1|
|72    |ulp_interconnect_axilite_user_imp_m07_regslice_0      |         1|
|73    |ulp_interconnect_axilite_user_imp_auto_cc_8           |         1|
|74    |ulp_interconnect_axilite_user_imp_m08_regslice_0      |         1|
|75    |ulp_interconnect_axilite_user_imp_auto_cc_9           |         1|
|76    |ulp_interconnect_axilite_user_imp_m09_regslice_0      |         1|
|77    |ulp_interconnect_axilite_user_imp_auto_cc_10          |         1|
|78    |ulp_interconnect_axilite_user_imp_m10_regslice_0      |         1|
|79    |ulp_interconnect_axilite_user_imp_s00_regslice_0      |         1|
|80    |ulp_regslice_control_userpf_0                         |         1|
|81    |ulp_axi_gpio_null_1                                   |         1|
|82    |ulp_axi_vip_ctrl_userpf_1                             |         1|
|83    |ulp_interconnect_axilite_user_imp_auto_cc_11          |         1|
|84    |ulp_interconnect_axilite_user_imp_s00_regslice_1      |         1|
|85    |ulp_regslice_control_userpf_1                         |         1|
|86    |ulp_axi_gpio_null_2                                   |         1|
|87    |ulp_axi_vip_ctrl_userpf_2                             |         1|
|88    |ulp_interconnect_axilite_user_imp_auto_cc_12          |         1|
|89    |ulp_interconnect_axilite_user_imp_s00_regslice_2      |         1|
|90    |ulp_regslice_control_userpf_2                         |         1|
+------+------------------------------------------------------+----------+

Report Cell Usage: 
+------+----------------------------------------------------+------+
|      |Cell                                                |Count |
+------+----------------------------------------------------+------+
|1     |ulp_NeuroRing_0                                     |     1|
|2     |ulp_NeuroRing_1                                     |     1|
|3     |ulp_NeuroRing_2                                     |     1|
|4     |ulp_NeuroRing_3                                     |     1|
|5     |ulp_NeuroRing_4                                     |     1|
|6     |ulp_SynapseRouter_0                                 |     1|
|7     |ulp_SynapseRouter_1                                 |     1|
|8     |ulp_SynapseRouter_2                                 |     1|
|9     |ulp_SynapseRouter_3                                 |     1|
|10    |ulp_SynapseRouter_4                                 |     1|
|11    |ulp_axi_gpio_null                                   |     3|
|14    |ulp_axi_ic_ctrl_mgmt_slr1_upgraded_ipi_imp_xbar     |     1|
|15    |ulp_axi_vip_ctrl_userpf                             |     3|
|18    |ulp_axi_vip_data                                    |     1|
|19    |ulp_buffer_NeuroRing_0_SynapseStreamLeft            |     1|
|20    |ulp_buffer_NeuroRing_0_SynapseStreamRight           |     1|
|21    |ulp_buffer_NeuroRing_1_SynapseStreamLeft            |     1|
|22    |ulp_buffer_NeuroRing_1_SynapseStreamRight           |     1|
|23    |ulp_buffer_NeuroRing_2_SynapseStreamLeft            |     1|
|24    |ulp_buffer_NeuroRing_2_SynapseStreamRight           |     1|
|25    |ulp_buffer_NeuroRing_3_SynapseStreamLeft            |     1|
|26    |ulp_buffer_NeuroRing_3_SynapseStreamRight           |     1|
|27    |ulp_buffer_NeuroRing_4_SynapseStreamLeft            |     1|
|28    |ulp_buffer_NeuroRing_4_SynapseStreamRight           |     1|
|29    |ulp_buffer_SynapseRouter_0_SpikeOutWeight           |     1|
|30    |ulp_buffer_SynapseRouter_0_syn_forward_rt_left      |     1|
|31    |ulp_buffer_SynapseRouter_0_syn_forward_rt_right     |     1|
|32    |ulp_buffer_SynapseRouter_1_SpikeOutWeight           |     1|
|33    |ulp_buffer_SynapseRouter_1_syn_forward_rt_left      |     1|
|34    |ulp_buffer_SynapseRouter_1_syn_forward_rt_right     |     1|
|35    |ulp_buffer_SynapseRouter_2_SpikeOutWeight           |     1|
|36    |ulp_buffer_SynapseRouter_2_syn_forward_rt_left      |     1|
|37    |ulp_buffer_SynapseRouter_2_syn_forward_rt_right     |     1|
|38    |ulp_buffer_SynapseRouter_3_SpikeOutWeight           |     1|
|39    |ulp_buffer_SynapseRouter_3_syn_forward_rt_left      |     1|
|40    |ulp_buffer_SynapseRouter_3_syn_forward_rt_right     |     1|
|41    |ulp_buffer_SynapseRouter_4_SpikeOutWeight           |     1|
|42    |ulp_buffer_SynapseRouter_4_syn_forward_rt_left      |     1|
|43    |ulp_buffer_SynapseRouter_4_syn_forward_rt_right     |     1|
|44    |ulp_hmss_0                                          |     1|
|45    |ulp_ii_level0_wire                                  |     1|
|46    |ulp_interconnect_axilite_user_imp_auto_cc           |    13|
|59    |ulp_interconnect_axilite_user_imp_m00_regslice      |     1|
|60    |ulp_interconnect_axilite_user_imp_m01_regslice      |     1|
|61    |ulp_interconnect_axilite_user_imp_m02_regslice      |     1|
|62    |ulp_interconnect_axilite_user_imp_m03_regslice      |     1|
|63    |ulp_interconnect_axilite_user_imp_m04_regslice      |     1|
|64    |ulp_interconnect_axilite_user_imp_m05_regslice      |     1|
|65    |ulp_interconnect_axilite_user_imp_m06_regslice      |     1|
|66    |ulp_interconnect_axilite_user_imp_m07_regslice      |     1|
|67    |ulp_interconnect_axilite_user_imp_m08_regslice      |     1|
|68    |ulp_interconnect_axilite_user_imp_m09_regslice      |     1|
|69    |ulp_interconnect_axilite_user_imp_m10_regslice      |     1|
|70    |ulp_interconnect_axilite_user_imp_s00_regslice      |     3|
|73    |ulp_interconnect_axilite_user_upgraded_ipi_imp_xbar |     1|
|74    |ulp_proc_sys_reset_ctrl_slr0                        |     1|
|75    |ulp_proc_sys_reset_ctrl_slr1                        |     1|
|76    |ulp_proc_sys_reset_ctrl_slr2                        |     1|
|77    |ulp_proc_sys_reset_freerun_slr0                     |     1|
|78    |ulp_proc_sys_reset_freerun_slr1                     |     1|
|79    |ulp_proc_sys_reset_freerun_slr2                     |     1|
|80    |ulp_proc_sys_reset_kernel2_slr0                     |     1|
|81    |ulp_proc_sys_reset_kernel2_slr1                     |     1|
|82    |ulp_proc_sys_reset_kernel2_slr2                     |     1|
|83    |ulp_proc_sys_reset_kernel_slr0                      |     1|
|84    |ulp_proc_sys_reset_kernel_slr1                      |     1|
|85    |ulp_proc_sys_reset_kernel_slr2                      |     1|
|86    |ulp_regslice_control_userpf                         |     3|
|89    |ulp_ulp_cmp                                         |     1|
|90    |ulp_ulp_ucs                                         |     1|
+------+----------------------------------------------------+------+
---------------------------------------------------------------------------------
Finished Writing Synthesis Report : Time (s): cpu = 00:00:47 ; elapsed = 00:00:52 . Memory (MB): peak = 4295.602 ; gain = 919.793 ; free physical = 95470 ; free virtual = 171049
---------------------------------------------------------------------------------
Synthesis finished with 0 errors, 0 critical warnings and 117 warnings.
Synthesis Optimization Runtime : Time (s): cpu = 00:00:33 ; elapsed = 00:00:36 . Memory (MB): peak = 4295.602 ; gain = 892.516 ; free physical = 95333 ; free virtual = 170913
Synthesis Optimization Complete : Time (s): cpu = 00:00:47 ; elapsed = 00:00:53 . Memory (MB): peak = 4295.602 ; gain = 919.793 ; free physical = 95333 ; free virtual = 170912
INFO: [Project 1-571] Translating synthesized netlist
Netlist sorting complete. Time (s): cpu = 00:00:00.18 ; elapsed = 00:00:00.19 . Memory (MB): peak = 4295.602 ; gain = 0.000 ; free physical = 95349 ; free virtual = 170965
INFO: [Project 1-570] Preparing netlist for logic optimization
INFO: [Opt 31-138] Pushed 0 inverter(s) to 0 load pin(s).
Netlist sorting complete. Time (s): cpu = 00:00:00 ; elapsed = 00:00:00 . Memory (MB): peak = 4295.602 ; gain = 0.000 ; free physical = 96030 ; free virtual = 171665
INFO: [Project 1-111] Unisim Transformation Summary:
No Unisim elements were transformed.

Synth Design complete | Checksum: c47039ff
INFO: [Common 17-83] Releasing license: Synthesis
227 Infos, 254 Warnings, 0 Critical Warnings and 0 Errors encountered.
synth_design completed successfully
synth_design: Time (s): cpu = 00:01:11 ; elapsed = 00:01:19 . Memory (MB): peak = 4295.602 ; gain = 2532.547 ; free physical = 95644 ; free virtual = 171293
INFO: [Common 17-2834] synth_design peak Physical Memory [PSS] (MB): overall = 3375.271; main = 3226.383; forked = 185.165
INFO: [Common 17-2834] synth_design peak Virtual Memory [VSS] (MB): overall = 5197.996; main = 4267.906; forked = 955.203
INFO: [Coretcl 2-1174] Renamed 17 cell refs.
INFO: [Common 17-1381] The checkpoint '/home/miahafiz/NeuroRing_a_4096_5c/_x.hw.NUM_4096.CORE_5.FREQ_300/link/vivado/vpl/prj/prj.runs/my_rm_synth_1/ulp.dcp' has been generated.
INFO: [Common 17-206] Exiting Vivado at Fri Feb 27 06:08:38 2026...
