
*** Running vivado
    with args -log ulp.vds -m64 -product Vivado -mode batch -messageDb vivado.pb -notrace -source ulp.tcl


****** Vivado v2025.1 (64-bit)
  **** SW Build 6140274 on Wed May 21 22:58:25 MDT 2025
  **** IP Build 6138677 on Thu May 22 03:10:11 MDT 2025
  **** SharedData Build 6139179 on Tue May 20 17:58:58 MDT 2025
  **** Start of session at: Wed Feb 25 13:07:12 2026
    ** Copyright 1986-2022 Xilinx, Inc. All Rights Reserved.
    ** Copyright 2022-2025 Advanced Micro Devices, Inc. All Rights Reserved.

source ulp.tcl -notrace
INFO: Dispatch client connection id - 42293
create_project: Time (s): cpu = 00:00:10 ; elapsed = 00:00:11 . Memory (MB): peak = 1539.781 ; gain = 0.023 ; free physical = 106523 ; free virtual = 182422
INFO: [IP_Flow 19-234] Refreshing IP repositories
INFO: [IP_Flow 19-1700] Loaded user IP repository '/home/miahafiz/NeuroRing_a_sudoku_v2/_x.hw.NUM_4096.CORE_10.FREQ_300/link/int/xo/ip_repo/xilinx_com_hls_SynapseRouter_1_0'.
INFO: [IP_Flow 19-1700] Loaded user IP repository '/home/miahafiz/NeuroRing_a_sudoku_v2/_x.hw.NUM_4096.CORE_10.FREQ_300/link/int/xo/ip_repo/xilinx_com_hls_NeuroRing_Poisson_1_0'.
INFO: [IP_Flow 19-1700] Loaded user IP repository '/home/miahafiz/NeuroRing_a_sudoku_v2/_x.hw.NUM_4096.CORE_10.FREQ_300/link/int/xo/ip_repo/xilinx_com_hls_NeuroRing_1_0'.
INFO: [IP_Flow 19-1700] Loaded user IP repository '/home/miahafiz/NeuroRing_a_sudoku_v2/_x.hw.NUM_4096.CORE_10.FREQ_300/link/vivado/vpl/.local/hw_platform/iprepo'.
INFO: [IP_Flow 19-1700] Loaded user IP repository '/opt/xilinx/2025.1/Vitis/data/cache/xilinx'.
INFO: [IP_Flow 19-1700] Loaded user IP repository '/home/miahafiz/NeuroRing_a_sudoku_v2/_x.hw.NUM_4096.CORE_10.FREQ_300/link/vivado/vpl/.local/hw_platform/ipcache'.
INFO: [IP_Flow 19-1700] Loaded user IP repository '/opt/xilinx/2025.1/Vitis/data/vitis/ip'.
INFO: [IP_Flow 19-2313] Loaded Vivado IP repository '/opt/xilinx/2025.1/Vivado/data/ip'.
WARNING: [IP_Flow 19-1663] Duplicate IP found for 'xilinx.com:ip:axi_clk_metadata_adapter:1.0'. The one found in IP location '/home/miahafiz/NeuroRing_a_sudoku_v2/_x.hw.NUM_4096.CORE_10.FREQ_300/link/vivado/vpl/.local/hw_platform/iprepo/ipdefs/other_ipdefs/axi_clk_metadata_adapter_v1_0' will take precedence over the same IP in location /home/miahafiz/NeuroRing_a_sudoku_v2/_x.hw.NUM_4096.CORE_10.FREQ_300/link/vivado/vpl/.local/hw_platform/iprepo/ipdefs/pxi_ii_infra/axi_clk_metadata_adapter_v1_0
WARNING: [IP_Flow 19-1663] Duplicate IP found for 'xilinx.com:ip:axis_clk_metadata_adapter:1.0'. The one found in IP location '/home/miahafiz/NeuroRing_a_sudoku_v2/_x.hw.NUM_4096.CORE_10.FREQ_300/link/vivado/vpl/.local/hw_platform/iprepo/ipdefs/other_ipdefs/axis_clk_metadata_adapter_v1_0' will take precedence over the same IP in location /home/miahafiz/NeuroRing_a_sudoku_v2/_x.hw.NUM_4096.CORE_10.FREQ_300/link/vivado/vpl/.local/hw_platform/iprepo/ipdefs/pxi_ii_infra/axis_clk_metadata_adapter_v1_0
WARNING: [IP_Flow 19-1663] Duplicate IP found for 'xilinx.com:ip:clk_metadata_adapter:1.0'. The one found in IP location '/home/miahafiz/NeuroRing_a_sudoku_v2/_x.hw.NUM_4096.CORE_10.FREQ_300/link/vivado/vpl/.local/hw_platform/iprepo/ipdefs/other_ipdefs/clk_metadata_adapter_v1_0' will take precedence over the same IP in location /home/miahafiz/NeuroRing_a_sudoku_v2/_x.hw.NUM_4096.CORE_10.FREQ_300/link/vivado/vpl/.local/hw_platform/iprepo/ipdefs/pxi_ii_infra/clk_metadata_adapter_v1_0
WARNING: [IP_Flow 19-1663] Duplicate IP found for 'xilinx.com:ip:pipeline_reg:1.0'. The one found in IP location '/home/miahafiz/NeuroRing_a_sudoku_v2/_x.hw.NUM_4096.CORE_10.FREQ_300/link/vivado/vpl/.local/hw_platform/iprepo/ipdefs/other_ipdefs/pipeline_reg_v1_0' will take precedence over the same IP in location /home/miahafiz/NeuroRing_a_sudoku_v2/_x.hw.NUM_4096.CORE_10.FREQ_300/link/vivado/vpl/.local/hw_platform/iprepo/ipdefs/pxi_ii_infra/pipeline_reg_v1_0
INFO: [Project 1-5698] Found the below utility IPs instantiated in block design /home/miahafiz/NeuroRing_a_sudoku_v2/_x.hw.NUM_4096.CORE_10.FREQ_300/link/vivado/vpl/prj/prj.srcs/my_rm/bd/ulp/ulp.bd which have equivalent inline hdl with improved performance and reduced diskspace.
It is recommended to migrate these utility IPs to inline hdl  using the command upgrade_project -migrate_to_inline_hdl.  The utility IPs may be deprecated in future releases.
More information on inline hdl is available in UG994.
Utility IP Component Instances:
 ulp_satellite_gpio_slice_1_0
ulp_ii_level0_wire_ulp_s_irq_cu_00_1_interrupt_concat_0
ulp_ii_level0_wire_ulp_s_irq_cu_00_1_interrupt_concat_0_0
ulp_ii_level0_wire_ulp_s_irq_cu_00_1_interrupt_concat_1_0
ulp_ii_level0_wire_ulp_s_irq_cu_00_1_interrupt_concat_2_0
ulp_ii_level0_wire_ulp_s_irq_cu_00_1_interrupt_concat_3_0
ulp_irq_const_tieoff_0
add_files: Time (s): cpu = 00:00:07 ; elapsed = 00:00:11 . Memory (MB): peak = 1725.680 ; gain = 31.812 ; free physical = 112471 ; free virtual = 188439
Command: synth_design -top ulp -part xcu55c-fsvh2892-2L-e -incremental_mode off -mode out_of_context
Starting synth_design
Attempting to get a license for feature 'Synthesis' and/or device 'xcu55c'
INFO: [Common 17-349] Got license for feature 'Synthesis' and/or device 'xcu55c'
INFO: [Device 21-403] Loading part xcu55c-fsvh2892-2L-e
INFO: [Synth 8-7079] Multithreading enabled for synth_design using a maximum of 1 processes.
INFO: [Synth 8-7078] Launching helper process for spawning children vivado processes
INFO: [Synth 8-7075] Helper process launched with PID 1400593
---------------------------------------------------------------------------------
Starting RTL Elaboration : Time (s): cpu = 00:00:05 ; elapsed = 00:00:06 . Memory (MB): peak = 3410.918 ; gain = 288.691 ; free physical = 107721 ; free virtual = 183726
---------------------------------------------------------------------------------
INFO: [Synth 8-6157] synthesizing module 'ulp' [/home/miahafiz/NeuroRing_a_sudoku_v2/_x.hw.NUM_4096.CORE_10.FREQ_300/link/vivado/vpl/prj/prj.gen/my_rm/bd/ulp/synth/ulp.v:3270]
INFO: [Synth 8-6157] synthesizing module 'ulp_NeuroRing_0_0' [/home/miahafiz/NeuroRing_a_sudoku_v2/_x.hw.NUM_4096.CORE_10.FREQ_300/link/vivado/vpl/prj/prj.runs/my_rm_synth_1/.Xil/Vivado-1398850-cyberdeck/realtime/ulp_NeuroRing_0_0_stub.v:6]
INFO: [Synth 8-6155] done synthesizing module 'ulp_NeuroRing_0_0' (0#1) [/home/miahafiz/NeuroRing_a_sudoku_v2/_x.hw.NUM_4096.CORE_10.FREQ_300/link/vivado/vpl/prj/prj.runs/my_rm_synth_1/.Xil/Vivado-1398850-cyberdeck/realtime/ulp_NeuroRing_0_0_stub.v:6]
WARNING: [Synth 8-7071] port 'm_axi_gmem_syn_ARREGION' of module 'ulp_NeuroRing_0_0' is unconnected for instance 'NeuroRing_0' [/home/miahafiz/NeuroRing_a_sudoku_v2/_x.hw.NUM_4096.CORE_10.FREQ_300/link/vivado/vpl/prj/prj.gen/my_rm/bd/ulp/synth/ulp.v:4334]
WARNING: [Synth 8-7071] port 'm_axi_gmem_syn_AWREGION' of module 'ulp_NeuroRing_0_0' is unconnected for instance 'NeuroRing_0' [/home/miahafiz/NeuroRing_a_sudoku_v2/_x.hw.NUM_4096.CORE_10.FREQ_300/link/vivado/vpl/prj/prj.gen/my_rm/bd/ulp/synth/ulp.v:4334]
WARNING: [Synth 8-7071] port 'm_axi_gmem_syn_WID' of module 'ulp_NeuroRing_0_0' is unconnected for instance 'NeuroRing_0' [/home/miahafiz/NeuroRing_a_sudoku_v2/_x.hw.NUM_4096.CORE_10.FREQ_300/link/vivado/vpl/prj/prj.gen/my_rm/bd/ulp/synth/ulp.v:4334]
WARNING: [Synth 8-7023] instance 'NeuroRing_0' of module 'ulp_NeuroRing_0_0' has 78 connections declared, but only 75 given [/home/miahafiz/NeuroRing_a_sudoku_v2/_x.hw.NUM_4096.CORE_10.FREQ_300/link/vivado/vpl/prj/prj.gen/my_rm/bd/ulp/synth/ulp.v:4334]
INFO: [Synth 8-6157] synthesizing module 'ulp_NeuroRing_Poisson_0_0' [/home/miahafiz/NeuroRing_a_sudoku_v2/_x.hw.NUM_4096.CORE_10.FREQ_300/link/vivado/vpl/prj/prj.runs/my_rm_synth_1/.Xil/Vivado-1398850-cyberdeck/realtime/ulp_NeuroRing_Poisson_0_0_stub.v:6]
INFO: [Synth 8-6155] done synthesizing module 'ulp_NeuroRing_Poisson_0_0' (0#1) [/home/miahafiz/NeuroRing_a_sudoku_v2/_x.hw.NUM_4096.CORE_10.FREQ_300/link/vivado/vpl/prj/prj.runs/my_rm_synth_1/.Xil/Vivado-1398850-cyberdeck/realtime/ulp_NeuroRing_Poisson_0_0_stub.v:6]
WARNING: [Synth 8-7071] port 'm_axi_gmem_syn_ARREGION' of module 'ulp_NeuroRing_Poisson_0_0' is unconnected for instance 'NeuroRing_Poisson_0' [/home/miahafiz/NeuroRing_a_sudoku_v2/_x.hw.NUM_4096.CORE_10.FREQ_300/link/vivado/vpl/prj/prj.gen/my_rm/bd/ulp/synth/ulp.v:4410]
WARNING: [Synth 8-7071] port 'm_axi_gmem_syn_AWREGION' of module 'ulp_NeuroRing_Poisson_0_0' is unconnected for instance 'NeuroRing_Poisson_0' [/home/miahafiz/NeuroRing_a_sudoku_v2/_x.hw.NUM_4096.CORE_10.FREQ_300/link/vivado/vpl/prj/prj.gen/my_rm/bd/ulp/synth/ulp.v:4410]
WARNING: [Synth 8-7071] port 'm_axi_gmem_syn_WID' of module 'ulp_NeuroRing_Poisson_0_0' is unconnected for instance 'NeuroRing_Poisson_0' [/home/miahafiz/NeuroRing_a_sudoku_v2/_x.hw.NUM_4096.CORE_10.FREQ_300/link/vivado/vpl/prj/prj.gen/my_rm/bd/ulp/synth/ulp.v:4410]
WARNING: [Synth 8-7023] instance 'NeuroRing_Poisson_0' of module 'ulp_NeuroRing_Poisson_0_0' has 78 connections declared, but only 75 given [/home/miahafiz/NeuroRing_a_sudoku_v2/_x.hw.NUM_4096.CORE_10.FREQ_300/link/vivado/vpl/prj/prj.gen/my_rm/bd/ulp/synth/ulp.v:4410]
INFO: [Synth 8-6157] synthesizing module 'SLR0_imp_NYMDU0' [/home/miahafiz/NeuroRing_a_sudoku_v2/_x.hw.NUM_4096.CORE_10.FREQ_300/link/vivado/vpl/prj/prj.gen/my_rm/bd/ulp/synth/ulp.v:13]
INFO: [Synth 8-6157] synthesizing module 'ulp_axi_gpio_null_0' [/home/miahafiz/NeuroRing_a_sudoku_v2/_x.hw.NUM_4096.CORE_10.FREQ_300/link/vivado/vpl/prj/prj.runs/my_rm_synth_1/.Xil/Vivado-1398850-cyberdeck/realtime/ulp_axi_gpio_null_0_stub.v:6]
INFO: [Synth 8-6155] done synthesizing module 'ulp_axi_gpio_null_0' (0#1) [/home/miahafiz/NeuroRing_a_sudoku_v2/_x.hw.NUM_4096.CORE_10.FREQ_300/link/vivado/vpl/prj/prj.runs/my_rm_synth_1/.Xil/Vivado-1398850-cyberdeck/realtime/ulp_axi_gpio_null_0_stub.v:6]
WARNING: [Synth 8-7071] port 'gpio_io_o' of module 'ulp_axi_gpio_null_0' is unconnected for instance 'axi_gpio_null' [/home/miahafiz/NeuroRing_a_sudoku_v2/_x.hw.NUM_4096.CORE_10.FREQ_300/link/vivado/vpl/prj/prj.gen/my_rm/bd/ulp/synth/ulp.v:354]
WARNING: [Synth 8-7071] port 'gpio_io_t' of module 'ulp_axi_gpio_null_0' is unconnected for instance 'axi_gpio_null' [/home/miahafiz/NeuroRing_a_sudoku_v2/_x.hw.NUM_4096.CORE_10.FREQ_300/link/vivado/vpl/prj/prj.gen/my_rm/bd/ulp/synth/ulp.v:354]
WARNING: [Synth 8-7023] instance 'axi_gpio_null' of module 'ulp_axi_gpio_null_0' has 22 connections declared, but only 20 given [/home/miahafiz/NeuroRing_a_sudoku_v2/_x.hw.NUM_4096.CORE_10.FREQ_300/link/vivado/vpl/prj/prj.gen/my_rm/bd/ulp/synth/ulp.v:354]
INFO: [Synth 8-6157] synthesizing module 'ulp_axi_vip_ctrl_userpf_0' [/home/miahafiz/NeuroRing_a_sudoku_v2/_x.hw.NUM_4096.CORE_10.FREQ_300/link/vivado/vpl/prj/prj.runs/my_rm_synth_1/.Xil/Vivado-1398850-cyberdeck/realtime/ulp_axi_vip_ctrl_userpf_0_stub.v:6]
INFO: [Synth 8-6155] done synthesizing module 'ulp_axi_vip_ctrl_userpf_0' (0#1) [/home/miahafiz/NeuroRing_a_sudoku_v2/_x.hw.NUM_4096.CORE_10.FREQ_300/link/vivado/vpl/prj/prj.runs/my_rm_synth_1/.Xil/Vivado-1398850-cyberdeck/realtime/ulp_axi_vip_ctrl_userpf_0_stub.v:6]
INFO: [Synth 8-6157] synthesizing module 'ulp_interconnect_axilite_user_0' [/home/miahafiz/NeuroRing_a_sudoku_v2/_x.hw.NUM_4096.CORE_10.FREQ_300/link/vivado/vpl/prj/prj.gen/my_rm/bd/ulp/synth/ulp.v:6234]
INFO: [Synth 8-6157] synthesizing module 'm00_couplers_imp_G77R79' [/home/miahafiz/NeuroRing_a_sudoku_v2/_x.hw.NUM_4096.CORE_10.FREQ_300/link/vivado/vpl/prj/prj.gen/my_rm/bd/ulp/synth/ulp.v:1276]
INFO: [Synth 8-6157] synthesizing module 'ulp_interconnect_axilite_user_imp_auto_cc_0' [/home/miahafiz/NeuroRing_a_sudoku_v2/_x.hw.NUM_4096.CORE_10.FREQ_300/link/vivado/vpl/prj/prj.runs/my_rm_synth_1/.Xil/Vivado-1398850-cyberdeck/realtime/ulp_interconnect_axilite_user_imp_auto_cc_0_stub.v:6]
INFO: [Synth 8-6155] done synthesizing module 'ulp_interconnect_axilite_user_imp_auto_cc_0' (0#1) [/home/miahafiz/NeuroRing_a_sudoku_v2/_x.hw.NUM_4096.CORE_10.FREQ_300/link/vivado/vpl/prj/prj.runs/my_rm_synth_1/.Xil/Vivado-1398850-cyberdeck/realtime/ulp_interconnect_axilite_user_imp_auto_cc_0_stub.v:6]
INFO: [Synth 8-6157] synthesizing module 'ulp_interconnect_axilite_user_imp_m00_regslice_0' [/home/miahafiz/NeuroRing_a_sudoku_v2/_x.hw.NUM_4096.CORE_10.FREQ_300/link/vivado/vpl/prj/prj.runs/my_rm_synth_1/.Xil/Vivado-1398850-cyberdeck/realtime/ulp_interconnect_axilite_user_imp_m00_regslice_0_stub.v:6]
INFO: [Synth 8-6155] done synthesizing module 'ulp_interconnect_axilite_user_imp_m00_regslice_0' (0#1) [/home/miahafiz/NeuroRing_a_sudoku_v2/_x.hw.NUM_4096.CORE_10.FREQ_300/link/vivado/vpl/prj/prj.runs/my_rm_synth_1/.Xil/Vivado-1398850-cyberdeck/realtime/ulp_interconnect_axilite_user_imp_m00_regslice_0_stub.v:6]
WARNING: [Synth 8-7071] port 'm_axi_awprot' of module 'ulp_interconnect_axilite_user_imp_m00_regslice_0' is unconnected for instance 'm00_regslice' [/home/miahafiz/NeuroRing_a_sudoku_v2/_x.hw.NUM_4096.CORE_10.FREQ_300/link/vivado/vpl/prj/prj.gen/my_rm/bd/ulp/synth/ulp.v:1461]
WARNING: [Synth 8-7071] port 'm_axi_arprot' of module 'ulp_interconnect_axilite_user_imp_m00_regslice_0' is unconnected for instance 'm00_regslice' [/home/miahafiz/NeuroRing_a_sudoku_v2/_x.hw.NUM_4096.CORE_10.FREQ_300/link/vivado/vpl/prj/prj.gen/my_rm/bd/ulp/synth/ulp.v:1461]
WARNING: [Synth 8-7023] instance 'm00_regslice' of module 'ulp_interconnect_axilite_user_imp_m00_regslice_0' has 40 connections declared, but only 38 given [/home/miahafiz/NeuroRing_a_sudoku_v2/_x.hw.NUM_4096.CORE_10.FREQ_300/link/vivado/vpl/prj/prj.gen/my_rm/bd/ulp/synth/ulp.v:1461]
INFO: [Synth 8-6155] done synthesizing module 'm00_couplers_imp_G77R79' (0#1) [/home/miahafiz/NeuroRing_a_sudoku_v2/_x.hw.NUM_4096.CORE_10.FREQ_300/link/vivado/vpl/prj/prj.gen/my_rm/bd/ulp/synth/ulp.v:1276]
INFO: [Synth 8-6157] synthesizing module 'm01_couplers_imp_1SCZP4G' [/home/miahafiz/NeuroRing_a_sudoku_v2/_x.hw.NUM_4096.CORE_10.FREQ_300/link/vivado/vpl/prj/prj.gen/my_rm/bd/ulp/synth/ulp.v:1502]
INFO: [Synth 8-6157] synthesizing module 'ulp_interconnect_axilite_user_imp_auto_cc_1' [/home/miahafiz/NeuroRing_a_sudoku_v2/_x.hw.NUM_4096.CORE_10.FREQ_300/link/vivado/vpl/prj/prj.runs/my_rm_synth_1/.Xil/Vivado-1398850-cyberdeck/realtime/ulp_interconnect_axilite_user_imp_auto_cc_1_stub.v:6]
INFO: [Synth 8-6155] done synthesizing module 'ulp_interconnect_axilite_user_imp_auto_cc_1' (0#1) [/home/miahafiz/NeuroRing_a_sudoku_v2/_x.hw.NUM_4096.CORE_10.FREQ_300/link/vivado/vpl/prj/prj.runs/my_rm_synth_1/.Xil/Vivado-1398850-cyberdeck/realtime/ulp_interconnect_axilite_user_imp_auto_cc_1_stub.v:6]
INFO: [Synth 8-6157] synthesizing module 'ulp_interconnect_axilite_user_imp_m01_regslice_0' [/home/miahafiz/NeuroRing_a_sudoku_v2/_x.hw.NUM_4096.CORE_10.FREQ_300/link/vivado/vpl/prj/prj.runs/my_rm_synth_1/.Xil/Vivado-1398850-cyberdeck/realtime/ulp_interconnect_axilite_user_imp_m01_regslice_0_stub.v:6]
INFO: [Synth 8-6155] done synthesizing module 'ulp_interconnect_axilite_user_imp_m01_regslice_0' (0#1) [/home/miahafiz/NeuroRing_a_sudoku_v2/_x.hw.NUM_4096.CORE_10.FREQ_300/link/vivado/vpl/prj/prj.runs/my_rm_synth_1/.Xil/Vivado-1398850-cyberdeck/realtime/ulp_interconnect_axilite_user_imp_m01_regslice_0_stub.v:6]
WARNING: [Synth 8-7071] port 'm_axi_awprot' of module 'ulp_interconnect_axilite_user_imp_m01_regslice_0' is unconnected for instance 'm01_regslice' [/home/miahafiz/NeuroRing_a_sudoku_v2/_x.hw.NUM_4096.CORE_10.FREQ_300/link/vivado/vpl/prj/prj.gen/my_rm/bd/ulp/synth/ulp.v:1687]
WARNING: [Synth 8-7071] port 'm_axi_arprot' of module 'ulp_interconnect_axilite_user_imp_m01_regslice_0' is unconnected for instance 'm01_regslice' [/home/miahafiz/NeuroRing_a_sudoku_v2/_x.hw.NUM_4096.CORE_10.FREQ_300/link/vivado/vpl/prj/prj.gen/my_rm/bd/ulp/synth/ulp.v:1687]
WARNING: [Synth 8-7023] instance 'm01_regslice' of module 'ulp_interconnect_axilite_user_imp_m01_regslice_0' has 40 connections declared, but only 38 given [/home/miahafiz/NeuroRing_a_sudoku_v2/_x.hw.NUM_4096.CORE_10.FREQ_300/link/vivado/vpl/prj/prj.gen/my_rm/bd/ulp/synth/ulp.v:1687]
INFO: [Synth 8-6155] done synthesizing module 'm01_couplers_imp_1SCZP4G' (0#1) [/home/miahafiz/NeuroRing_a_sudoku_v2/_x.hw.NUM_4096.CORE_10.FREQ_300/link/vivado/vpl/prj/prj.gen/my_rm/bd/ulp/synth/ulp.v:1502]
INFO: [Synth 8-6157] synthesizing module 'm02_couplers_imp_P1GSHQ' [/home/miahafiz/NeuroRing_a_sudoku_v2/_x.hw.NUM_4096.CORE_10.FREQ_300/link/vivado/vpl/prj/prj.gen/my_rm/bd/ulp/synth/ulp.v:1843]
INFO: [Synth 8-6157] synthesizing module 'ulp_interconnect_axilite_user_imp_auto_cc_2' [/home/miahafiz/NeuroRing_a_sudoku_v2/_x.hw.NUM_4096.CORE_10.FREQ_300/link/vivado/vpl/prj/prj.runs/my_rm_synth_1/.Xil/Vivado-1398850-cyberdeck/realtime/ulp_interconnect_axilite_user_imp_auto_cc_2_stub.v:6]
INFO: [Synth 8-6155] done synthesizing module 'ulp_interconnect_axilite_user_imp_auto_cc_2' (0#1) [/home/miahafiz/NeuroRing_a_sudoku_v2/_x.hw.NUM_4096.CORE_10.FREQ_300/link/vivado/vpl/prj/prj.runs/my_rm_synth_1/.Xil/Vivado-1398850-cyberdeck/realtime/ulp_interconnect_axilite_user_imp_auto_cc_2_stub.v:6]
INFO: [Synth 8-6157] synthesizing module 'ulp_interconnect_axilite_user_imp_m02_regslice_0' [/home/miahafiz/NeuroRing_a_sudoku_v2/_x.hw.NUM_4096.CORE_10.FREQ_300/link/vivado/vpl/prj/prj.runs/my_rm_synth_1/.Xil/Vivado-1398850-cyberdeck/realtime/ulp_interconnect_axilite_user_imp_m02_regslice_0_stub.v:6]
INFO: [Synth 8-6155] done synthesizing module 'ulp_interconnect_axilite_user_imp_m02_regslice_0' (0#1) [/home/miahafiz/NeuroRing_a_sudoku_v2/_x.hw.NUM_4096.CORE_10.FREQ_300/link/vivado/vpl/prj/prj.runs/my_rm_synth_1/.Xil/Vivado-1398850-cyberdeck/realtime/ulp_interconnect_axilite_user_imp_m02_regslice_0_stub.v:6]
WARNING: [Synth 8-7071] port 'm_axi_awprot' of module 'ulp_interconnect_axilite_user_imp_m02_regslice_0' is unconnected for instance 'm02_regslice' [/home/miahafiz/NeuroRing_a_sudoku_v2/_x.hw.NUM_4096.CORE_10.FREQ_300/link/vivado/vpl/prj/prj.gen/my_rm/bd/ulp/synth/ulp.v:2028]
WARNING: [Synth 8-7071] port 'm_axi_arprot' of module 'ulp_interconnect_axilite_user_imp_m02_regslice_0' is unconnected for instance 'm02_regslice' [/home/miahafiz/NeuroRing_a_sudoku_v2/_x.hw.NUM_4096.CORE_10.FREQ_300/link/vivado/vpl/prj/prj.gen/my_rm/bd/ulp/synth/ulp.v:2028]
WARNING: [Synth 8-7023] instance 'm02_regslice' of module 'ulp_interconnect_axilite_user_imp_m02_regslice_0' has 40 connections declared, but only 38 given [/home/miahafiz/NeuroRing_a_sudoku_v2/_x.hw.NUM_4096.CORE_10.FREQ_300/link/vivado/vpl/prj/prj.gen/my_rm/bd/ulp/synth/ulp.v:2028]
INFO: [Synth 8-6155] done synthesizing module 'm02_couplers_imp_P1GSHQ' (0#1) [/home/miahafiz/NeuroRing_a_sudoku_v2/_x.hw.NUM_4096.CORE_10.FREQ_300/link/vivado/vpl/prj/prj.gen/my_rm/bd/ulp/synth/ulp.v:1843]
INFO: [Synth 8-6157] synthesizing module 'm03_couplers_imp_11N2XFF' [/home/miahafiz/NeuroRing_a_sudoku_v2/_x.hw.NUM_4096.CORE_10.FREQ_300/link/vivado/vpl/prj/prj.gen/my_rm/bd/ulp/synth/ulp.v:2069]
INFO: [Synth 8-6157] synthesizing module 'ulp_interconnect_axilite_user_imp_auto_cc_3' [/home/miahafiz/NeuroRing_a_sudoku_v2/_x.hw.NUM_4096.CORE_10.FREQ_300/link/vivado/vpl/prj/prj.runs/my_rm_synth_1/.Xil/Vivado-1398850-cyberdeck/realtime/ulp_interconnect_axilite_user_imp_auto_cc_3_stub.v:6]
INFO: [Synth 8-6155] done synthesizing module 'ulp_interconnect_axilite_user_imp_auto_cc_3' (0#1) [/home/miahafiz/NeuroRing_a_sudoku_v2/_x.hw.NUM_4096.CORE_10.FREQ_300/link/vivado/vpl/prj/prj.runs/my_rm_synth_1/.Xil/Vivado-1398850-cyberdeck/realtime/ulp_interconnect_axilite_user_imp_auto_cc_3_stub.v:6]
INFO: [Synth 8-6157] synthesizing module 'ulp_interconnect_axilite_user_imp_m03_regslice_0' [/home/miahafiz/NeuroRing_a_sudoku_v2/_x.hw.NUM_4096.CORE_10.FREQ_300/link/vivado/vpl/prj/prj.runs/my_rm_synth_1/.Xil/Vivado-1398850-cyberdeck/realtime/ulp_interconnect_axilite_user_imp_m03_regslice_0_stub.v:6]
INFO: [Synth 8-6155] done synthesizing module 'ulp_interconnect_axilite_user_imp_m03_regslice_0' (0#1) [/home/miahafiz/NeuroRing_a_sudoku_v2/_x.hw.NUM_4096.CORE_10.FREQ_300/link/vivado/vpl/prj/prj.runs/my_rm_synth_1/.Xil/Vivado-1398850-cyberdeck/realtime/ulp_interconnect_axilite_user_imp_m03_regslice_0_stub.v:6]
WARNING: [Synth 8-7071] port 'm_axi_awprot' of module 'ulp_interconnect_axilite_user_imp_m03_regslice_0' is unconnected for instance 'm03_regslice' [/home/miahafiz/NeuroRing_a_sudoku_v2/_x.hw.NUM_4096.CORE_10.FREQ_300/link/vivado/vpl/prj/prj.gen/my_rm/bd/ulp/synth/ulp.v:2254]
WARNING: [Synth 8-7071] port 'm_axi_arprot' of module 'ulp_interconnect_axilite_user_imp_m03_regslice_0' is unconnected for instance 'm03_regslice' [/home/miahafiz/NeuroRing_a_sudoku_v2/_x.hw.NUM_4096.CORE_10.FREQ_300/link/vivado/vpl/prj/prj.gen/my_rm/bd/ulp/synth/ulp.v:2254]
WARNING: [Synth 8-7023] instance 'm03_regslice' of module 'ulp_interconnect_axilite_user_imp_m03_regslice_0' has 40 connections declared, but only 38 given [/home/miahafiz/NeuroRing_a_sudoku_v2/_x.hw.NUM_4096.CORE_10.FREQ_300/link/vivado/vpl/prj/prj.gen/my_rm/bd/ulp/synth/ulp.v:2254]
INFO: [Synth 8-6155] done synthesizing module 'm03_couplers_imp_11N2XFF' (0#1) [/home/miahafiz/NeuroRing_a_sudoku_v2/_x.hw.NUM_4096.CORE_10.FREQ_300/link/vivado/vpl/prj/prj.gen/my_rm/bd/ulp/synth/ulp.v:2069]
INFO: [Synth 8-6157] synthesizing module 'm04_couplers_imp_1XLP3HF' [/home/miahafiz/NeuroRing_a_sudoku_v2/_x.hw.NUM_4096.CORE_10.FREQ_300/link/vivado/vpl/prj/prj.gen/my_rm/bd/ulp/synth/ulp.v:2295]
INFO: [Synth 8-6157] synthesizing module 'ulp_interconnect_axilite_user_imp_auto_cc_4' [/home/miahafiz/NeuroRing_a_sudoku_v2/_x.hw.NUM_4096.CORE_10.FREQ_300/link/vivado/vpl/prj/prj.runs/my_rm_synth_1/.Xil/Vivado-1398850-cyberdeck/realtime/ulp_interconnect_axilite_user_imp_auto_cc_4_stub.v:6]
INFO: [Synth 8-6155] done synthesizing module 'ulp_interconnect_axilite_user_imp_auto_cc_4' (0#1) [/home/miahafiz/NeuroRing_a_sudoku_v2/_x.hw.NUM_4096.CORE_10.FREQ_300/link/vivado/vpl/prj/prj.runs/my_rm_synth_1/.Xil/Vivado-1398850-cyberdeck/realtime/ulp_interconnect_axilite_user_imp_auto_cc_4_stub.v:6]
INFO: [Synth 8-6157] synthesizing module 'ulp_interconnect_axilite_user_imp_m04_regslice_0' [/home/miahafiz/NeuroRing_a_sudoku_v2/_x.hw.NUM_4096.CORE_10.FREQ_300/link/vivado/vpl/prj/prj.runs/my_rm_synth_1/.Xil/Vivado-1398850-cyberdeck/realtime/ulp_interconnect_axilite_user_imp_m04_regslice_0_stub.v:6]
INFO: [Synth 8-6155] done synthesizing module 'ulp_interconnect_axilite_user_imp_m04_regslice_0' (0#1) [/home/miahafiz/NeuroRing_a_sudoku_v2/_x.hw.NUM_4096.CORE_10.FREQ_300/link/vivado/vpl/prj/prj.runs/my_rm_synth_1/.Xil/Vivado-1398850-cyberdeck/realtime/ulp_interconnect_axilite_user_imp_m04_regslice_0_stub.v:6]
WARNING: [Synth 8-7071] port 'm_axi_awprot' of module 'ulp_interconnect_axilite_user_imp_m04_regslice_0' is unconnected for instance 'm04_regslice' [/home/miahafiz/NeuroRing_a_sudoku_v2/_x.hw.NUM_4096.CORE_10.FREQ_300/link/vivado/vpl/prj/prj.gen/my_rm/bd/ulp/synth/ulp.v:2480]
WARNING: [Synth 8-7071] port 'm_axi_arprot' of module 'ulp_interconnect_axilite_user_imp_m04_regslice_0' is unconnected for instance 'm04_regslice' [/home/miahafiz/NeuroRing_a_sudoku_v2/_x.hw.NUM_4096.CORE_10.FREQ_300/link/vivado/vpl/prj/prj.gen/my_rm/bd/ulp/synth/ulp.v:2480]
WARNING: [Synth 8-7023] instance 'm04_regslice' of module 'ulp_interconnect_axilite_user_imp_m04_regslice_0' has 40 connections declared, but only 38 given [/home/miahafiz/NeuroRing_a_sudoku_v2/_x.hw.NUM_4096.CORE_10.FREQ_300/link/vivado/vpl/prj/prj.gen/my_rm/bd/ulp/synth/ulp.v:2480]
INFO: [Synth 8-6155] done synthesizing module 'm04_couplers_imp_1XLP3HF' (0#1) [/home/miahafiz/NeuroRing_a_sudoku_v2/_x.hw.NUM_4096.CORE_10.FREQ_300/link/vivado/vpl/prj/prj.gen/my_rm/bd/ulp/synth/ulp.v:2295]
INFO: [Synth 8-6157] synthesizing module 's00_couplers_imp_14WTDU7' [/home/miahafiz/NeuroRing_a_sudoku_v2/_x.hw.NUM_4096.CORE_10.FREQ_300/link/vivado/vpl/prj/prj.gen/my_rm/bd/ulp/synth/ulp.v:2648]
INFO: [Synth 8-6157] synthesizing module 'ulp_interconnect_axilite_user_imp_s00_regslice_0' [/home/miahafiz/NeuroRing_a_sudoku_v2/_x.hw.NUM_4096.CORE_10.FREQ_300/link/vivado/vpl/prj/prj.runs/my_rm_synth_1/.Xil/Vivado-1398850-cyberdeck/realtime/ulp_interconnect_axilite_user_imp_s00_regslice_0_stub.v:6]
INFO: [Synth 8-6155] done synthesizing module 'ulp_interconnect_axilite_user_imp_s00_regslice_0' (0#1) [/home/miahafiz/NeuroRing_a_sudoku_v2/_x.hw.NUM_4096.CORE_10.FREQ_300/link/vivado/vpl/prj/prj.runs/my_rm_synth_1/.Xil/Vivado-1398850-cyberdeck/realtime/ulp_interconnect_axilite_user_imp_s00_regslice_0_stub.v:6]
INFO: [Synth 8-6155] done synthesizing module 's00_couplers_imp_14WTDU7' (0#1) [/home/miahafiz/NeuroRing_a_sudoku_v2/_x.hw.NUM_4096.CORE_10.FREQ_300/link/vivado/vpl/prj/prj.gen/my_rm/bd/ulp/synth/ulp.v:2648]
INFO: [Synth 8-6157] synthesizing module 'ulp_interconnect_axilite_user_upgraded_ipi_imp_xbar_0' [/home/miahafiz/NeuroRing_a_sudoku_v2/_x.hw.NUM_4096.CORE_10.FREQ_300/link/vivado/vpl/prj/prj.runs/my_rm_synth_1/.Xil/Vivado-1398850-cyberdeck/realtime/ulp_interconnect_axilite_user_upgraded_ipi_imp_xbar_0_stub.v:6]
INFO: [Synth 8-6155] done synthesizing module 'ulp_interconnect_axilite_user_upgraded_ipi_imp_xbar_0' (0#1) [/home/miahafiz/NeuroRing_a_sudoku_v2/_x.hw.NUM_4096.CORE_10.FREQ_300/link/vivado/vpl/prj/prj.runs/my_rm_synth_1/.Xil/Vivado-1398850-cyberdeck/realtime/ulp_interconnect_axilite_user_upgraded_ipi_imp_xbar_0_stub.v:6]
INFO: [Synth 8-6155] done synthesizing module 'ulp_interconnect_axilite_user_0' (0#1) [/home/miahafiz/NeuroRing_a_sudoku_v2/_x.hw.NUM_4096.CORE_10.FREQ_300/link/vivado/vpl/prj/prj.gen/my_rm/bd/ulp/synth/ulp.v:6234]
INFO: [Synth 8-6157] synthesizing module 'ulp_regslice_control_userpf_0' [/home/miahafiz/NeuroRing_a_sudoku_v2/_x.hw.NUM_4096.CORE_10.FREQ_300/link/vivado/vpl/prj/prj.runs/my_rm_synth_1/.Xil/Vivado-1398850-cyberdeck/realtime/ulp_regslice_control_userpf_0_stub.v:6]
INFO: [Synth 8-6155] done synthesizing module 'ulp_regslice_control_userpf_0' (0#1) [/home/miahafiz/NeuroRing_a_sudoku_v2/_x.hw.NUM_4096.CORE_10.FREQ_300/link/vivado/vpl/prj/prj.runs/my_rm_synth_1/.Xil/Vivado-1398850-cyberdeck/realtime/ulp_regslice_control_userpf_0_stub.v:6]
INFO: [Synth 8-6155] done synthesizing module 'SLR0_imp_NYMDU0' (0#1) [/home/miahafiz/NeuroRing_a_sudoku_v2/_x.hw.NUM_4096.CORE_10.FREQ_300/link/vivado/vpl/prj/prj.gen/my_rm/bd/ulp/synth/ulp.v:13]
INFO: [Synth 8-6157] synthesizing module 'SLR1_imp_1UA2LF1' [/home/miahafiz/NeuroRing_a_sudoku_v2/_x.hw.NUM_4096.CORE_10.FREQ_300/link/vivado/vpl/prj/prj.gen/my_rm/bd/ulp/synth/ulp.v:579]
INFO: [Synth 8-6157] synthesizing module 'ulp_axi_gpio_null_1' [/home/miahafiz/NeuroRing_a_sudoku_v2/_x.hw.NUM_4096.CORE_10.FREQ_300/link/vivado/vpl/prj/prj.runs/my_rm_synth_1/.Xil/Vivado-1398850-cyberdeck/realtime/ulp_axi_gpio_null_1_stub.v:6]
INFO: [Synth 8-6155] done synthesizing module 'ulp_axi_gpio_null_1' (0#1) [/home/miahafiz/NeuroRing_a_sudoku_v2/_x.hw.NUM_4096.CORE_10.FREQ_300/link/vivado/vpl/prj/prj.runs/my_rm_synth_1/.Xil/Vivado-1398850-cyberdeck/realtime/ulp_axi_gpio_null_1_stub.v:6]
WARNING: [Synth 8-7071] port 'gpio_io_o' of module 'ulp_axi_gpio_null_1' is unconnected for instance 'axi_gpio_null' [/home/miahafiz/NeuroRing_a_sudoku_v2/_x.hw.NUM_4096.CORE_10.FREQ_300/link/vivado/vpl/prj/prj.gen/my_rm/bd/ulp/synth/ulp.v:716]
WARNING: [Synth 8-7071] port 'gpio_io_t' of module 'ulp_axi_gpio_null_1' is unconnected for instance 'axi_gpio_null' [/home/miahafiz/NeuroRing_a_sudoku_v2/_x.hw.NUM_4096.CORE_10.FREQ_300/link/vivado/vpl/prj/prj.gen/my_rm/bd/ulp/synth/ulp.v:716]
WARNING: [Synth 8-7023] instance 'axi_gpio_null' of module 'ulp_axi_gpio_null_1' has 22 connections declared, but only 20 given [/home/miahafiz/NeuroRing_a_sudoku_v2/_x.hw.NUM_4096.CORE_10.FREQ_300/link/vivado/vpl/prj/prj.gen/my_rm/bd/ulp/synth/ulp.v:716]
INFO: [Synth 8-6157] synthesizing module 'ulp_axi_vip_ctrl_userpf_1' [/home/miahafiz/NeuroRing_a_sudoku_v2/_x.hw.NUM_4096.CORE_10.FREQ_300/link/vivado/vpl/prj/prj.runs/my_rm_synth_1/.Xil/Vivado-1398850-cyberdeck/realtime/ulp_axi_vip_ctrl_userpf_1_stub.v:6]
INFO: [Synth 8-6155] done synthesizing module 'ulp_axi_vip_ctrl_userpf_1' (0#1) [/home/miahafiz/NeuroRing_a_sudoku_v2/_x.hw.NUM_4096.CORE_10.FREQ_300/link/vivado/vpl/prj/prj.runs/my_rm_synth_1/.Xil/Vivado-1398850-cyberdeck/realtime/ulp_axi_vip_ctrl_userpf_1_stub.v:6]
INFO: [Synth 8-6157] synthesizing module 'ulp_interconnect_axilite_user_1' [/home/miahafiz/NeuroRing_a_sudoku_v2/_x.hw.NUM_4096.CORE_10.FREQ_300/link/vivado/vpl/prj/prj.gen/my_rm/bd/ulp/synth/ulp.v:6996]
INFO: [Synth 8-6157] synthesizing module 's00_couplers_imp_1MXEOQC' [/home/miahafiz/NeuroRing_a_sudoku_v2/_x.hw.NUM_4096.CORE_10.FREQ_300/link/vivado/vpl/prj/prj.gen/my_rm/bd/ulp/synth/ulp.v:2818]
INFO: [Synth 8-6157] synthesizing module 'ulp_interconnect_axilite_user_imp_auto_cc_5' [/home/miahafiz/NeuroRing_a_sudoku_v2/_x.hw.NUM_4096.CORE_10.FREQ_300/link/vivado/vpl/prj/prj.runs/my_rm_synth_1/.Xil/Vivado-1398850-cyberdeck/realtime/ulp_interconnect_axilite_user_imp_auto_cc_5_stub.v:6]
INFO: [Synth 8-6155] done synthesizing module 'ulp_interconnect_axilite_user_imp_auto_cc_5' (0#1) [/home/miahafiz/NeuroRing_a_sudoku_v2/_x.hw.NUM_4096.CORE_10.FREQ_300/link/vivado/vpl/prj/prj.runs/my_rm_synth_1/.Xil/Vivado-1398850-cyberdeck/realtime/ulp_interconnect_axilite_user_imp_auto_cc_5_stub.v:6]
WARNING: [Synth 8-7071] port 'm_axi_awprot' of module 'ulp_interconnect_axilite_user_imp_auto_cc_5' is unconnected for instance 'auto_cc' [/home/miahafiz/NeuroRing_a_sudoku_v2/_x.hw.NUM_4096.CORE_10.FREQ_300/link/vivado/vpl/prj/prj.gen/my_rm/bd/ulp/synth/ulp.v:2960]
WARNING: [Synth 8-7071] port 'm_axi_arprot' of module 'ulp_interconnect_axilite_user_imp_auto_cc_5' is unconnected for instance 'auto_cc' [/home/miahafiz/NeuroRing_a_sudoku_v2/_x.hw.NUM_4096.CORE_10.FREQ_300/link/vivado/vpl/prj/prj.gen/my_rm/bd/ulp/synth/ulp.v:2960]
WARNING: [Synth 8-7023] instance 'auto_cc' of module 'ulp_interconnect_axilite_user_imp_auto_cc_5' has 42 connections declared, but only 40 given [/home/miahafiz/NeuroRing_a_sudoku_v2/_x.hw.NUM_4096.CORE_10.FREQ_300/link/vivado/vpl/prj/prj.gen/my_rm/bd/ulp/synth/ulp.v:2960]
INFO: [Synth 8-6157] synthesizing module 'ulp_interconnect_axilite_user_imp_s00_regslice_1' [/home/miahafiz/NeuroRing_a_sudoku_v2/_x.hw.NUM_4096.CORE_10.FREQ_300/link/vivado/vpl/prj/prj.runs/my_rm_synth_1/.Xil/Vivado-1398850-cyberdeck/realtime/ulp_interconnect_axilite_user_imp_s00_regslice_1_stub.v:6]
INFO: [Synth 8-6155] done synthesizing module 'ulp_interconnect_axilite_user_imp_s00_regslice_1' (0#1) [/home/miahafiz/NeuroRing_a_sudoku_v2/_x.hw.NUM_4096.CORE_10.FREQ_300/link/vivado/vpl/prj/prj.runs/my_rm_synth_1/.Xil/Vivado-1398850-cyberdeck/realtime/ulp_interconnect_axilite_user_imp_s00_regslice_1_stub.v:6]
INFO: [Synth 8-6155] done synthesizing module 's00_couplers_imp_1MXEOQC' (0#1) [/home/miahafiz/NeuroRing_a_sudoku_v2/_x.hw.NUM_4096.CORE_10.FREQ_300/link/vivado/vpl/prj/prj.gen/my_rm/bd/ulp/synth/ulp.v:2818]
INFO: [Synth 8-6155] done synthesizing module 'ulp_interconnect_axilite_user_1' (0#1) [/home/miahafiz/NeuroRing_a_sudoku_v2/_x.hw.NUM_4096.CORE_10.FREQ_300/link/vivado/vpl/prj/prj.gen/my_rm/bd/ulp/synth/ulp.v:6996]
INFO: [Synth 8-6157] synthesizing module 'ulp_regslice_control_userpf_1' [/home/miahafiz/NeuroRing_a_sudoku_v2/_x.hw.NUM_4096.CORE_10.FREQ_300/link/vivado/vpl/prj/prj.runs/my_rm_synth_1/.Xil/Vivado-1398850-cyberdeck/realtime/ulp_regslice_control_userpf_1_stub.v:6]
INFO: [Synth 8-6155] done synthesizing module 'ulp_regslice_control_userpf_1' (0#1) [/home/miahafiz/NeuroRing_a_sudoku_v2/_x.hw.NUM_4096.CORE_10.FREQ_300/link/vivado/vpl/prj/prj.runs/my_rm_synth_1/.Xil/Vivado-1398850-cyberdeck/realtime/ulp_regslice_control_userpf_1_stub.v:6]
INFO: [Synth 8-6155] done synthesizing module 'SLR1_imp_1UA2LF1' (0#1) [/home/miahafiz/NeuroRing_a_sudoku_v2/_x.hw.NUM_4096.CORE_10.FREQ_300/link/vivado/vpl/prj/prj.gen/my_rm/bd/ulp/synth/ulp.v:579]
INFO: [Synth 8-6157] synthesizing module 'SLR2_imp_1Y0I5MR' [/home/miahafiz/NeuroRing_a_sudoku_v2/_x.hw.NUM_4096.CORE_10.FREQ_300/link/vivado/vpl/prj/prj.gen/my_rm/bd/ulp/synth/ulp.v:864]
INFO: [Synth 8-6157] synthesizing module 'ulp_axi_gpio_null_2' [/home/miahafiz/NeuroRing_a_sudoku_v2/_x.hw.NUM_4096.CORE_10.FREQ_300/link/vivado/vpl/prj/prj.runs/my_rm_synth_1/.Xil/Vivado-1398850-cyberdeck/realtime/ulp_axi_gpio_null_2_stub.v:6]
INFO: [Synth 8-6155] done synthesizing module 'ulp_axi_gpio_null_2' (0#1) [/home/miahafiz/NeuroRing_a_sudoku_v2/_x.hw.NUM_4096.CORE_10.FREQ_300/link/vivado/vpl/prj/prj.runs/my_rm_synth_1/.Xil/Vivado-1398850-cyberdeck/realtime/ulp_axi_gpio_null_2_stub.v:6]
WARNING: [Synth 8-7071] port 'gpio_io_o' of module 'ulp_axi_gpio_null_2' is unconnected for instance 'axi_gpio_null' [/home/miahafiz/NeuroRing_a_sudoku_v2/_x.hw.NUM_4096.CORE_10.FREQ_300/link/vivado/vpl/prj/prj.gen/my_rm/bd/ulp/synth/ulp.v:1001]
WARNING: [Synth 8-7071] port 'gpio_io_t' of module 'ulp_axi_gpio_null_2' is unconnected for instance 'axi_gpio_null' [/home/miahafiz/NeuroRing_a_sudoku_v2/_x.hw.NUM_4096.CORE_10.FREQ_300/link/vivado/vpl/prj/prj.gen/my_rm/bd/ulp/synth/ulp.v:1001]
WARNING: [Synth 8-7023] instance 'axi_gpio_null' of module 'ulp_axi_gpio_null_2' has 22 connections declared, but only 20 given [/home/miahafiz/NeuroRing_a_sudoku_v2/_x.hw.NUM_4096.CORE_10.FREQ_300/link/vivado/vpl/prj/prj.gen/my_rm/bd/ulp/synth/ulp.v:1001]
INFO: [Synth 8-6157] synthesizing module 'ulp_axi_vip_ctrl_userpf_2' [/home/miahafiz/NeuroRing_a_sudoku_v2/_x.hw.NUM_4096.CORE_10.FREQ_300/link/vivado/vpl/prj/prj.runs/my_rm_synth_1/.Xil/Vivado-1398850-cyberdeck/realtime/ulp_axi_vip_ctrl_userpf_2_stub.v:6]
INFO: [Synth 8-6155] done synthesizing module 'ulp_axi_vip_ctrl_userpf_2' (0#1) [/home/miahafiz/NeuroRing_a_sudoku_v2/_x.hw.NUM_4096.CORE_10.FREQ_300/link/vivado/vpl/prj/prj.runs/my_rm_synth_1/.Xil/Vivado-1398850-cyberdeck/realtime/ulp_axi_vip_ctrl_userpf_2_stub.v:6]
INFO: [Synth 8-6157] synthesizing module 'ulp_interconnect_axilite_user_2' [/home/miahafiz/NeuroRing_a_sudoku_v2/_x.hw.NUM_4096.CORE_10.FREQ_300/link/vivado/vpl/prj/prj.gen/my_rm/bd/ulp/synth/ulp.v:7166]
INFO: [Synth 8-6157] synthesizing module 's00_couplers_imp_8500C9' [/home/miahafiz/NeuroRing_a_sudoku_v2/_x.hw.NUM_4096.CORE_10.FREQ_300/link/vivado/vpl/prj/prj.gen/my_rm/bd/ulp/synth/ulp.v:3044]
INFO: [Synth 8-6157] synthesizing module 'ulp_interconnect_axilite_user_imp_auto_cc_6' [/home/miahafiz/NeuroRing_a_sudoku_v2/_x.hw.NUM_4096.CORE_10.FREQ_300/link/vivado/vpl/prj/prj.runs/my_rm_synth_1/.Xil/Vivado-1398850-cyberdeck/realtime/ulp_interconnect_axilite_user_imp_auto_cc_6_stub.v:6]
INFO: [Synth 8-6155] done synthesizing module 'ulp_interconnect_axilite_user_imp_auto_cc_6' (0#1) [/home/miahafiz/NeuroRing_a_sudoku_v2/_x.hw.NUM_4096.CORE_10.FREQ_300/link/vivado/vpl/prj/prj.runs/my_rm_synth_1/.Xil/Vivado-1398850-cyberdeck/realtime/ulp_interconnect_axilite_user_imp_auto_cc_6_stub.v:6]
WARNING: [Synth 8-7071] port 'm_axi_awprot' of module 'ulp_interconnect_axilite_user_imp_auto_cc_6' is unconnected for instance 'auto_cc' [/home/miahafiz/NeuroRing_a_sudoku_v2/_x.hw.NUM_4096.CORE_10.FREQ_300/link/vivado/vpl/prj/prj.gen/my_rm/bd/ulp/synth/ulp.v:3186]
WARNING: [Synth 8-7071] port 'm_axi_arprot' of module 'ulp_interconnect_axilite_user_imp_auto_cc_6' is unconnected for instance 'auto_cc' [/home/miahafiz/NeuroRing_a_sudoku_v2/_x.hw.NUM_4096.CORE_10.FREQ_300/link/vivado/vpl/prj/prj.gen/my_rm/bd/ulp/synth/ulp.v:3186]
WARNING: [Synth 8-7023] instance 'auto_cc' of module 'ulp_interconnect_axilite_user_imp_auto_cc_6' has 42 connections declared, but only 40 given [/home/miahafiz/NeuroRing_a_sudoku_v2/_x.hw.NUM_4096.CORE_10.FREQ_300/link/vivado/vpl/prj/prj.gen/my_rm/bd/ulp/synth/ulp.v:3186]
INFO: [Synth 8-6157] synthesizing module 'ulp_interconnect_axilite_user_imp_s00_regslice_2' [/home/miahafiz/NeuroRing_a_sudoku_v2/_x.hw.NUM_4096.CORE_10.FREQ_300/link/vivado/vpl/prj/prj.runs/my_rm_synth_1/.Xil/Vivado-1398850-cyberdeck/realtime/ulp_interconnect_axilite_user_imp_s00_regslice_2_stub.v:6]
INFO: [Synth 8-6155] done synthesizing module 'ulp_interconnect_axilite_user_imp_s00_regslice_2' (0#1) [/home/miahafiz/NeuroRing_a_sudoku_v2/_x.hw.NUM_4096.CORE_10.FREQ_300/link/vivado/vpl/prj/prj.runs/my_rm_synth_1/.Xil/Vivado-1398850-cyberdeck/realtime/ulp_interconnect_axilite_user_imp_s00_regslice_2_stub.v:6]
INFO: [Synth 8-6155] done synthesizing module 's00_couplers_imp_8500C9' (0#1) [/home/miahafiz/NeuroRing_a_sudoku_v2/_x.hw.NUM_4096.CORE_10.FREQ_300/link/vivado/vpl/prj/prj.gen/my_rm/bd/ulp/synth/ulp.v:3044]
INFO: [Synth 8-6155] done synthesizing module 'ulp_interconnect_axilite_user_2' (0#1) [/home/miahafiz/NeuroRing_a_sudoku_v2/_x.hw.NUM_4096.CORE_10.FREQ_300/link/vivado/vpl/prj/prj.gen/my_rm/bd/ulp/synth/ulp.v:7166]
INFO: [Synth 8-6157] synthesizing module 'ulp_regslice_control_userpf_2' [/home/miahafiz/NeuroRing_a_sudoku_v2/_x.hw.NUM_4096.CORE_10.FREQ_300/link/vivado/vpl/prj/prj.runs/my_rm_synth_1/.Xil/Vivado-1398850-cyberdeck/realtime/ulp_regslice_control_userpf_2_stub.v:6]
INFO: [Synth 8-6155] done synthesizing module 'ulp_regslice_control_userpf_2' (0#1) [/home/miahafiz/NeuroRing_a_sudoku_v2/_x.hw.NUM_4096.CORE_10.FREQ_300/link/vivado/vpl/prj/prj.runs/my_rm_synth_1/.Xil/Vivado-1398850-cyberdeck/realtime/ulp_regslice_control_userpf_2_stub.v:6]
INFO: [Synth 8-6155] done synthesizing module 'SLR2_imp_1Y0I5MR' (0#1) [/home/miahafiz/NeuroRing_a_sudoku_v2/_x.hw.NUM_4096.CORE_10.FREQ_300/link/vivado/vpl/prj/prj.gen/my_rm/bd/ulp/synth/ulp.v:864]
INFO: [Synth 8-6157] synthesizing module 'ulp_SynapseRouter_0_0' [/home/miahafiz/NeuroRing_a_sudoku_v2/_x.hw.NUM_4096.CORE_10.FREQ_300/link/vivado/vpl/prj/prj.runs/my_rm_synth_1/.Xil/Vivado-1398850-cyberdeck/realtime/ulp_SynapseRouter_0_0_stub.v:6]
INFO: [Synth 8-6155] done synthesizing module 'ulp_SynapseRouter_0_0' (0#1) [/home/miahafiz/NeuroRing_a_sudoku_v2/_x.hw.NUM_4096.CORE_10.FREQ_300/link/vivado/vpl/prj/prj.runs/my_rm_synth_1/.Xil/Vivado-1398850-cyberdeck/realtime/ulp_SynapseRouter_0_0_stub.v:6]
INFO: [Synth 8-6157] synthesizing module 'ulp_SynapseRouter_1_0' [/home/miahafiz/NeuroRing_a_sudoku_v2/_x.hw.NUM_4096.CORE_10.FREQ_300/link/vivado/vpl/prj/prj.runs/my_rm_synth_1/.Xil/Vivado-1398850-cyberdeck/realtime/ulp_SynapseRouter_1_0_stub.v:6]
INFO: [Synth 8-6155] done synthesizing module 'ulp_SynapseRouter_1_0' (0#1) [/home/miahafiz/NeuroRing_a_sudoku_v2/_x.hw.NUM_4096.CORE_10.FREQ_300/link/vivado/vpl/prj/prj.runs/my_rm_synth_1/.Xil/Vivado-1398850-cyberdeck/realtime/ulp_SynapseRouter_1_0_stub.v:6]
INFO: [Synth 8-6157] synthesizing module 'ulp_axi_ic_ctrl_mgmt_slr1_0' [/home/miahafiz/NeuroRing_a_sudoku_v2/_x.hw.NUM_4096.CORE_10.FREQ_300/link/vivado/vpl/prj/prj.gen/my_rm/bd/ulp/synth/ulp.v:5825]
INFO: [Synth 8-6157] synthesizing module 'm00_couplers_imp_CAGKWP' [/home/miahafiz/NeuroRing_a_sudoku_v2/_x.hw.NUM_4096.CORE_10.FREQ_300/link/vivado/vpl/prj/prj.gen/my_rm/bd/ulp/synth/ulp.v:1149]
INFO: [Synth 8-6155] done synthesizing module 'm00_couplers_imp_CAGKWP' (0#1) [/home/miahafiz/NeuroRing_a_sudoku_v2/_x.hw.NUM_4096.CORE_10.FREQ_300/link/vivado/vpl/prj/prj.gen/my_rm/bd/ulp/synth/ulp.v:1149]
INFO: [Synth 8-6157] synthesizing module 'm01_couplers_imp_1V3WQQK' [/home/miahafiz/NeuroRing_a_sudoku_v2/_x.hw.NUM_4096.CORE_10.FREQ_300/link/vivado/vpl/prj/prj.gen/my_rm/bd/ulp/synth/ulp.v:1728]
INFO: [Synth 8-6155] done synthesizing module 'm01_couplers_imp_1V3WQQK' (0#1) [/home/miahafiz/NeuroRing_a_sudoku_v2/_x.hw.NUM_4096.CORE_10.FREQ_300/link/vivado/vpl/prj/prj.gen/my_rm/bd/ulp/synth/ulp.v:1728]
INFO: [Synth 8-6157] synthesizing module 's00_couplers_imp_1100RTV' [/home/miahafiz/NeuroRing_a_sudoku_v2/_x.hw.NUM_4096.CORE_10.FREQ_300/link/vivado/vpl/prj/prj.gen/my_rm/bd/ulp/synth/ulp.v:2521]
INFO: [Synth 8-6155] done synthesizing module 's00_couplers_imp_1100RTV' (0#1) [/home/miahafiz/NeuroRing_a_sudoku_v2/_x.hw.NUM_4096.CORE_10.FREQ_300/link/vivado/vpl/prj/prj.gen/my_rm/bd/ulp/synth/ulp.v:2521]
INFO: [Synth 8-6157] synthesizing module 'ulp_axi_ic_ctrl_mgmt_slr1_upgraded_ipi_imp_xbar_0' [/home/miahafiz/NeuroRing_a_sudoku_v2/_x.hw.NUM_4096.CORE_10.FREQ_300/link/vivado/vpl/prj/prj.runs/my_rm_synth_1/.Xil/Vivado-1398850-cyberdeck/realtime/ulp_axi_ic_ctrl_mgmt_slr1_upgraded_ipi_imp_xbar_0_stub.v:6]
INFO: [Synth 8-6155] done synthesizing module 'ulp_axi_ic_ctrl_mgmt_slr1_upgraded_ipi_imp_xbar_0' (0#1) [/home/miahafiz/NeuroRing_a_sudoku_v2/_x.hw.NUM_4096.CORE_10.FREQ_300/link/vivado/vpl/prj/prj.runs/my_rm_synth_1/.Xil/Vivado-1398850-cyberdeck/realtime/ulp_axi_ic_ctrl_mgmt_slr1_upgraded_ipi_imp_xbar_0_stub.v:6]
WARNING: [Synth 8-689] width (3) of port connection 'm_axi_arprot' does not match port width (6) of module 'ulp_axi_ic_ctrl_mgmt_slr1_upgraded_ipi_imp_xbar_0' [/home/miahafiz/NeuroRing_a_sudoku_v2/_x.hw.NUM_4096.CORE_10.FREQ_300/link/vivado/vpl/prj/prj.gen/my_rm/bd/ulp/synth/ulp.v:6195]
WARNING: [Synth 8-689] width (3) of port connection 'm_axi_awprot' does not match port width (6) of module 'ulp_axi_ic_ctrl_mgmt_slr1_upgraded_ipi_imp_xbar_0' [/home/miahafiz/NeuroRing_a_sudoku_v2/_x.hw.NUM_4096.CORE_10.FREQ_300/link/vivado/vpl/prj/prj.gen/my_rm/bd/ulp/synth/ulp.v:6199]
INFO: [Synth 8-6155] done synthesizing module 'ulp_axi_ic_ctrl_mgmt_slr1_0' (0#1) [/home/miahafiz/NeuroRing_a_sudoku_v2/_x.hw.NUM_4096.CORE_10.FREQ_300/link/vivado/vpl/prj/prj.gen/my_rm/bd/ulp/synth/ulp.v:5825]
INFO: [Synth 8-6157] synthesizing module 'ulp_axi_vip_data_0' [/home/miahafiz/NeuroRing_a_sudoku_v2/_x.hw.NUM_4096.CORE_10.FREQ_300/link/vivado/vpl/prj/prj.runs/my_rm_synth_1/.Xil/Vivado-1398850-cyberdeck/realtime/ulp_axi_vip_data_0_stub.v:6]
INFO: [Synth 8-6155] done synthesizing module 'ulp_axi_vip_data_0' (0#1) [/home/miahafiz/NeuroRing_a_sudoku_v2/_x.hw.NUM_4096.CORE_10.FREQ_300/link/vivado/vpl/prj/prj.runs/my_rm_synth_1/.Xil/Vivado-1398850-cyberdeck/realtime/ulp_axi_vip_data_0_stub.v:6]
INFO: [Synth 8-6157] synthesizing module 'ulp_buffer_NeuroRing_0_SynapseStreamLeft_0' [/home/miahafiz/NeuroRing_a_sudoku_v2/_x.hw.NUM_4096.CORE_10.FREQ_300/link/vivado/vpl/prj/prj.runs/my_rm_synth_1/.Xil/Vivado-1398850-cyberdeck/realtime/ulp_buffer_NeuroRing_0_SynapseStreamLeft_0_stub.v:6]
INFO: [Synth 8-6155] done synthesizing module 'ulp_buffer_NeuroRing_0_SynapseStreamLeft_0' (0#1) [/home/miahafiz/NeuroRing_a_sudoku_v2/_x.hw.NUM_4096.CORE_10.FREQ_300/link/vivado/vpl/prj/prj.runs/my_rm_synth_1/.Xil/Vivado-1398850-cyberdeck/realtime/ulp_buffer_NeuroRing_0_SynapseStreamLeft_0_stub.v:6]
INFO: [Synth 8-6157] synthesizing module 'ulp_buffer_NeuroRing_0_SynapseStreamRight_0' [/home/miahafiz/NeuroRing_a_sudoku_v2/_x.hw.NUM_4096.CORE_10.FREQ_300/link/vivado/vpl/prj/prj.runs/my_rm_synth_1/.Xil/Vivado-1398850-cyberdeck/realtime/ulp_buffer_NeuroRing_0_SynapseStreamRight_0_stub.v:6]
INFO: [Synth 8-6155] done synthesizing module 'ulp_buffer_NeuroRing_0_SynapseStreamRight_0' (0#1) [/home/miahafiz/NeuroRing_a_sudoku_v2/_x.hw.NUM_4096.CORE_10.FREQ_300/link/vivado/vpl/prj/prj.runs/my_rm_synth_1/.Xil/Vivado-1398850-cyberdeck/realtime/ulp_buffer_NeuroRing_0_SynapseStreamRight_0_stub.v:6]
INFO: [Synth 8-6157] synthesizing module 'ulp_buffer_NeuroRing_Poisson_0_SynapseStreamLeft_0' [/home/miahafiz/NeuroRing_a_sudoku_v2/_x.hw.NUM_4096.CORE_10.FREQ_300/link/vivado/vpl/prj/prj.runs/my_rm_synth_1/.Xil/Vivado-1398850-cyberdeck/realtime/ulp_buffer_NeuroRing_Poisson_0_SynapseStreamLeft_0_stub.v:6]
INFO: [Synth 8-6155] done synthesizing module 'ulp_buffer_NeuroRing_Poisson_0_SynapseStreamLeft_0' (0#1) [/home/miahafiz/NeuroRing_a_sudoku_v2/_x.hw.NUM_4096.CORE_10.FREQ_300/link/vivado/vpl/prj/prj.runs/my_rm_synth_1/.Xil/Vivado-1398850-cyberdeck/realtime/ulp_buffer_NeuroRing_Poisson_0_SynapseStreamLeft_0_stub.v:6]
INFO: [Synth 8-6157] synthesizing module 'ulp_buffer_NeuroRing_Poisson_0_SynapseStreamRight_0' [/home/miahafiz/NeuroRing_a_sudoku_v2/_x.hw.NUM_4096.CORE_10.FREQ_300/link/vivado/vpl/prj/prj.runs/my_rm_synth_1/.Xil/Vivado-1398850-cyberdeck/realtime/ulp_buffer_NeuroRing_Poisson_0_SynapseStreamRight_0_stub.v:6]
INFO: [Synth 8-6155] done synthesizing module 'ulp_buffer_NeuroRing_Poisson_0_SynapseStreamRight_0' (0#1) [/home/miahafiz/NeuroRing_a_sudoku_v2/_x.hw.NUM_4096.CORE_10.FREQ_300/link/vivado/vpl/prj/prj.runs/my_rm_synth_1/.Xil/Vivado-1398850-cyberdeck/realtime/ulp_buffer_NeuroRing_Poisson_0_SynapseStreamRight_0_stub.v:6]
INFO: [Synth 8-6157] synthesizing module 'ulp_buffer_SynapseRouter_0_SpikeOutWeight_0' [/home/miahafiz/NeuroRing_a_sudoku_v2/_x.hw.NUM_4096.CORE_10.FREQ_300/link/vivado/vpl/prj/prj.runs/my_rm_synth_1/.Xil/Vivado-1398850-cyberdeck/realtime/ulp_buffer_SynapseRouter_0_SpikeOutWeight_0_stub.v:6]
INFO: [Synth 8-6155] done synthesizing module 'ulp_buffer_SynapseRouter_0_SpikeOutWeight_0' (0#1) [/home/miahafiz/NeuroRing_a_sudoku_v2/_x.hw.NUM_4096.CORE_10.FREQ_300/link/vivado/vpl/prj/prj.runs/my_rm_synth_1/.Xil/Vivado-1398850-cyberdeck/realtime/ulp_buffer_SynapseRouter_0_SpikeOutWeight_0_stub.v:6]
INFO: [Synth 8-6157] synthesizing module 'ulp_buffer_SynapseRouter_0_syn_forward_rt_left_0' [/home/miahafiz/NeuroRing_a_sudoku_v2/_x.hw.NUM_4096.CORE_10.FREQ_300/link/vivado/vpl/prj/prj.runs/my_rm_synth_1/.Xil/Vivado-1398850-cyberdeck/realtime/ulp_buffer_SynapseRouter_0_syn_forward_rt_left_0_stub.v:6]
INFO: [Synth 8-6155] done synthesizing module 'ulp_buffer_SynapseRouter_0_syn_forward_rt_left_0' (0#1) [/home/miahafiz/NeuroRing_a_sudoku_v2/_x.hw.NUM_4096.CORE_10.FREQ_300/link/vivado/vpl/prj/prj.runs/my_rm_synth_1/.Xil/Vivado-1398850-cyberdeck/realtime/ulp_buffer_SynapseRouter_0_syn_forward_rt_left_0_stub.v:6]
INFO: [Synth 8-6157] synthesizing module 'ulp_buffer_SynapseRouter_0_syn_forward_rt_right_0' [/home/miahafiz/NeuroRing_a_sudoku_v2/_x.hw.NUM_4096.CORE_10.FREQ_300/link/vivado/vpl/prj/prj.runs/my_rm_synth_1/.Xil/Vivado-1398850-cyberdeck/realtime/ulp_buffer_SynapseRouter_0_syn_forward_rt_right_0_stub.v:6]
INFO: [Synth 8-6155] done synthesizing module 'ulp_buffer_SynapseRouter_0_syn_forward_rt_right_0' (0#1) [/home/miahafiz/NeuroRing_a_sudoku_v2/_x.hw.NUM_4096.CORE_10.FREQ_300/link/vivado/vpl/prj/prj.runs/my_rm_synth_1/.Xil/Vivado-1398850-cyberdeck/realtime/ulp_buffer_SynapseRouter_0_syn_forward_rt_right_0_stub.v:6]
INFO: [Synth 8-6157] synthesizing module 'ulp_buffer_SynapseRouter_1_SpikeOutWeight_0' [/home/miahafiz/NeuroRing_a_sudoku_v2/_x.hw.NUM_4096.CORE_10.FREQ_300/link/vivado/vpl/prj/prj.runs/my_rm_synth_1/.Xil/Vivado-1398850-cyberdeck/realtime/ulp_buffer_SynapseRouter_1_SpikeOutWeight_0_stub.v:6]
INFO: [Synth 8-6155] done synthesizing module 'ulp_buffer_SynapseRouter_1_SpikeOutWeight_0' (0#1) [/home/miahafiz/NeuroRing_a_sudoku_v2/_x.hw.NUM_4096.CORE_10.FREQ_300/link/vivado/vpl/prj/prj.runs/my_rm_synth_1/.Xil/Vivado-1398850-cyberdeck/realtime/ulp_buffer_SynapseRouter_1_SpikeOutWeight_0_stub.v:6]
INFO: [Synth 8-6157] synthesizing module 'ulp_buffer_SynapseRouter_1_syn_forward_rt_left_0' [/home/miahafiz/NeuroRing_a_sudoku_v2/_x.hw.NUM_4096.CORE_10.FREQ_300/link/vivado/vpl/prj/prj.runs/my_rm_synth_1/.Xil/Vivado-1398850-cyberdeck/realtime/ulp_buffer_SynapseRouter_1_syn_forward_rt_left_0_stub.v:6]
INFO: [Synth 8-6155] done synthesizing module 'ulp_buffer_SynapseRouter_1_syn_forward_rt_left_0' (0#1) [/home/miahafiz/NeuroRing_a_sudoku_v2/_x.hw.NUM_4096.CORE_10.FREQ_300/link/vivado/vpl/prj/prj.runs/my_rm_synth_1/.Xil/Vivado-1398850-cyberdeck/realtime/ulp_buffer_SynapseRouter_1_syn_forward_rt_left_0_stub.v:6]
INFO: [Synth 8-6157] synthesizing module 'ulp_buffer_SynapseRouter_1_syn_forward_rt_right_0' [/home/miahafiz/NeuroRing_a_sudoku_v2/_x.hw.NUM_4096.CORE_10.FREQ_300/link/vivado/vpl/prj/prj.runs/my_rm_synth_1/.Xil/Vivado-1398850-cyberdeck/realtime/ulp_buffer_SynapseRouter_1_syn_forward_rt_right_0_stub.v:6]
INFO: [Synth 8-6155] done synthesizing module 'ulp_buffer_SynapseRouter_1_syn_forward_rt_right_0' (0#1) [/home/miahafiz/NeuroRing_a_sudoku_v2/_x.hw.NUM_4096.CORE_10.FREQ_300/link/vivado/vpl/prj/prj.runs/my_rm_synth_1/.Xil/Vivado-1398850-cyberdeck/realtime/ulp_buffer_SynapseRouter_1_syn_forward_rt_right_0_stub.v:6]
INFO: [Synth 8-6157] synthesizing module 'ulp_hmss_0_0' [/home/miahafiz/NeuroRing_a_sudoku_v2/_x.hw.NUM_4096.CORE_10.FREQ_300/link/vivado/vpl/prj/prj.runs/my_rm_synth_1/.Xil/Vivado-1398850-cyberdeck/realtime/ulp_hmss_0_0_stub.v:6]
INFO: [Synth 8-6155] done synthesizing module 'ulp_hmss_0_0' (0#1) [/home/miahafiz/NeuroRing_a_sudoku_v2/_x.hw.NUM_4096.CORE_10.FREQ_300/link/vivado/vpl/prj/prj.runs/my_rm_synth_1/.Xil/Vivado-1398850-cyberdeck/realtime/ulp_hmss_0_0_stub.v:6]
INFO: [Synth 8-6157] synthesizing module 'ulp_ii_level0_wire_0' [/home/miahafiz/NeuroRing_a_sudoku_v2/_x.hw.NUM_4096.CORE_10.FREQ_300/link/vivado/vpl/prj/prj.runs/my_rm_synth_1/.Xil/Vivado-1398850-cyberdeck/realtime/ulp_ii_level0_wire_0_stub.v:6]
INFO: [Synth 8-6155] done synthesizing module 'ulp_ii_level0_wire_0' (0#1) [/home/miahafiz/NeuroRing_a_sudoku_v2/_x.hw.NUM_4096.CORE_10.FREQ_300/link/vivado/vpl/prj/prj.runs/my_rm_synth_1/.Xil/Vivado-1398850-cyberdeck/realtime/ulp_ii_level0_wire_0_stub.v:6]
WARNING: [Synth 8-7071] port 'ULP_M_AXI_CTRL_MGMT_00_arprot' of module 'ulp_ii_level0_wire_0' is unconnected for instance 'ii_level0_wire' [/home/miahafiz/NeuroRing_a_sudoku_v2/_x.hw.NUM_4096.CORE_10.FREQ_300/link/vivado/vpl/prj/prj.gen/my_rm/bd/ulp/synth/ulp.v:5172]
WARNING: [Synth 8-7071] port 'ULP_M_AXI_CTRL_MGMT_00_awprot' of module 'ulp_ii_level0_wire_0' is unconnected for instance 'ii_level0_wire' [/home/miahafiz/NeuroRing_a_sudoku_v2/_x.hw.NUM_4096.CORE_10.FREQ_300/link/vivado/vpl/prj/prj.gen/my_rm/bd/ulp/synth/ulp.v:5172]
WARNING: [Synth 8-7071] port 'ULP_M_AXI_CTRL_MGMT_00_wstrb' of module 'ulp_ii_level0_wire_0' is unconnected for instance 'ii_level0_wire' [/home/miahafiz/NeuroRing_a_sudoku_v2/_x.hw.NUM_4096.CORE_10.FREQ_300/link/vivado/vpl/prj/prj.gen/my_rm/bd/ulp/synth/ulp.v:5172]
WARNING: [Synth 8-7071] port 'ULP_S_AXI_DATA_C2H_00_arready' of module 'ulp_ii_level0_wire_0' is unconnected for instance 'ii_level0_wire' [/home/miahafiz/NeuroRing_a_sudoku_v2/_x.hw.NUM_4096.CORE_10.FREQ_300/link/vivado/vpl/prj/prj.gen/my_rm/bd/ulp/synth/ulp.v:5172]
WARNING: [Synth 8-7071] port 'ULP_S_AXI_DATA_C2H_00_awready' of module 'ulp_ii_level0_wire_0' is unconnected for instance 'ii_level0_wire' [/home/miahafiz/NeuroRing_a_sudoku_v2/_x.hw.NUM_4096.CORE_10.FREQ_300/link/vivado/vpl/prj/prj.gen/my_rm/bd/ulp/synth/ulp.v:5172]
WARNING: [Synth 8-7071] port 'ULP_S_AXI_DATA_C2H_00_bid' of module 'ulp_ii_level0_wire_0' is unconnected for instance 'ii_level0_wire' [/home/miahafiz/NeuroRing_a_sudoku_v2/_x.hw.NUM_4096.CORE_10.FREQ_300/link/vivado/vpl/prj/prj.gen/my_rm/bd/ulp/synth/ulp.v:5172]
WARNING: [Synth 8-7071] port 'ULP_S_AXI_DATA_C2H_00_bresp' of module 'ulp_ii_level0_wire_0' is unconnected for instance 'ii_level0_wire' [/home/miahafiz/NeuroRing_a_sudoku_v2/_x.hw.NUM_4096.CORE_10.FREQ_300/link/vivado/vpl/prj/prj.gen/my_rm/bd/ulp/synth/ulp.v:5172]
WARNING: [Synth 8-7071] port 'ULP_S_AXI_DATA_C2H_00_bvalid' of module 'ulp_ii_level0_wire_0' is unconnected for instance 'ii_level0_wire' [/home/miahafiz/NeuroRing_a_sudoku_v2/_x.hw.NUM_4096.CORE_10.FREQ_300/link/vivado/vpl/prj/prj.gen/my_rm/bd/ulp/synth/ulp.v:5172]
WARNING: [Synth 8-7071] port 'ULP_S_AXI_DATA_C2H_00_rdata' of module 'ulp_ii_level0_wire_0' is unconnected for instance 'ii_level0_wire' [/home/miahafiz/NeuroRing_a_sudoku_v2/_x.hw.NUM_4096.CORE_10.FREQ_300/link/vivado/vpl/prj/prj.gen/my_rm/bd/ulp/synth/ulp.v:5172]
WARNING: [Synth 8-7071] port 'ULP_S_AXI_DATA_C2H_00_rid' of module 'ulp_ii_level0_wire_0' is unconnected for instance 'ii_level0_wire' [/home/miahafiz/NeuroRing_a_sudoku_v2/_x.hw.NUM_4096.CORE_10.FREQ_300/link/vivado/vpl/prj/prj.gen/my_rm/bd/ulp/synth/ulp.v:5172]
WARNING: [Synth 8-7071] port 'ULP_S_AXI_DATA_C2H_00_rlast' of module 'ulp_ii_level0_wire_0' is unconnected for instance 'ii_level0_wire' [/home/miahafiz/NeuroRing_a_sudoku_v2/_x.hw.NUM_4096.CORE_10.FREQ_300/link/vivado/vpl/prj/prj.gen/my_rm/bd/ulp/synth/ulp.v:5172]
WARNING: [Synth 8-7071] port 'ULP_S_AXI_DATA_C2H_00_rresp' of module 'ulp_ii_level0_wire_0' is unconnected for instance 'ii_level0_wire' [/home/miahafiz/NeuroRing_a_sudoku_v2/_x.hw.NUM_4096.CORE_10.FREQ_300/link/vivado/vpl/prj/prj.gen/my_rm/bd/ulp/synth/ulp.v:5172]
WARNING: [Synth 8-7071] port 'ULP_S_AXI_DATA_C2H_00_rvalid' of module 'ulp_ii_level0_wire_0' is unconnected for instance 'ii_level0_wire' [/home/miahafiz/NeuroRing_a_sudoku_v2/_x.hw.NUM_4096.CORE_10.FREQ_300/link/vivado/vpl/prj/prj.gen/my_rm/bd/ulp/synth/ulp.v:5172]
WARNING: [Synth 8-7071] port 'ULP_S_AXI_DATA_C2H_00_wready' of module 'ulp_ii_level0_wire_0' is unconnected for instance 'ii_level0_wire' [/home/miahafiz/NeuroRing_a_sudoku_v2/_x.hw.NUM_4096.CORE_10.FREQ_300/link/vivado/vpl/prj/prj.gen/my_rm/bd/ulp/synth/ulp.v:5172]
WARNING: [Synth 8-7023] instance 'ii_level0_wire' of module 'ulp_ii_level0_wire_0' has 354 connections declared, but only 340 given [/home/miahafiz/NeuroRing_a_sudoku_v2/_x.hw.NUM_4096.CORE_10.FREQ_300/link/vivado/vpl/prj/prj.gen/my_rm/bd/ulp/synth/ulp.v:5172]
INFO: [Synth 8-6157] synthesizing module 'ulp_ii_level0_wire_ulp_s_irq_cu_00_1_interrupt_concat_0' [/home/miahafiz/NeuroRing_a_sudoku_v2/_x.hw.NUM_4096.CORE_10.FREQ_300/link/vivado/vpl/prj/prj.gen/my_rm/bd/ulp/ip/ulp_ii_level0_wire_ulp_s_irq_cu_00_1_interrupt_concat_0/synth/ulp_ii_level0_wire_ulp_s_irq_cu_00_1_interrupt_concat_0.v:53]
INFO: [Synth 8-6157] synthesizing module 'xlconcat_v2_1_7_xlconcat' [/home/miahafiz/NeuroRing_a_sudoku_v2/_x.hw.NUM_4096.CORE_10.FREQ_300/link/vivado/vpl/prj/prj.gen/my_rm/bd/ulp/ipshared/9c1a/hdl/xlconcat_v2_1_vl_rfs.v:59]
INFO: [Synth 8-6155] done synthesizing module 'xlconcat_v2_1_7_xlconcat' (0#1) [/home/miahafiz/NeuroRing_a_sudoku_v2/_x.hw.NUM_4096.CORE_10.FREQ_300/link/vivado/vpl/prj/prj.gen/my_rm/bd/ulp/ipshared/9c1a/hdl/xlconcat_v2_1_vl_rfs.v:59]
INFO: [Synth 8-6155] done synthesizing module 'ulp_ii_level0_wire_ulp_s_irq_cu_00_1_interrupt_concat_0' (0#1) [/home/miahafiz/NeuroRing_a_sudoku_v2/_x.hw.NUM_4096.CORE_10.FREQ_300/link/vivado/vpl/prj/prj.gen/my_rm/bd/ulp/ip/ulp_ii_level0_wire_ulp_s_irq_cu_00_1_interrupt_concat_0/synth/ulp_ii_level0_wire_ulp_s_irq_cu_00_1_interrupt_concat_0.v:53]
INFO: [Synth 8-6157] synthesizing module 'ulp_ii_level0_wire_ulp_s_irq_cu_00_1_interrupt_concat_0_0' [/home/miahafiz/NeuroRing_a_sudoku_v2/_x.hw.NUM_4096.CORE_10.FREQ_300/link/vivado/vpl/prj/prj.gen/my_rm/bd/ulp/ip/ulp_ii_level0_wire_ulp_s_irq_cu_00_1_interrupt_concat_0_0/synth/ulp_ii_level0_wire_ulp_s_irq_cu_00_1_interrupt_concat_0_0.v:53]
INFO: [Synth 8-6157] synthesizing module 'xlconcat_v2_1_7_xlconcat__parameterized0' [/home/miahafiz/NeuroRing_a_sudoku_v2/_x.hw.NUM_4096.CORE_10.FREQ_300/link/vivado/vpl/prj/prj.gen/my_rm/bd/ulp/ipshared/9c1a/hdl/xlconcat_v2_1_vl_rfs.v:59]
INFO: [Synth 8-6155] done synthesizing module 'xlconcat_v2_1_7_xlconcat__parameterized0' (0#1) [/home/miahafiz/NeuroRing_a_sudoku_v2/_x.hw.NUM_4096.CORE_10.FREQ_300/link/vivado/vpl/prj/prj.gen/my_rm/bd/ulp/ipshared/9c1a/hdl/xlconcat_v2_1_vl_rfs.v:59]
INFO: [Synth 8-6155] done synthesizing module 'ulp_ii_level0_wire_ulp_s_irq_cu_00_1_interrupt_concat_0_0' (0#1) [/home/miahafiz/NeuroRing_a_sudoku_v2/_x.hw.NUM_4096.CORE_10.FREQ_300/link/vivado/vpl/prj/prj.gen/my_rm/bd/ulp/ip/ulp_ii_level0_wire_ulp_s_irq_cu_00_1_interrupt_concat_0_0/synth/ulp_ii_level0_wire_ulp_s_irq_cu_00_1_interrupt_concat_0_0.v:53]
INFO: [Synth 8-6157] synthesizing module 'ulp_ii_level0_wire_ulp_s_irq_cu_00_1_interrupt_concat_1_0' [/home/miahafiz/NeuroRing_a_sudoku_v2/_x.hw.NUM_4096.CORE_10.FREQ_300/link/vivado/vpl/prj/prj.gen/my_rm/bd/ulp/ip/ulp_ii_level0_wire_ulp_s_irq_cu_00_1_interrupt_concat_1_0/synth/ulp_ii_level0_wire_ulp_s_irq_cu_00_1_interrupt_concat_1_0.v:53]
INFO: [Synth 8-6155] done synthesizing module 'ulp_ii_level0_wire_ulp_s_irq_cu_00_1_interrupt_concat_1_0' (0#1) [/home/miahafiz/NeuroRing_a_sudoku_v2/_x.hw.NUM_4096.CORE_10.FREQ_300/link/vivado/vpl/prj/prj.gen/my_rm/bd/ulp/ip/ulp_ii_level0_wire_ulp_s_irq_cu_00_1_interrupt_concat_1_0/synth/ulp_ii_level0_wire_ulp_s_irq_cu_00_1_interrupt_concat_1_0.v:53]
INFO: [Synth 8-6157] synthesizing module 'ulp_ii_level0_wire_ulp_s_irq_cu_00_1_interrupt_concat_2_0' [/home/miahafiz/NeuroRing_a_sudoku_v2/_x.hw.NUM_4096.CORE_10.FREQ_300/link/vivado/vpl/prj/prj.gen/my_rm/bd/ulp/ip/ulp_ii_level0_wire_ulp_s_irq_cu_00_1_interrupt_concat_2_0/synth/ulp_ii_level0_wire_ulp_s_irq_cu_00_1_interrupt_concat_2_0.v:53]
INFO: [Synth 8-6155] done synthesizing module 'ulp_ii_level0_wire_ulp_s_irq_cu_00_1_interrupt_concat_2_0' (0#1) [/home/miahafiz/NeuroRing_a_sudoku_v2/_x.hw.NUM_4096.CORE_10.FREQ_300/link/vivado/vpl/prj/prj.gen/my_rm/bd/ulp/ip/ulp_ii_level0_wire_ulp_s_irq_cu_00_1_interrupt_concat_2_0/synth/ulp_ii_level0_wire_ulp_s_irq_cu_00_1_interrupt_concat_2_0.v:53]
INFO: [Synth 8-6157] synthesizing module 'ulp_ii_level0_wire_ulp_s_irq_cu_00_1_interrupt_concat_3_0' [/home/miahafiz/NeuroRing_a_sudoku_v2/_x.hw.NUM_4096.CORE_10.FREQ_300/link/vivado/vpl/prj/prj.gen/my_rm/bd/ulp/ip/ulp_ii_level0_wire_ulp_s_irq_cu_00_1_interrupt_concat_3_0/synth/ulp_ii_level0_wire_ulp_s_irq_cu_00_1_interrupt_concat_3_0.v:53]
INFO: [Synth 8-6155] done synthesizing module 'ulp_ii_level0_wire_ulp_s_irq_cu_00_1_interrupt_concat_3_0' (0#1) [/home/miahafiz/NeuroRing_a_sudoku_v2/_x.hw.NUM_4096.CORE_10.FREQ_300/link/vivado/vpl/prj/prj.gen/my_rm/bd/ulp/ip/ulp_ii_level0_wire_ulp_s_irq_cu_00_1_interrupt_concat_3_0/synth/ulp_ii_level0_wire_ulp_s_irq_cu_00_1_interrupt_concat_3_0.v:53]
INFO: [Synth 8-6157] synthesizing module 'ulp_irq_const_tieoff_0' [/home/miahafiz/NeuroRing_a_sudoku_v2/_x.hw.NUM_4096.CORE_10.FREQ_300/link/vivado/vpl/prj/prj.gen/my_rm/bd/ulp/ip/ulp_irq_const_tieoff_0/synth/ulp_irq_const_tieoff_0.v:53]
INFO: [Synth 8-6157] synthesizing module 'xlconstant_v1_1_10_xlconstant' [/home/miahafiz/NeuroRing_a_sudoku_v2/_x.hw.NUM_4096.CORE_10.FREQ_300/link/vivado/vpl/prj/prj.gen/my_rm/bd/ulp/ipshared/a165/hdl/xlconstant_v1_1_vl_rfs.v:68]
INFO: [Synth 8-6155] done synthesizing module 'xlconstant_v1_1_10_xlconstant' (0#1) [/home/miahafiz/NeuroRing_a_sudoku_v2/_x.hw.NUM_4096.CORE_10.FREQ_300/link/vivado/vpl/prj/prj.gen/my_rm/bd/ulp/ipshared/a165/hdl/xlconstant_v1_1_vl_rfs.v:68]
INFO: [Synth 8-6155] done synthesizing module 'ulp_irq_const_tieoff_0' (0#1) [/home/miahafiz/NeuroRing_a_sudoku_v2/_x.hw.NUM_4096.CORE_10.FREQ_300/link/vivado/vpl/prj/prj.gen/my_rm/bd/ulp/ip/ulp_irq_const_tieoff_0/synth/ulp_irq_const_tieoff_0.v:53]
INFO: [Synth 8-6157] synthesizing module 'ulp_proc_sys_reset_ctrl_slr0_0' [/home/miahafiz/NeuroRing_a_sudoku_v2/_x.hw.NUM_4096.CORE_10.FREQ_300/link/vivado/vpl/prj/prj.runs/my_rm_synth_1/.Xil/Vivado-1398850-cyberdeck/realtime/ulp_proc_sys_reset_ctrl_slr0_0_stub.v:6]
INFO: [Synth 8-6155] done synthesizing module 'ulp_proc_sys_reset_ctrl_slr0_0' (0#1) [/home/miahafiz/NeuroRing_a_sudoku_v2/_x.hw.NUM_4096.CORE_10.FREQ_300/link/vivado/vpl/prj/prj.runs/my_rm_synth_1/.Xil/Vivado-1398850-cyberdeck/realtime/ulp_proc_sys_reset_ctrl_slr0_0_stub.v:6]
WARNING: [Synth 8-7071] port 'mb_reset' of module 'ulp_proc_sys_reset_ctrl_slr0_0' is unconnected for instance 'proc_sys_reset_ctrl_slr0' [/home/miahafiz/NeuroRing_a_sudoku_v2/_x.hw.NUM_4096.CORE_10.FREQ_300/link/vivado/vpl/prj/prj.gen/my_rm/bd/ulp/synth/ulp.v:5657]
WARNING: [Synth 8-7071] port 'bus_struct_reset' of module 'ulp_proc_sys_reset_ctrl_slr0_0' is unconnected for instance 'proc_sys_reset_ctrl_slr0' [/home/miahafiz/NeuroRing_a_sudoku_v2/_x.hw.NUM_4096.CORE_10.FREQ_300/link/vivado/vpl/prj/prj.gen/my_rm/bd/ulp/synth/ulp.v:5657]
WARNING: [Synth 8-7071] port 'peripheral_reset' of module 'ulp_proc_sys_reset_ctrl_slr0_0' is unconnected for instance 'proc_sys_reset_ctrl_slr0' [/home/miahafiz/NeuroRing_a_sudoku_v2/_x.hw.NUM_4096.CORE_10.FREQ_300/link/vivado/vpl/prj/prj.gen/my_rm/bd/ulp/synth/ulp.v:5657]
WARNING: [Synth 8-7071] port 'interconnect_aresetn' of module 'ulp_proc_sys_reset_ctrl_slr0_0' is unconnected for instance 'proc_sys_reset_ctrl_slr0' [/home/miahafiz/NeuroRing_a_sudoku_v2/_x.hw.NUM_4096.CORE_10.FREQ_300/link/vivado/vpl/prj/prj.gen/my_rm/bd/ulp/synth/ulp.v:5657]
WARNING: [Synth 8-7023] instance 'proc_sys_reset_ctrl_slr0' of module 'ulp_proc_sys_reset_ctrl_slr0_0' has 10 connections declared, but only 6 given [/home/miahafiz/NeuroRing_a_sudoku_v2/_x.hw.NUM_4096.CORE_10.FREQ_300/link/vivado/vpl/prj/prj.gen/my_rm/bd/ulp/synth/ulp.v:5657]
INFO: [Synth 8-6157] synthesizing module 'ulp_proc_sys_reset_ctrl_slr1_0' [/home/miahafiz/NeuroRing_a_sudoku_v2/_x.hw.NUM_4096.CORE_10.FREQ_300/link/vivado/vpl/prj/prj.runs/my_rm_synth_1/.Xil/Vivado-1398850-cyberdeck/realtime/ulp_proc_sys_reset_ctrl_slr1_0_stub.v:6]
INFO: [Synth 8-6155] done synthesizing module 'ulp_proc_sys_reset_ctrl_slr1_0' (0#1) [/home/miahafiz/NeuroRing_a_sudoku_v2/_x.hw.NUM_4096.CORE_10.FREQ_300/link/vivado/vpl/prj/prj.runs/my_rm_synth_1/.Xil/Vivado-1398850-cyberdeck/realtime/ulp_proc_sys_reset_ctrl_slr1_0_stub.v:6]
WARNING: [Synth 8-7071] port 'mb_reset' of module 'ulp_proc_sys_reset_ctrl_slr1_0' is unconnected for instance 'proc_sys_reset_ctrl_slr1' [/home/miahafiz/NeuroRing_a_sudoku_v2/_x.hw.NUM_4096.CORE_10.FREQ_300/link/vivado/vpl/prj/prj.gen/my_rm/bd/ulp/synth/ulp.v:5664]
WARNING: [Synth 8-7071] port 'bus_struct_reset' of module 'ulp_proc_sys_reset_ctrl_slr1_0' is unconnected for instance 'proc_sys_reset_ctrl_slr1' [/home/miahafiz/NeuroRing_a_sudoku_v2/_x.hw.NUM_4096.CORE_10.FREQ_300/link/vivado/vpl/prj/prj.gen/my_rm/bd/ulp/synth/ulp.v:5664]
WARNING: [Synth 8-7071] port 'peripheral_reset' of module 'ulp_proc_sys_reset_ctrl_slr1_0' is unconnected for instance 'proc_sys_reset_ctrl_slr1' [/home/miahafiz/NeuroRing_a_sudoku_v2/_x.hw.NUM_4096.CORE_10.FREQ_300/link/vivado/vpl/prj/prj.gen/my_rm/bd/ulp/synth/ulp.v:5664]
WARNING: [Synth 8-7071] port 'interconnect_aresetn' of module 'ulp_proc_sys_reset_ctrl_slr1_0' is unconnected for instance 'proc_sys_reset_ctrl_slr1' [/home/miahafiz/NeuroRing_a_sudoku_v2/_x.hw.NUM_4096.CORE_10.FREQ_300/link/vivado/vpl/prj/prj.gen/my_rm/bd/ulp/synth/ulp.v:5664]
WARNING: [Synth 8-7023] instance 'proc_sys_reset_ctrl_slr1' of module 'ulp_proc_sys_reset_ctrl_slr1_0' has 10 connections declared, but only 6 given [/home/miahafiz/NeuroRing_a_sudoku_v2/_x.hw.NUM_4096.CORE_10.FREQ_300/link/vivado/vpl/prj/prj.gen/my_rm/bd/ulp/synth/ulp.v:5664]
INFO: [Synth 8-6157] synthesizing module 'ulp_proc_sys_reset_ctrl_slr2_0' [/home/miahafiz/NeuroRing_a_sudoku_v2/_x.hw.NUM_4096.CORE_10.FREQ_300/link/vivado/vpl/prj/prj.runs/my_rm_synth_1/.Xil/Vivado-1398850-cyberdeck/realtime/ulp_proc_sys_reset_ctrl_slr2_0_stub.v:6]
INFO: [Synth 8-6155] done synthesizing module 'ulp_proc_sys_reset_ctrl_slr2_0' (0#1) [/home/miahafiz/NeuroRing_a_sudoku_v2/_x.hw.NUM_4096.CORE_10.FREQ_300/link/vivado/vpl/prj/prj.runs/my_rm_synth_1/.Xil/Vivado-1398850-cyberdeck/realtime/ulp_proc_sys_reset_ctrl_slr2_0_stub.v:6]
WARNING: [Synth 8-7071] port 'mb_reset' of module 'ulp_proc_sys_reset_ctrl_slr2_0' is unconnected for instance 'proc_sys_reset_ctrl_slr2' [/home/miahafiz/NeuroRing_a_sudoku_v2/_x.hw.NUM_4096.CORE_10.FREQ_300/link/vivado/vpl/prj/prj.gen/my_rm/bd/ulp/synth/ulp.v:5671]
WARNING: [Synth 8-7071] port 'bus_struct_reset' of module 'ulp_proc_sys_reset_ctrl_slr2_0' is unconnected for instance 'proc_sys_reset_ctrl_slr2' [/home/miahafiz/NeuroRing_a_sudoku_v2/_x.hw.NUM_4096.CORE_10.FREQ_300/link/vivado/vpl/prj/prj.gen/my_rm/bd/ulp/synth/ulp.v:5671]
WARNING: [Synth 8-7071] port 'peripheral_reset' of module 'ulp_proc_sys_reset_ctrl_slr2_0' is unconnected for instance 'proc_sys_reset_ctrl_slr2' [/home/miahafiz/NeuroRing_a_sudoku_v2/_x.hw.NUM_4096.CORE_10.FREQ_300/link/vivado/vpl/prj/prj.gen/my_rm/bd/ulp/synth/ulp.v:5671]
WARNING: [Synth 8-7071] port 'interconnect_aresetn' of module 'ulp_proc_sys_reset_ctrl_slr2_0' is unconnected for instance 'proc_sys_reset_ctrl_slr2' [/home/miahafiz/NeuroRing_a_sudoku_v2/_x.hw.NUM_4096.CORE_10.FREQ_300/link/vivado/vpl/prj/prj.gen/my_rm/bd/ulp/synth/ulp.v:5671]
WARNING: [Synth 8-7023] instance 'proc_sys_reset_ctrl_slr2' of module 'ulp_proc_sys_reset_ctrl_slr2_0' has 10 connections declared, but only 6 given [/home/miahafiz/NeuroRing_a_sudoku_v2/_x.hw.NUM_4096.CORE_10.FREQ_300/link/vivado/vpl/prj/prj.gen/my_rm/bd/ulp/synth/ulp.v:5671]
WARNING: [Synth 8-4446] all outputs are unconnected for this instance and logic may be removed [/home/miahafiz/NeuroRing_a_sudoku_v2/_x.hw.NUM_4096.CORE_10.FREQ_300/link/vivado/vpl/prj/prj.gen/my_rm/bd/ulp/synth/ulp.v:5678]
INFO: [Synth 8-6157] synthesizing module 'ulp_proc_sys_reset_freerun_slr0_0' [/home/miahafiz/NeuroRing_a_sudoku_v2/_x.hw.NUM_4096.CORE_10.FREQ_300/link/vivado/vpl/prj/prj.runs/my_rm_synth_1/.Xil/Vivado-1398850-cyberdeck/realtime/ulp_proc_sys_reset_freerun_slr0_0_stub.v:6]
INFO: [Synth 8-6155] done synthesizing module 'ulp_proc_sys_reset_freerun_slr0_0' (0#1) [/home/miahafiz/NeuroRing_a_sudoku_v2/_x.hw.NUM_4096.CORE_10.FREQ_300/link/vivado/vpl/prj/prj.runs/my_rm_synth_1/.Xil/Vivado-1398850-cyberdeck/realtime/ulp_proc_sys_reset_freerun_slr0_0_stub.v:6]
WARNING: [Synth 8-7071] port 'mb_reset' of module 'ulp_proc_sys_reset_freerun_slr0_0' is unconnected for instance 'proc_sys_reset_freerun_slr0' [/home/miahafiz/NeuroRing_a_sudoku_v2/_x.hw.NUM_4096.CORE_10.FREQ_300/link/vivado/vpl/prj/prj.gen/my_rm/bd/ulp/synth/ulp.v:5678]
WARNING: [Synth 8-7071] port 'bus_struct_reset' of module 'ulp_proc_sys_reset_freerun_slr0_0' is unconnected for instance 'proc_sys_reset_freerun_slr0' [/home/miahafiz/NeuroRing_a_sudoku_v2/_x.hw.NUM_4096.CORE_10.FREQ_300/link/vivado/vpl/prj/prj.gen/my_rm/bd/ulp/synth/ulp.v:5678]
WARNING: [Synth 8-7071] port 'peripheral_reset' of module 'ulp_proc_sys_reset_freerun_slr0_0' is unconnected for instance 'proc_sys_reset_freerun_slr0' [/home/miahafiz/NeuroRing_a_sudoku_v2/_x.hw.NUM_4096.CORE_10.FREQ_300/link/vivado/vpl/prj/prj.gen/my_rm/bd/ulp/synth/ulp.v:5678]
WARNING: [Synth 8-7071] port 'interconnect_aresetn' of module 'ulp_proc_sys_reset_freerun_slr0_0' is unconnected for instance 'proc_sys_reset_freerun_slr0' [/home/miahafiz/NeuroRing_a_sudoku_v2/_x.hw.NUM_4096.CORE_10.FREQ_300/link/vivado/vpl/prj/prj.gen/my_rm/bd/ulp/synth/ulp.v:5678]
WARNING: [Synth 8-7071] port 'peripheral_aresetn' of module 'ulp_proc_sys_reset_freerun_slr0_0' is unconnected for instance 'proc_sys_reset_freerun_slr0' [/home/miahafiz/NeuroRing_a_sudoku_v2/_x.hw.NUM_4096.CORE_10.FREQ_300/link/vivado/vpl/prj/prj.gen/my_rm/bd/ulp/synth/ulp.v:5678]
WARNING: [Synth 8-7023] instance 'proc_sys_reset_freerun_slr0' of module 'ulp_proc_sys_reset_freerun_slr0_0' has 10 connections declared, but only 5 given [/home/miahafiz/NeuroRing_a_sudoku_v2/_x.hw.NUM_4096.CORE_10.FREQ_300/link/vivado/vpl/prj/prj.gen/my_rm/bd/ulp/synth/ulp.v:5678]
WARNING: [Synth 8-4446] all outputs are unconnected for this instance and logic may be removed [/home/miahafiz/NeuroRing_a_sudoku_v2/_x.hw.NUM_4096.CORE_10.FREQ_300/link/vivado/vpl/prj/prj.gen/my_rm/bd/ulp/synth/ulp.v:5684]
INFO: [Synth 8-6157] synthesizing module 'ulp_proc_sys_reset_freerun_slr1_0' [/home/miahafiz/NeuroRing_a_sudoku_v2/_x.hw.NUM_4096.CORE_10.FREQ_300/link/vivado/vpl/prj/prj.runs/my_rm_synth_1/.Xil/Vivado-1398850-cyberdeck/realtime/ulp_proc_sys_reset_freerun_slr1_0_stub.v:6]
INFO: [Synth 8-6155] done synthesizing module 'ulp_proc_sys_reset_freerun_slr1_0' (0#1) [/home/miahafiz/NeuroRing_a_sudoku_v2/_x.hw.NUM_4096.CORE_10.FREQ_300/link/vivado/vpl/prj/prj.runs/my_rm_synth_1/.Xil/Vivado-1398850-cyberdeck/realtime/ulp_proc_sys_reset_freerun_slr1_0_stub.v:6]
WARNING: [Synth 8-7071] port 'mb_reset' of module 'ulp_proc_sys_reset_freerun_slr1_0' is unconnected for instance 'proc_sys_reset_freerun_slr1' [/home/miahafiz/NeuroRing_a_sudoku_v2/_x.hw.NUM_4096.CORE_10.FREQ_300/link/vivado/vpl/prj/prj.gen/my_rm/bd/ulp/synth/ulp.v:5684]
WARNING: [Synth 8-7071] port 'bus_struct_reset' of module 'ulp_proc_sys_reset_freerun_slr1_0' is unconnected for instance 'proc_sys_reset_freerun_slr1' [/home/miahafiz/NeuroRing_a_sudoku_v2/_x.hw.NUM_4096.CORE_10.FREQ_300/link/vivado/vpl/prj/prj.gen/my_rm/bd/ulp/synth/ulp.v:5684]
WARNING: [Synth 8-7071] port 'peripheral_reset' of module 'ulp_proc_sys_reset_freerun_slr1_0' is unconnected for instance 'proc_sys_reset_freerun_slr1' [/home/miahafiz/NeuroRing_a_sudoku_v2/_x.hw.NUM_4096.CORE_10.FREQ_300/link/vivado/vpl/prj/prj.gen/my_rm/bd/ulp/synth/ulp.v:5684]
WARNING: [Synth 8-7071] port 'interconnect_aresetn' of module 'ulp_proc_sys_reset_freerun_slr1_0' is unconnected for instance 'proc_sys_reset_freerun_slr1' [/home/miahafiz/NeuroRing_a_sudoku_v2/_x.hw.NUM_4096.CORE_10.FREQ_300/link/vivado/vpl/prj/prj.gen/my_rm/bd/ulp/synth/ulp.v:5684]
WARNING: [Synth 8-7071] port 'peripheral_aresetn' of module 'ulp_proc_sys_reset_freerun_slr1_0' is unconnected for instance 'proc_sys_reset_freerun_slr1' [/home/miahafiz/NeuroRing_a_sudoku_v2/_x.hw.NUM_4096.CORE_10.FREQ_300/link/vivado/vpl/prj/prj.gen/my_rm/bd/ulp/synth/ulp.v:5684]
WARNING: [Synth 8-7023] instance 'proc_sys_reset_freerun_slr1' of module 'ulp_proc_sys_reset_freerun_slr1_0' has 10 connections declared, but only 5 given [/home/miahafiz/NeuroRing_a_sudoku_v2/_x.hw.NUM_4096.CORE_10.FREQ_300/link/vivado/vpl/prj/prj.gen/my_rm/bd/ulp/synth/ulp.v:5684]
WARNING: [Synth 8-4446] all outputs are unconnected for this instance and logic may be removed [/home/miahafiz/NeuroRing_a_sudoku_v2/_x.hw.NUM_4096.CORE_10.FREQ_300/link/vivado/vpl/prj/prj.gen/my_rm/bd/ulp/synth/ulp.v:5690]
INFO: [Synth 8-6157] synthesizing module 'ulp_proc_sys_reset_freerun_slr2_0' [/home/miahafiz/NeuroRing_a_sudoku_v2/_x.hw.NUM_4096.CORE_10.FREQ_300/link/vivado/vpl/prj/prj.runs/my_rm_synth_1/.Xil/Vivado-1398850-cyberdeck/realtime/ulp_proc_sys_reset_freerun_slr2_0_stub.v:6]
INFO: [Synth 8-6155] done synthesizing module 'ulp_proc_sys_reset_freerun_slr2_0' (0#1) [/home/miahafiz/NeuroRing_a_sudoku_v2/_x.hw.NUM_4096.CORE_10.FREQ_300/link/vivado/vpl/prj/prj.runs/my_rm_synth_1/.Xil/Vivado-1398850-cyberdeck/realtime/ulp_proc_sys_reset_freerun_slr2_0_stub.v:6]
WARNING: [Synth 8-7071] port 'mb_reset' of module 'ulp_proc_sys_reset_freerun_slr2_0' is unconnected for instance 'proc_sys_reset_freerun_slr2' [/home/miahafiz/NeuroRing_a_sudoku_v2/_x.hw.NUM_4096.CORE_10.FREQ_300/link/vivado/vpl/prj/prj.gen/my_rm/bd/ulp/synth/ulp.v:5690]
WARNING: [Synth 8-7071] port 'bus_struct_reset' of module 'ulp_proc_sys_reset_freerun_slr2_0' is unconnected for instance 'proc_sys_reset_freerun_slr2' [/home/miahafiz/NeuroRing_a_sudoku_v2/_x.hw.NUM_4096.CORE_10.FREQ_300/link/vivado/vpl/prj/prj.gen/my_rm/bd/ulp/synth/ulp.v:5690]
WARNING: [Synth 8-7071] port 'peripheral_reset' of module 'ulp_proc_sys_reset_freerun_slr2_0' is unconnected for instance 'proc_sys_reset_freerun_slr2' [/home/miahafiz/NeuroRing_a_sudoku_v2/_x.hw.NUM_4096.CORE_10.FREQ_300/link/vivado/vpl/prj/prj.gen/my_rm/bd/ulp/synth/ulp.v:5690]
WARNING: [Synth 8-7071] port 'interconnect_aresetn' of module 'ulp_proc_sys_reset_freerun_slr2_0' is unconnected for instance 'proc_sys_reset_freerun_slr2' [/home/miahafiz/NeuroRing_a_sudoku_v2/_x.hw.NUM_4096.CORE_10.FREQ_300/link/vivado/vpl/prj/prj.gen/my_rm/bd/ulp/synth/ulp.v:5690]
WARNING: [Synth 8-7071] port 'peripheral_aresetn' of module 'ulp_proc_sys_reset_freerun_slr2_0' is unconnected for instance 'proc_sys_reset_freerun_slr2' [/home/miahafiz/NeuroRing_a_sudoku_v2/_x.hw.NUM_4096.CORE_10.FREQ_300/link/vivado/vpl/prj/prj.gen/my_rm/bd/ulp/synth/ulp.v:5690]
WARNING: [Synth 8-7023] instance 'proc_sys_reset_freerun_slr2' of module 'ulp_proc_sys_reset_freerun_slr2_0' has 10 connections declared, but only 5 given [/home/miahafiz/NeuroRing_a_sudoku_v2/_x.hw.NUM_4096.CORE_10.FREQ_300/link/vivado/vpl/prj/prj.gen/my_rm/bd/ulp/synth/ulp.v:5690]
INFO: [Synth 8-6157] synthesizing module 'ulp_proc_sys_reset_kernel2_slr0_0' [/home/miahafiz/NeuroRing_a_sudoku_v2/_x.hw.NUM_4096.CORE_10.FREQ_300/link/vivado/vpl/prj/prj.runs/my_rm_synth_1/.Xil/Vivado-1398850-cyberdeck/realtime/ulp_proc_sys_reset_kernel2_slr0_0_stub.v:6]
INFO: [Synth 8-6155] done synthesizing module 'ulp_proc_sys_reset_kernel2_slr0_0' (0#1) [/home/miahafiz/NeuroRing_a_sudoku_v2/_x.hw.NUM_4096.CORE_10.FREQ_300/link/vivado/vpl/prj/prj.runs/my_rm_synth_1/.Xil/Vivado-1398850-cyberdeck/realtime/ulp_proc_sys_reset_kernel2_slr0_0_stub.v:6]
WARNING: [Synth 8-7071] port 'mb_reset' of module 'ulp_proc_sys_reset_kernel2_slr0_0' is unconnected for instance 'proc_sys_reset_kernel2_slr0' [/home/miahafiz/NeuroRing_a_sudoku_v2/_x.hw.NUM_4096.CORE_10.FREQ_300/link/vivado/vpl/prj/prj.gen/my_rm/bd/ulp/synth/ulp.v:5696]
WARNING: [Synth 8-7071] port 'bus_struct_reset' of module 'ulp_proc_sys_reset_kernel2_slr0_0' is unconnected for instance 'proc_sys_reset_kernel2_slr0' [/home/miahafiz/NeuroRing_a_sudoku_v2/_x.hw.NUM_4096.CORE_10.FREQ_300/link/vivado/vpl/prj/prj.gen/my_rm/bd/ulp/synth/ulp.v:5696]
WARNING: [Synth 8-7071] port 'peripheral_reset' of module 'ulp_proc_sys_reset_kernel2_slr0_0' is unconnected for instance 'proc_sys_reset_kernel2_slr0' [/home/miahafiz/NeuroRing_a_sudoku_v2/_x.hw.NUM_4096.CORE_10.FREQ_300/link/vivado/vpl/prj/prj.gen/my_rm/bd/ulp/synth/ulp.v:5696]
WARNING: [Synth 8-7071] port 'interconnect_aresetn' of module 'ulp_proc_sys_reset_kernel2_slr0_0' is unconnected for instance 'proc_sys_reset_kernel2_slr0' [/home/miahafiz/NeuroRing_a_sudoku_v2/_x.hw.NUM_4096.CORE_10.FREQ_300/link/vivado/vpl/prj/prj.gen/my_rm/bd/ulp/synth/ulp.v:5696]
WARNING: [Synth 8-7023] instance 'proc_sys_reset_kernel2_slr0' of module 'ulp_proc_sys_reset_kernel2_slr0_0' has 10 connections declared, but only 6 given [/home/miahafiz/NeuroRing_a_sudoku_v2/_x.hw.NUM_4096.CORE_10.FREQ_300/link/vivado/vpl/prj/prj.gen/my_rm/bd/ulp/synth/ulp.v:5696]
INFO: [Synth 8-6157] synthesizing module 'ulp_proc_sys_reset_kernel2_slr1_0' [/home/miahafiz/NeuroRing_a_sudoku_v2/_x.hw.NUM_4096.CORE_10.FREQ_300/link/vivado/vpl/prj/prj.runs/my_rm_synth_1/.Xil/Vivado-1398850-cyberdeck/realtime/ulp_proc_sys_reset_kernel2_slr1_0_stub.v:6]
INFO: [Synth 8-6155] done synthesizing module 'ulp_proc_sys_reset_kernel2_slr1_0' (0#1) [/home/miahafiz/NeuroRing_a_sudoku_v2/_x.hw.NUM_4096.CORE_10.FREQ_300/link/vivado/vpl/prj/prj.runs/my_rm_synth_1/.Xil/Vivado-1398850-cyberdeck/realtime/ulp_proc_sys_reset_kernel2_slr1_0_stub.v:6]
WARNING: [Synth 8-7071] port 'mb_reset' of module 'ulp_proc_sys_reset_kernel2_slr1_0' is unconnected for instance 'proc_sys_reset_kernel2_slr1' [/home/miahafiz/NeuroRing_a_sudoku_v2/_x.hw.NUM_4096.CORE_10.FREQ_300/link/vivado/vpl/prj/prj.gen/my_rm/bd/ulp/synth/ulp.v:5703]
WARNING: [Synth 8-7071] port 'bus_struct_reset' of module 'ulp_proc_sys_reset_kernel2_slr1_0' is unconnected for instance 'proc_sys_reset_kernel2_slr1' [/home/miahafiz/NeuroRing_a_sudoku_v2/_x.hw.NUM_4096.CORE_10.FREQ_300/link/vivado/vpl/prj/prj.gen/my_rm/bd/ulp/synth/ulp.v:5703]
WARNING: [Synth 8-7071] port 'peripheral_reset' of module 'ulp_proc_sys_reset_kernel2_slr1_0' is unconnected for instance 'proc_sys_reset_kernel2_slr1' [/home/miahafiz/NeuroRing_a_sudoku_v2/_x.hw.NUM_4096.CORE_10.FREQ_300/link/vivado/vpl/prj/prj.gen/my_rm/bd/ulp/synth/ulp.v:5703]
WARNING: [Synth 8-7071] port 'interconnect_aresetn' of module 'ulp_proc_sys_reset_kernel2_slr1_0' is unconnected for instance 'proc_sys_reset_kernel2_slr1' [/home/miahafiz/NeuroRing_a_sudoku_v2/_x.hw.NUM_4096.CORE_10.FREQ_300/link/vivado/vpl/prj/prj.gen/my_rm/bd/ulp/synth/ulp.v:5703]
WARNING: [Synth 8-7023] instance 'proc_sys_reset_kernel2_slr1' of module 'ulp_proc_sys_reset_kernel2_slr1_0' has 10 connections declared, but only 6 given [/home/miahafiz/NeuroRing_a_sudoku_v2/_x.hw.NUM_4096.CORE_10.FREQ_300/link/vivado/vpl/prj/prj.gen/my_rm/bd/ulp/synth/ulp.v:5703]
INFO: [Synth 8-6157] synthesizing module 'ulp_proc_sys_reset_kernel2_slr2_0' [/home/miahafiz/NeuroRing_a_sudoku_v2/_x.hw.NUM_4096.CORE_10.FREQ_300/link/vivado/vpl/prj/prj.runs/my_rm_synth_1/.Xil/Vivado-1398850-cyberdeck/realtime/ulp_proc_sys_reset_kernel2_slr2_0_stub.v:6]
INFO: [Synth 8-6155] done synthesizing module 'ulp_proc_sys_reset_kernel2_slr2_0' (0#1) [/home/miahafiz/NeuroRing_a_sudoku_v2/_x.hw.NUM_4096.CORE_10.FREQ_300/link/vivado/vpl/prj/prj.runs/my_rm_synth_1/.Xil/Vivado-1398850-cyberdeck/realtime/ulp_proc_sys_reset_kernel2_slr2_0_stub.v:6]
WARNING: [Synth 8-7071] port 'mb_reset' of module 'ulp_proc_sys_reset_kernel2_slr2_0' is unconnected for instance 'proc_sys_reset_kernel2_slr2' [/home/miahafiz/NeuroRing_a_sudoku_v2/_x.hw.NUM_4096.CORE_10.FREQ_300/link/vivado/vpl/prj/prj.gen/my_rm/bd/ulp/synth/ulp.v:5710]
WARNING: [Synth 8-7071] port 'bus_struct_reset' of module 'ulp_proc_sys_reset_kernel2_slr2_0' is unconnected for instance 'proc_sys_reset_kernel2_slr2' [/home/miahafiz/NeuroRing_a_sudoku_v2/_x.hw.NUM_4096.CORE_10.FREQ_300/link/vivado/vpl/prj/prj.gen/my_rm/bd/ulp/synth/ulp.v:5710]
WARNING: [Synth 8-7071] port 'peripheral_reset' of module 'ulp_proc_sys_reset_kernel2_slr2_0' is unconnected for instance 'proc_sys_reset_kernel2_slr2' [/home/miahafiz/NeuroRing_a_sudoku_v2/_x.hw.NUM_4096.CORE_10.FREQ_300/link/vivado/vpl/prj/prj.gen/my_rm/bd/ulp/synth/ulp.v:5710]
WARNING: [Synth 8-7071] port 'interconnect_aresetn' of module 'ulp_proc_sys_reset_kernel2_slr2_0' is unconnected for instance 'proc_sys_reset_kernel2_slr2' [/home/miahafiz/NeuroRing_a_sudoku_v2/_x.hw.NUM_4096.CORE_10.FREQ_300/link/vivado/vpl/prj/prj.gen/my_rm/bd/ulp/synth/ulp.v:5710]
WARNING: [Synth 8-7023] instance 'proc_sys_reset_kernel2_slr2' of module 'ulp_proc_sys_reset_kernel2_slr2_0' has 10 connections declared, but only 6 given [/home/miahafiz/NeuroRing_a_sudoku_v2/_x.hw.NUM_4096.CORE_10.FREQ_300/link/vivado/vpl/prj/prj.gen/my_rm/bd/ulp/synth/ulp.v:5710]
INFO: [Synth 8-6157] synthesizing module 'ulp_proc_sys_reset_kernel_slr0_0' [/home/miahafiz/NeuroRing_a_sudoku_v2/_x.hw.NUM_4096.CORE_10.FREQ_300/link/vivado/vpl/prj/prj.runs/my_rm_synth_1/.Xil/Vivado-1398850-cyberdeck/realtime/ulp_proc_sys_reset_kernel_slr0_0_stub.v:6]
INFO: [Synth 8-6155] done synthesizing module 'ulp_proc_sys_reset_kernel_slr0_0' (0#1) [/home/miahafiz/NeuroRing_a_sudoku_v2/_x.hw.NUM_4096.CORE_10.FREQ_300/link/vivado/vpl/prj/prj.runs/my_rm_synth_1/.Xil/Vivado-1398850-cyberdeck/realtime/ulp_proc_sys_reset_kernel_slr0_0_stub.v:6]
WARNING: [Synth 8-7071] port 'mb_reset' of module 'ulp_proc_sys_reset_kernel_slr0_0' is unconnected for instance 'proc_sys_reset_kernel_slr0' [/home/miahafiz/NeuroRing_a_sudoku_v2/_x.hw.NUM_4096.CORE_10.FREQ_300/link/vivado/vpl/prj/prj.gen/my_rm/bd/ulp/synth/ulp.v:5717]
WARNING: [Synth 8-7071] port 'bus_struct_reset' of module 'ulp_proc_sys_reset_kernel_slr0_0' is unconnected for instance 'proc_sys_reset_kernel_slr0' [/home/miahafiz/NeuroRing_a_sudoku_v2/_x.hw.NUM_4096.CORE_10.FREQ_300/link/vivado/vpl/prj/prj.gen/my_rm/bd/ulp/synth/ulp.v:5717]
WARNING: [Synth 8-7071] port 'peripheral_reset' of module 'ulp_proc_sys_reset_kernel_slr0_0' is unconnected for instance 'proc_sys_reset_kernel_slr0' [/home/miahafiz/NeuroRing_a_sudoku_v2/_x.hw.NUM_4096.CORE_10.FREQ_300/link/vivado/vpl/prj/prj.gen/my_rm/bd/ulp/synth/ulp.v:5717]
WARNING: [Synth 8-7071] port 'interconnect_aresetn' of module 'ulp_proc_sys_reset_kernel_slr0_0' is unconnected for instance 'proc_sys_reset_kernel_slr0' [/home/miahafiz/NeuroRing_a_sudoku_v2/_x.hw.NUM_4096.CORE_10.FREQ_300/link/vivado/vpl/prj/prj.gen/my_rm/bd/ulp/synth/ulp.v:5717]
WARNING: [Synth 8-7023] instance 'proc_sys_reset_kernel_slr0' of module 'ulp_proc_sys_reset_kernel_slr0_0' has 10 connections declared, but only 6 given [/home/miahafiz/NeuroRing_a_sudoku_v2/_x.hw.NUM_4096.CORE_10.FREQ_300/link/vivado/vpl/prj/prj.gen/my_rm/bd/ulp/synth/ulp.v:5717]
INFO: [Synth 8-6157] synthesizing module 'ulp_proc_sys_reset_kernel_slr1_0' [/home/miahafiz/NeuroRing_a_sudoku_v2/_x.hw.NUM_4096.CORE_10.FREQ_300/link/vivado/vpl/prj/prj.runs/my_rm_synth_1/.Xil/Vivado-1398850-cyberdeck/realtime/ulp_proc_sys_reset_kernel_slr1_0_stub.v:6]
INFO: [Synth 8-6155] done synthesizing module 'ulp_proc_sys_reset_kernel_slr1_0' (0#1) [/home/miahafiz/NeuroRing_a_sudoku_v2/_x.hw.NUM_4096.CORE_10.FREQ_300/link/vivado/vpl/prj/prj.runs/my_rm_synth_1/.Xil/Vivado-1398850-cyberdeck/realtime/ulp_proc_sys_reset_kernel_slr1_0_stub.v:6]
WARNING: [Synth 8-7071] port 'mb_reset' of module 'ulp_proc_sys_reset_kernel_slr1_0' is unconnected for instance 'proc_sys_reset_kernel_slr1' [/home/miahafiz/NeuroRing_a_sudoku_v2/_x.hw.NUM_4096.CORE_10.FREQ_300/link/vivado/vpl/prj/prj.gen/my_rm/bd/ulp/synth/ulp.v:5724]
WARNING: [Synth 8-7071] port 'bus_struct_reset' of module 'ulp_proc_sys_reset_kernel_slr1_0' is unconnected for instance 'proc_sys_reset_kernel_slr1' [/home/miahafiz/NeuroRing_a_sudoku_v2/_x.hw.NUM_4096.CORE_10.FREQ_300/link/vivado/vpl/prj/prj.gen/my_rm/bd/ulp/synth/ulp.v:5724]
WARNING: [Synth 8-7071] port 'peripheral_reset' of module 'ulp_proc_sys_reset_kernel_slr1_0' is unconnected for instance 'proc_sys_reset_kernel_slr1' [/home/miahafiz/NeuroRing_a_sudoku_v2/_x.hw.NUM_4096.CORE_10.FREQ_300/link/vivado/vpl/prj/prj.gen/my_rm/bd/ulp/synth/ulp.v:5724]
WARNING: [Synth 8-7071] port 'interconnect_aresetn' of module 'ulp_proc_sys_reset_kernel_slr1_0' is unconnected for instance 'proc_sys_reset_kernel_slr1' [/home/miahafiz/NeuroRing_a_sudoku_v2/_x.hw.NUM_4096.CORE_10.FREQ_300/link/vivado/vpl/prj/prj.gen/my_rm/bd/ulp/synth/ulp.v:5724]
WARNING: [Synth 8-7023] instance 'proc_sys_reset_kernel_slr1' of module 'ulp_proc_sys_reset_kernel_slr1_0' has 10 connections declared, but only 6 given [/home/miahafiz/NeuroRing_a_sudoku_v2/_x.hw.NUM_4096.CORE_10.FREQ_300/link/vivado/vpl/prj/prj.gen/my_rm/bd/ulp/synth/ulp.v:5724]
INFO: [Synth 8-6157] synthesizing module 'ulp_proc_sys_reset_kernel_slr2_0' [/home/miahafiz/NeuroRing_a_sudoku_v2/_x.hw.NUM_4096.CORE_10.FREQ_300/link/vivado/vpl/prj/prj.runs/my_rm_synth_1/.Xil/Vivado-1398850-cyberdeck/realtime/ulp_proc_sys_reset_kernel_slr2_0_stub.v:6]
INFO: [Synth 8-6155] done synthesizing module 'ulp_proc_sys_reset_kernel_slr2_0' (0#1) [/home/miahafiz/NeuroRing_a_sudoku_v2/_x.hw.NUM_4096.CORE_10.FREQ_300/link/vivado/vpl/prj/prj.runs/my_rm_synth_1/.Xil/Vivado-1398850-cyberdeck/realtime/ulp_proc_sys_reset_kernel_slr2_0_stub.v:6]
WARNING: [Synth 8-7071] port 'mb_reset' of module 'ulp_proc_sys_reset_kernel_slr2_0' is unconnected for instance 'proc_sys_reset_kernel_slr2' [/home/miahafiz/NeuroRing_a_sudoku_v2/_x.hw.NUM_4096.CORE_10.FREQ_300/link/vivado/vpl/prj/prj.gen/my_rm/bd/ulp/synth/ulp.v:5731]
WARNING: [Synth 8-7071] port 'bus_struct_reset' of module 'ulp_proc_sys_reset_kernel_slr2_0' is unconnected for instance 'proc_sys_reset_kernel_slr2' [/home/miahafiz/NeuroRing_a_sudoku_v2/_x.hw.NUM_4096.CORE_10.FREQ_300/link/vivado/vpl/prj/prj.gen/my_rm/bd/ulp/synth/ulp.v:5731]
WARNING: [Synth 8-7071] port 'peripheral_reset' of module 'ulp_proc_sys_reset_kernel_slr2_0' is unconnected for instance 'proc_sys_reset_kernel_slr2' [/home/miahafiz/NeuroRing_a_sudoku_v2/_x.hw.NUM_4096.CORE_10.FREQ_300/link/vivado/vpl/prj/prj.gen/my_rm/bd/ulp/synth/ulp.v:5731]
WARNING: [Synth 8-7071] port 'interconnect_aresetn' of module 'ulp_proc_sys_reset_kernel_slr2_0' is unconnected for instance 'proc_sys_reset_kernel_slr2' [/home/miahafiz/NeuroRing_a_sudoku_v2/_x.hw.NUM_4096.CORE_10.FREQ_300/link/vivado/vpl/prj/prj.gen/my_rm/bd/ulp/synth/ulp.v:5731]
WARNING: [Synth 8-7023] instance 'proc_sys_reset_kernel_slr2' of module 'ulp_proc_sys_reset_kernel_slr2_0' has 10 connections declared, but only 6 given [/home/miahafiz/NeuroRing_a_sudoku_v2/_x.hw.NUM_4096.CORE_10.FREQ_300/link/vivado/vpl/prj/prj.gen/my_rm/bd/ulp/synth/ulp.v:5731]
INFO: [Synth 8-6157] synthesizing module 'ulp_satellite_gpio_slice_1_0' [/home/miahafiz/NeuroRing_a_sudoku_v2/_x.hw.NUM_4096.CORE_10.FREQ_300/link/vivado/vpl/prj/prj.gen/my_rm/bd/ulp/ip/ulp_satellite_gpio_slice_1_0/synth/ulp_satellite_gpio_slice_1_0.v:53]
INFO: [Synth 8-6157] synthesizing module 'xlslice_v1_0_5_xlslice' [/home/miahafiz/NeuroRing_a_sudoku_v2/_x.hw.NUM_4096.CORE_10.FREQ_300/link/vivado/vpl/prj/prj.gen/my_rm/bd/ulp/ipshared/6792/hdl/xlslice_v1_0_vl_rfs.v:58]
INFO: [Synth 8-6155] done synthesizing module 'xlslice_v1_0_5_xlslice' (0#1) [/home/miahafiz/NeuroRing_a_sudoku_v2/_x.hw.NUM_4096.CORE_10.FREQ_300/link/vivado/vpl/prj/prj.gen/my_rm/bd/ulp/ipshared/6792/hdl/xlslice_v1_0_vl_rfs.v:58]
INFO: [Synth 8-6155] done synthesizing module 'ulp_satellite_gpio_slice_1_0' (0#1) [/home/miahafiz/NeuroRing_a_sudoku_v2/_x.hw.NUM_4096.CORE_10.FREQ_300/link/vivado/vpl/prj/prj.gen/my_rm/bd/ulp/ip/ulp_satellite_gpio_slice_1_0/synth/ulp_satellite_gpio_slice_1_0.v:53]
INFO: [Synth 8-6157] synthesizing module 'ulp_ulp_cmp_0' [/home/miahafiz/NeuroRing_a_sudoku_v2/_x.hw.NUM_4096.CORE_10.FREQ_300/link/vivado/vpl/prj/prj.runs/my_rm_synth_1/.Xil/Vivado-1398850-cyberdeck/realtime/ulp_ulp_cmp_0_stub.v:6]
INFO: [Synth 8-6155] done synthesizing module 'ulp_ulp_cmp_0' (0#1) [/home/miahafiz/NeuroRing_a_sudoku_v2/_x.hw.NUM_4096.CORE_10.FREQ_300/link/vivado/vpl/prj/prj.runs/my_rm_synth_1/.Xil/Vivado-1398850-cyberdeck/realtime/ulp_ulp_cmp_0_stub.v:6]
INFO: [Synth 8-6157] synthesizing module 'ulp_ulp_ucs_0' [/home/miahafiz/NeuroRing_a_sudoku_v2/_x.hw.NUM_4096.CORE_10.FREQ_300/link/vivado/vpl/prj/prj.runs/my_rm_synth_1/.Xil/Vivado-1398850-cyberdeck/realtime/ulp_ulp_ucs_0_stub.v:6]
INFO: [Synth 8-6155] done synthesizing module 'ulp_ulp_ucs_0' (0#1) [/home/miahafiz/NeuroRing_a_sudoku_v2/_x.hw.NUM_4096.CORE_10.FREQ_300/link/vivado/vpl/prj/prj.runs/my_rm_synth_1/.Xil/Vivado-1398850-cyberdeck/realtime/ulp_ulp_ucs_0_stub.v:6]
INFO: [Synth 8-6155] done synthesizing module 'ulp' (0#1) [/home/miahafiz/NeuroRing_a_sudoku_v2/_x.hw.NUM_4096.CORE_10.FREQ_300/link/vivado/vpl/prj/prj.gen/my_rm/bd/ulp/synth/ulp.v:3270]
WARNING: [Synth 8-3848] Net io_gt_qsfp0_00_gtx_n in module/entity ulp does not have driver. [/home/miahafiz/NeuroRing_a_sudoku_v2/_x.hw.NUM_4096.CORE_10.FREQ_300/link/vivado/vpl/prj/prj.gen/my_rm/bd/ulp/synth/ulp.v:3644]
WARNING: [Synth 8-3848] Net io_gt_qsfp0_00_gtx_p in module/entity ulp does not have driver. [/home/miahafiz/NeuroRing_a_sudoku_v2/_x.hw.NUM_4096.CORE_10.FREQ_300/link/vivado/vpl/prj/prj.gen/my_rm/bd/ulp/synth/ulp.v:3645]
WARNING: [Synth 8-3848] Net io_gt_qsfp1_00_gtx_n in module/entity ulp does not have driver. [/home/miahafiz/NeuroRing_a_sudoku_v2/_x.hw.NUM_4096.CORE_10.FREQ_300/link/vivado/vpl/prj/prj.gen/my_rm/bd/ulp/synth/ulp.v:3648]
WARNING: [Synth 8-3848] Net io_gt_qsfp1_00_gtx_p in module/entity ulp does not have driver. [/home/miahafiz/NeuroRing_a_sudoku_v2/_x.hw.NUM_4096.CORE_10.FREQ_300/link/vivado/vpl/prj/prj.gen/my_rm/bd/ulp/synth/ulp.v:3649]
WARNING: [Synth 8-7129] Port Din[3] in module xlslice_v1_0_5_xlslice is either unconnected or has no load
WARNING: [Synth 8-7129] Port Din[2] in module xlslice_v1_0_5_xlslice is either unconnected or has no load
WARNING: [Synth 8-7129] Port Din[0] in module xlslice_v1_0_5_xlslice is either unconnected or has no load
WARNING: [Synth 8-7129] Port In32[0] in module xlconcat_v2_1_7_xlconcat__parameterized0 is either unconnected or has no load
WARNING: [Synth 8-7129] Port In33[0] in module xlconcat_v2_1_7_xlconcat__parameterized0 is either unconnected or has no load
WARNING: [Synth 8-7129] Port In34[0] in module xlconcat_v2_1_7_xlconcat__parameterized0 is either unconnected or has no load
WARNING: [Synth 8-7129] Port In35[0] in module xlconcat_v2_1_7_xlconcat__parameterized0 is either unconnected or has no load
WARNING: [Synth 8-7129] Port In36[0] in module xlconcat_v2_1_7_xlconcat__parameterized0 is either unconnected or has no load
WARNING: [Synth 8-7129] Port In37[0] in module xlconcat_v2_1_7_xlconcat__parameterized0 is either unconnected or has no load
WARNING: [Synth 8-7129] Port In38[0] in module xlconcat_v2_1_7_xlconcat__parameterized0 is either unconnected or has no load
WARNING: [Synth 8-7129] Port In39[0] in module xlconcat_v2_1_7_xlconcat__parameterized0 is either unconnected or has no load
WARNING: [Synth 8-7129] Port In40[0] in module xlconcat_v2_1_7_xlconcat__parameterized0 is either unconnected or has no load
WARNING: [Synth 8-7129] Port In41[0] in module xlconcat_v2_1_7_xlconcat__parameterized0 is either unconnected or has no load
WARNING: [Synth 8-7129] Port In42[0] in module xlconcat_v2_1_7_xlconcat__parameterized0 is either unconnected or has no load
WARNING: [Synth 8-7129] Port In43[0] in module xlconcat_v2_1_7_xlconcat__parameterized0 is either unconnected or has no load
WARNING: [Synth 8-7129] Port In44[0] in module xlconcat_v2_1_7_xlconcat__parameterized0 is either unconnected or has no load
WARNING: [Synth 8-7129] Port In45[0] in module xlconcat_v2_1_7_xlconcat__parameterized0 is either unconnected or has no load
WARNING: [Synth 8-7129] Port In46[0] in module xlconcat_v2_1_7_xlconcat__parameterized0 is either unconnected or has no load
WARNING: [Synth 8-7129] Port In47[0] in module xlconcat_v2_1_7_xlconcat__parameterized0 is either unconnected or has no load
WARNING: [Synth 8-7129] Port In48[0] in module xlconcat_v2_1_7_xlconcat__parameterized0 is either unconnected or has no load
WARNING: [Synth 8-7129] Port In49[0] in module xlconcat_v2_1_7_xlconcat__parameterized0 is either unconnected or has no load
WARNING: [Synth 8-7129] Port In50[0] in module xlconcat_v2_1_7_xlconcat__parameterized0 is either unconnected or has no load
WARNING: [Synth 8-7129] Port In51[0] in module xlconcat_v2_1_7_xlconcat__parameterized0 is either unconnected or has no load
WARNING: [Synth 8-7129] Port In52[0] in module xlconcat_v2_1_7_xlconcat__parameterized0 is either unconnected or has no load
WARNING: [Synth 8-7129] Port In53[0] in module xlconcat_v2_1_7_xlconcat__parameterized0 is either unconnected or has no load
WARNING: [Synth 8-7129] Port In54[0] in module xlconcat_v2_1_7_xlconcat__parameterized0 is either unconnected or has no load
WARNING: [Synth 8-7129] Port In55[0] in module xlconcat_v2_1_7_xlconcat__parameterized0 is either unconnected or has no load
WARNING: [Synth 8-7129] Port In56[0] in module xlconcat_v2_1_7_xlconcat__parameterized0 is either unconnected or has no load
WARNING: [Synth 8-7129] Port In57[0] in module xlconcat_v2_1_7_xlconcat__parameterized0 is either unconnected or has no load
WARNING: [Synth 8-7129] Port In58[0] in module xlconcat_v2_1_7_xlconcat__parameterized0 is either unconnected or has no load
WARNING: [Synth 8-7129] Port In59[0] in module xlconcat_v2_1_7_xlconcat__parameterized0 is either unconnected or has no load
WARNING: [Synth 8-7129] Port In60[0] in module xlconcat_v2_1_7_xlconcat__parameterized0 is either unconnected or has no load
WARNING: [Synth 8-7129] Port In61[0] in module xlconcat_v2_1_7_xlconcat__parameterized0 is either unconnected or has no load
WARNING: [Synth 8-7129] Port In62[0] in module xlconcat_v2_1_7_xlconcat__parameterized0 is either unconnected or has no load
WARNING: [Synth 8-7129] Port In63[0] in module xlconcat_v2_1_7_xlconcat__parameterized0 is either unconnected or has no load
WARNING: [Synth 8-7129] Port In64[0] in module xlconcat_v2_1_7_xlconcat__parameterized0 is either unconnected or has no load
WARNING: [Synth 8-7129] Port In65[0] in module xlconcat_v2_1_7_xlconcat__parameterized0 is either unconnected or has no load
WARNING: [Synth 8-7129] Port In66[0] in module xlconcat_v2_1_7_xlconcat__parameterized0 is either unconnected or has no load
WARNING: [Synth 8-7129] Port In67[0] in module xlconcat_v2_1_7_xlconcat__parameterized0 is either unconnected or has no load
WARNING: [Synth 8-7129] Port In68[0] in module xlconcat_v2_1_7_xlconcat__parameterized0 is either unconnected or has no load
WARNING: [Synth 8-7129] Port In69[0] in module xlconcat_v2_1_7_xlconcat__parameterized0 is either unconnected or has no load
WARNING: [Synth 8-7129] Port In70[0] in module xlconcat_v2_1_7_xlconcat__parameterized0 is either unconnected or has no load
WARNING: [Synth 8-7129] Port In71[0] in module xlconcat_v2_1_7_xlconcat__parameterized0 is either unconnected or has no load
WARNING: [Synth 8-7129] Port In72[0] in module xlconcat_v2_1_7_xlconcat__parameterized0 is either unconnected or has no load
WARNING: [Synth 8-7129] Port In73[0] in module xlconcat_v2_1_7_xlconcat__parameterized0 is either unconnected or has no load
WARNING: [Synth 8-7129] Port In74[0] in module xlconcat_v2_1_7_xlconcat__parameterized0 is either unconnected or has no load
WARNING: [Synth 8-7129] Port In75[0] in module xlconcat_v2_1_7_xlconcat__parameterized0 is either unconnected or has no load
WARNING: [Synth 8-7129] Port In76[0] in module xlconcat_v2_1_7_xlconcat__parameterized0 is either unconnected or has no load
WARNING: [Synth 8-7129] Port In77[0] in module xlconcat_v2_1_7_xlconcat__parameterized0 is either unconnected or has no load
WARNING: [Synth 8-7129] Port In78[0] in module xlconcat_v2_1_7_xlconcat__parameterized0 is either unconnected or has no load
WARNING: [Synth 8-7129] Port In79[0] in module xlconcat_v2_1_7_xlconcat__parameterized0 is either unconnected or has no load
WARNING: [Synth 8-7129] Port In80[0] in module xlconcat_v2_1_7_xlconcat__parameterized0 is either unconnected or has no load
WARNING: [Synth 8-7129] Port In81[0] in module xlconcat_v2_1_7_xlconcat__parameterized0 is either unconnected or has no load
WARNING: [Synth 8-7129] Port In82[0] in module xlconcat_v2_1_7_xlconcat__parameterized0 is either unconnected or has no load
WARNING: [Synth 8-7129] Port In83[0] in module xlconcat_v2_1_7_xlconcat__parameterized0 is either unconnected or has no load
WARNING: [Synth 8-7129] Port In84[0] in module xlconcat_v2_1_7_xlconcat__parameterized0 is either unconnected or has no load
WARNING: [Synth 8-7129] Port In85[0] in module xlconcat_v2_1_7_xlconcat__parameterized0 is either unconnected or has no load
WARNING: [Synth 8-7129] Port In86[0] in module xlconcat_v2_1_7_xlconcat__parameterized0 is either unconnected or has no load
WARNING: [Synth 8-7129] Port In87[0] in module xlconcat_v2_1_7_xlconcat__parameterized0 is either unconnected or has no load
WARNING: [Synth 8-7129] Port In88[0] in module xlconcat_v2_1_7_xlconcat__parameterized0 is either unconnected or has no load
WARNING: [Synth 8-7129] Port In89[0] in module xlconcat_v2_1_7_xlconcat__parameterized0 is either unconnected or has no load
WARNING: [Synth 8-7129] Port In90[0] in module xlconcat_v2_1_7_xlconcat__parameterized0 is either unconnected or has no load
WARNING: [Synth 8-7129] Port In91[0] in module xlconcat_v2_1_7_xlconcat__parameterized0 is either unconnected or has no load
WARNING: [Synth 8-7129] Port In92[0] in module xlconcat_v2_1_7_xlconcat__parameterized0 is either unconnected or has no load
WARNING: [Synth 8-7129] Port In93[0] in module xlconcat_v2_1_7_xlconcat__parameterized0 is either unconnected or has no load
WARNING: [Synth 8-7129] Port In94[0] in module xlconcat_v2_1_7_xlconcat__parameterized0 is either unconnected or has no load
WARNING: [Synth 8-7129] Port In95[0] in module xlconcat_v2_1_7_xlconcat__parameterized0 is either unconnected or has no load
WARNING: [Synth 8-7129] Port In96[0] in module xlconcat_v2_1_7_xlconcat__parameterized0 is either unconnected or has no load
WARNING: [Synth 8-7129] Port In97[0] in module xlconcat_v2_1_7_xlconcat__parameterized0 is either unconnected or has no load
WARNING: [Synth 8-7129] Port In98[0] in module xlconcat_v2_1_7_xlconcat__parameterized0 is either unconnected or has no load
WARNING: [Synth 8-7129] Port In99[0] in module xlconcat_v2_1_7_xlconcat__parameterized0 is either unconnected or has no load
WARNING: [Synth 8-7129] Port In100[0] in module xlconcat_v2_1_7_xlconcat__parameterized0 is either unconnected or has no load
WARNING: [Synth 8-7129] Port In101[0] in module xlconcat_v2_1_7_xlconcat__parameterized0 is either unconnected or has no load
WARNING: [Synth 8-7129] Port In102[0] in module xlconcat_v2_1_7_xlconcat__parameterized0 is either unconnected or has no load
WARNING: [Synth 8-7129] Port In103[0] in module xlconcat_v2_1_7_xlconcat__parameterized0 is either unconnected or has no load
WARNING: [Synth 8-7129] Port In104[0] in module xlconcat_v2_1_7_xlconcat__parameterized0 is either unconnected or has no load
WARNING: [Synth 8-7129] Port In105[0] in module xlconcat_v2_1_7_xlconcat__parameterized0 is either unconnected or has no load
WARNING: [Synth 8-7129] Port In106[0] in module xlconcat_v2_1_7_xlconcat__parameterized0 is either unconnected or has no load
WARNING: [Synth 8-7129] Port In107[0] in module xlconcat_v2_1_7_xlconcat__parameterized0 is either unconnected or has no load
WARNING: [Synth 8-7129] Port In108[0] in module xlconcat_v2_1_7_xlconcat__parameterized0 is either unconnected or has no load
WARNING: [Synth 8-7129] Port In109[0] in module xlconcat_v2_1_7_xlconcat__parameterized0 is either unconnected or has no load
WARNING: [Synth 8-7129] Port In110[0] in module xlconcat_v2_1_7_xlconcat__parameterized0 is either unconnected or has no load
WARNING: [Synth 8-7129] Port In111[0] in module xlconcat_v2_1_7_xlconcat__parameterized0 is either unconnected or has no load
WARNING: [Synth 8-7129] Port In112[0] in module xlconcat_v2_1_7_xlconcat__parameterized0 is either unconnected or has no load
WARNING: [Synth 8-7129] Port In113[0] in module xlconcat_v2_1_7_xlconcat__parameterized0 is either unconnected or has no load
WARNING: [Synth 8-7129] Port In114[0] in module xlconcat_v2_1_7_xlconcat__parameterized0 is either unconnected or has no load
WARNING: [Synth 8-7129] Port In115[0] in module xlconcat_v2_1_7_xlconcat__parameterized0 is either unconnected or has no load
WARNING: [Synth 8-7129] Port In116[0] in module xlconcat_v2_1_7_xlconcat__parameterized0 is either unconnected or has no load
WARNING: [Synth 8-7129] Port In117[0] in module xlconcat_v2_1_7_xlconcat__parameterized0 is either unconnected or has no load
WARNING: [Synth 8-7129] Port In118[0] in module xlconcat_v2_1_7_xlconcat__parameterized0 is either unconnected or has no load
WARNING: [Synth 8-7129] Port In119[0] in module xlconcat_v2_1_7_xlconcat__parameterized0 is either unconnected or has no load
WARNING: [Synth 8-7129] Port In120[0] in module xlconcat_v2_1_7_xlconcat__parameterized0 is either unconnected or has no load
WARNING: [Synth 8-7129] Port In121[0] in module xlconcat_v2_1_7_xlconcat__parameterized0 is either unconnected or has no load
WARNING: [Synth 8-7129] Port In122[0] in module xlconcat_v2_1_7_xlconcat__parameterized0 is either unconnected or has no load
WARNING: [Synth 8-7129] Port In123[0] in module xlconcat_v2_1_7_xlconcat__parameterized0 is either unconnected or has no load
WARNING: [Synth 8-7129] Port In124[0] in module xlconcat_v2_1_7_xlconcat__parameterized0 is either unconnected or has no load
WARNING: [Synth 8-7129] Port In125[0] in module xlconcat_v2_1_7_xlconcat__parameterized0 is either unconnected or has no load
WARNING: [Synth 8-7129] Port In126[0] in module xlconcat_v2_1_7_xlconcat__parameterized0 is either unconnected or has no load
WARNING: [Synth 8-7129] Port In127[0] in module xlconcat_v2_1_7_xlconcat__parameterized0 is either unconnected or has no load
WARNING: [Synth 8-7129] Port In4[0] in module xlconcat_v2_1_7_xlconcat is either unconnected or has no load
INFO: [Common 17-14] Message 'Synth 8-7129' appears 100 times and further instances of the messages will be disabled.
---------------------------------------------------------------------------------
Finished RTL Elaboration : Time (s): cpu = 00:00:08 ; elapsed = 00:00:09 . Memory (MB): peak = 3530.855 ; gain = 408.629 ; free physical = 107432 ; free virtual = 183466
---------------------------------------------------------------------------------
---------------------------------------------------------------------------------
Start Handling Custom Attributes
---------------------------------------------------------------------------------
---------------------------------------------------------------------------------
Finished Handling Custom Attributes : Time (s): cpu = 00:00:08 ; elapsed = 00:00:10 . Memory (MB): peak = 3542.730 ; gain = 420.504 ; free physical = 107406 ; free virtual = 183448
---------------------------------------------------------------------------------
---------------------------------------------------------------------------------
Finished RTL Optimization Phase 1 : Time (s): cpu = 00:00:08 ; elapsed = 00:00:10 . Memory (MB): peak = 3542.730 ; gain = 420.504 ; free physical = 107405 ; free virtual = 183447
---------------------------------------------------------------------------------
Netlist sorting complete. Time (s): cpu = 00:00:00.17 ; elapsed = 00:00:00.17 . Memory (MB): peak = 3542.730 ; gain = 0.000 ; free physical = 107113 ; free virtual = 183120
INFO: [Project 1-570] Preparing netlist for logic optimization

Processing XDC Constraints
Initializing timing engine
Parsing XDC File [/home/miahafiz/NeuroRing_a_sudoku_v2/_x.hw.NUM_4096.CORE_10.FREQ_300/link/vivado/vpl/prj/prj.gen/my_rm/bd/ulp/ip/ulp_NeuroRing_0_0/ulp_NeuroRing_0_0/ulp_NeuroRing_0_0_in_context.xdc] for cell 'NeuroRing_0'
Finished Parsing XDC File [/home/miahafiz/NeuroRing_a_sudoku_v2/_x.hw.NUM_4096.CORE_10.FREQ_300/link/vivado/vpl/prj/prj.gen/my_rm/bd/ulp/ip/ulp_NeuroRing_0_0/ulp_NeuroRing_0_0/ulp_NeuroRing_0_0_in_context.xdc] for cell 'NeuroRing_0'
Parsing XDC File [/home/miahafiz/NeuroRing_a_sudoku_v2/_x.hw.NUM_4096.CORE_10.FREQ_300/link/vivado/vpl/prj/prj.gen/my_rm/bd/ulp/ip/ulp_NeuroRing_Poisson_0_0/ulp_NeuroRing_Poisson_0_0/ulp_NeuroRing_Poisson_0_0_in_context.xdc] for cell 'NeuroRing_Poisson_0'
Finished Parsing XDC File [/home/miahafiz/NeuroRing_a_sudoku_v2/_x.hw.NUM_4096.CORE_10.FREQ_300/link/vivado/vpl/prj/prj.gen/my_rm/bd/ulp/ip/ulp_NeuroRing_Poisson_0_0/ulp_NeuroRing_Poisson_0_0/ulp_NeuroRing_Poisson_0_0_in_context.xdc] for cell 'NeuroRing_Poisson_0'
Parsing XDC File [/home/miahafiz/NeuroRing_a_sudoku_v2/_x.hw.NUM_4096.CORE_10.FREQ_300/link/vivado/vpl/prj/prj.gen/my_rm/bd/ulp/ip/ulp_SynapseRouter_0_0/ulp_SynapseRouter_0_0/ulp_SynapseRouter_0_0_in_context.xdc] for cell 'SynapseRouter_0'
Finished Parsing XDC File [/home/miahafiz/NeuroRing_a_sudoku_v2/_x.hw.NUM_4096.CORE_10.FREQ_300/link/vivado/vpl/prj/prj.gen/my_rm/bd/ulp/ip/ulp_SynapseRouter_0_0/ulp_SynapseRouter_0_0/ulp_SynapseRouter_0_0_in_context.xdc] for cell 'SynapseRouter_0'
Parsing XDC File [/home/miahafiz/NeuroRing_a_sudoku_v2/_x.hw.NUM_4096.CORE_10.FREQ_300/link/vivado/vpl/prj/prj.gen/my_rm/bd/ulp/ip/ulp_SynapseRouter_1_0/ulp_SynapseRouter_1_0/ulp_SynapseRouter_0_0_in_context.xdc] for cell 'SynapseRouter_1'
Finished Parsing XDC File [/home/miahafiz/NeuroRing_a_sudoku_v2/_x.hw.NUM_4096.CORE_10.FREQ_300/link/vivado/vpl/prj/prj.gen/my_rm/bd/ulp/ip/ulp_SynapseRouter_1_0/ulp_SynapseRouter_1_0/ulp_SynapseRouter_0_0_in_context.xdc] for cell 'SynapseRouter_1'
Parsing XDC File [/home/miahafiz/NeuroRing_a_sudoku_v2/_x.hw.NUM_4096.CORE_10.FREQ_300/link/vivado/vpl/prj/prj.gen/my_rm/bd/ulp/ip/ulp_axi_gpio_null_0/ulp_axi_gpio_null_0/ulp_axi_gpio_null_0_in_context.xdc] for cell 'SLR0/axi_gpio_null'
Finished Parsing XDC File [/home/miahafiz/NeuroRing_a_sudoku_v2/_x.hw.NUM_4096.CORE_10.FREQ_300/link/vivado/vpl/prj/prj.gen/my_rm/bd/ulp/ip/ulp_axi_gpio_null_0/ulp_axi_gpio_null_0/ulp_axi_gpio_null_0_in_context.xdc] for cell 'SLR0/axi_gpio_null'
Parsing XDC File [/home/miahafiz/NeuroRing_a_sudoku_v2/_x.hw.NUM_4096.CORE_10.FREQ_300/link/vivado/vpl/prj/prj.gen/my_rm/bd/ulp/ip/ulp_axi_gpio_null_1/ulp_axi_gpio_null_1/ulp_axi_gpio_null_0_in_context.xdc] for cell 'SLR1/axi_gpio_null'
Finished Parsing XDC File [/home/miahafiz/NeuroRing_a_sudoku_v2/_x.hw.NUM_4096.CORE_10.FREQ_300/link/vivado/vpl/prj/prj.gen/my_rm/bd/ulp/ip/ulp_axi_gpio_null_1/ulp_axi_gpio_null_1/ulp_axi_gpio_null_0_in_context.xdc] for cell 'SLR1/axi_gpio_null'
Parsing XDC File [/home/miahafiz/NeuroRing_a_sudoku_v2/_x.hw.NUM_4096.CORE_10.FREQ_300/link/vivado/vpl/prj/prj.gen/my_rm/bd/ulp/ip/ulp_axi_gpio_null_2/ulp_axi_gpio_null_2/ulp_axi_gpio_null_0_in_context.xdc] for cell 'SLR2/axi_gpio_null'
Finished Parsing XDC File [/home/miahafiz/NeuroRing_a_sudoku_v2/_x.hw.NUM_4096.CORE_10.FREQ_300/link/vivado/vpl/prj/prj.gen/my_rm/bd/ulp/ip/ulp_axi_gpio_null_2/ulp_axi_gpio_null_2/ulp_axi_gpio_null_0_in_context.xdc] for cell 'SLR2/axi_gpio_null'
Parsing XDC File [/home/miahafiz/NeuroRing_a_sudoku_v2/_x.hw.NUM_4096.CORE_10.FREQ_300/link/vivado/vpl/prj/prj.gen/my_rm/bd/ulp/ip/ulp_axi_ic_ctrl_mgmt_slr1_upgraded_ipi_imp_xbar_0/ulp_axi_ic_ctrl_mgmt_slr1_upgraded_ipi_imp_xbar_0/ulp_axi_ic_ctrl_mgmt_slr1_upgraded_ipi_imp_xbar_0_in_context.xdc] for cell 'axi_ic_ctrl_mgmt_slr1/xbar'
Finished Parsing XDC File [/home/miahafiz/NeuroRing_a_sudoku_v2/_x.hw.NUM_4096.CORE_10.FREQ_300/link/vivado/vpl/prj/prj.gen/my_rm/bd/ulp/ip/ulp_axi_ic_ctrl_mgmt_slr1_upgraded_ipi_imp_xbar_0/ulp_axi_ic_ctrl_mgmt_slr1_upgraded_ipi_imp_xbar_0/ulp_axi_ic_ctrl_mgmt_slr1_upgraded_ipi_imp_xbar_0_in_context.xdc] for cell 'axi_ic_ctrl_mgmt_slr1/xbar'
Parsing XDC File [/home/miahafiz/NeuroRing_a_sudoku_v2/_x.hw.NUM_4096.CORE_10.FREQ_300/link/vivado/vpl/prj/prj.gen/my_rm/bd/ulp/ip/ulp_axi_vip_ctrl_userpf_0/ulp_axi_vip_ctrl_userpf_0/ulp_axi_vip_ctrl_userpf_0_in_context.xdc] for cell 'SLR0/axi_vip_ctrl_userpf'
Finished Parsing XDC File [/home/miahafiz/NeuroRing_a_sudoku_v2/_x.hw.NUM_4096.CORE_10.FREQ_300/link/vivado/vpl/prj/prj.gen/my_rm/bd/ulp/ip/ulp_axi_vip_ctrl_userpf_0/ulp_axi_vip_ctrl_userpf_0/ulp_axi_vip_ctrl_userpf_0_in_context.xdc] for cell 'SLR0/axi_vip_ctrl_userpf'
Parsing XDC File [/home/miahafiz/NeuroRing_a_sudoku_v2/_x.hw.NUM_4096.CORE_10.FREQ_300/link/vivado/vpl/prj/prj.gen/my_rm/bd/ulp/ip/ulp_axi_vip_ctrl_userpf_1/ulp_axi_vip_ctrl_userpf_1/ulp_axi_vip_ctrl_userpf_0_in_context.xdc] for cell 'SLR1/axi_vip_ctrl_userpf'
Finished Parsing XDC File [/home/miahafiz/NeuroRing_a_sudoku_v2/_x.hw.NUM_4096.CORE_10.FREQ_300/link/vivado/vpl/prj/prj.gen/my_rm/bd/ulp/ip/ulp_axi_vip_ctrl_userpf_1/ulp_axi_vip_ctrl_userpf_1/ulp_axi_vip_ctrl_userpf_0_in_context.xdc] for cell 'SLR1/axi_vip_ctrl_userpf'
Parsing XDC File [/home/miahafiz/NeuroRing_a_sudoku_v2/_x.hw.NUM_4096.CORE_10.FREQ_300/link/vivado/vpl/prj/prj.gen/my_rm/bd/ulp/ip/ulp_axi_vip_ctrl_userpf_2/ulp_axi_vip_ctrl_userpf_2/ulp_axi_vip_ctrl_userpf_0_in_context.xdc] for cell 'SLR2/axi_vip_ctrl_userpf'
Finished Parsing XDC File [/home/miahafiz/NeuroRing_a_sudoku_v2/_x.hw.NUM_4096.CORE_10.FREQ_300/link/vivado/vpl/prj/prj.gen/my_rm/bd/ulp/ip/ulp_axi_vip_ctrl_userpf_2/ulp_axi_vip_ctrl_userpf_2/ulp_axi_vip_ctrl_userpf_0_in_context.xdc] for cell 'SLR2/axi_vip_ctrl_userpf'
Parsing XDC File [/home/miahafiz/NeuroRing_a_sudoku_v2/_x.hw.NUM_4096.CORE_10.FREQ_300/link/vivado/vpl/prj/prj.gen/my_rm/bd/ulp/ip/ulp_axi_vip_data_0/ulp_axi_vip_data_0/ulp_axi_vip_data_0_in_context.xdc] for cell 'axi_vip_data'
Finished Parsing XDC File [/home/miahafiz/NeuroRing_a_sudoku_v2/_x.hw.NUM_4096.CORE_10.FREQ_300/link/vivado/vpl/prj/prj.gen/my_rm/bd/ulp/ip/ulp_axi_vip_data_0/ulp_axi_vip_data_0/ulp_axi_vip_data_0_in_context.xdc] for cell 'axi_vip_data'
Parsing XDC File [/home/miahafiz/NeuroRing_a_sudoku_v2/_x.hw.NUM_4096.CORE_10.FREQ_300/link/vivado/vpl/prj/prj.gen/my_rm/bd/ulp/ip/ulp_buffer_NeuroRing_0_SynapseStreamLeft_0/ulp_buffer_NeuroRing_0_SynapseStreamLeft_0/ulp_buffer_NeuroRing_Poisson_0_SynapseStreamRight_0_in_context.xdc] for cell 'buffer_NeuroRing_0_SynapseStreamLeft'
Finished Parsing XDC File [/home/miahafiz/NeuroRing_a_sudoku_v2/_x.hw.NUM_4096.CORE_10.FREQ_300/link/vivado/vpl/prj/prj.gen/my_rm/bd/ulp/ip/ulp_buffer_NeuroRing_0_SynapseStreamLeft_0/ulp_buffer_NeuroRing_0_SynapseStreamLeft_0/ulp_buffer_NeuroRing_Poisson_0_SynapseStreamRight_0_in_context.xdc] for cell 'buffer_NeuroRing_0_SynapseStreamLeft'
Parsing XDC File [/home/miahafiz/NeuroRing_a_sudoku_v2/_x.hw.NUM_4096.CORE_10.FREQ_300/link/vivado/vpl/prj/prj.gen/my_rm/bd/ulp/ip/ulp_buffer_NeuroRing_0_SynapseStreamRight_0/ulp_buffer_NeuroRing_0_SynapseStreamRight_0/ulp_buffer_NeuroRing_Poisson_0_SynapseStreamRight_0_in_context.xdc] for cell 'buffer_NeuroRing_0_SynapseStreamRight'
Finished Parsing XDC File [/home/miahafiz/NeuroRing_a_sudoku_v2/_x.hw.NUM_4096.CORE_10.FREQ_300/link/vivado/vpl/prj/prj.gen/my_rm/bd/ulp/ip/ulp_buffer_NeuroRing_0_SynapseStreamRight_0/ulp_buffer_NeuroRing_0_SynapseStreamRight_0/ulp_buffer_NeuroRing_Poisson_0_SynapseStreamRight_0_in_context.xdc] for cell 'buffer_NeuroRing_0_SynapseStreamRight'
Parsing XDC File [/home/miahafiz/NeuroRing_a_sudoku_v2/_x.hw.NUM_4096.CORE_10.FREQ_300/link/vivado/vpl/prj/prj.gen/my_rm/bd/ulp/ip/ulp_buffer_NeuroRing_Poisson_0_SynapseStreamLeft_0/ulp_buffer_NeuroRing_Poisson_0_SynapseStreamLeft_0/ulp_buffer_NeuroRing_Poisson_0_SynapseStreamRight_0_in_context.xdc] for cell 'buffer_NeuroRing_Poisson_0_SynapseStreamLeft'
Finished Parsing XDC File [/home/miahafiz/NeuroRing_a_sudoku_v2/_x.hw.NUM_4096.CORE_10.FREQ_300/link/vivado/vpl/prj/prj.gen/my_rm/bd/ulp/ip/ulp_buffer_NeuroRing_Poisson_0_SynapseStreamLeft_0/ulp_buffer_NeuroRing_Poisson_0_SynapseStreamLeft_0/ulp_buffer_NeuroRing_Poisson_0_SynapseStreamRight_0_in_context.xdc] for cell 'buffer_NeuroRing_Poisson_0_SynapseStreamLeft'
Parsing XDC File [/home/miahafiz/NeuroRing_a_sudoku_v2/_x.hw.NUM_4096.CORE_10.FREQ_300/link/vivado/vpl/prj/prj.gen/my_rm/bd/ulp/ip/ulp_buffer_NeuroRing_Poisson_0_SynapseStreamRight_0/ulp_buffer_NeuroRing_Poisson_0_SynapseStreamRight_0/ulp_buffer_NeuroRing_Poisson_0_SynapseStreamRight_0_in_context.xdc] for cell 'buffer_NeuroRing_Poisson_0_SynapseStreamRight'
Finished Parsing XDC File [/home/miahafiz/NeuroRing_a_sudoku_v2/_x.hw.NUM_4096.CORE_10.FREQ_300/link/vivado/vpl/prj/prj.gen/my_rm/bd/ulp/ip/ulp_buffer_NeuroRing_Poisson_0_SynapseStreamRight_0/ulp_buffer_NeuroRing_Poisson_0_SynapseStreamRight_0/ulp_buffer_NeuroRing_Poisson_0_SynapseStreamRight_0_in_context.xdc] for cell 'buffer_NeuroRing_Poisson_0_SynapseStreamRight'
Parsing XDC File [/home/miahafiz/NeuroRing_a_sudoku_v2/_x.hw.NUM_4096.CORE_10.FREQ_300/link/vivado/vpl/prj/prj.gen/my_rm/bd/ulp/ip/ulp_buffer_SynapseRouter_0_SpikeOutWeight_0/ulp_buffer_SynapseRouter_0_SpikeOutWeight_0/ulp_buffer_SynapseRouter_1_SpikeOutWeight_0_in_context.xdc] for cell 'buffer_SynapseRouter_0_SpikeOutWeight'
Finished Parsing XDC File [/home/miahafiz/NeuroRing_a_sudoku_v2/_x.hw.NUM_4096.CORE_10.FREQ_300/link/vivado/vpl/prj/prj.gen/my_rm/bd/ulp/ip/ulp_buffer_SynapseRouter_0_SpikeOutWeight_0/ulp_buffer_SynapseRouter_0_SpikeOutWeight_0/ulp_buffer_SynapseRouter_1_SpikeOutWeight_0_in_context.xdc] for cell 'buffer_SynapseRouter_0_SpikeOutWeight'
Parsing XDC File [/home/miahafiz/NeuroRing_a_sudoku_v2/_x.hw.NUM_4096.CORE_10.FREQ_300/link/vivado/vpl/prj/prj.gen/my_rm/bd/ulp/ip/ulp_buffer_SynapseRouter_0_syn_forward_rt_left_0/ulp_buffer_SynapseRouter_0_syn_forward_rt_left_0/ulp_buffer_SynapseRouter_0_syn_forward_rt_right_0_in_context.xdc] for cell 'buffer_SynapseRouter_0_syn_forward_rt_left'
Finished Parsing XDC File [/home/miahafiz/NeuroRing_a_sudoku_v2/_x.hw.NUM_4096.CORE_10.FREQ_300/link/vivado/vpl/prj/prj.gen/my_rm/bd/ulp/ip/ulp_buffer_SynapseRouter_0_syn_forward_rt_left_0/ulp_buffer_SynapseRouter_0_syn_forward_rt_left_0/ulp_buffer_SynapseRouter_0_syn_forward_rt_right_0_in_context.xdc] for cell 'buffer_SynapseRouter_0_syn_forward_rt_left'
Parsing XDC File [/home/miahafiz/NeuroRing_a_sudoku_v2/_x.hw.NUM_4096.CORE_10.FREQ_300/link/vivado/vpl/prj/prj.gen/my_rm/bd/ulp/ip/ulp_buffer_SynapseRouter_0_syn_forward_rt_right_0/ulp_buffer_SynapseRouter_0_syn_forward_rt_right_0/ulp_buffer_SynapseRouter_0_syn_forward_rt_right_0_in_context.xdc] for cell 'buffer_SynapseRouter_0_syn_forward_rt_right'
Finished Parsing XDC File [/home/miahafiz/NeuroRing_a_sudoku_v2/_x.hw.NUM_4096.CORE_10.FREQ_300/link/vivado/vpl/prj/prj.gen/my_rm/bd/ulp/ip/ulp_buffer_SynapseRouter_0_syn_forward_rt_right_0/ulp_buffer_SynapseRouter_0_syn_forward_rt_right_0/ulp_buffer_SynapseRouter_0_syn_forward_rt_right_0_in_context.xdc] for cell 'buffer_SynapseRouter_0_syn_forward_rt_right'
Parsing XDC File [/home/miahafiz/NeuroRing_a_sudoku_v2/_x.hw.NUM_4096.CORE_10.FREQ_300/link/vivado/vpl/prj/prj.gen/my_rm/bd/ulp/ip/ulp_buffer_SynapseRouter_1_SpikeOutWeight_0/ulp_buffer_SynapseRouter_1_SpikeOutWeight_0/ulp_buffer_SynapseRouter_1_SpikeOutWeight_0_in_context.xdc] for cell 'buffer_SynapseRouter_1_SpikeOutWeight'
Finished Parsing XDC File [/home/miahafiz/NeuroRing_a_sudoku_v2/_x.hw.NUM_4096.CORE_10.FREQ_300/link/vivado/vpl/prj/prj.gen/my_rm/bd/ulp/ip/ulp_buffer_SynapseRouter_1_SpikeOutWeight_0/ulp_buffer_SynapseRouter_1_SpikeOutWeight_0/ulp_buffer_SynapseRouter_1_SpikeOutWeight_0_in_context.xdc] for cell 'buffer_SynapseRouter_1_SpikeOutWeight'
Parsing XDC File [/home/miahafiz/NeuroRing_a_sudoku_v2/_x.hw.NUM_4096.CORE_10.FREQ_300/link/vivado/vpl/prj/prj.gen/my_rm/bd/ulp/ip/ulp_buffer_SynapseRouter_1_syn_forward_rt_left_0/ulp_buffer_SynapseRouter_1_syn_forward_rt_left_0/ulp_buffer_SynapseRouter_1_syn_forward_rt_left_0_in_context.xdc] for cell 'buffer_SynapseRouter_1_syn_forward_rt_left'
Finished Parsing XDC File [/home/miahafiz/NeuroRing_a_sudoku_v2/_x.hw.NUM_4096.CORE_10.FREQ_300/link/vivado/vpl/prj/prj.gen/my_rm/bd/ulp/ip/ulp_buffer_SynapseRouter_1_syn_forward_rt_left_0/ulp_buffer_SynapseRouter_1_syn_forward_rt_left_0/ulp_buffer_SynapseRouter_1_syn_forward_rt_left_0_in_context.xdc] for cell 'buffer_SynapseRouter_1_syn_forward_rt_left'
Parsing XDC File [/home/miahafiz/NeuroRing_a_sudoku_v2/_x.hw.NUM_4096.CORE_10.FREQ_300/link/vivado/vpl/prj/prj.gen/my_rm/bd/ulp/ip/ulp_buffer_SynapseRouter_1_syn_forward_rt_right_0/ulp_buffer_SynapseRouter_1_syn_forward_rt_right_0/ulp_buffer_SynapseRouter_1_syn_forward_rt_left_0_in_context.xdc] for cell 'buffer_SynapseRouter_1_syn_forward_rt_right'
Finished Parsing XDC File [/home/miahafiz/NeuroRing_a_sudoku_v2/_x.hw.NUM_4096.CORE_10.FREQ_300/link/vivado/vpl/prj/prj.gen/my_rm/bd/ulp/ip/ulp_buffer_SynapseRouter_1_syn_forward_rt_right_0/ulp_buffer_SynapseRouter_1_syn_forward_rt_right_0/ulp_buffer_SynapseRouter_1_syn_forward_rt_left_0_in_context.xdc] for cell 'buffer_SynapseRouter_1_syn_forward_rt_right'
Parsing XDC File [/home/miahafiz/NeuroRing_a_sudoku_v2/_x.hw.NUM_4096.CORE_10.FREQ_300/link/vivado/vpl/prj/prj.gen/my_rm/bd/ulp/ip/ulp_hmss_0_0/ulp_hmss_0_0/ulp_hmss_0_0_in_context.xdc] for cell 'hmss_0'
Finished Parsing XDC File [/home/miahafiz/NeuroRing_a_sudoku_v2/_x.hw.NUM_4096.CORE_10.FREQ_300/link/vivado/vpl/prj/prj.gen/my_rm/bd/ulp/ip/ulp_hmss_0_0/ulp_hmss_0_0/ulp_hmss_0_0_in_context.xdc] for cell 'hmss_0'
Parsing XDC File [/home/miahafiz/NeuroRing_a_sudoku_v2/_x.hw.NUM_4096.CORE_10.FREQ_300/link/vivado/vpl/prj/prj.gen/my_rm/bd/ulp/ip/ulp_ii_level0_wire_0/ulp_ii_level0_wire_0/ulp_ii_level0_wire_0_in_context.xdc] for cell 'ii_level0_wire'
create_clock: Time (s): cpu = 00:00:08 ; elapsed = 00:00:08 . Memory (MB): peak = 3571.965 ; gain = 6.234 ; free physical = 106287 ; free virtual = 182297
Finished Parsing XDC File [/home/miahafiz/NeuroRing_a_sudoku_v2/_x.hw.NUM_4096.CORE_10.FREQ_300/link/vivado/vpl/prj/prj.gen/my_rm/bd/ulp/ip/ulp_ii_level0_wire_0/ulp_ii_level0_wire_0/ulp_ii_level0_wire_0_in_context.xdc] for cell 'ii_level0_wire'
Parsing XDC File [/home/miahafiz/NeuroRing_a_sudoku_v2/_x.hw.NUM_4096.CORE_10.FREQ_300/link/vivado/vpl/prj/prj.gen/my_rm/bd/ulp/ip/ulp_interconnect_axilite_user_imp_auto_cc_0/ulp_interconnect_axilite_user_imp_auto_cc_0/ulp_interconnect_axilite_user_imp_auto_cc_0_in_context.xdc] for cell 'SLR0/interconnect_axilite_user/m00_couplers/auto_cc'
Finished Parsing XDC File [/home/miahafiz/NeuroRing_a_sudoku_v2/_x.hw.NUM_4096.CORE_10.FREQ_300/link/vivado/vpl/prj/prj.gen/my_rm/bd/ulp/ip/ulp_interconnect_axilite_user_imp_auto_cc_0/ulp_interconnect_axilite_user_imp_auto_cc_0/ulp_interconnect_axilite_user_imp_auto_cc_0_in_context.xdc] for cell 'SLR0/interconnect_axilite_user/m00_couplers/auto_cc'
Parsing XDC File [/home/miahafiz/NeuroRing_a_sudoku_v2/_x.hw.NUM_4096.CORE_10.FREQ_300/link/vivado/vpl/prj/prj.gen/my_rm/bd/ulp/ip/ulp_interconnect_axilite_user_imp_auto_cc_1/ulp_interconnect_axilite_user_imp_auto_cc_1/ulp_interconnect_axilite_user_imp_auto_cc_1_in_context.xdc] for cell 'SLR0/interconnect_axilite_user/m01_couplers/auto_cc'
Finished Parsing XDC File [/home/miahafiz/NeuroRing_a_sudoku_v2/_x.hw.NUM_4096.CORE_10.FREQ_300/link/vivado/vpl/prj/prj.gen/my_rm/bd/ulp/ip/ulp_interconnect_axilite_user_imp_auto_cc_1/ulp_interconnect_axilite_user_imp_auto_cc_1/ulp_interconnect_axilite_user_imp_auto_cc_1_in_context.xdc] for cell 'SLR0/interconnect_axilite_user/m01_couplers/auto_cc'
Parsing XDC File [/home/miahafiz/NeuroRing_a_sudoku_v2/_x.hw.NUM_4096.CORE_10.FREQ_300/link/vivado/vpl/prj/prj.gen/my_rm/bd/ulp/ip/ulp_interconnect_axilite_user_imp_auto_cc_2/ulp_interconnect_axilite_user_imp_auto_cc_2/ulp_interconnect_axilite_user_imp_auto_cc_2_in_context.xdc] for cell 'SLR0/interconnect_axilite_user/m02_couplers/auto_cc'
Finished Parsing XDC File [/home/miahafiz/NeuroRing_a_sudoku_v2/_x.hw.NUM_4096.CORE_10.FREQ_300/link/vivado/vpl/prj/prj.gen/my_rm/bd/ulp/ip/ulp_interconnect_axilite_user_imp_auto_cc_2/ulp_interconnect_axilite_user_imp_auto_cc_2/ulp_interconnect_axilite_user_imp_auto_cc_2_in_context.xdc] for cell 'SLR0/interconnect_axilite_user/m02_couplers/auto_cc'
Parsing XDC File [/home/miahafiz/NeuroRing_a_sudoku_v2/_x.hw.NUM_4096.CORE_10.FREQ_300/link/vivado/vpl/prj/prj.gen/my_rm/bd/ulp/ip/ulp_interconnect_axilite_user_imp_auto_cc_3/ulp_interconnect_axilite_user_imp_auto_cc_3/ulp_interconnect_axilite_user_imp_auto_cc_3_in_context.xdc] for cell 'SLR0/interconnect_axilite_user/m03_couplers/auto_cc'
Finished Parsing XDC File [/home/miahafiz/NeuroRing_a_sudoku_v2/_x.hw.NUM_4096.CORE_10.FREQ_300/link/vivado/vpl/prj/prj.gen/my_rm/bd/ulp/ip/ulp_interconnect_axilite_user_imp_auto_cc_3/ulp_interconnect_axilite_user_imp_auto_cc_3/ulp_interconnect_axilite_user_imp_auto_cc_3_in_context.xdc] for cell 'SLR0/interconnect_axilite_user/m03_couplers/auto_cc'
Parsing XDC File [/home/miahafiz/NeuroRing_a_sudoku_v2/_x.hw.NUM_4096.CORE_10.FREQ_300/link/vivado/vpl/prj/prj.gen/my_rm/bd/ulp/ip/ulp_interconnect_axilite_user_imp_auto_cc_4/ulp_interconnect_axilite_user_imp_auto_cc_4/ulp_interconnect_axilite_user_imp_auto_cc_3_in_context.xdc] for cell 'SLR0/interconnect_axilite_user/m04_couplers/auto_cc'
Finished Parsing XDC File [/home/miahafiz/NeuroRing_a_sudoku_v2/_x.hw.NUM_4096.CORE_10.FREQ_300/link/vivado/vpl/prj/prj.gen/my_rm/bd/ulp/ip/ulp_interconnect_axilite_user_imp_auto_cc_4/ulp_interconnect_axilite_user_imp_auto_cc_4/ulp_interconnect_axilite_user_imp_auto_cc_3_in_context.xdc] for cell 'SLR0/interconnect_axilite_user/m04_couplers/auto_cc'
Parsing XDC File [/home/miahafiz/NeuroRing_a_sudoku_v2/_x.hw.NUM_4096.CORE_10.FREQ_300/link/vivado/vpl/prj/prj.gen/my_rm/bd/ulp/ip/ulp_interconnect_axilite_user_imp_auto_cc_5/ulp_interconnect_axilite_user_imp_auto_cc_5/ulp_interconnect_axilite_user_imp_auto_cc_0_in_context.xdc] for cell 'SLR1/interconnect_axilite_user/s00_couplers/auto_cc'
Finished Parsing XDC File [/home/miahafiz/NeuroRing_a_sudoku_v2/_x.hw.NUM_4096.CORE_10.FREQ_300/link/vivado/vpl/prj/prj.gen/my_rm/bd/ulp/ip/ulp_interconnect_axilite_user_imp_auto_cc_5/ulp_interconnect_axilite_user_imp_auto_cc_5/ulp_interconnect_axilite_user_imp_auto_cc_0_in_context.xdc] for cell 'SLR1/interconnect_axilite_user/s00_couplers/auto_cc'
Parsing XDC File [/home/miahafiz/NeuroRing_a_sudoku_v2/_x.hw.NUM_4096.CORE_10.FREQ_300/link/vivado/vpl/prj/prj.gen/my_rm/bd/ulp/ip/ulp_interconnect_axilite_user_imp_auto_cc_6/ulp_interconnect_axilite_user_imp_auto_cc_6/ulp_interconnect_axilite_user_imp_auto_cc_0_in_context.xdc] for cell 'SLR2/interconnect_axilite_user/s00_couplers/auto_cc'
Finished Parsing XDC File [/home/miahafiz/NeuroRing_a_sudoku_v2/_x.hw.NUM_4096.CORE_10.FREQ_300/link/vivado/vpl/prj/prj.gen/my_rm/bd/ulp/ip/ulp_interconnect_axilite_user_imp_auto_cc_6/ulp_interconnect_axilite_user_imp_auto_cc_6/ulp_interconnect_axilite_user_imp_auto_cc_0_in_context.xdc] for cell 'SLR2/interconnect_axilite_user/s00_couplers/auto_cc'
Parsing XDC File [/home/miahafiz/NeuroRing_a_sudoku_v2/_x.hw.NUM_4096.CORE_10.FREQ_300/link/vivado/vpl/prj/prj.gen/my_rm/bd/ulp/ip/ulp_interconnect_axilite_user_imp_m00_regslice_0/ulp_interconnect_axilite_user_imp_m00_regslice_0/ulp_interconnect_axilite_user_imp_m00_regslice_0_in_context.xdc] for cell 'SLR0/interconnect_axilite_user/m00_couplers/m00_regslice'
Finished Parsing XDC File [/home/miahafiz/NeuroRing_a_sudoku_v2/_x.hw.NUM_4096.CORE_10.FREQ_300/link/vivado/vpl/prj/prj.gen/my_rm/bd/ulp/ip/ulp_interconnect_axilite_user_imp_m00_regslice_0/ulp_interconnect_axilite_user_imp_m00_regslice_0/ulp_interconnect_axilite_user_imp_m00_regslice_0_in_context.xdc] for cell 'SLR0/interconnect_axilite_user/m00_couplers/m00_regslice'
Parsing XDC File [/home/miahafiz/NeuroRing_a_sudoku_v2/_x.hw.NUM_4096.CORE_10.FREQ_300/link/vivado/vpl/prj/prj.gen/my_rm/bd/ulp/ip/ulp_interconnect_axilite_user_imp_m01_regslice_0/ulp_interconnect_axilite_user_imp_m01_regslice_0/ulp_interconnect_axilite_user_imp_m01_regslice_0_in_context.xdc] for cell 'SLR0/interconnect_axilite_user/m01_couplers/m01_regslice'
Finished Parsing XDC File [/home/miahafiz/NeuroRing_a_sudoku_v2/_x.hw.NUM_4096.CORE_10.FREQ_300/link/vivado/vpl/prj/prj.gen/my_rm/bd/ulp/ip/ulp_interconnect_axilite_user_imp_m01_regslice_0/ulp_interconnect_axilite_user_imp_m01_regslice_0/ulp_interconnect_axilite_user_imp_m01_regslice_0_in_context.xdc] for cell 'SLR0/interconnect_axilite_user/m01_couplers/m01_regslice'
Parsing XDC File [/home/miahafiz/NeuroRing_a_sudoku_v2/_x.hw.NUM_4096.CORE_10.FREQ_300/link/vivado/vpl/prj/prj.gen/my_rm/bd/ulp/ip/ulp_interconnect_axilite_user_imp_m02_regslice_0/ulp_interconnect_axilite_user_imp_m02_regslice_0/ulp_interconnect_axilite_user_imp_m02_regslice_0_in_context.xdc] for cell 'SLR0/interconnect_axilite_user/m02_couplers/m02_regslice'
Finished Parsing XDC File [/home/miahafiz/NeuroRing_a_sudoku_v2/_x.hw.NUM_4096.CORE_10.FREQ_300/link/vivado/vpl/prj/prj.gen/my_rm/bd/ulp/ip/ulp_interconnect_axilite_user_imp_m02_regslice_0/ulp_interconnect_axilite_user_imp_m02_regslice_0/ulp_interconnect_axilite_user_imp_m02_regslice_0_in_context.xdc] for cell 'SLR0/interconnect_axilite_user/m02_couplers/m02_regslice'
Parsing XDC File [/home/miahafiz/NeuroRing_a_sudoku_v2/_x.hw.NUM_4096.CORE_10.FREQ_300/link/vivado/vpl/prj/prj.gen/my_rm/bd/ulp/ip/ulp_interconnect_axilite_user_imp_m03_regslice_0/ulp_interconnect_axilite_user_imp_m03_regslice_0/ulp_interconnect_axilite_user_imp_m04_regslice_0_in_context.xdc] for cell 'SLR0/interconnect_axilite_user/m03_couplers/m03_regslice'
Finished Parsing XDC File [/home/miahafiz/NeuroRing_a_sudoku_v2/_x.hw.NUM_4096.CORE_10.FREQ_300/link/vivado/vpl/prj/prj.gen/my_rm/bd/ulp/ip/ulp_interconnect_axilite_user_imp_m03_regslice_0/ulp_interconnect_axilite_user_imp_m03_regslice_0/ulp_interconnect_axilite_user_imp_m04_regslice_0_in_context.xdc] for cell 'SLR0/interconnect_axilite_user/m03_couplers/m03_regslice'
Parsing XDC File [/home/miahafiz/NeuroRing_a_sudoku_v2/_x.hw.NUM_4096.CORE_10.FREQ_300/link/vivado/vpl/prj/prj.gen/my_rm/bd/ulp/ip/ulp_interconnect_axilite_user_imp_m04_regslice_0/ulp_interconnect_axilite_user_imp_m04_regslice_0/ulp_interconnect_axilite_user_imp_m04_regslice_0_in_context.xdc] for cell 'SLR0/interconnect_axilite_user/m04_couplers/m04_regslice'
Finished Parsing XDC File [/home/miahafiz/NeuroRing_a_sudoku_v2/_x.hw.NUM_4096.CORE_10.FREQ_300/link/vivado/vpl/prj/prj.gen/my_rm/bd/ulp/ip/ulp_interconnect_axilite_user_imp_m04_regslice_0/ulp_interconnect_axilite_user_imp_m04_regslice_0/ulp_interconnect_axilite_user_imp_m04_regslice_0_in_context.xdc] for cell 'SLR0/interconnect_axilite_user/m04_couplers/m04_regslice'
Parsing XDC File [/home/miahafiz/NeuroRing_a_sudoku_v2/_x.hw.NUM_4096.CORE_10.FREQ_300/link/vivado/vpl/prj/prj.gen/my_rm/bd/ulp/ip/ulp_interconnect_axilite_user_imp_s00_regslice_0/ulp_interconnect_axilite_user_imp_s00_regslice_0/ulp_interconnect_axilite_user_imp_s00_regslice_0_in_context.xdc] for cell 'SLR0/interconnect_axilite_user/s00_couplers/s00_regslice'
Finished Parsing XDC File [/home/miahafiz/NeuroRing_a_sudoku_v2/_x.hw.NUM_4096.CORE_10.FREQ_300/link/vivado/vpl/prj/prj.gen/my_rm/bd/ulp/ip/ulp_interconnect_axilite_user_imp_s00_regslice_0/ulp_interconnect_axilite_user_imp_s00_regslice_0/ulp_interconnect_axilite_user_imp_s00_regslice_0_in_context.xdc] for cell 'SLR0/interconnect_axilite_user/s00_couplers/s00_regslice'
Parsing XDC File [/home/miahafiz/NeuroRing_a_sudoku_v2/_x.hw.NUM_4096.CORE_10.FREQ_300/link/vivado/vpl/prj/prj.gen/my_rm/bd/ulp/ip/ulp_interconnect_axilite_user_imp_s00_regslice_1/ulp_interconnect_axilite_user_imp_s00_regslice_1/ulp_interconnect_axilite_user_imp_s00_regslice_2_in_context.xdc] for cell 'SLR1/interconnect_axilite_user/s00_couplers/s00_regslice'
Finished Parsing XDC File [/home/miahafiz/NeuroRing_a_sudoku_v2/_x.hw.NUM_4096.CORE_10.FREQ_300/link/vivado/vpl/prj/prj.gen/my_rm/bd/ulp/ip/ulp_interconnect_axilite_user_imp_s00_regslice_1/ulp_interconnect_axilite_user_imp_s00_regslice_1/ulp_interconnect_axilite_user_imp_s00_regslice_2_in_context.xdc] for cell 'SLR1/interconnect_axilite_user/s00_couplers/s00_regslice'
Parsing XDC File [/home/miahafiz/NeuroRing_a_sudoku_v2/_x.hw.NUM_4096.CORE_10.FREQ_300/link/vivado/vpl/prj/prj.gen/my_rm/bd/ulp/ip/ulp_interconnect_axilite_user_imp_s00_regslice_2/ulp_interconnect_axilite_user_imp_s00_regslice_2/ulp_interconnect_axilite_user_imp_s00_regslice_2_in_context.xdc] for cell 'SLR2/interconnect_axilite_user/s00_couplers/s00_regslice'
Finished Parsing XDC File [/home/miahafiz/NeuroRing_a_sudoku_v2/_x.hw.NUM_4096.CORE_10.FREQ_300/link/vivado/vpl/prj/prj.gen/my_rm/bd/ulp/ip/ulp_interconnect_axilite_user_imp_s00_regslice_2/ulp_interconnect_axilite_user_imp_s00_regslice_2/ulp_interconnect_axilite_user_imp_s00_regslice_2_in_context.xdc] for cell 'SLR2/interconnect_axilite_user/s00_couplers/s00_regslice'
Parsing XDC File [/home/miahafiz/NeuroRing_a_sudoku_v2/_x.hw.NUM_4096.CORE_10.FREQ_300/link/vivado/vpl/prj/prj.gen/my_rm/bd/ulp/ip/ulp_interconnect_axilite_user_upgraded_ipi_imp_xbar_0/ulp_interconnect_axilite_user_upgraded_ipi_imp_xbar_0/ulp_interconnect_axilite_user_upgraded_ipi_imp_xbar_0_in_context.xdc] for cell 'SLR0/interconnect_axilite_user/xbar'
Finished Parsing XDC File [/home/miahafiz/NeuroRing_a_sudoku_v2/_x.hw.NUM_4096.CORE_10.FREQ_300/link/vivado/vpl/prj/prj.gen/my_rm/bd/ulp/ip/ulp_interconnect_axilite_user_upgraded_ipi_imp_xbar_0/ulp_interconnect_axilite_user_upgraded_ipi_imp_xbar_0/ulp_interconnect_axilite_user_upgraded_ipi_imp_xbar_0_in_context.xdc] for cell 'SLR0/interconnect_axilite_user/xbar'
Parsing XDC File [/home/miahafiz/NeuroRing_a_sudoku_v2/_x.hw.NUM_4096.CORE_10.FREQ_300/link/vivado/vpl/prj/prj.gen/my_rm/bd/ulp/ip/ulp_proc_sys_reset_ctrl_slr0_0/ulp_proc_sys_reset_ctrl_slr0_0/ulp_proc_sys_reset_ctrl_slr0_0_in_context.xdc] for cell 'proc_sys_reset_ctrl_slr0'
Finished Parsing XDC File [/home/miahafiz/NeuroRing_a_sudoku_v2/_x.hw.NUM_4096.CORE_10.FREQ_300/link/vivado/vpl/prj/prj.gen/my_rm/bd/ulp/ip/ulp_proc_sys_reset_ctrl_slr0_0/ulp_proc_sys_reset_ctrl_slr0_0/ulp_proc_sys_reset_ctrl_slr0_0_in_context.xdc] for cell 'proc_sys_reset_ctrl_slr0'
Parsing XDC File [/home/miahafiz/NeuroRing_a_sudoku_v2/_x.hw.NUM_4096.CORE_10.FREQ_300/link/vivado/vpl/prj/prj.gen/my_rm/bd/ulp/ip/ulp_proc_sys_reset_ctrl_slr1_0/ulp_proc_sys_reset_ctrl_slr1_0/ulp_proc_sys_reset_ctrl_slr1_0_in_context.xdc] for cell 'proc_sys_reset_ctrl_slr1'
Finished Parsing XDC File [/home/miahafiz/NeuroRing_a_sudoku_v2/_x.hw.NUM_4096.CORE_10.FREQ_300/link/vivado/vpl/prj/prj.gen/my_rm/bd/ulp/ip/ulp_proc_sys_reset_ctrl_slr1_0/ulp_proc_sys_reset_ctrl_slr1_0/ulp_proc_sys_reset_ctrl_slr1_0_in_context.xdc] for cell 'proc_sys_reset_ctrl_slr1'
Parsing XDC File [/home/miahafiz/NeuroRing_a_sudoku_v2/_x.hw.NUM_4096.CORE_10.FREQ_300/link/vivado/vpl/prj/prj.gen/my_rm/bd/ulp/ip/ulp_proc_sys_reset_ctrl_slr2_0/ulp_proc_sys_reset_ctrl_slr2_0/ulp_proc_sys_reset_ctrl_slr2_0_in_context.xdc] for cell 'proc_sys_reset_ctrl_slr2'
Finished Parsing XDC File [/home/miahafiz/NeuroRing_a_sudoku_v2/_x.hw.NUM_4096.CORE_10.FREQ_300/link/vivado/vpl/prj/prj.gen/my_rm/bd/ulp/ip/ulp_proc_sys_reset_ctrl_slr2_0/ulp_proc_sys_reset_ctrl_slr2_0/ulp_proc_sys_reset_ctrl_slr2_0_in_context.xdc] for cell 'proc_sys_reset_ctrl_slr2'
Parsing XDC File [/home/miahafiz/NeuroRing_a_sudoku_v2/_x.hw.NUM_4096.CORE_10.FREQ_300/link/vivado/vpl/prj/prj.gen/my_rm/bd/ulp/ip/ulp_proc_sys_reset_freerun_slr0_0/ulp_proc_sys_reset_freerun_slr0_0/ulp_proc_sys_reset_freerun_slr0_0_in_context.xdc] for cell 'proc_sys_reset_freerun_slr0'
Finished Parsing XDC File [/home/miahafiz/NeuroRing_a_sudoku_v2/_x.hw.NUM_4096.CORE_10.FREQ_300/link/vivado/vpl/prj/prj.gen/my_rm/bd/ulp/ip/ulp_proc_sys_reset_freerun_slr0_0/ulp_proc_sys_reset_freerun_slr0_0/ulp_proc_sys_reset_freerun_slr0_0_in_context.xdc] for cell 'proc_sys_reset_freerun_slr0'
Parsing XDC File [/home/miahafiz/NeuroRing_a_sudoku_v2/_x.hw.NUM_4096.CORE_10.FREQ_300/link/vivado/vpl/prj/prj.gen/my_rm/bd/ulp/ip/ulp_proc_sys_reset_freerun_slr1_0/ulp_proc_sys_reset_freerun_slr1_0/ulp_proc_sys_reset_freerun_slr1_0_in_context.xdc] for cell 'proc_sys_reset_freerun_slr1'
Finished Parsing XDC File [/home/miahafiz/NeuroRing_a_sudoku_v2/_x.hw.NUM_4096.CORE_10.FREQ_300/link/vivado/vpl/prj/prj.gen/my_rm/bd/ulp/ip/ulp_proc_sys_reset_freerun_slr1_0/ulp_proc_sys_reset_freerun_slr1_0/ulp_proc_sys_reset_freerun_slr1_0_in_context.xdc] for cell 'proc_sys_reset_freerun_slr1'
Parsing XDC File [/home/miahafiz/NeuroRing_a_sudoku_v2/_x.hw.NUM_4096.CORE_10.FREQ_300/link/vivado/vpl/prj/prj.gen/my_rm/bd/ulp/ip/ulp_proc_sys_reset_freerun_slr2_0/ulp_proc_sys_reset_freerun_slr2_0/ulp_proc_sys_reset_freerun_slr2_0_in_context.xdc] for cell 'proc_sys_reset_freerun_slr2'
Finished Parsing XDC File [/home/miahafiz/NeuroRing_a_sudoku_v2/_x.hw.NUM_4096.CORE_10.FREQ_300/link/vivado/vpl/prj/prj.gen/my_rm/bd/ulp/ip/ulp_proc_sys_reset_freerun_slr2_0/ulp_proc_sys_reset_freerun_slr2_0/ulp_proc_sys_reset_freerun_slr2_0_in_context.xdc] for cell 'proc_sys_reset_freerun_slr2'
Parsing XDC File [/home/miahafiz/NeuroRing_a_sudoku_v2/_x.hw.NUM_4096.CORE_10.FREQ_300/link/vivado/vpl/prj/prj.gen/my_rm/bd/ulp/ip/ulp_proc_sys_reset_kernel2_slr0_0/ulp_proc_sys_reset_kernel2_slr0_0/ulp_proc_sys_reset_kernel2_slr0_0_in_context.xdc] for cell 'proc_sys_reset_kernel2_slr0'
Finished Parsing XDC File [/home/miahafiz/NeuroRing_a_sudoku_v2/_x.hw.NUM_4096.CORE_10.FREQ_300/link/vivado/vpl/prj/prj.gen/my_rm/bd/ulp/ip/ulp_proc_sys_reset_kernel2_slr0_0/ulp_proc_sys_reset_kernel2_slr0_0/ulp_proc_sys_reset_kernel2_slr0_0_in_context.xdc] for cell 'proc_sys_reset_kernel2_slr0'
Parsing XDC File [/home/miahafiz/NeuroRing_a_sudoku_v2/_x.hw.NUM_4096.CORE_10.FREQ_300/link/vivado/vpl/prj/prj.gen/my_rm/bd/ulp/ip/ulp_proc_sys_reset_kernel2_slr1_0/ulp_proc_sys_reset_kernel2_slr1_0/ulp_proc_sys_reset_kernel2_slr1_0_in_context.xdc] for cell 'proc_sys_reset_kernel2_slr1'
Finished Parsing XDC File [/home/miahafiz/NeuroRing_a_sudoku_v2/_x.hw.NUM_4096.CORE_10.FREQ_300/link/vivado/vpl/prj/prj.gen/my_rm/bd/ulp/ip/ulp_proc_sys_reset_kernel2_slr1_0/ulp_proc_sys_reset_kernel2_slr1_0/ulp_proc_sys_reset_kernel2_slr1_0_in_context.xdc] for cell 'proc_sys_reset_kernel2_slr1'
Parsing XDC File [/home/miahafiz/NeuroRing_a_sudoku_v2/_x.hw.NUM_4096.CORE_10.FREQ_300/link/vivado/vpl/prj/prj.gen/my_rm/bd/ulp/ip/ulp_proc_sys_reset_kernel2_slr2_0/ulp_proc_sys_reset_kernel2_slr2_0/ulp_proc_sys_reset_kernel2_slr2_0_in_context.xdc] for cell 'proc_sys_reset_kernel2_slr2'
Finished Parsing XDC File [/home/miahafiz/NeuroRing_a_sudoku_v2/_x.hw.NUM_4096.CORE_10.FREQ_300/link/vivado/vpl/prj/prj.gen/my_rm/bd/ulp/ip/ulp_proc_sys_reset_kernel2_slr2_0/ulp_proc_sys_reset_kernel2_slr2_0/ulp_proc_sys_reset_kernel2_slr2_0_in_context.xdc] for cell 'proc_sys_reset_kernel2_slr2'
Parsing XDC File [/home/miahafiz/NeuroRing_a_sudoku_v2/_x.hw.NUM_4096.CORE_10.FREQ_300/link/vivado/vpl/prj/prj.gen/my_rm/bd/ulp/ip/ulp_proc_sys_reset_kernel_slr0_0/ulp_proc_sys_reset_kernel_slr0_0/ulp_proc_sys_reset_kernel_slr0_0_in_context.xdc] for cell 'proc_sys_reset_kernel_slr0'
Finished Parsing XDC File [/home/miahafiz/NeuroRing_a_sudoku_v2/_x.hw.NUM_4096.CORE_10.FREQ_300/link/vivado/vpl/prj/prj.gen/my_rm/bd/ulp/ip/ulp_proc_sys_reset_kernel_slr0_0/ulp_proc_sys_reset_kernel_slr0_0/ulp_proc_sys_reset_kernel_slr0_0_in_context.xdc] for cell 'proc_sys_reset_kernel_slr0'
Parsing XDC File [/home/miahafiz/NeuroRing_a_sudoku_v2/_x.hw.NUM_4096.CORE_10.FREQ_300/link/vivado/vpl/prj/prj.gen/my_rm/bd/ulp/ip/ulp_proc_sys_reset_kernel_slr1_0/ulp_proc_sys_reset_kernel_slr1_0/ulp_proc_sys_reset_kernel_slr1_0_in_context.xdc] for cell 'proc_sys_reset_kernel_slr1'
Finished Parsing XDC File [/home/miahafiz/NeuroRing_a_sudoku_v2/_x.hw.NUM_4096.CORE_10.FREQ_300/link/vivado/vpl/prj/prj.gen/my_rm/bd/ulp/ip/ulp_proc_sys_reset_kernel_slr1_0/ulp_proc_sys_reset_kernel_slr1_0/ulp_proc_sys_reset_kernel_slr1_0_in_context.xdc] for cell 'proc_sys_reset_kernel_slr1'
Parsing XDC File [/home/miahafiz/NeuroRing_a_sudoku_v2/_x.hw.NUM_4096.CORE_10.FREQ_300/link/vivado/vpl/prj/prj.gen/my_rm/bd/ulp/ip/ulp_proc_sys_reset_kernel_slr2_0/ulp_proc_sys_reset_kernel_slr2_0/ulp_proc_sys_reset_kernel_slr2_0_in_context.xdc] for cell 'proc_sys_reset_kernel_slr2'
Finished Parsing XDC File [/home/miahafiz/NeuroRing_a_sudoku_v2/_x.hw.NUM_4096.CORE_10.FREQ_300/link/vivado/vpl/prj/prj.gen/my_rm/bd/ulp/ip/ulp_proc_sys_reset_kernel_slr2_0/ulp_proc_sys_reset_kernel_slr2_0/ulp_proc_sys_reset_kernel_slr2_0_in_context.xdc] for cell 'proc_sys_reset_kernel_slr2'
Parsing XDC File [/home/miahafiz/NeuroRing_a_sudoku_v2/_x.hw.NUM_4096.CORE_10.FREQ_300/link/vivado/vpl/prj/prj.gen/my_rm/bd/ulp/ip/ulp_regslice_control_userpf_0/ulp_regslice_control_userpf_0/ulp_regslice_control_userpf_0_in_context.xdc] for cell 'SLR0/regslice_control_userpf'
Finished Parsing XDC File [/home/miahafiz/NeuroRing_a_sudoku_v2/_x.hw.NUM_4096.CORE_10.FREQ_300/link/vivado/vpl/prj/prj.gen/my_rm/bd/ulp/ip/ulp_regslice_control_userpf_0/ulp_regslice_control_userpf_0/ulp_regslice_control_userpf_0_in_context.xdc] for cell 'SLR0/regslice_control_userpf'
Parsing XDC File [/home/miahafiz/NeuroRing_a_sudoku_v2/_x.hw.NUM_4096.CORE_10.FREQ_300/link/vivado/vpl/prj/prj.gen/my_rm/bd/ulp/ip/ulp_regslice_control_userpf_1/ulp_regslice_control_userpf_1/ulp_regslice_control_userpf_1_in_context.xdc] for cell 'SLR1/regslice_control_userpf'
Finished Parsing XDC File [/home/miahafiz/NeuroRing_a_sudoku_v2/_x.hw.NUM_4096.CORE_10.FREQ_300/link/vivado/vpl/prj/prj.gen/my_rm/bd/ulp/ip/ulp_regslice_control_userpf_1/ulp_regslice_control_userpf_1/ulp_regslice_control_userpf_1_in_context.xdc] for cell 'SLR1/regslice_control_userpf'
Parsing XDC File [/home/miahafiz/NeuroRing_a_sudoku_v2/_x.hw.NUM_4096.CORE_10.FREQ_300/link/vivado/vpl/prj/prj.gen/my_rm/bd/ulp/ip/ulp_regslice_control_userpf_2/ulp_regslice_control_userpf_2/ulp_regslice_control_userpf_2_in_context.xdc] for cell 'SLR2/regslice_control_userpf'
Finished Parsing XDC File [/home/miahafiz/NeuroRing_a_sudoku_v2/_x.hw.NUM_4096.CORE_10.FREQ_300/link/vivado/vpl/prj/prj.gen/my_rm/bd/ulp/ip/ulp_regslice_control_userpf_2/ulp_regslice_control_userpf_2/ulp_regslice_control_userpf_2_in_context.xdc] for cell 'SLR2/regslice_control_userpf'
Parsing XDC File [/home/miahafiz/NeuroRing_a_sudoku_v2/_x.hw.NUM_4096.CORE_10.FREQ_300/link/vivado/vpl/prj/prj.gen/my_rm/bd/ulp/ip/ulp_ulp_cmp_0/ulp_ulp_cmp_0/ulp_ulp_cmp_0_in_context.xdc] for cell 'ulp_cmp'
Finished Parsing XDC File [/home/miahafiz/NeuroRing_a_sudoku_v2/_x.hw.NUM_4096.CORE_10.FREQ_300/link/vivado/vpl/prj/prj.gen/my_rm/bd/ulp/ip/ulp_ulp_cmp_0/ulp_ulp_cmp_0/ulp_ulp_cmp_0_in_context.xdc] for cell 'ulp_cmp'
Parsing XDC File [/home/miahafiz/NeuroRing_a_sudoku_v2/_x.hw.NUM_4096.CORE_10.FREQ_300/link/vivado/vpl/prj/prj.gen/my_rm/bd/ulp/ip/ulp_ulp_ucs_0/ulp_ulp_ucs_0/ulp_ulp_ucs_0_in_context.xdc] for cell 'ulp_ucs'
Finished Parsing XDC File [/home/miahafiz/NeuroRing_a_sudoku_v2/_x.hw.NUM_4096.CORE_10.FREQ_300/link/vivado/vpl/prj/prj.gen/my_rm/bd/ulp/ip/ulp_ulp_ucs_0/ulp_ulp_ucs_0/ulp_ulp_ucs_0_in_context.xdc] for cell 'ulp_ucs'
Parsing XDC File [/home/miahafiz/NeuroRing_a_sudoku_v2/_x.hw.NUM_4096.CORE_10.FREQ_300/link/vivado/vpl/prj/prj.gen/my_rm/bd/ulp/ulp_ooc.xdc]
Finished Parsing XDC File [/home/miahafiz/NeuroRing_a_sudoku_v2/_x.hw.NUM_4096.CORE_10.FREQ_300/link/vivado/vpl/prj/prj.gen/my_rm/bd/ulp/ulp_ooc.xdc]
Parsing XDC File [/home/miahafiz/NeuroRing_a_sudoku_v2/_x.hw.NUM_4096.CORE_10.FREQ_300/link/vivado/vpl/prj/prj.runs/my_rm_synth_1/dont_touch.xdc]
Finished Parsing XDC File [/home/miahafiz/NeuroRing_a_sudoku_v2/_x.hw.NUM_4096.CORE_10.FREQ_300/link/vivado/vpl/prj/prj.runs/my_rm_synth_1/dont_touch.xdc]
Parsing XDC File [/home/miahafiz/NeuroRing_a_sudoku_v2/_x.hw.NUM_4096.CORE_10.FREQ_300/link/vivado/vpl/output/ulp_ooc_copy.xdc]
WARNING: [Constraints 18-619] A clock with name 'blp_s_aclk_ctrl_00' already exists, overwriting the previous clock with the same name. [/home/miahafiz/NeuroRing_a_sudoku_v2/_x.hw.NUM_4096.CORE_10.FREQ_300/link/vivado/vpl/output/ulp_ooc_copy.xdc:9]
WARNING: [Constraints 18-619] A clock with name 'blp_s_aclk_freerun_ref_00' already exists, overwriting the previous clock with the same name. [/home/miahafiz/NeuroRing_a_sudoku_v2/_x.hw.NUM_4096.CORE_10.FREQ_300/link/vivado/vpl/output/ulp_ooc_copy.xdc:10]
WARNING: [Constraints 18-619] A clock with name 'blp_s_aclk_pcie_00' already exists, overwriting the previous clock with the same name. [/home/miahafiz/NeuroRing_a_sudoku_v2/_x.hw.NUM_4096.CORE_10.FREQ_300/link/vivado/vpl/output/ulp_ooc_copy.xdc:11]
Finished Parsing XDC File [/home/miahafiz/NeuroRing_a_sudoku_v2/_x.hw.NUM_4096.CORE_10.FREQ_300/link/vivado/vpl/output/ulp_ooc_copy.xdc]
Completed Processing XDC Constraints

Netlist sorting complete. Time (s): cpu = 00:00:00.01 ; elapsed = 00:00:00 . Memory (MB): peak = 3571.965 ; gain = 0.000 ; free physical = 106217 ; free virtual = 182227
INFO: [Project 1-111] Unisim Transformation Summary:
No Unisim elements were transformed.

Constraint Validation Runtime : Time (s): cpu = 00:00:00.15 ; elapsed = 00:00:00.21 . Memory (MB): peak = 3572.000 ; gain = 0.000 ; free physical = 106169 ; free virtual = 182191
INFO: [Designutils 20-5008] Incremental synthesis strategy off
---------------------------------------------------------------------------------
Finished Constraint Validation : Time (s): cpu = 00:00:27 ; elapsed = 00:00:30 . Memory (MB): peak = 3572.000 ; gain = 449.773 ; free physical = 106097 ; free virtual = 182110
---------------------------------------------------------------------------------
---------------------------------------------------------------------------------
Start Loading Part and Timing Information
---------------------------------------------------------------------------------
Loading part: xcu55c-fsvh2892-2L-e
INFO: [Synth 8-6742] Reading net delay rules and data
---------------------------------------------------------------------------------
Finished Loading Part and Timing Information : Time (s): cpu = 00:00:27 ; elapsed = 00:00:30 . Memory (MB): peak = 3572.000 ; gain = 449.773 ; free physical = 106097 ; free virtual = 182110
---------------------------------------------------------------------------------
---------------------------------------------------------------------------------
Start Applying 'set_property' XDC Constraints
---------------------------------------------------------------------------------
---------------------------------------------------------------------------------
Finished applying 'set_property' XDC Constraints : Time (s): cpu = 00:00:27 ; elapsed = 00:00:31 . Memory (MB): peak = 3572.000 ; gain = 449.773 ; free physical = 106092 ; free virtual = 182104
---------------------------------------------------------------------------------
---------------------------------------------------------------------------------
Finished RTL Optimization Phase 2 : Time (s): cpu = 00:00:28 ; elapsed = 00:00:31 . Memory (MB): peak = 3572.000 ; gain = 449.773 ; free physical = 106086 ; free virtual = 182100
---------------------------------------------------------------------------------
---------------------------------------------------------------------------------
Start RTL Component Statistics 
---------------------------------------------------------------------------------
Detailed RTL Component Info : 
---------------------------------------------------------------------------------
Finished RTL Component Statistics 
---------------------------------------------------------------------------------
---------------------------------------------------------------------------------
Start Part Resource Summary
---------------------------------------------------------------------------------
Part Resources:
DSPs: 9024 (col length:94)
BRAMs: 4032 (col length: RAMB18 288 RAMB36 144)
---------------------------------------------------------------------------------
Finished Part Resource Summary
---------------------------------------------------------------------------------
---------------------------------------------------------------------------------
Start Cross Boundary and Area Optimization
---------------------------------------------------------------------------------
WARNING: [Synth 8-7080] Parallel synthesis criteria is not met
---------------------------------------------------------------------------------
Finished Cross Boundary and Area Optimization : Time (s): cpu = 00:00:30 ; elapsed = 00:00:33 . Memory (MB): peak = 3572.000 ; gain = 449.773 ; free physical = 106090 ; free virtual = 182104
---------------------------------------------------------------------------------
---------------------------------------------------------------------------------
Start Applying XDC Timing Constraints
---------------------------------------------------------------------------------
WARNING: [Synth 8-565] redefining clock 'blp_s_aclk_ctrl_00'
WARNING: [Synth 8-565] redefining clock 'blp_s_aclk_freerun_ref_00'
WARNING: [Synth 8-565] redefining clock 'blp_s_aclk_pcie_00'
---------------------------------------------------------------------------------
Finished Applying XDC Timing Constraints : Time (s): cpu = 00:00:37 ; elapsed = 00:00:41 . Memory (MB): peak = 4049.906 ; gain = 927.680 ; free physical = 105403 ; free virtual = 181420
---------------------------------------------------------------------------------
---------------------------------------------------------------------------------
Start Timing Optimization
---------------------------------------------------------------------------------
---------------------------------------------------------------------------------
Finished Timing Optimization : Time (s): cpu = 00:00:37 ; elapsed = 00:00:41 . Memory (MB): peak = 4055.906 ; gain = 933.680 ; free physical = 105392 ; free virtual = 181409
---------------------------------------------------------------------------------
---------------------------------------------------------------------------------
Start Technology Mapping
---------------------------------------------------------------------------------
---------------------------------------------------------------------------------
Finished Technology Mapping : Time (s): cpu = 00:00:38 ; elapsed = 00:00:42 . Memory (MB): peak = 4076.477 ; gain = 954.250 ; free physical = 105354 ; free virtual = 181372
---------------------------------------------------------------------------------
---------------------------------------------------------------------------------
Start IO Insertion
---------------------------------------------------------------------------------
---------------------------------------------------------------------------------
Start Flattening Before IO Insertion
---------------------------------------------------------------------------------
---------------------------------------------------------------------------------
Finished Flattening Before IO Insertion
---------------------------------------------------------------------------------
---------------------------------------------------------------------------------
Start Final Netlist Cleanup
---------------------------------------------------------------------------------
---------------------------------------------------------------------------------
Finished Final Netlist Cleanup
---------------------------------------------------------------------------------
---------------------------------------------------------------------------------
Finished IO Insertion : Time (s): cpu = 00:00:42 ; elapsed = 00:00:46 . Memory (MB): peak = 4241.289 ; gain = 1119.062 ; free physical = 104665 ; free virtual = 180682
---------------------------------------------------------------------------------
---------------------------------------------------------------------------------
Start Renaming Generated Instances
---------------------------------------------------------------------------------
---------------------------------------------------------------------------------
Finished Renaming Generated Instances : Time (s): cpu = 00:00:42 ; elapsed = 00:00:46 . Memory (MB): peak = 4241.289 ; gain = 1119.062 ; free physical = 104663 ; free virtual = 180681
---------------------------------------------------------------------------------
---------------------------------------------------------------------------------
Start Rebuilding User Hierarchy
---------------------------------------------------------------------------------
---------------------------------------------------------------------------------
Finished Rebuilding User Hierarchy : Time (s): cpu = 00:00:42 ; elapsed = 00:00:46 . Memory (MB): peak = 4241.289 ; gain = 1119.062 ; free physical = 104656 ; free virtual = 180674
---------------------------------------------------------------------------------
---------------------------------------------------------------------------------
Start Renaming Generated Ports
---------------------------------------------------------------------------------
---------------------------------------------------------------------------------
Finished Renaming Generated Ports : Time (s): cpu = 00:00:42 ; elapsed = 00:00:46 . Memory (MB): peak = 4241.289 ; gain = 1119.062 ; free physical = 104654 ; free virtual = 180671
---------------------------------------------------------------------------------
---------------------------------------------------------------------------------
Start Handling Custom Attributes
---------------------------------------------------------------------------------
---------------------------------------------------------------------------------
Finished Handling Custom Attributes : Time (s): cpu = 00:00:42 ; elapsed = 00:00:46 . Memory (MB): peak = 4241.289 ; gain = 1119.062 ; free physical = 104651 ; free virtual = 180668
---------------------------------------------------------------------------------
---------------------------------------------------------------------------------
Start Renaming Generated Nets
---------------------------------------------------------------------------------
---------------------------------------------------------------------------------
Finished Renaming Generated Nets : Time (s): cpu = 00:00:42 ; elapsed = 00:00:46 . Memory (MB): peak = 4241.289 ; gain = 1119.062 ; free physical = 104646 ; free virtual = 180663
---------------------------------------------------------------------------------
---------------------------------------------------------------------------------
Start Writing Synthesis Report
---------------------------------------------------------------------------------

Report BlackBoxes: 
+------+------------------------------------------------------+----------+
|      |BlackBox name                                         |Instances |
+------+------------------------------------------------------+----------+
|1     |ulp_NeuroRing_0_0                                     |         1|
|2     |ulp_NeuroRing_Poisson_0_0                             |         1|
|3     |ulp_SynapseRouter_0_0                                 |         1|
|4     |ulp_SynapseRouter_1_0                                 |         1|
|5     |ulp_axi_ic_ctrl_mgmt_slr1_upgraded_ipi_imp_xbar_0     |         1|
|6     |ulp_axi_vip_data_0                                    |         1|
|7     |ulp_buffer_NeuroRing_0_SynapseStreamLeft_0            |         1|
|8     |ulp_buffer_NeuroRing_0_SynapseStreamRight_0           |         1|
|9     |ulp_buffer_NeuroRing_Poisson_0_SynapseStreamLeft_0    |         1|
|10    |ulp_buffer_NeuroRing_Poisson_0_SynapseStreamRight_0   |         1|
|11    |ulp_buffer_SynapseRouter_0_SpikeOutWeight_0           |         1|
|12    |ulp_buffer_SynapseRouter_0_syn_forward_rt_left_0      |         1|
|13    |ulp_buffer_SynapseRouter_0_syn_forward_rt_right_0     |         1|
|14    |ulp_buffer_SynapseRouter_1_SpikeOutWeight_0           |         1|
|15    |ulp_buffer_SynapseRouter_1_syn_forward_rt_left_0      |         1|
|16    |ulp_buffer_SynapseRouter_1_syn_forward_rt_right_0     |         1|
|17    |ulp_hmss_0_0                                          |         1|
|18    |ulp_ii_level0_wire_0                                  |         1|
|19    |ulp_proc_sys_reset_ctrl_slr0_0                        |         1|
|20    |ulp_proc_sys_reset_ctrl_slr1_0                        |         1|
|21    |ulp_proc_sys_reset_ctrl_slr2_0                        |         1|
|22    |ulp_proc_sys_reset_freerun_slr0_0                     |         1|
|23    |ulp_proc_sys_reset_freerun_slr1_0                     |         1|
|24    |ulp_proc_sys_reset_freerun_slr2_0                     |         1|
|25    |ulp_proc_sys_reset_kernel2_slr0_0                     |         1|
|26    |ulp_proc_sys_reset_kernel2_slr1_0                     |         1|
|27    |ulp_proc_sys_reset_kernel2_slr2_0                     |         1|
|28    |ulp_proc_sys_reset_kernel_slr0_0                      |         1|
|29    |ulp_proc_sys_reset_kernel_slr1_0                      |         1|
|30    |ulp_proc_sys_reset_kernel_slr2_0                      |         1|
|31    |ulp_ulp_cmp_0                                         |         1|
|32    |ulp_ulp_ucs_0                                         |         1|
|33    |ulp_axi_gpio_null_0                                   |         1|
|34    |ulp_axi_vip_ctrl_userpf_0                             |         1|
|35    |ulp_interconnect_axilite_user_upgraded_ipi_imp_xbar_0 |         1|
|36    |ulp_interconnect_axilite_user_imp_auto_cc_0           |         1|
|37    |ulp_interconnect_axilite_user_imp_m00_regslice_0      |         1|
|38    |ulp_interconnect_axilite_user_imp_auto_cc_1           |         1|
|39    |ulp_interconnect_axilite_user_imp_m01_regslice_0      |         1|
|40    |ulp_interconnect_axilite_user_imp_auto_cc_2           |         1|
|41    |ulp_interconnect_axilite_user_imp_m02_regslice_0      |         1|
|42    |ulp_interconnect_axilite_user_imp_auto_cc_3           |         1|
|43    |ulp_interconnect_axilite_user_imp_m03_regslice_0      |         1|
|44    |ulp_interconnect_axilite_user_imp_auto_cc_4           |         1|
|45    |ulp_interconnect_axilite_user_imp_m04_regslice_0      |         1|
|46    |ulp_interconnect_axilite_user_imp_s00_regslice_0      |         1|
|47    |ulp_regslice_control_userpf_0                         |         1|
|48    |ulp_axi_gpio_null_1                                   |         1|
|49    |ulp_axi_vip_ctrl_userpf_1                             |         1|
|50    |ulp_interconnect_axilite_user_imp_auto_cc_5           |         1|
|51    |ulp_interconnect_axilite_user_imp_s00_regslice_1      |         1|
|52    |ulp_regslice_control_userpf_1                         |         1|
|53    |ulp_axi_gpio_null_2                                   |         1|
|54    |ulp_axi_vip_ctrl_userpf_2                             |         1|
|55    |ulp_interconnect_axilite_user_imp_auto_cc_6           |         1|
|56    |ulp_interconnect_axilite_user_imp_s00_regslice_2      |         1|
|57    |ulp_regslice_control_userpf_2                         |         1|
+------+------------------------------------------------------+----------+

Report Cell Usage: 
+------+----------------------------------------------------+------+
|      |Cell                                                |Count |
+------+----------------------------------------------------+------+
|1     |ulp_NeuroRing_0                                     |     1|
|2     |ulp_NeuroRing_Poisson_0                             |     1|
|3     |ulp_SynapseRouter_0                                 |     1|
|4     |ulp_SynapseRouter_1                                 |     1|
|5     |ulp_axi_gpio_null                                   |     3|
|8     |ulp_axi_ic_ctrl_mgmt_slr1_upgraded_ipi_imp_xbar     |     1|
|9     |ulp_axi_vip_ctrl_userpf                             |     3|
|12    |ulp_axi_vip_data                                    |     1|
|13    |ulp_buffer_NeuroRing_0_SynapseStreamLeft            |     1|
|14    |ulp_buffer_NeuroRing_0_SynapseStreamRight           |     1|
|15    |ulp_buffer_NeuroRing_Poisson_0_SynapseStreamLeft    |     1|
|16    |ulp_buffer_NeuroRing_Poisson_0_SynapseStreamRight   |     1|
|17    |ulp_buffer_SynapseRouter_0_SpikeOutWeight           |     1|
|18    |ulp_buffer_SynapseRouter_0_syn_forward_rt_left      |     1|
|19    |ulp_buffer_SynapseRouter_0_syn_forward_rt_right     |     1|
|20    |ulp_buffer_SynapseRouter_1_SpikeOutWeight           |     1|
|21    |ulp_buffer_SynapseRouter_1_syn_forward_rt_left      |     1|
|22    |ulp_buffer_SynapseRouter_1_syn_forward_rt_right     |     1|
|23    |ulp_hmss_0                                          |     1|
|24    |ulp_ii_level0_wire                                  |     1|
|25    |ulp_interconnect_axilite_user_imp_auto_cc           |     7|
|32    |ulp_interconnect_axilite_user_imp_m00_regslice      |     1|
|33    |ulp_interconnect_axilite_user_imp_m01_regslice      |     1|
|34    |ulp_interconnect_axilite_user_imp_m02_regslice      |     1|
|35    |ulp_interconnect_axilite_user_imp_m03_regslice      |     1|
|36    |ulp_interconnect_axilite_user_imp_m04_regslice      |     1|
|37    |ulp_interconnect_axilite_user_imp_s00_regslice      |     3|
|40    |ulp_interconnect_axilite_user_upgraded_ipi_imp_xbar |     1|
|41    |ulp_proc_sys_reset_ctrl_slr0                        |     1|
|42    |ulp_proc_sys_reset_ctrl_slr1                        |     1|
|43    |ulp_proc_sys_reset_ctrl_slr2                        |     1|
|44    |ulp_proc_sys_reset_freerun_slr0                     |     1|
|45    |ulp_proc_sys_reset_freerun_slr1                     |     1|
|46    |ulp_proc_sys_reset_freerun_slr2                     |     1|
|47    |ulp_proc_sys_reset_kernel2_slr0                     |     1|
|48    |ulp_proc_sys_reset_kernel2_slr1                     |     1|
|49    |ulp_proc_sys_reset_kernel2_slr2                     |     1|
|50    |ulp_proc_sys_reset_kernel_slr0                      |     1|
|51    |ulp_proc_sys_reset_kernel_slr1                      |     1|
|52    |ulp_proc_sys_reset_kernel_slr2                      |     1|
|53    |ulp_regslice_control_userpf                         |     3|
|56    |ulp_ulp_cmp                                         |     1|
|57    |ulp_ulp_ucs                                         |     1|
+------+----------------------------------------------------+------+
---------------------------------------------------------------------------------
Finished Writing Synthesis Report : Time (s): cpu = 00:00:42 ; elapsed = 00:00:46 . Memory (MB): peak = 4241.289 ; gain = 1119.062 ; free physical = 104645 ; free virtual = 180662
---------------------------------------------------------------------------------
Synthesis finished with 0 errors, 0 critical warnings and 117 warnings.
Synthesis Optimization Runtime : Time (s): cpu = 00:00:30 ; elapsed = 00:00:32 . Memory (MB): peak = 4241.289 ; gain = 1089.793 ; free physical = 104619 ; free virtual = 180637
Synthesis Optimization Complete : Time (s): cpu = 00:00:43 ; elapsed = 00:00:47 . Memory (MB): peak = 4241.289 ; gain = 1119.062 ; free physical = 104619 ; free virtual = 180637
INFO: [Project 1-571] Translating synthesized netlist
Netlist sorting complete. Time (s): cpu = 00:00:00.11 ; elapsed = 00:00:00.11 . Memory (MB): peak = 4241.289 ; gain = 0.000 ; free physical = 104627 ; free virtual = 180645
INFO: [Project 1-570] Preparing netlist for logic optimization
INFO: [Opt 31-138] Pushed 0 inverter(s) to 0 load pin(s).
Netlist sorting complete. Time (s): cpu = 00:00:00 ; elapsed = 00:00:00 . Memory (MB): peak = 4241.289 ; gain = 0.000 ; free physical = 104660 ; free virtual = 180677
INFO: [Project 1-111] Unisim Transformation Summary:
No Unisim elements were transformed.

Synth Design complete | Checksum: d80c7493
INFO: [Common 17-83] Releasing license: Synthesis
199 Infos, 236 Warnings, 0 Critical Warnings and 0 Errors encountered.
synth_design completed successfully
synth_design: Time (s): cpu = 00:01:04 ; elapsed = 00:01:09 . Memory (MB): peak = 4241.289 ; gain = 2515.609 ; free physical = 104653 ; free virtual = 180671
INFO: [Common 17-2834] synth_design peak Physical Memory [PSS] (MB): overall = 3188.671; main = 3188.671; forked = 196.173
INFO: [Common 17-2834] synth_design peak Virtual Memory [VSS] (MB): overall = 4960.117; main = 4213.594; forked = 955.207
INFO: [Coretcl 2-1174] Renamed 11 cell refs.
INFO: [Common 17-1381] The checkpoint '/home/miahafiz/NeuroRing_a_sudoku_v2/_x.hw.NUM_4096.CORE_10.FREQ_300/link/vivado/vpl/prj/prj.runs/my_rm_synth_1/ulp.dcp' has been generated.
INFO: [Common 17-206] Exiting Vivado at Wed Feb 25 13:09:21 2026...
