
*** Running vivado
    with args -log ulp_NeuroRing_0_0.vds -m64 -product Vivado -mode batch -messageDb vivado.pb -notrace -source ulp_NeuroRing_0_0.tcl


****** Vivado v2025.1 (64-bit)
  **** SW Build 6140274 on Wed May 21 22:58:25 MDT 2025
  **** IP Build 6138677 on Thu May 22 03:10:11 MDT 2025
  **** SharedData Build 6139179 on Tue May 20 17:58:58 MDT 2025
  **** Start of session at: Wed Feb 25 12:51:42 2026
    ** Copyright 1986-2022 Xilinx, Inc. All Rights Reserved.
    ** Copyright 2022-2025 Advanced Micro Devices, Inc. All Rights Reserved.

source ulp_NeuroRing_0_0.tcl -notrace
INFO: Dispatch client connection id - 42293
create_project: Time (s): cpu = 00:00:09 ; elapsed = 00:00:09 . Memory (MB): peak = 1535.008 ; gain = 36.836 ; free physical = 34163 ; free virtual = 119956
INFO: [IP_Flow 19-234] Refreshing IP repositories
INFO: [IP_Flow 19-1700] Loaded user IP repository '/home/miahafiz/NeuroRing_a_sudoku_v2/_x.hw.NUM_4096.CORE_10.FREQ_300/link/int/xo/ip_repo/xilinx_com_hls_SynapseRouter_1_0'.
INFO: [IP_Flow 19-1700] Loaded user IP repository '/home/miahafiz/NeuroRing_a_sudoku_v2/_x.hw.NUM_4096.CORE_10.FREQ_300/link/int/xo/ip_repo/xilinx_com_hls_NeuroRing_Poisson_1_0'.
INFO: [IP_Flow 19-1700] Loaded user IP repository '/home/miahafiz/NeuroRing_a_sudoku_v2/_x.hw.NUM_4096.CORE_10.FREQ_300/link/int/xo/ip_repo/xilinx_com_hls_NeuroRing_1_0'.
INFO: [IP_Flow 19-1700] Loaded user IP repository '/home/miahafiz/NeuroRing_a_sudoku_v2/_x.hw.NUM_4096.CORE_10.FREQ_300/link/vivado/vpl/.local/hw_platform/iprepo'.
INFO: [IP_Flow 19-1700] Loaded user IP repository '/opt/xilinx/2025.1/Vitis/data/cache/xilinx'.
INFO: [IP_Flow 19-1700] Loaded user IP repository '/home/miahafiz/NeuroRing_a_sudoku_v2/_x.hw.NUM_4096.CORE_10.FREQ_300/link/vivado/vpl/.local/hw_platform/ipcache'.
INFO: [IP_Flow 19-1700] Loaded user IP repository '/opt/xilinx/2025.1/Vitis/data/vitis/ip'.
INFO: [IP_Flow 19-2313] Loaded Vivado IP repository '/opt/xilinx/2025.1/Vivado/data/ip'.
WARNING: [IP_Flow 19-1663] Duplicate IP found for 'xilinx.com:ip:axi_clk_metadata_adapter:1.0'. The one found in IP location '/home/miahafiz/NeuroRing_a_sudoku_v2/_x.hw.NUM_4096.CORE_10.FREQ_300/link/vivado/vpl/.local/hw_platform/iprepo/ipdefs/other_ipdefs/axi_clk_metadata_adapter_v1_0' will take precedence over the same IP in location /home/miahafiz/NeuroRing_a_sudoku_v2/_x.hw.NUM_4096.CORE_10.FREQ_300/link/vivado/vpl/.local/hw_platform/iprepo/ipdefs/pxi_ii_infra/axi_clk_metadata_adapter_v1_0
WARNING: [IP_Flow 19-1663] Duplicate IP found for 'xilinx.com:ip:axis_clk_metadata_adapter:1.0'. The one found in IP location '/home/miahafiz/NeuroRing_a_sudoku_v2/_x.hw.NUM_4096.CORE_10.FREQ_300/link/vivado/vpl/.local/hw_platform/iprepo/ipdefs/other_ipdefs/axis_clk_metadata_adapter_v1_0' will take precedence over the same IP in location /home/miahafiz/NeuroRing_a_sudoku_v2/_x.hw.NUM_4096.CORE_10.FREQ_300/link/vivado/vpl/.local/hw_platform/iprepo/ipdefs/pxi_ii_infra/axis_clk_metadata_adapter_v1_0
WARNING: [IP_Flow 19-1663] Duplicate IP found for 'xilinx.com:ip:clk_metadata_adapter:1.0'. The one found in IP location '/home/miahafiz/NeuroRing_a_sudoku_v2/_x.hw.NUM_4096.CORE_10.FREQ_300/link/vivado/vpl/.local/hw_platform/iprepo/ipdefs/other_ipdefs/clk_metadata_adapter_v1_0' will take precedence over the same IP in location /home/miahafiz/NeuroRing_a_sudoku_v2/_x.hw.NUM_4096.CORE_10.FREQ_300/link/vivado/vpl/.local/hw_platform/iprepo/ipdefs/pxi_ii_infra/clk_metadata_adapter_v1_0
WARNING: [IP_Flow 19-1663] Duplicate IP found for 'xilinx.com:ip:pipeline_reg:1.0'. The one found in IP location '/home/miahafiz/NeuroRing_a_sudoku_v2/_x.hw.NUM_4096.CORE_10.FREQ_300/link/vivado/vpl/.local/hw_platform/iprepo/ipdefs/other_ipdefs/pipeline_reg_v1_0' will take precedence over the same IP in location /home/miahafiz/NeuroRing_a_sudoku_v2/_x.hw.NUM_4096.CORE_10.FREQ_300/link/vivado/vpl/.local/hw_platform/iprepo/ipdefs/pxi_ii_infra/pipeline_reg_v1_0
Command: synth_design -top ulp_NeuroRing_0_0 -part xcu55c-fsvh2892-2L-e -directive sdx_optimization_effort_high -incremental_mode off -mode out_of_context
Starting synth_design
Attempting to get a license for feature 'Synthesis' and/or device 'xcu55c'
INFO: [Common 17-349] Got license for feature 'Synthesis' and/or device 'xcu55c'
INFO: [Device 21-403] Loading part xcu55c-fsvh2892-2L-e
INFO: [Synth 8-7079] Multithreading enabled for synth_design using a maximum of 1 processes.
INFO: [Synth 8-7078] Launching helper process for spawning children vivado processes
INFO: [Synth 8-7075] Helper process launched with PID 1349448
---------------------------------------------------------------------------------
Starting RTL Elaboration : Time (s): cpu = 00:00:06 ; elapsed = 00:00:07 . Memory (MB): peak = 3239.289 ; gain = 288.691 ; free physical = 31137 ; free virtual = 117171
---------------------------------------------------------------------------------
INFO: [Synth 8-6157] synthesizing module 'ulp_NeuroRing_0_0' [/home/miahafiz/NeuroRing_a_sudoku_v2/_x.hw.NUM_4096.CORE_10.FREQ_300/link/vivado/vpl/prj/prj.gen/my_rm/bd/ulp/ip/ulp_NeuroRing_0_0/synth/ulp_NeuroRing_0_0.v:53]
INFO: [Synth 8-6157] synthesizing module 'NeuroRing' [/home/miahafiz/NeuroRing_a_sudoku_v2/_x.hw.NUM_4096.CORE_10.FREQ_300/link/vivado/vpl/prj/prj.gen/my_rm/bd/ulp/ipshared/011b/hdl/verilog/NeuroRing.v:9]
INFO: [Synth 8-6157] synthesizing module 'NeuroRing_U_membPot_RAM_2P_BRAM_1R1W' [/home/miahafiz/NeuroRing_a_sudoku_v2/_x.hw.NUM_4096.CORE_10.FREQ_300/link/vivado/vpl/prj/prj.gen/my_rm/bd/ulp/ipshared/011b/hdl/verilog/NeuroRing_U_membPot_RAM_2P_BRAM_1R1W.v:7]
INFO: [Synth 8-6155] done synthesizing module 'NeuroRing_U_membPot_RAM_2P_BRAM_1R1W' (0#1) [/home/miahafiz/NeuroRing_a_sudoku_v2/_x.hw.NUM_4096.CORE_10.FREQ_300/link/vivado/vpl/prj/prj.gen/my_rm/bd/ulp/ipshared/011b/hdl/verilog/NeuroRing_U_membPot_RAM_2P_BRAM_1R1W.v:7]
INFO: [Synth 8-6157] synthesizing module 'NeuroRing_R_RefCnt_RAM_2P_BRAM_1R1W' [/home/miahafiz/NeuroRing_a_sudoku_v2/_x.hw.NUM_4096.CORE_10.FREQ_300/link/vivado/vpl/prj/prj.gen/my_rm/bd/ulp/ipshared/011b/hdl/verilog/NeuroRing_R_RefCnt_RAM_2P_BRAM_1R1W.v:7]
INFO: [Synth 8-6155] done synthesizing module 'NeuroRing_R_RefCnt_RAM_2P_BRAM_1R1W' (0#1) [/home/miahafiz/NeuroRing_a_sudoku_v2/_x.hw.NUM_4096.CORE_10.FREQ_300/link/vivado/vpl/prj/prj.gen/my_rm/bd/ulp/ipshared/011b/hdl/verilog/NeuroRing_R_RefCnt_RAM_2P_BRAM_1R1W.v:7]
INFO: [Synth 8-6157] synthesizing module 'NeuroRing_SynapseSize_RAM_2P_BRAM_1R1W' [/home/miahafiz/NeuroRing_a_sudoku_v2/_x.hw.NUM_4096.CORE_10.FREQ_300/link/vivado/vpl/prj/prj.gen/my_rm/bd/ulp/ipshared/011b/hdl/verilog/NeuroRing_SynapseSize_RAM_2P_BRAM_1R1W.v:7]
INFO: [Synth 8-6155] done synthesizing module 'NeuroRing_SynapseSize_RAM_2P_BRAM_1R1W' (0#1) [/home/miahafiz/NeuroRing_a_sudoku_v2/_x.hw.NUM_4096.CORE_10.FREQ_300/link/vivado/vpl/prj/prj.gen/my_rm/bd/ulp/ipshared/011b/hdl/verilog/NeuroRing_SynapseSize_RAM_2P_BRAM_1R1W.v:7]
INFO: [Synth 8-6157] synthesizing module 'NeuroRing_NeuroRing_Pipeline_VITIS_LOOP_94_1' [/home/miahafiz/NeuroRing_a_sudoku_v2/_x.hw.NUM_4096.CORE_10.FREQ_300/link/vivado/vpl/prj/prj.gen/my_rm/bd/ulp/ipshared/011b/hdl/verilog/NeuroRing_NeuroRing_Pipeline_VITIS_LOOP_94_1.v:9]
INFO: [Synth 8-6157] synthesizing module 'NeuroRing_mac_muladd_14ns_12ns_24ns_27_4_1' [/home/miahafiz/NeuroRing_a_sudoku_v2/_x.hw.NUM_4096.CORE_10.FREQ_300/link/vivado/vpl/prj/prj.gen/my_rm/bd/ulp/ipshared/011b/hdl/verilog/NeuroRing_mac_muladd_14ns_12ns_24ns_27_4_1.v:45]
INFO: [Synth 8-6157] synthesizing module 'NeuroRing_mac_muladd_14ns_12ns_24ns_27_4_1_DSP48_0' [/home/miahafiz/NeuroRing_a_sudoku_v2/_x.hw.NUM_4096.CORE_10.FREQ_300/link/vivado/vpl/prj/prj.gen/my_rm/bd/ulp/ipshared/011b/hdl/verilog/NeuroRing_mac_muladd_14ns_12ns_24ns_27_4_1.v:7]
INFO: [Synth 8-6155] done synthesizing module 'NeuroRing_mac_muladd_14ns_12ns_24ns_27_4_1_DSP48_0' (0#1) [/home/miahafiz/NeuroRing_a_sudoku_v2/_x.hw.NUM_4096.CORE_10.FREQ_300/link/vivado/vpl/prj/prj.gen/my_rm/bd/ulp/ipshared/011b/hdl/verilog/NeuroRing_mac_muladd_14ns_12ns_24ns_27_4_1.v:7]
INFO: [Synth 8-6155] done synthesizing module 'NeuroRing_mac_muladd_14ns_12ns_24ns_27_4_1' (0#1) [/home/miahafiz/NeuroRing_a_sudoku_v2/_x.hw.NUM_4096.CORE_10.FREQ_300/link/vivado/vpl/prj/prj.gen/my_rm/bd/ulp/ipshared/011b/hdl/verilog/NeuroRing_mac_muladd_14ns_12ns_24ns_27_4_1.v:45]
INFO: [Synth 8-6157] synthesizing module 'NeuroRing_flow_control_loop_pipe_sequential_init' [/home/miahafiz/NeuroRing_a_sudoku_v2/_x.hw.NUM_4096.CORE_10.FREQ_300/link/vivado/vpl/prj/prj.gen/my_rm/bd/ulp/ipshared/011b/hdl/verilog/NeuroRing_flow_control_loop_pipe_sequential_init.v:11]
INFO: [Synth 8-6155] done synthesizing module 'NeuroRing_flow_control_loop_pipe_sequential_init' (0#1) [/home/miahafiz/NeuroRing_a_sudoku_v2/_x.hw.NUM_4096.CORE_10.FREQ_300/link/vivado/vpl/prj/prj.gen/my_rm/bd/ulp/ipshared/011b/hdl/verilog/NeuroRing_flow_control_loop_pipe_sequential_init.v:11]
INFO: [Synth 8-6155] done synthesizing module 'NeuroRing_NeuroRing_Pipeline_VITIS_LOOP_94_1' (0#1) [/home/miahafiz/NeuroRing_a_sudoku_v2/_x.hw.NUM_4096.CORE_10.FREQ_300/link/vivado/vpl/prj/prj.gen/my_rm/bd/ulp/ipshared/011b/hdl/verilog/NeuroRing_NeuroRing_Pipeline_VITIS_LOOP_94_1.v:9]
INFO: [Synth 8-6157] synthesizing module 'NeuroRing_NeuroRing_Pipeline_VITIS_LOOP_224_6' [/home/miahafiz/NeuroRing_a_sudoku_v2/_x.hw.NUM_4096.CORE_10.FREQ_300/link/vivado/vpl/prj/prj.gen/my_rm/bd/ulp/ipshared/011b/hdl/verilog/NeuroRing_NeuroRing_Pipeline_VITIS_LOOP_224_6.v:9]
INFO: [Synth 8-6157] synthesizing module 'NeuroRing_sparsemux_19_4_32_1_1' [/home/miahafiz/NeuroRing_a_sudoku_v2/_x.hw.NUM_4096.CORE_10.FREQ_300/link/vivado/vpl/prj/prj.gen/my_rm/bd/ulp/ipshared/011b/hdl/verilog/NeuroRing_sparsemux_19_4_32_1_1.v:8]
INFO: [Synth 8-6155] done synthesizing module 'NeuroRing_sparsemux_19_4_32_1_1' (0#1) [/home/miahafiz/NeuroRing_a_sudoku_v2/_x.hw.NUM_4096.CORE_10.FREQ_300/link/vivado/vpl/prj/prj.gen/my_rm/bd/ulp/ipshared/011b/hdl/verilog/NeuroRing_sparsemux_19_4_32_1_1.v:8]
INFO: [Synth 8-6155] done synthesizing module 'NeuroRing_NeuroRing_Pipeline_VITIS_LOOP_224_6' (0#1) [/home/miahafiz/NeuroRing_a_sudoku_v2/_x.hw.NUM_4096.CORE_10.FREQ_300/link/vivado/vpl/prj/prj.gen/my_rm/bd/ulp/ipshared/011b/hdl/verilog/NeuroRing_NeuroRing_Pipeline_VITIS_LOOP_224_6.v:9]
INFO: [Synth 8-6157] synthesizing module 'NeuroRing_NeuroRing_Pipeline_VITIS_LOOP_240_7' [/home/miahafiz/NeuroRing_a_sudoku_v2/_x.hw.NUM_4096.CORE_10.FREQ_300/link/vivado/vpl/prj/prj.gen/my_rm/bd/ulp/ipshared/011b/hdl/verilog/NeuroRing_NeuroRing_Pipeline_VITIS_LOOP_240_7.v:9]
INFO: [Synth 8-6155] done synthesizing module 'NeuroRing_NeuroRing_Pipeline_VITIS_LOOP_240_7' (0#1) [/home/miahafiz/NeuroRing_a_sudoku_v2/_x.hw.NUM_4096.CORE_10.FREQ_300/link/vivado/vpl/prj/prj.gen/my_rm/bd/ulp/ipshared/011b/hdl/verilog/NeuroRing_NeuroRing_Pipeline_VITIS_LOOP_240_7.v:9]
INFO: [Synth 8-6157] synthesizing module 'NeuroRing_NeuroRing_Pipeline_update_membrane_potential' [/home/miahafiz/NeuroRing_a_sudoku_v2/_x.hw.NUM_4096.CORE_10.FREQ_300/link/vivado/vpl/prj/prj.gen/my_rm/bd/ulp/ipshared/011b/hdl/verilog/NeuroRing_NeuroRing_Pipeline_update_membrane_potential.v:9]
INFO: [Synth 8-6157] synthesizing module 'NeuroRing_fadd_32ns_32ns_32_7_full_dsp_1' [/home/miahafiz/NeuroRing_a_sudoku_v2/_x.hw.NUM_4096.CORE_10.FREQ_300/link/vivado/vpl/prj/prj.gen/my_rm/bd/ulp/ipshared/011b/hdl/verilog/NeuroRing_fadd_32ns_32ns_32_7_full_dsp_1.v:9]
INFO: [Synth 8-638] synthesizing module 'NeuroRing_fadd_32ns_32ns_32_7_full_dsp_1_ip' [/home/miahafiz/NeuroRing_a_sudoku_v2/_x.hw.NUM_4096.CORE_10.FREQ_300/link/vivado/vpl/prj/prj.gen/my_rm/bd/ulp/ip/ulp_NeuroRing_0_0/hdl/ip/NeuroRing_fadd_32ns_32ns_32_7_full_dsp_1_ip/synth/NeuroRing_fadd_32ns_32ns_32_7_full_dsp_1_ip.vhd:72]
	Parameter C_XDEVICEFAMILY bound to: virtexuplusHBM - type: string 
	Parameter C_PART bound to: xcu55c-fsvh2892-2L-e - type: string 
	Parameter C_HAS_ADD bound to: 1 - type: integer 
	Parameter C_HAS_SUBTRACT bound to: 0 - type: integer 
	Parameter C_HAS_MULTIPLY bound to: 0 - type: integer 
	Parameter C_HAS_DIVIDE bound to: 0 - type: integer 
	Parameter C_HAS_SQRT bound to: 0 - type: integer 
	Parameter C_HAS_COMPARE bound to: 0 - type: integer 
	Parameter C_HAS_FIX_TO_FLT bound to: 0 - type: integer 
	Parameter C_HAS_FLT_TO_FIX bound to: 0 - type: integer 
	Parameter C_HAS_FLT_TO_FLT bound to: 0 - type: integer 
	Parameter C_HAS_RECIP bound to: 0 - type: integer 
	Parameter C_HAS_RECIP_SQRT bound to: 0 - type: integer 
	Parameter C_HAS_ABSOLUTE bound to: 0 - type: integer 
	Parameter C_HAS_LOGARITHM bound to: 0 - type: integer 
	Parameter C_HAS_EXPONENTIAL bound to: 0 - type: integer 
	Parameter C_HAS_FMA bound to: 0 - type: integer 
	Parameter C_HAS_FMS bound to: 0 - type: integer 
	Parameter C_HAS_UNFUSED_MULTIPLY_ADD bound to: 0 - type: integer 
	Parameter C_HAS_UNFUSED_MULTIPLY_SUB bound to: 0 - type: integer 
	Parameter C_HAS_UNFUSED_MULTIPLY_ACCUMULATOR_A bound to: 0 - type: integer 
	Parameter C_HAS_UNFUSED_MULTIPLY_ACCUMULATOR_S bound to: 0 - type: integer 
	Parameter C_HAS_ACCUMULATOR_A bound to: 0 - type: integer 
	Parameter C_HAS_ACCUMULATOR_S bound to: 0 - type: integer 
	Parameter C_HAS_ACCUMULATOR_PRIMITIVE_A bound to: 0 - type: integer 
	Parameter C_HAS_ACCUMULATOR_PRIMITIVE_S bound to: 0 - type: integer 
	Parameter C_A_WIDTH bound to: 32 - type: integer 
	Parameter C_A_FRACTION_WIDTH bound to: 24 - type: integer 
	Parameter C_B_WIDTH bound to: 32 - type: integer 
	Parameter C_B_FRACTION_WIDTH bound to: 24 - type: integer 
	Parameter C_C_WIDTH bound to: 32 - type: integer 
	Parameter C_C_FRACTION_WIDTH bound to: 24 - type: integer 
	Parameter C_RESULT_WIDTH bound to: 32 - type: integer 
	Parameter C_RESULT_FRACTION_WIDTH bound to: 24 - type: integer 
	Parameter C_COMPARE_OPERATION bound to: 8 - type: integer 
	Parameter C_LATENCY bound to: 5 - type: integer 
	Parameter C_OPTIMIZATION bound to: 1 - type: integer 
	Parameter C_MULT_USAGE bound to: 2 - type: integer 
	Parameter C_BRAM_USAGE bound to: 0 - type: integer 
	Parameter C_RATE bound to: 1 - type: integer 
	Parameter C_ACCUM_INPUT_MSB bound to: 32 - type: integer 
	Parameter C_ACCUM_MSB bound to: 32 - type: integer 
	Parameter C_ACCUM_LSB bound to: -31 - type: integer 
	Parameter C_HAS_UNDERFLOW bound to: 0 - type: integer 
	Parameter C_HAS_OVERFLOW bound to: 0 - type: integer 
	Parameter C_HAS_INVALID_OP bound to: 0 - type: integer 
	Parameter C_HAS_DIVIDE_BY_ZERO bound to: 0 - type: integer 
	Parameter C_HAS_ACCUM_OVERFLOW bound to: 0 - type: integer 
	Parameter C_HAS_ACCUM_INPUT_OVERFLOW bound to: 0 - type: integer 
	Parameter C_HAS_ACLKEN bound to: 1 - type: integer 
	Parameter C_HAS_ARESETN bound to: 0 - type: integer 
	Parameter C_THROTTLE_SCHEME bound to: 3 - type: integer 
	Parameter C_HAS_A_TUSER bound to: 0 - type: integer 
	Parameter C_HAS_A_TLAST bound to: 0 - type: integer 
	Parameter C_HAS_B bound to: 1 - type: integer 
	Parameter C_HAS_B_TUSER bound to: 0 - type: integer 
	Parameter C_HAS_B_TLAST bound to: 0 - type: integer 
	Parameter C_HAS_C bound to: 0 - type: integer 
	Parameter C_HAS_C_TUSER bound to: 0 - type: integer 
	Parameter C_HAS_C_TLAST bound to: 0 - type: integer 
	Parameter C_HAS_OPERATION bound to: 0 - type: integer 
	Parameter C_HAS_OPERATION_TUSER bound to: 0 - type: integer 
	Parameter C_HAS_OPERATION_TLAST bound to: 0 - type: integer 
	Parameter C_HAS_RESULT_TUSER bound to: 0 - type: integer 
	Parameter C_HAS_RESULT_TLAST bound to: 0 - type: integer 
	Parameter C_TLAST_RESOLUTION bound to: 0 - type: integer 
	Parameter C_A_TDATA_WIDTH bound to: 32 - type: integer 
	Parameter C_A_TUSER_WIDTH bound to: 1 - type: integer 
	Parameter C_B_TDATA_WIDTH bound to: 32 - type: integer 
	Parameter C_B_TUSER_WIDTH bound to: 1 - type: integer 
	Parameter C_C_TDATA_WIDTH bound to: 32 - type: integer 
	Parameter C_C_TUSER_WIDTH bound to: 1 - type: integer 
	Parameter C_OPERATION_TDATA_WIDTH bound to: 8 - type: integer 
	Parameter C_OPERATION_TUSER_WIDTH bound to: 1 - type: integer 
	Parameter C_RESULT_TDATA_WIDTH bound to: 32 - type: integer 
	Parameter C_RESULT_TUSER_WIDTH bound to: 1 - type: integer 
	Parameter C_FIXED_DATA_UNSIGNED bound to: 0 - type: integer 
INFO: [Synth 8-3491] module 'floating_point_v7_1_20' declared at '/home/miahafiz/NeuroRing_a_sudoku_v2/_x.hw.NUM_4096.CORE_10.FREQ_300/link/vivado/vpl/prj/prj.gen/my_rm/bd/ulp/ip/ulp_NeuroRing_0_0/hdl/ip/NeuroRing_uitofp_32ns_32_5_no_dsp_1_ip/hdl/floating_point_v7_1_vh_rfs.vhd:93266' bound to instance 'U0' of component 'floating_point_v7_1_20' [/home/miahafiz/NeuroRing_a_sudoku_v2/_x.hw.NUM_4096.CORE_10.FREQ_300/link/vivado/vpl/prj/prj.gen/my_rm/bd/ulp/ip/ulp_NeuroRing_0_0/hdl/ip/NeuroRing_fadd_32ns_32ns_32_7_full_dsp_1_ip/synth/NeuroRing_fadd_32ns_32ns_32_7_full_dsp_1_ip.vhd:217]
INFO: [Synth 8-256] done synthesizing module 'NeuroRing_fadd_32ns_32ns_32_7_full_dsp_1_ip' (0#1) [/home/miahafiz/NeuroRing_a_sudoku_v2/_x.hw.NUM_4096.CORE_10.FREQ_300/link/vivado/vpl/prj/prj.gen/my_rm/bd/ulp/ip/ulp_NeuroRing_0_0/hdl/ip/NeuroRing_fadd_32ns_32ns_32_7_full_dsp_1_ip/synth/NeuroRing_fadd_32ns_32ns_32_7_full_dsp_1_ip.vhd:72]
INFO: [Synth 8-6155] done synthesizing module 'NeuroRing_fadd_32ns_32ns_32_7_full_dsp_1' (0#1) [/home/miahafiz/NeuroRing_a_sudoku_v2/_x.hw.NUM_4096.CORE_10.FREQ_300/link/vivado/vpl/prj/prj.gen/my_rm/bd/ulp/ipshared/011b/hdl/verilog/NeuroRing_fadd_32ns_32ns_32_7_full_dsp_1.v:9]
INFO: [Synth 8-6157] synthesizing module 'NeuroRing_fmul_32ns_32ns_32_4_max_dsp_1' [/home/miahafiz/NeuroRing_a_sudoku_v2/_x.hw.NUM_4096.CORE_10.FREQ_300/link/vivado/vpl/prj/prj.gen/my_rm/bd/ulp/ipshared/011b/hdl/verilog/NeuroRing_fmul_32ns_32ns_32_4_max_dsp_1.v:9]
INFO: [Synth 8-638] synthesizing module 'NeuroRing_fmul_32ns_32ns_32_4_max_dsp_1_ip' [/home/miahafiz/NeuroRing_a_sudoku_v2/_x.hw.NUM_4096.CORE_10.FREQ_300/link/vivado/vpl/prj/prj.gen/my_rm/bd/ulp/ip/ulp_NeuroRing_0_0/hdl/ip/NeuroRing_fmul_32ns_32ns_32_4_max_dsp_1_ip/synth/NeuroRing_fmul_32ns_32ns_32_4_max_dsp_1_ip.vhd:72]
	Parameter C_XDEVICEFAMILY bound to: virtexuplusHBM - type: string 
	Parameter C_PART bound to: xcu55c-fsvh2892-2L-e - type: string 
	Parameter C_HAS_ADD bound to: 0 - type: integer 
	Parameter C_HAS_SUBTRACT bound to: 0 - type: integer 
	Parameter C_HAS_MULTIPLY bound to: 1 - type: integer 
	Parameter C_HAS_DIVIDE bound to: 0 - type: integer 
	Parameter C_HAS_SQRT bound to: 0 - type: integer 
	Parameter C_HAS_COMPARE bound to: 0 - type: integer 
	Parameter C_HAS_FIX_TO_FLT bound to: 0 - type: integer 
	Parameter C_HAS_FLT_TO_FIX bound to: 0 - type: integer 
	Parameter C_HAS_FLT_TO_FLT bound to: 0 - type: integer 
	Parameter C_HAS_RECIP bound to: 0 - type: integer 
	Parameter C_HAS_RECIP_SQRT bound to: 0 - type: integer 
	Parameter C_HAS_ABSOLUTE bound to: 0 - type: integer 
	Parameter C_HAS_LOGARITHM bound to: 0 - type: integer 
	Parameter C_HAS_EXPONENTIAL bound to: 0 - type: integer 
	Parameter C_HAS_FMA bound to: 0 - type: integer 
	Parameter C_HAS_FMS bound to: 0 - type: integer 
	Parameter C_HAS_UNFUSED_MULTIPLY_ADD bound to: 0 - type: integer 
	Parameter C_HAS_UNFUSED_MULTIPLY_SUB bound to: 0 - type: integer 
	Parameter C_HAS_UNFUSED_MULTIPLY_ACCUMULATOR_A bound to: 0 - type: integer 
	Parameter C_HAS_UNFUSED_MULTIPLY_ACCUMULATOR_S bound to: 0 - type: integer 
	Parameter C_HAS_ACCUMULATOR_A bound to: 0 - type: integer 
	Parameter C_HAS_ACCUMULATOR_S bound to: 0 - type: integer 
	Parameter C_HAS_ACCUMULATOR_PRIMITIVE_A bound to: 0 - type: integer 
	Parameter C_HAS_ACCUMULATOR_PRIMITIVE_S bound to: 0 - type: integer 
	Parameter C_A_WIDTH bound to: 32 - type: integer 
	Parameter C_A_FRACTION_WIDTH bound to: 24 - type: integer 
	Parameter C_B_WIDTH bound to: 32 - type: integer 
	Parameter C_B_FRACTION_WIDTH bound to: 24 - type: integer 
	Parameter C_C_WIDTH bound to: 32 - type: integer 
	Parameter C_C_FRACTION_WIDTH bound to: 24 - type: integer 
	Parameter C_RESULT_WIDTH bound to: 32 - type: integer 
	Parameter C_RESULT_FRACTION_WIDTH bound to: 24 - type: integer 
	Parameter C_COMPARE_OPERATION bound to: 8 - type: integer 
	Parameter C_LATENCY bound to: 2 - type: integer 
	Parameter C_OPTIMIZATION bound to: 1 - type: integer 
	Parameter C_MULT_USAGE bound to: 3 - type: integer 
	Parameter C_BRAM_USAGE bound to: 0 - type: integer 
	Parameter C_RATE bound to: 1 - type: integer 
	Parameter C_ACCUM_INPUT_MSB bound to: 32 - type: integer 
	Parameter C_ACCUM_MSB bound to: 32 - type: integer 
	Parameter C_ACCUM_LSB bound to: -31 - type: integer 
	Parameter C_HAS_UNDERFLOW bound to: 0 - type: integer 
	Parameter C_HAS_OVERFLOW bound to: 0 - type: integer 
	Parameter C_HAS_INVALID_OP bound to: 0 - type: integer 
	Parameter C_HAS_DIVIDE_BY_ZERO bound to: 0 - type: integer 
	Parameter C_HAS_ACCUM_OVERFLOW bound to: 0 - type: integer 
	Parameter C_HAS_ACCUM_INPUT_OVERFLOW bound to: 0 - type: integer 
	Parameter C_HAS_ACLKEN bound to: 1 - type: integer 
	Parameter C_HAS_ARESETN bound to: 0 - type: integer 
	Parameter C_THROTTLE_SCHEME bound to: 3 - type: integer 
	Parameter C_HAS_A_TUSER bound to: 0 - type: integer 
	Parameter C_HAS_A_TLAST bound to: 0 - type: integer 
	Parameter C_HAS_B bound to: 1 - type: integer 
	Parameter C_HAS_B_TUSER bound to: 0 - type: integer 
	Parameter C_HAS_B_TLAST bound to: 0 - type: integer 
	Parameter C_HAS_C bound to: 0 - type: integer 
	Parameter C_HAS_C_TUSER bound to: 0 - type: integer 
	Parameter C_HAS_C_TLAST bound to: 0 - type: integer 
	Parameter C_HAS_OPERATION bound to: 0 - type: integer 
	Parameter C_HAS_OPERATION_TUSER bound to: 0 - type: integer 
	Parameter C_HAS_OPERATION_TLAST bound to: 0 - type: integer 
	Parameter C_HAS_RESULT_TUSER bound to: 0 - type: integer 
	Parameter C_HAS_RESULT_TLAST bound to: 0 - type: integer 
	Parameter C_TLAST_RESOLUTION bound to: 0 - type: integer 
	Parameter C_A_TDATA_WIDTH bound to: 32 - type: integer 
	Parameter C_A_TUSER_WIDTH bound to: 1 - type: integer 
	Parameter C_B_TDATA_WIDTH bound to: 32 - type: integer 
	Parameter C_B_TUSER_WIDTH bound to: 1 - type: integer 
	Parameter C_C_TDATA_WIDTH bound to: 32 - type: integer 
	Parameter C_C_TUSER_WIDTH bound to: 1 - type: integer 
	Parameter C_OPERATION_TDATA_WIDTH bound to: 8 - type: integer 
	Parameter C_OPERATION_TUSER_WIDTH bound to: 1 - type: integer 
	Parameter C_RESULT_TDATA_WIDTH bound to: 32 - type: integer 
	Parameter C_RESULT_TUSER_WIDTH bound to: 1 - type: integer 
	Parameter C_FIXED_DATA_UNSIGNED bound to: 0 - type: integer 
INFO: [Synth 8-3491] module 'floating_point_v7_1_20' declared at '/home/miahafiz/NeuroRing_a_sudoku_v2/_x.hw.NUM_4096.CORE_10.FREQ_300/link/vivado/vpl/prj/prj.gen/my_rm/bd/ulp/ip/ulp_NeuroRing_0_0/hdl/ip/NeuroRing_uitofp_32ns_32_5_no_dsp_1_ip/hdl/floating_point_v7_1_vh_rfs.vhd:93266' bound to instance 'U0' of component 'floating_point_v7_1_20' [/home/miahafiz/NeuroRing_a_sudoku_v2/_x.hw.NUM_4096.CORE_10.FREQ_300/link/vivado/vpl/prj/prj.gen/my_rm/bd/ulp/ip/ulp_NeuroRing_0_0/hdl/ip/NeuroRing_fmul_32ns_32ns_32_4_max_dsp_1_ip/synth/NeuroRing_fmul_32ns_32ns_32_4_max_dsp_1_ip.vhd:217]
INFO: [Synth 8-256] done synthesizing module 'NeuroRing_fmul_32ns_32ns_32_4_max_dsp_1_ip' (0#1) [/home/miahafiz/NeuroRing_a_sudoku_v2/_x.hw.NUM_4096.CORE_10.FREQ_300/link/vivado/vpl/prj/prj.gen/my_rm/bd/ulp/ip/ulp_NeuroRing_0_0/hdl/ip/NeuroRing_fmul_32ns_32ns_32_4_max_dsp_1_ip/synth/NeuroRing_fmul_32ns_32ns_32_4_max_dsp_1_ip.vhd:72]
INFO: [Synth 8-6155] done synthesizing module 'NeuroRing_fmul_32ns_32ns_32_4_max_dsp_1' (0#1) [/home/miahafiz/NeuroRing_a_sudoku_v2/_x.hw.NUM_4096.CORE_10.FREQ_300/link/vivado/vpl/prj/prj.gen/my_rm/bd/ulp/ipshared/011b/hdl/verilog/NeuroRing_fmul_32ns_32ns_32_4_max_dsp_1.v:9]
INFO: [Synth 8-6157] synthesizing module 'NeuroRing_fcmp_32ns_32ns_1_2_no_dsp_1' [/home/miahafiz/NeuroRing_a_sudoku_v2/_x.hw.NUM_4096.CORE_10.FREQ_300/link/vivado/vpl/prj/prj.gen/my_rm/bd/ulp/ipshared/011b/hdl/verilog/NeuroRing_fcmp_32ns_32ns_1_2_no_dsp_1.v:9]
INFO: [Synth 8-638] synthesizing module 'NeuroRing_fcmp_32ns_32ns_1_2_no_dsp_1_ip' [/home/miahafiz/NeuroRing_a_sudoku_v2/_x.hw.NUM_4096.CORE_10.FREQ_300/link/vivado/vpl/prj/prj.gen/my_rm/bd/ulp/ip/ulp_NeuroRing_0_0/hdl/ip/NeuroRing_fcmp_32ns_32ns_1_2_no_dsp_1_ip/synth/NeuroRing_fcmp_32ns_32ns_1_2_no_dsp_1_ip.vhd:72]
	Parameter C_XDEVICEFAMILY bound to: virtexuplusHBM - type: string 
	Parameter C_PART bound to: xcu55c-fsvh2892-2L-e - type: string 
	Parameter C_HAS_ADD bound to: 0 - type: integer 
	Parameter C_HAS_SUBTRACT bound to: 0 - type: integer 
	Parameter C_HAS_MULTIPLY bound to: 0 - type: integer 
	Parameter C_HAS_DIVIDE bound to: 0 - type: integer 
	Parameter C_HAS_SQRT bound to: 0 - type: integer 
	Parameter C_HAS_COMPARE bound to: 1 - type: integer 
	Parameter C_HAS_FIX_TO_FLT bound to: 0 - type: integer 
	Parameter C_HAS_FLT_TO_FIX bound to: 0 - type: integer 
	Parameter C_HAS_FLT_TO_FLT bound to: 0 - type: integer 
	Parameter C_HAS_RECIP bound to: 0 - type: integer 
	Parameter C_HAS_RECIP_SQRT bound to: 0 - type: integer 
	Parameter C_HAS_ABSOLUTE bound to: 0 - type: integer 
	Parameter C_HAS_LOGARITHM bound to: 0 - type: integer 
	Parameter C_HAS_EXPONENTIAL bound to: 0 - type: integer 
	Parameter C_HAS_FMA bound to: 0 - type: integer 
	Parameter C_HAS_FMS bound to: 0 - type: integer 
	Parameter C_HAS_UNFUSED_MULTIPLY_ADD bound to: 0 - type: integer 
	Parameter C_HAS_UNFUSED_MULTIPLY_SUB bound to: 0 - type: integer 
	Parameter C_HAS_UNFUSED_MULTIPLY_ACCUMULATOR_A bound to: 0 - type: integer 
	Parameter C_HAS_UNFUSED_MULTIPLY_ACCUMULATOR_S bound to: 0 - type: integer 
	Parameter C_HAS_ACCUMULATOR_A bound to: 0 - type: integer 
	Parameter C_HAS_ACCUMULATOR_S bound to: 0 - type: integer 
	Parameter C_HAS_ACCUMULATOR_PRIMITIVE_A bound to: 0 - type: integer 
	Parameter C_HAS_ACCUMULATOR_PRIMITIVE_S bound to: 0 - type: integer 
	Parameter C_A_WIDTH bound to: 32 - type: integer 
	Parameter C_A_FRACTION_WIDTH bound to: 24 - type: integer 
	Parameter C_B_WIDTH bound to: 32 - type: integer 
	Parameter C_B_FRACTION_WIDTH bound to: 24 - type: integer 
	Parameter C_C_WIDTH bound to: 32 - type: integer 
	Parameter C_C_FRACTION_WIDTH bound to: 24 - type: integer 
	Parameter C_RESULT_WIDTH bound to: 1 - type: integer 
	Parameter C_RESULT_FRACTION_WIDTH bound to: 0 - type: integer 
	Parameter C_COMPARE_OPERATION bound to: 8 - type: integer 
	Parameter C_LATENCY bound to: 0 - type: integer 
	Parameter C_OPTIMIZATION bound to: 1 - type: integer 
	Parameter C_MULT_USAGE bound to: 0 - type: integer 
	Parameter C_BRAM_USAGE bound to: 0 - type: integer 
	Parameter C_RATE bound to: 1 - type: integer 
	Parameter C_ACCUM_INPUT_MSB bound to: 32 - type: integer 
	Parameter C_ACCUM_MSB bound to: 32 - type: integer 
	Parameter C_ACCUM_LSB bound to: -31 - type: integer 
	Parameter C_HAS_UNDERFLOW bound to: 0 - type: integer 
	Parameter C_HAS_OVERFLOW bound to: 0 - type: integer 
	Parameter C_HAS_INVALID_OP bound to: 0 - type: integer 
	Parameter C_HAS_DIVIDE_BY_ZERO bound to: 0 - type: integer 
	Parameter C_HAS_ACCUM_OVERFLOW bound to: 0 - type: integer 
	Parameter C_HAS_ACCUM_INPUT_OVERFLOW bound to: 0 - type: integer 
	Parameter C_HAS_ACLKEN bound to: 0 - type: integer 
	Parameter C_HAS_ARESETN bound to: 0 - type: integer 
	Parameter C_THROTTLE_SCHEME bound to: 3 - type: integer 
	Parameter C_HAS_A_TUSER bound to: 0 - type: integer 
	Parameter C_HAS_A_TLAST bound to: 0 - type: integer 
	Parameter C_HAS_B bound to: 1 - type: integer 
	Parameter C_HAS_B_TUSER bound to: 0 - type: integer 
	Parameter C_HAS_B_TLAST bound to: 0 - type: integer 
	Parameter C_HAS_C bound to: 0 - type: integer 
	Parameter C_HAS_C_TUSER bound to: 0 - type: integer 
	Parameter C_HAS_C_TLAST bound to: 0 - type: integer 
	Parameter C_HAS_OPERATION bound to: 1 - type: integer 
	Parameter C_HAS_OPERATION_TUSER bound to: 0 - type: integer 
	Parameter C_HAS_OPERATION_TLAST bound to: 0 - type: integer 
	Parameter C_HAS_RESULT_TUSER bound to: 0 - type: integer 
	Parameter C_HAS_RESULT_TLAST bound to: 0 - type: integer 
	Parameter C_TLAST_RESOLUTION bound to: 0 - type: integer 
	Parameter C_A_TDATA_WIDTH bound to: 32 - type: integer 
	Parameter C_A_TUSER_WIDTH bound to: 1 - type: integer 
	Parameter C_B_TDATA_WIDTH bound to: 32 - type: integer 
	Parameter C_B_TUSER_WIDTH bound to: 1 - type: integer 
	Parameter C_C_TDATA_WIDTH bound to: 32 - type: integer 
	Parameter C_C_TUSER_WIDTH bound to: 1 - type: integer 
	Parameter C_OPERATION_TDATA_WIDTH bound to: 8 - type: integer 
	Parameter C_OPERATION_TUSER_WIDTH bound to: 1 - type: integer 
	Parameter C_RESULT_TDATA_WIDTH bound to: 8 - type: integer 
	Parameter C_RESULT_TUSER_WIDTH bound to: 1 - type: integer 
	Parameter C_FIXED_DATA_UNSIGNED bound to: 0 - type: integer 
INFO: [Synth 8-3491] module 'floating_point_v7_1_20' declared at '/home/miahafiz/NeuroRing_a_sudoku_v2/_x.hw.NUM_4096.CORE_10.FREQ_300/link/vivado/vpl/prj/prj.gen/my_rm/bd/ulp/ip/ulp_NeuroRing_0_0/hdl/ip/NeuroRing_uitofp_32ns_32_5_no_dsp_1_ip/hdl/floating_point_v7_1_vh_rfs.vhd:93266' bound to instance 'U0' of component 'floating_point_v7_1_20' [/home/miahafiz/NeuroRing_a_sudoku_v2/_x.hw.NUM_4096.CORE_10.FREQ_300/link/vivado/vpl/prj/prj.gen/my_rm/bd/ulp/ip/ulp_NeuroRing_0_0/hdl/ip/NeuroRing_fcmp_32ns_32ns_1_2_no_dsp_1_ip/synth/NeuroRing_fcmp_32ns_32ns_1_2_no_dsp_1_ip.vhd:215]
INFO: [Synth 8-256] done synthesizing module 'NeuroRing_fcmp_32ns_32ns_1_2_no_dsp_1_ip' (0#1) [/home/miahafiz/NeuroRing_a_sudoku_v2/_x.hw.NUM_4096.CORE_10.FREQ_300/link/vivado/vpl/prj/prj.gen/my_rm/bd/ulp/ip/ulp_NeuroRing_0_0/hdl/ip/NeuroRing_fcmp_32ns_32ns_1_2_no_dsp_1_ip/synth/NeuroRing_fcmp_32ns_32ns_1_2_no_dsp_1_ip.vhd:72]
INFO: [Synth 8-6155] done synthesizing module 'NeuroRing_fcmp_32ns_32ns_1_2_no_dsp_1' (0#1) [/home/miahafiz/NeuroRing_a_sudoku_v2/_x.hw.NUM_4096.CORE_10.FREQ_300/link/vivado/vpl/prj/prj.gen/my_rm/bd/ulp/ipshared/011b/hdl/verilog/NeuroRing_fcmp_32ns_32ns_1_2_no_dsp_1.v:9]
INFO: [Synth 8-6157] synthesizing module 'NeuroRing_mul_9ns_11ns_19_1_1' [/home/miahafiz/NeuroRing_a_sudoku_v2/_x.hw.NUM_4096.CORE_10.FREQ_300/link/vivado/vpl/prj/prj.gen/my_rm/bd/ulp/ipshared/011b/hdl/verilog/NeuroRing_mul_9ns_11ns_19_1_1.v:5]
INFO: [Synth 8-6155] done synthesizing module 'NeuroRing_mul_9ns_11ns_19_1_1' (0#1) [/home/miahafiz/NeuroRing_a_sudoku_v2/_x.hw.NUM_4096.CORE_10.FREQ_300/link/vivado/vpl/prj/prj.gen/my_rm/bd/ulp/ipshared/011b/hdl/verilog/NeuroRing_mul_9ns_11ns_19_1_1.v:5]
INFO: [Synth 8-6157] synthesizing module 'NeuroRing_mul_10ns_12ns_21_1_1' [/home/miahafiz/NeuroRing_a_sudoku_v2/_x.hw.NUM_4096.CORE_10.FREQ_300/link/vivado/vpl/prj/prj.gen/my_rm/bd/ulp/ipshared/011b/hdl/verilog/NeuroRing_mul_10ns_12ns_21_1_1.v:5]
INFO: [Synth 8-6155] done synthesizing module 'NeuroRing_mul_10ns_12ns_21_1_1' (0#1) [/home/miahafiz/NeuroRing_a_sudoku_v2/_x.hw.NUM_4096.CORE_10.FREQ_300/link/vivado/vpl/prj/prj.gen/my_rm/bd/ulp/ipshared/011b/hdl/verilog/NeuroRing_mul_10ns_12ns_21_1_1.v:5]
INFO: [Synth 8-6157] synthesizing module 'NeuroRing_mul_11ns_13ns_23_1_1' [/home/miahafiz/NeuroRing_a_sudoku_v2/_x.hw.NUM_4096.CORE_10.FREQ_300/link/vivado/vpl/prj/prj.gen/my_rm/bd/ulp/ipshared/011b/hdl/verilog/NeuroRing_mul_11ns_13ns_23_1_1.v:5]
INFO: [Synth 8-6155] done synthesizing module 'NeuroRing_mul_11ns_13ns_23_1_1' (0#1) [/home/miahafiz/NeuroRing_a_sudoku_v2/_x.hw.NUM_4096.CORE_10.FREQ_300/link/vivado/vpl/prj/prj.gen/my_rm/bd/ulp/ipshared/011b/hdl/verilog/NeuroRing_mul_11ns_13ns_23_1_1.v:5]
INFO: [Synth 8-6157] synthesizing module 'NeuroRing_mul_12ns_14ns_25_1_1' [/home/miahafiz/NeuroRing_a_sudoku_v2/_x.hw.NUM_4096.CORE_10.FREQ_300/link/vivado/vpl/prj/prj.gen/my_rm/bd/ulp/ipshared/011b/hdl/verilog/NeuroRing_mul_12ns_14ns_25_1_1.v:5]
INFO: [Synth 8-6155] done synthesizing module 'NeuroRing_mul_12ns_14ns_25_1_1' (0#1) [/home/miahafiz/NeuroRing_a_sudoku_v2/_x.hw.NUM_4096.CORE_10.FREQ_300/link/vivado/vpl/prj/prj.gen/my_rm/bd/ulp/ipshared/011b/hdl/verilog/NeuroRing_mul_12ns_14ns_25_1_1.v:5]
INFO: [Synth 8-6157] synthesizing module 'NeuroRing_sparsemux_19_4_32_1_1__parameterized0' [/home/miahafiz/NeuroRing_a_sudoku_v2/_x.hw.NUM_4096.CORE_10.FREQ_300/link/vivado/vpl/prj/prj.gen/my_rm/bd/ulp/ipshared/011b/hdl/verilog/NeuroRing_sparsemux_19_4_32_1_1.v:8]
INFO: [Synth 8-6155] done synthesizing module 'NeuroRing_sparsemux_19_4_32_1_1__parameterized0' (0#1) [/home/miahafiz/NeuroRing_a_sudoku_v2/_x.hw.NUM_4096.CORE_10.FREQ_300/link/vivado/vpl/prj/prj.gen/my_rm/bd/ulp/ipshared/011b/hdl/verilog/NeuroRing_sparsemux_19_4_32_1_1.v:8]
INFO: [Synth 8-6157] synthesizing module 'NeuroRing_sparsemux_19_4_32_1_1__parameterized1' [/home/miahafiz/NeuroRing_a_sudoku_v2/_x.hw.NUM_4096.CORE_10.FREQ_300/link/vivado/vpl/prj/prj.gen/my_rm/bd/ulp/ipshared/011b/hdl/verilog/NeuroRing_sparsemux_19_4_32_1_1.v:8]
INFO: [Synth 8-6155] done synthesizing module 'NeuroRing_sparsemux_19_4_32_1_1__parameterized1' (0#1) [/home/miahafiz/NeuroRing_a_sudoku_v2/_x.hw.NUM_4096.CORE_10.FREQ_300/link/vivado/vpl/prj/prj.gen/my_rm/bd/ulp/ipshared/011b/hdl/verilog/NeuroRing_sparsemux_19_4_32_1_1.v:8]
INFO: [Synth 8-6157] synthesizing module 'NeuroRing_sparsemux_19_4_32_1_1__parameterized2' [/home/miahafiz/NeuroRing_a_sudoku_v2/_x.hw.NUM_4096.CORE_10.FREQ_300/link/vivado/vpl/prj/prj.gen/my_rm/bd/ulp/ipshared/011b/hdl/verilog/NeuroRing_sparsemux_19_4_32_1_1.v:8]
INFO: [Synth 8-6155] done synthesizing module 'NeuroRing_sparsemux_19_4_32_1_1__parameterized2' (0#1) [/home/miahafiz/NeuroRing_a_sudoku_v2/_x.hw.NUM_4096.CORE_10.FREQ_300/link/vivado/vpl/prj/prj.gen/my_rm/bd/ulp/ipshared/011b/hdl/verilog/NeuroRing_sparsemux_19_4_32_1_1.v:8]
INFO: [Synth 8-6157] synthesizing module 'NeuroRing_sparsemux_19_4_32_1_1__parameterized3' [/home/miahafiz/NeuroRing_a_sudoku_v2/_x.hw.NUM_4096.CORE_10.FREQ_300/link/vivado/vpl/prj/prj.gen/my_rm/bd/ulp/ipshared/011b/hdl/verilog/NeuroRing_sparsemux_19_4_32_1_1.v:8]
INFO: [Synth 8-6155] done synthesizing module 'NeuroRing_sparsemux_19_4_32_1_1__parameterized3' (0#1) [/home/miahafiz/NeuroRing_a_sudoku_v2/_x.hw.NUM_4096.CORE_10.FREQ_300/link/vivado/vpl/prj/prj.gen/my_rm/bd/ulp/ipshared/011b/hdl/verilog/NeuroRing_sparsemux_19_4_32_1_1.v:8]
INFO: [Synth 8-6157] synthesizing module 'NeuroRing_sparsemux_19_4_32_1_1__parameterized4' [/home/miahafiz/NeuroRing_a_sudoku_v2/_x.hw.NUM_4096.CORE_10.FREQ_300/link/vivado/vpl/prj/prj.gen/my_rm/bd/ulp/ipshared/011b/hdl/verilog/NeuroRing_sparsemux_19_4_32_1_1.v:8]
INFO: [Synth 8-6155] done synthesizing module 'NeuroRing_sparsemux_19_4_32_1_1__parameterized4' (0#1) [/home/miahafiz/NeuroRing_a_sudoku_v2/_x.hw.NUM_4096.CORE_10.FREQ_300/link/vivado/vpl/prj/prj.gen/my_rm/bd/ulp/ipshared/011b/hdl/verilog/NeuroRing_sparsemux_19_4_32_1_1.v:8]
INFO: [Synth 8-6157] synthesizing module 'NeuroRing_sparsemux_19_4_32_1_1__parameterized5' [/home/miahafiz/NeuroRing_a_sudoku_v2/_x.hw.NUM_4096.CORE_10.FREQ_300/link/vivado/vpl/prj/prj.gen/my_rm/bd/ulp/ipshared/011b/hdl/verilog/NeuroRing_sparsemux_19_4_32_1_1.v:8]
INFO: [Synth 8-6155] done synthesizing module 'NeuroRing_sparsemux_19_4_32_1_1__parameterized5' (0#1) [/home/miahafiz/NeuroRing_a_sudoku_v2/_x.hw.NUM_4096.CORE_10.FREQ_300/link/vivado/vpl/prj/prj.gen/my_rm/bd/ulp/ipshared/011b/hdl/verilog/NeuroRing_sparsemux_19_4_32_1_1.v:8]
INFO: [Synth 8-6157] synthesizing module 'NeuroRing_sparsemux_19_4_32_1_1__parameterized6' [/home/miahafiz/NeuroRing_a_sudoku_v2/_x.hw.NUM_4096.CORE_10.FREQ_300/link/vivado/vpl/prj/prj.gen/my_rm/bd/ulp/ipshared/011b/hdl/verilog/NeuroRing_sparsemux_19_4_32_1_1.v:8]
INFO: [Synth 8-6155] done synthesizing module 'NeuroRing_sparsemux_19_4_32_1_1__parameterized6' (0#1) [/home/miahafiz/NeuroRing_a_sudoku_v2/_x.hw.NUM_4096.CORE_10.FREQ_300/link/vivado/vpl/prj/prj.gen/my_rm/bd/ulp/ipshared/011b/hdl/verilog/NeuroRing_sparsemux_19_4_32_1_1.v:8]
INFO: [Synth 8-6157] synthesizing module 'NeuroRing_sparsemux_19_4_16_1_1' [/home/miahafiz/NeuroRing_a_sudoku_v2/_x.hw.NUM_4096.CORE_10.FREQ_300/link/vivado/vpl/prj/prj.gen/my_rm/bd/ulp/ipshared/011b/hdl/verilog/NeuroRing_sparsemux_19_4_16_1_1.v:8]
INFO: [Synth 8-6155] done synthesizing module 'NeuroRing_sparsemux_19_4_16_1_1' (0#1) [/home/miahafiz/NeuroRing_a_sudoku_v2/_x.hw.NUM_4096.CORE_10.FREQ_300/link/vivado/vpl/prj/prj.gen/my_rm/bd/ulp/ipshared/011b/hdl/verilog/NeuroRing_sparsemux_19_4_16_1_1.v:8]
INFO: [Synth 8-6157] synthesizing module 'NeuroRing_sparsemux_19_4_16_1_1__parameterized0' [/home/miahafiz/NeuroRing_a_sudoku_v2/_x.hw.NUM_4096.CORE_10.FREQ_300/link/vivado/vpl/prj/prj.gen/my_rm/bd/ulp/ipshared/011b/hdl/verilog/NeuroRing_sparsemux_19_4_16_1_1.v:8]
INFO: [Synth 8-6155] done synthesizing module 'NeuroRing_sparsemux_19_4_16_1_1__parameterized0' (0#1) [/home/miahafiz/NeuroRing_a_sudoku_v2/_x.hw.NUM_4096.CORE_10.FREQ_300/link/vivado/vpl/prj/prj.gen/my_rm/bd/ulp/ipshared/011b/hdl/verilog/NeuroRing_sparsemux_19_4_16_1_1.v:8]
INFO: [Synth 8-6157] synthesizing module 'NeuroRing_sparsemux_19_4_16_1_1__parameterized1' [/home/miahafiz/NeuroRing_a_sudoku_v2/_x.hw.NUM_4096.CORE_10.FREQ_300/link/vivado/vpl/prj/prj.gen/my_rm/bd/ulp/ipshared/011b/hdl/verilog/NeuroRing_sparsemux_19_4_16_1_1.v:8]
INFO: [Synth 8-6155] done synthesizing module 'NeuroRing_sparsemux_19_4_16_1_1__parameterized1' (0#1) [/home/miahafiz/NeuroRing_a_sudoku_v2/_x.hw.NUM_4096.CORE_10.FREQ_300/link/vivado/vpl/prj/prj.gen/my_rm/bd/ulp/ipshared/011b/hdl/verilog/NeuroRing_sparsemux_19_4_16_1_1.v:8]
INFO: [Synth 8-6157] synthesizing module 'NeuroRing_sparsemux_19_4_16_1_1__parameterized2' [/home/miahafiz/NeuroRing_a_sudoku_v2/_x.hw.NUM_4096.CORE_10.FREQ_300/link/vivado/vpl/prj/prj.gen/my_rm/bd/ulp/ipshared/011b/hdl/verilog/NeuroRing_sparsemux_19_4_16_1_1.v:8]
INFO: [Synth 8-6155] done synthesizing module 'NeuroRing_sparsemux_19_4_16_1_1__parameterized2' (0#1) [/home/miahafiz/NeuroRing_a_sudoku_v2/_x.hw.NUM_4096.CORE_10.FREQ_300/link/vivado/vpl/prj/prj.gen/my_rm/bd/ulp/ipshared/011b/hdl/verilog/NeuroRing_sparsemux_19_4_16_1_1.v:8]
INFO: [Synth 8-6157] synthesizing module 'NeuroRing_sparsemux_19_4_16_1_1__parameterized3' [/home/miahafiz/NeuroRing_a_sudoku_v2/_x.hw.NUM_4096.CORE_10.FREQ_300/link/vivado/vpl/prj/prj.gen/my_rm/bd/ulp/ipshared/011b/hdl/verilog/NeuroRing_sparsemux_19_4_16_1_1.v:8]
INFO: [Synth 8-6155] done synthesizing module 'NeuroRing_sparsemux_19_4_16_1_1__parameterized3' (0#1) [/home/miahafiz/NeuroRing_a_sudoku_v2/_x.hw.NUM_4096.CORE_10.FREQ_300/link/vivado/vpl/prj/prj.gen/my_rm/bd/ulp/ipshared/011b/hdl/verilog/NeuroRing_sparsemux_19_4_16_1_1.v:8]
INFO: [Synth 8-6157] synthesizing module 'NeuroRing_sparsemux_19_4_16_1_1__parameterized4' [/home/miahafiz/NeuroRing_a_sudoku_v2/_x.hw.NUM_4096.CORE_10.FREQ_300/link/vivado/vpl/prj/prj.gen/my_rm/bd/ulp/ipshared/011b/hdl/verilog/NeuroRing_sparsemux_19_4_16_1_1.v:8]
INFO: [Synth 8-6155] done synthesizing module 'NeuroRing_sparsemux_19_4_16_1_1__parameterized4' (0#1) [/home/miahafiz/NeuroRing_a_sudoku_v2/_x.hw.NUM_4096.CORE_10.FREQ_300/link/vivado/vpl/prj/prj.gen/my_rm/bd/ulp/ipshared/011b/hdl/verilog/NeuroRing_sparsemux_19_4_16_1_1.v:8]
INFO: [Synth 8-6157] synthesizing module 'NeuroRing_sparsemux_19_4_16_1_1__parameterized5' [/home/miahafiz/NeuroRing_a_sudoku_v2/_x.hw.NUM_4096.CORE_10.FREQ_300/link/vivado/vpl/prj/prj.gen/my_rm/bd/ulp/ipshared/011b/hdl/verilog/NeuroRing_sparsemux_19_4_16_1_1.v:8]
INFO: [Synth 8-6155] done synthesizing module 'NeuroRing_sparsemux_19_4_16_1_1__parameterized5' (0#1) [/home/miahafiz/NeuroRing_a_sudoku_v2/_x.hw.NUM_4096.CORE_10.FREQ_300/link/vivado/vpl/prj/prj.gen/my_rm/bd/ulp/ipshared/011b/hdl/verilog/NeuroRing_sparsemux_19_4_16_1_1.v:8]
INFO: [Synth 8-6157] synthesizing module 'NeuroRing_sparsemux_19_4_16_1_1__parameterized6' [/home/miahafiz/NeuroRing_a_sudoku_v2/_x.hw.NUM_4096.CORE_10.FREQ_300/link/vivado/vpl/prj/prj.gen/my_rm/bd/ulp/ipshared/011b/hdl/verilog/NeuroRing_sparsemux_19_4_16_1_1.v:8]
INFO: [Synth 8-6155] done synthesizing module 'NeuroRing_sparsemux_19_4_16_1_1__parameterized6' (0#1) [/home/miahafiz/NeuroRing_a_sudoku_v2/_x.hw.NUM_4096.CORE_10.FREQ_300/link/vivado/vpl/prj/prj.gen/my_rm/bd/ulp/ipshared/011b/hdl/verilog/NeuroRing_sparsemux_19_4_16_1_1.v:8]
INFO: [Synth 8-6157] synthesizing module 'NeuroRing_sparsemux_33_4_32_1_1' [/home/miahafiz/NeuroRing_a_sudoku_v2/_x.hw.NUM_4096.CORE_10.FREQ_300/link/vivado/vpl/prj/prj.gen/my_rm/bd/ulp/ipshared/011b/hdl/verilog/NeuroRing_sparsemux_33_4_32_1_1.v:8]
INFO: [Synth 8-226] default block is never used [/home/miahafiz/NeuroRing_a_sudoku_v2/_x.hw.NUM_4096.CORE_10.FREQ_300/link/vivado/vpl/prj/prj.gen/my_rm/bd/ulp/ipshared/011b/hdl/verilog/NeuroRing_sparsemux_33_4_32_1_1.v:126]
INFO: [Synth 8-6155] done synthesizing module 'NeuroRing_sparsemux_33_4_32_1_1' (0#1) [/home/miahafiz/NeuroRing_a_sudoku_v2/_x.hw.NUM_4096.CORE_10.FREQ_300/link/vivado/vpl/prj/prj.gen/my_rm/bd/ulp/ipshared/011b/hdl/verilog/NeuroRing_sparsemux_33_4_32_1_1.v:8]
INFO: [Synth 8-6157] synthesizing module 'NeuroRing_sparsemux_33_5_32_1_1' [/home/miahafiz/NeuroRing_a_sudoku_v2/_x.hw.NUM_4096.CORE_10.FREQ_300/link/vivado/vpl/prj/prj.gen/my_rm/bd/ulp/ipshared/011b/hdl/verilog/NeuroRing_sparsemux_33_5_32_1_1.v:8]
INFO: [Synth 8-6155] done synthesizing module 'NeuroRing_sparsemux_33_5_32_1_1' (0#1) [/home/miahafiz/NeuroRing_a_sudoku_v2/_x.hw.NUM_4096.CORE_10.FREQ_300/link/vivado/vpl/prj/prj.gen/my_rm/bd/ulp/ipshared/011b/hdl/verilog/NeuroRing_sparsemux_33_5_32_1_1.v:8]
INFO: [Synth 8-6157] synthesizing module 'NeuroRing_sparsemux_33_6_32_1_1' [/home/miahafiz/NeuroRing_a_sudoku_v2/_x.hw.NUM_4096.CORE_10.FREQ_300/link/vivado/vpl/prj/prj.gen/my_rm/bd/ulp/ipshared/011b/hdl/verilog/NeuroRing_sparsemux_33_6_32_1_1.v:8]
INFO: [Synth 8-6155] done synthesizing module 'NeuroRing_sparsemux_33_6_32_1_1' (0#1) [/home/miahafiz/NeuroRing_a_sudoku_v2/_x.hw.NUM_4096.CORE_10.FREQ_300/link/vivado/vpl/prj/prj.gen/my_rm/bd/ulp/ipshared/011b/hdl/verilog/NeuroRing_sparsemux_33_6_32_1_1.v:8]
INFO: [Synth 8-6157] synthesizing module 'NeuroRing_sparsemux_33_7_32_1_1' [/home/miahafiz/NeuroRing_a_sudoku_v2/_x.hw.NUM_4096.CORE_10.FREQ_300/link/vivado/vpl/prj/prj.gen/my_rm/bd/ulp/ipshared/011b/hdl/verilog/NeuroRing_sparsemux_33_7_32_1_1.v:8]
INFO: [Synth 8-6155] done synthesizing module 'NeuroRing_sparsemux_33_7_32_1_1' (0#1) [/home/miahafiz/NeuroRing_a_sudoku_v2/_x.hw.NUM_4096.CORE_10.FREQ_300/link/vivado/vpl/prj/prj.gen/my_rm/bd/ulp/ipshared/011b/hdl/verilog/NeuroRing_sparsemux_33_7_32_1_1.v:8]
INFO: [Synth 8-6157] synthesizing module 'NeuroRing_sparsemux_33_7_32_1_1__parameterized0' [/home/miahafiz/NeuroRing_a_sudoku_v2/_x.hw.NUM_4096.CORE_10.FREQ_300/link/vivado/vpl/prj/prj.gen/my_rm/bd/ulp/ipshared/011b/hdl/verilog/NeuroRing_sparsemux_33_7_32_1_1.v:8]
INFO: [Synth 8-6155] done synthesizing module 'NeuroRing_sparsemux_33_7_32_1_1__parameterized0' (0#1) [/home/miahafiz/NeuroRing_a_sudoku_v2/_x.hw.NUM_4096.CORE_10.FREQ_300/link/vivado/vpl/prj/prj.gen/my_rm/bd/ulp/ipshared/011b/hdl/verilog/NeuroRing_sparsemux_33_7_32_1_1.v:8]
INFO: [Synth 8-6155] done synthesizing module 'NeuroRing_NeuroRing_Pipeline_update_membrane_potential' (0#1) [/home/miahafiz/NeuroRing_a_sudoku_v2/_x.hw.NUM_4096.CORE_10.FREQ_300/link/vivado/vpl/prj/prj.gen/my_rm/bd/ulp/ipshared/011b/hdl/verilog/NeuroRing_NeuroRing_Pipeline_update_membrane_potential.v:9]
INFO: [Synth 8-6157] synthesizing module 'NeuroRing_NeuroRing_Pipeline_write_spike_status' [/home/miahafiz/NeuroRing_a_sudoku_v2/_x.hw.NUM_4096.CORE_10.FREQ_300/link/vivado/vpl/prj/prj.gen/my_rm/bd/ulp/ipshared/011b/hdl/verilog/NeuroRing_NeuroRing_Pipeline_write_spike_status.v:9]
INFO: [Synth 8-6157] synthesizing module 'NeuroRing_sparsemux_33_7_32_1_1_x' [/home/miahafiz/NeuroRing_a_sudoku_v2/_x.hw.NUM_4096.CORE_10.FREQ_300/link/vivado/vpl/prj/prj.gen/my_rm/bd/ulp/ipshared/011b/hdl/verilog/NeuroRing_sparsemux_33_7_32_1_1_x.v:8]
INFO: [Synth 8-6155] done synthesizing module 'NeuroRing_sparsemux_33_7_32_1_1_x' (0#1) [/home/miahafiz/NeuroRing_a_sudoku_v2/_x.hw.NUM_4096.CORE_10.FREQ_300/link/vivado/vpl/prj/prj.gen/my_rm/bd/ulp/ipshared/011b/hdl/verilog/NeuroRing_sparsemux_33_7_32_1_1_x.v:8]
INFO: [Synth 8-6155] done synthesizing module 'NeuroRing_NeuroRing_Pipeline_write_spike_status' (0#1) [/home/miahafiz/NeuroRing_a_sudoku_v2/_x.hw.NUM_4096.CORE_10.FREQ_300/link/vivado/vpl/prj/prj.gen/my_rm/bd/ulp/ipshared/011b/hdl/verilog/NeuroRing_NeuroRing_Pipeline_write_spike_status.v:9]
INFO: [Synth 8-6157] synthesizing module 'NeuroRing_control_s_axi' [/home/miahafiz/NeuroRing_a_sudoku_v2/_x.hw.NUM_4096.CORE_10.FREQ_300/link/vivado/vpl/prj/prj.gen/my_rm/bd/ulp/ipshared/011b/hdl/verilog/NeuroRing_control_s_axi.v:9]
INFO: [Synth 8-155] case statement is not full and has no default [/home/miahafiz/NeuroRing_a_sudoku_v2/_x.hw.NUM_4096.CORE_10.FREQ_300/link/vivado/vpl/prj/prj.gen/my_rm/bd/ulp/ipshared/011b/hdl/verilog/NeuroRing_control_s_axi.v:315]
INFO: [Synth 8-6155] done synthesizing module 'NeuroRing_control_s_axi' (0#1) [/home/miahafiz/NeuroRing_a_sudoku_v2/_x.hw.NUM_4096.CORE_10.FREQ_300/link/vivado/vpl/prj/prj.gen/my_rm/bd/ulp/ipshared/011b/hdl/verilog/NeuroRing_control_s_axi.v:9]
INFO: [Synth 8-6157] synthesizing module 'NeuroRing_gmem_syn_m_axi' [/home/miahafiz/NeuroRing_a_sudoku_v2/_x.hw.NUM_4096.CORE_10.FREQ_300/link/vivado/vpl/prj/prj.gen/my_rm/bd/ulp/ipshared/011b/hdl/verilog/NeuroRing_gmem_syn_m_axi.v:9]
INFO: [Synth 8-6157] synthesizing module 'NeuroRing_gmem_syn_m_axi_store' [/home/miahafiz/NeuroRing_a_sudoku_v2/_x.hw.NUM_4096.CORE_10.FREQ_300/link/vivado/vpl/prj/prj.gen/my_rm/bd/ulp/ipshared/011b/hdl/verilog/NeuroRing_gmem_syn_m_axi.v:903]
INFO: [Synth 8-6157] synthesizing module 'NeuroRing_gmem_syn_m_axi_fifo' [/home/miahafiz/NeuroRing_a_sudoku_v2/_x.hw.NUM_4096.CORE_10.FREQ_300/link/vivado/vpl/prj/prj.gen/my_rm/bd/ulp/ipshared/011b/hdl/verilog/NeuroRing_gmem_syn_m_axi.v:3561]
INFO: [Synth 8-6157] synthesizing module 'NeuroRing_gmem_syn_m_axi_srl' [/home/miahafiz/NeuroRing_a_sudoku_v2/_x.hw.NUM_4096.CORE_10.FREQ_300/link/vivado/vpl/prj/prj.gen/my_rm/bd/ulp/ipshared/011b/hdl/verilog/NeuroRing_gmem_syn_m_axi.v:3774]
INFO: [Synth 8-6155] done synthesizing module 'NeuroRing_gmem_syn_m_axi_srl' (0#1) [/home/miahafiz/NeuroRing_a_sudoku_v2/_x.hw.NUM_4096.CORE_10.FREQ_300/link/vivado/vpl/prj/prj.gen/my_rm/bd/ulp/ipshared/011b/hdl/verilog/NeuroRing_gmem_syn_m_axi.v:3774]
INFO: [Synth 8-6155] done synthesizing module 'NeuroRing_gmem_syn_m_axi_fifo' (0#1) [/home/miahafiz/NeuroRing_a_sudoku_v2/_x.hw.NUM_4096.CORE_10.FREQ_300/link/vivado/vpl/prj/prj.gen/my_rm/bd/ulp/ipshared/011b/hdl/verilog/NeuroRing_gmem_syn_m_axi.v:3561]
INFO: [Synth 8-6157] synthesizing module 'NeuroRing_gmem_syn_m_axi_fifo__parameterized0' [/home/miahafiz/NeuroRing_a_sudoku_v2/_x.hw.NUM_4096.CORE_10.FREQ_300/link/vivado/vpl/prj/prj.gen/my_rm/bd/ulp/ipshared/011b/hdl/verilog/NeuroRing_gmem_syn_m_axi.v:3561]
INFO: [Synth 8-6157] synthesizing module 'NeuroRing_gmem_syn_m_axi_srl__parameterized0' [/home/miahafiz/NeuroRing_a_sudoku_v2/_x.hw.NUM_4096.CORE_10.FREQ_300/link/vivado/vpl/prj/prj.gen/my_rm/bd/ulp/ipshared/011b/hdl/verilog/NeuroRing_gmem_syn_m_axi.v:3774]
INFO: [Synth 8-6155] done synthesizing module 'NeuroRing_gmem_syn_m_axi_srl__parameterized0' (0#1) [/home/miahafiz/NeuroRing_a_sudoku_v2/_x.hw.NUM_4096.CORE_10.FREQ_300/link/vivado/vpl/prj/prj.gen/my_rm/bd/ulp/ipshared/011b/hdl/verilog/NeuroRing_gmem_syn_m_axi.v:3774]
INFO: [Synth 8-6155] done synthesizing module 'NeuroRing_gmem_syn_m_axi_fifo__parameterized0' (0#1) [/home/miahafiz/NeuroRing_a_sudoku_v2/_x.hw.NUM_4096.CORE_10.FREQ_300/link/vivado/vpl/prj/prj.gen/my_rm/bd/ulp/ipshared/011b/hdl/verilog/NeuroRing_gmem_syn_m_axi.v:3561]
INFO: [Synth 8-6157] synthesizing module 'NeuroRing_gmem_syn_m_axi_fifo__parameterized1' [/home/miahafiz/NeuroRing_a_sudoku_v2/_x.hw.NUM_4096.CORE_10.FREQ_300/link/vivado/vpl/prj/prj.gen/my_rm/bd/ulp/ipshared/011b/hdl/verilog/NeuroRing_gmem_syn_m_axi.v:3561]
INFO: [Synth 8-6157] synthesizing module 'NeuroRing_gmem_syn_m_axi_srl__parameterized1' [/home/miahafiz/NeuroRing_a_sudoku_v2/_x.hw.NUM_4096.CORE_10.FREQ_300/link/vivado/vpl/prj/prj.gen/my_rm/bd/ulp/ipshared/011b/hdl/verilog/NeuroRing_gmem_syn_m_axi.v:3774]
INFO: [Synth 8-6155] done synthesizing module 'NeuroRing_gmem_syn_m_axi_srl__parameterized1' (0#1) [/home/miahafiz/NeuroRing_a_sudoku_v2/_x.hw.NUM_4096.CORE_10.FREQ_300/link/vivado/vpl/prj/prj.gen/my_rm/bd/ulp/ipshared/011b/hdl/verilog/NeuroRing_gmem_syn_m_axi.v:3774]
INFO: [Synth 8-6155] done synthesizing module 'NeuroRing_gmem_syn_m_axi_fifo__parameterized1' (0#1) [/home/miahafiz/NeuroRing_a_sudoku_v2/_x.hw.NUM_4096.CORE_10.FREQ_300/link/vivado/vpl/prj/prj.gen/my_rm/bd/ulp/ipshared/011b/hdl/verilog/NeuroRing_gmem_syn_m_axi.v:3561]
INFO: [Synth 8-6157] synthesizing module 'NeuroRing_gmem_syn_m_axi_fifo__parameterized2' [/home/miahafiz/NeuroRing_a_sudoku_v2/_x.hw.NUM_4096.CORE_10.FREQ_300/link/vivado/vpl/prj/prj.gen/my_rm/bd/ulp/ipshared/011b/hdl/verilog/NeuroRing_gmem_syn_m_axi.v:3561]
INFO: [Synth 8-6157] synthesizing module 'NeuroRing_gmem_syn_m_axi_srl__parameterized2' [/home/miahafiz/NeuroRing_a_sudoku_v2/_x.hw.NUM_4096.CORE_10.FREQ_300/link/vivado/vpl/prj/prj.gen/my_rm/bd/ulp/ipshared/011b/hdl/verilog/NeuroRing_gmem_syn_m_axi.v:3774]
INFO: [Synth 8-6155] done synthesizing module 'NeuroRing_gmem_syn_m_axi_srl__parameterized2' (0#1) [/home/miahafiz/NeuroRing_a_sudoku_v2/_x.hw.NUM_4096.CORE_10.FREQ_300/link/vivado/vpl/prj/prj.gen/my_rm/bd/ulp/ipshared/011b/hdl/verilog/NeuroRing_gmem_syn_m_axi.v:3774]
INFO: [Synth 8-6155] done synthesizing module 'NeuroRing_gmem_syn_m_axi_fifo__parameterized2' (0#1) [/home/miahafiz/NeuroRing_a_sudoku_v2/_x.hw.NUM_4096.CORE_10.FREQ_300/link/vivado/vpl/prj/prj.gen/my_rm/bd/ulp/ipshared/011b/hdl/verilog/NeuroRing_gmem_syn_m_axi.v:3561]
INFO: [Synth 8-6157] synthesizing module 'NeuroRing_gmem_syn_m_axi_fifo__parameterized3' [/home/miahafiz/NeuroRing_a_sudoku_v2/_x.hw.NUM_4096.CORE_10.FREQ_300/link/vivado/vpl/prj/prj.gen/my_rm/bd/ulp/ipshared/011b/hdl/verilog/NeuroRing_gmem_syn_m_axi.v:3561]
INFO: [Synth 8-6157] synthesizing module 'NeuroRing_gmem_syn_m_axi_srl__parameterized3' [/home/miahafiz/NeuroRing_a_sudoku_v2/_x.hw.NUM_4096.CORE_10.FREQ_300/link/vivado/vpl/prj/prj.gen/my_rm/bd/ulp/ipshared/011b/hdl/verilog/NeuroRing_gmem_syn_m_axi.v:3774]
INFO: [Synth 8-6155] done synthesizing module 'NeuroRing_gmem_syn_m_axi_srl__parameterized3' (0#1) [/home/miahafiz/NeuroRing_a_sudoku_v2/_x.hw.NUM_4096.CORE_10.FREQ_300/link/vivado/vpl/prj/prj.gen/my_rm/bd/ulp/ipshared/011b/hdl/verilog/NeuroRing_gmem_syn_m_axi.v:3774]
INFO: [Synth 8-6155] done synthesizing module 'NeuroRing_gmem_syn_m_axi_fifo__parameterized3' (0#1) [/home/miahafiz/NeuroRing_a_sudoku_v2/_x.hw.NUM_4096.CORE_10.FREQ_300/link/vivado/vpl/prj/prj.gen/my_rm/bd/ulp/ipshared/011b/hdl/verilog/NeuroRing_gmem_syn_m_axi.v:3561]
INFO: [Synth 8-6155] done synthesizing module 'NeuroRing_gmem_syn_m_axi_store' (0#1) [/home/miahafiz/NeuroRing_a_sudoku_v2/_x.hw.NUM_4096.CORE_10.FREQ_300/link/vivado/vpl/prj/prj.gen/my_rm/bd/ulp/ipshared/011b/hdl/verilog/NeuroRing_gmem_syn_m_axi.v:903]
INFO: [Synth 8-6157] synthesizing module 'NeuroRing_gmem_syn_m_axi_load' [/home/miahafiz/NeuroRing_a_sudoku_v2/_x.hw.NUM_4096.CORE_10.FREQ_300/link/vivado/vpl/prj/prj.gen/my_rm/bd/ulp/ipshared/011b/hdl/verilog/NeuroRing_gmem_syn_m_axi.v:413]
INFO: [Synth 8-6157] synthesizing module 'NeuroRing_gmem_syn_m_axi_fifo__parameterized4' [/home/miahafiz/NeuroRing_a_sudoku_v2/_x.hw.NUM_4096.CORE_10.FREQ_300/link/vivado/vpl/prj/prj.gen/my_rm/bd/ulp/ipshared/011b/hdl/verilog/NeuroRing_gmem_syn_m_axi.v:3561]
INFO: [Synth 8-6157] synthesizing module 'NeuroRing_gmem_syn_m_axi_mem' [/home/miahafiz/NeuroRing_a_sudoku_v2/_x.hw.NUM_4096.CORE_10.FREQ_300/link/vivado/vpl/prj/prj.gen/my_rm/bd/ulp/ipshared/011b/hdl/verilog/NeuroRing_gmem_syn_m_axi.v:3814]
INFO: [Synth 8-6155] done synthesizing module 'NeuroRing_gmem_syn_m_axi_mem' (0#1) [/home/miahafiz/NeuroRing_a_sudoku_v2/_x.hw.NUM_4096.CORE_10.FREQ_300/link/vivado/vpl/prj/prj.gen/my_rm/bd/ulp/ipshared/011b/hdl/verilog/NeuroRing_gmem_syn_m_axi.v:3814]
INFO: [Synth 8-6155] done synthesizing module 'NeuroRing_gmem_syn_m_axi_fifo__parameterized4' (0#1) [/home/miahafiz/NeuroRing_a_sudoku_v2/_x.hw.NUM_4096.CORE_10.FREQ_300/link/vivado/vpl/prj/prj.gen/my_rm/bd/ulp/ipshared/011b/hdl/verilog/NeuroRing_gmem_syn_m_axi.v:3561]
INFO: [Synth 8-6155] done synthesizing module 'NeuroRing_gmem_syn_m_axi_load' (0#1) [/home/miahafiz/NeuroRing_a_sudoku_v2/_x.hw.NUM_4096.CORE_10.FREQ_300/link/vivado/vpl/prj/prj.gen/my_rm/bd/ulp/ipshared/011b/hdl/verilog/NeuroRing_gmem_syn_m_axi.v:413]
INFO: [Synth 8-6157] synthesizing module 'NeuroRing_gmem_syn_m_axi_write' [/home/miahafiz/NeuroRing_a_sudoku_v2/_x.hw.NUM_4096.CORE_10.FREQ_300/link/vivado/vpl/prj/prj.gen/my_rm/bd/ulp/ipshared/011b/hdl/verilog/NeuroRing_gmem_syn_m_axi.v:1934]
INFO: [Synth 8-6157] synthesizing module 'NeuroRing_gmem_syn_m_axi_burst_converter' [/home/miahafiz/NeuroRing_a_sudoku_v2/_x.hw.NUM_4096.CORE_10.FREQ_300/link/vivado/vpl/prj/prj.gen/my_rm/bd/ulp/ipshared/011b/hdl/verilog/NeuroRing_gmem_syn_m_axi.v:2229]
INFO: [Synth 8-6157] synthesizing module 'NeuroRing_gmem_syn_m_axi_burst_sequential' [/home/miahafiz/NeuroRing_a_sudoku_v2/_x.hw.NUM_4096.CORE_10.FREQ_300/link/vivado/vpl/prj/prj.gen/my_rm/bd/ulp/ipshared/011b/hdl/verilog/NeuroRing_gmem_syn_m_axi.v:2835]
INFO: [Synth 8-6157] synthesizing module 'NeuroRing_gmem_syn_m_axi_reg_slice' [/home/miahafiz/NeuroRing_a_sudoku_v2/_x.hw.NUM_4096.CORE_10.FREQ_300/link/vivado/vpl/prj/prj.gen/my_rm/bd/ulp/ipshared/011b/hdl/verilog/NeuroRing_gmem_syn_m_axi.v:3457]
INFO: [Synth 8-6155] done synthesizing module 'NeuroRing_gmem_syn_m_axi_reg_slice' (0#1) [/home/miahafiz/NeuroRing_a_sudoku_v2/_x.hw.NUM_4096.CORE_10.FREQ_300/link/vivado/vpl/prj/prj.gen/my_rm/bd/ulp/ipshared/011b/hdl/verilog/NeuroRing_gmem_syn_m_axi.v:3457]
INFO: [Synth 8-6155] done synthesizing module 'NeuroRing_gmem_syn_m_axi_burst_sequential' (0#1) [/home/miahafiz/NeuroRing_a_sudoku_v2/_x.hw.NUM_4096.CORE_10.FREQ_300/link/vivado/vpl/prj/prj.gen/my_rm/bd/ulp/ipshared/011b/hdl/verilog/NeuroRing_gmem_syn_m_axi.v:2835]
INFO: [Synth 8-6155] done synthesizing module 'NeuroRing_gmem_syn_m_axi_burst_converter' (0#1) [/home/miahafiz/NeuroRing_a_sudoku_v2/_x.hw.NUM_4096.CORE_10.FREQ_300/link/vivado/vpl/prj/prj.gen/my_rm/bd/ulp/ipshared/011b/hdl/verilog/NeuroRing_gmem_syn_m_axi.v:2229]
INFO: [Synth 8-6157] synthesizing module 'NeuroRing_gmem_syn_m_axi_throttle' [/home/miahafiz/NeuroRing_a_sudoku_v2/_x.hw.NUM_4096.CORE_10.FREQ_300/link/vivado/vpl/prj/prj.gen/my_rm/bd/ulp/ipshared/011b/hdl/verilog/NeuroRing_gmem_syn_m_axi.v:3188]
INFO: [Synth 8-6157] synthesizing module 'NeuroRing_gmem_syn_m_axi_fifo__parameterized5' [/home/miahafiz/NeuroRing_a_sudoku_v2/_x.hw.NUM_4096.CORE_10.FREQ_300/link/vivado/vpl/prj/prj.gen/my_rm/bd/ulp/ipshared/011b/hdl/verilog/NeuroRing_gmem_syn_m_axi.v:3561]
INFO: [Synth 8-6157] synthesizing module 'NeuroRing_gmem_syn_m_axi_srl__parameterized4' [/home/miahafiz/NeuroRing_a_sudoku_v2/_x.hw.NUM_4096.CORE_10.FREQ_300/link/vivado/vpl/prj/prj.gen/my_rm/bd/ulp/ipshared/011b/hdl/verilog/NeuroRing_gmem_syn_m_axi.v:3774]
INFO: [Synth 8-6155] done synthesizing module 'NeuroRing_gmem_syn_m_axi_srl__parameterized4' (0#1) [/home/miahafiz/NeuroRing_a_sudoku_v2/_x.hw.NUM_4096.CORE_10.FREQ_300/link/vivado/vpl/prj/prj.gen/my_rm/bd/ulp/ipshared/011b/hdl/verilog/NeuroRing_gmem_syn_m_axi.v:3774]
INFO: [Synth 8-6155] done synthesizing module 'NeuroRing_gmem_syn_m_axi_fifo__parameterized5' (0#1) [/home/miahafiz/NeuroRing_a_sudoku_v2/_x.hw.NUM_4096.CORE_10.FREQ_300/link/vivado/vpl/prj/prj.gen/my_rm/bd/ulp/ipshared/011b/hdl/verilog/NeuroRing_gmem_syn_m_axi.v:3561]
INFO: [Synth 8-6157] synthesizing module 'NeuroRing_gmem_syn_m_axi_reg_slice__parameterized0' [/home/miahafiz/NeuroRing_a_sudoku_v2/_x.hw.NUM_4096.CORE_10.FREQ_300/link/vivado/vpl/prj/prj.gen/my_rm/bd/ulp/ipshared/011b/hdl/verilog/NeuroRing_gmem_syn_m_axi.v:3457]
INFO: [Synth 8-6155] done synthesizing module 'NeuroRing_gmem_syn_m_axi_reg_slice__parameterized0' (0#1) [/home/miahafiz/NeuroRing_a_sudoku_v2/_x.hw.NUM_4096.CORE_10.FREQ_300/link/vivado/vpl/prj/prj.gen/my_rm/bd/ulp/ipshared/011b/hdl/verilog/NeuroRing_gmem_syn_m_axi.v:3457]
INFO: [Synth 8-6157] synthesizing module 'NeuroRing_gmem_syn_m_axi_reg_slice__parameterized1' [/home/miahafiz/NeuroRing_a_sudoku_v2/_x.hw.NUM_4096.CORE_10.FREQ_300/link/vivado/vpl/prj/prj.gen/my_rm/bd/ulp/ipshared/011b/hdl/verilog/NeuroRing_gmem_syn_m_axi.v:3457]
INFO: [Synth 8-6155] done synthesizing module 'NeuroRing_gmem_syn_m_axi_reg_slice__parameterized1' (0#1) [/home/miahafiz/NeuroRing_a_sudoku_v2/_x.hw.NUM_4096.CORE_10.FREQ_300/link/vivado/vpl/prj/prj.gen/my_rm/bd/ulp/ipshared/011b/hdl/verilog/NeuroRing_gmem_syn_m_axi.v:3457]
INFO: [Synth 8-6155] done synthesizing module 'NeuroRing_gmem_syn_m_axi_throttle' (0#1) [/home/miahafiz/NeuroRing_a_sudoku_v2/_x.hw.NUM_4096.CORE_10.FREQ_300/link/vivado/vpl/prj/prj.gen/my_rm/bd/ulp/ipshared/011b/hdl/verilog/NeuroRing_gmem_syn_m_axi.v:3188]
INFO: [Synth 8-6157] synthesizing module 'NeuroRing_gmem_syn_m_axi_reg_slice__parameterized2' [/home/miahafiz/NeuroRing_a_sudoku_v2/_x.hw.NUM_4096.CORE_10.FREQ_300/link/vivado/vpl/prj/prj.gen/my_rm/bd/ulp/ipshared/011b/hdl/verilog/NeuroRing_gmem_syn_m_axi.v:3457]
INFO: [Synth 8-6155] done synthesizing module 'NeuroRing_gmem_syn_m_axi_reg_slice__parameterized2' (0#1) [/home/miahafiz/NeuroRing_a_sudoku_v2/_x.hw.NUM_4096.CORE_10.FREQ_300/link/vivado/vpl/prj/prj.gen/my_rm/bd/ulp/ipshared/011b/hdl/verilog/NeuroRing_gmem_syn_m_axi.v:3457]
INFO: [Synth 8-6155] done synthesizing module 'NeuroRing_gmem_syn_m_axi_write' (0#1) [/home/miahafiz/NeuroRing_a_sudoku_v2/_x.hw.NUM_4096.CORE_10.FREQ_300/link/vivado/vpl/prj/prj.gen/my_rm/bd/ulp/ipshared/011b/hdl/verilog/NeuroRing_gmem_syn_m_axi.v:1934]
INFO: [Synth 8-6157] synthesizing module 'NeuroRing_gmem_syn_m_axi_read' [/home/miahafiz/NeuroRing_a_sudoku_v2/_x.hw.NUM_4096.CORE_10.FREQ_300/link/vivado/vpl/prj/prj.gen/my_rm/bd/ulp/ipshared/011b/hdl/verilog/NeuroRing_gmem_syn_m_axi.v:1682]
INFO: [Synth 8-6157] synthesizing module 'NeuroRing_gmem_syn_m_axi_reg_slice__parameterized3' [/home/miahafiz/NeuroRing_a_sudoku_v2/_x.hw.NUM_4096.CORE_10.FREQ_300/link/vivado/vpl/prj/prj.gen/my_rm/bd/ulp/ipshared/011b/hdl/verilog/NeuroRing_gmem_syn_m_axi.v:3457]
INFO: [Synth 8-6155] done synthesizing module 'NeuroRing_gmem_syn_m_axi_reg_slice__parameterized3' (0#1) [/home/miahafiz/NeuroRing_a_sudoku_v2/_x.hw.NUM_4096.CORE_10.FREQ_300/link/vivado/vpl/prj/prj.gen/my_rm/bd/ulp/ipshared/011b/hdl/verilog/NeuroRing_gmem_syn_m_axi.v:3457]
INFO: [Synth 8-6155] done synthesizing module 'NeuroRing_gmem_syn_m_axi_read' (0#1) [/home/miahafiz/NeuroRing_a_sudoku_v2/_x.hw.NUM_4096.CORE_10.FREQ_300/link/vivado/vpl/prj/prj.gen/my_rm/bd/ulp/ipshared/011b/hdl/verilog/NeuroRing_gmem_syn_m_axi.v:1682]
INFO: [Synth 8-6155] done synthesizing module 'NeuroRing_gmem_syn_m_axi' (0#1) [/home/miahafiz/NeuroRing_a_sudoku_v2/_x.hw.NUM_4096.CORE_10.FREQ_300/link/vivado/vpl/prj/prj.gen/my_rm/bd/ulp/ipshared/011b/hdl/verilog/NeuroRing_gmem_syn_m_axi.v:9]
INFO: [Synth 8-6157] synthesizing module 'NeuroRing_uitofp_32ns_32_5_no_dsp_1' [/home/miahafiz/NeuroRing_a_sudoku_v2/_x.hw.NUM_4096.CORE_10.FREQ_300/link/vivado/vpl/prj/prj.gen/my_rm/bd/ulp/ipshared/011b/hdl/verilog/NeuroRing_uitofp_32ns_32_5_no_dsp_1.v:9]
INFO: [Synth 8-638] synthesizing module 'NeuroRing_uitofp_32ns_32_5_no_dsp_1_ip' [/home/miahafiz/NeuroRing_a_sudoku_v2/_x.hw.NUM_4096.CORE_10.FREQ_300/link/vivado/vpl/prj/prj.gen/my_rm/bd/ulp/ip/ulp_NeuroRing_0_0/hdl/ip/NeuroRing_uitofp_32ns_32_5_no_dsp_1_ip/synth/NeuroRing_uitofp_32ns_32_5_no_dsp_1_ip.vhd:70]
	Parameter C_XDEVICEFAMILY bound to: virtexuplusHBM - type: string 
	Parameter C_PART bound to: xcu55c-fsvh2892-2L-e - type: string 
	Parameter C_HAS_ADD bound to: 0 - type: integer 
	Parameter C_HAS_SUBTRACT bound to: 0 - type: integer 
	Parameter C_HAS_MULTIPLY bound to: 0 - type: integer 
	Parameter C_HAS_DIVIDE bound to: 0 - type: integer 
	Parameter C_HAS_SQRT bound to: 0 - type: integer 
	Parameter C_HAS_COMPARE bound to: 0 - type: integer 
	Parameter C_HAS_FIX_TO_FLT bound to: 1 - type: integer 
	Parameter C_HAS_FLT_TO_FIX bound to: 0 - type: integer 
	Parameter C_HAS_FLT_TO_FLT bound to: 0 - type: integer 
	Parameter C_HAS_RECIP bound to: 0 - type: integer 
	Parameter C_HAS_RECIP_SQRT bound to: 0 - type: integer 
	Parameter C_HAS_ABSOLUTE bound to: 0 - type: integer 
	Parameter C_HAS_LOGARITHM bound to: 0 - type: integer 
	Parameter C_HAS_EXPONENTIAL bound to: 0 - type: integer 
	Parameter C_HAS_FMA bound to: 0 - type: integer 
	Parameter C_HAS_FMS bound to: 0 - type: integer 
	Parameter C_HAS_UNFUSED_MULTIPLY_ADD bound to: 0 - type: integer 
	Parameter C_HAS_UNFUSED_MULTIPLY_SUB bound to: 0 - type: integer 
	Parameter C_HAS_UNFUSED_MULTIPLY_ACCUMULATOR_A bound to: 0 - type: integer 
	Parameter C_HAS_UNFUSED_MULTIPLY_ACCUMULATOR_S bound to: 0 - type: integer 
	Parameter C_HAS_ACCUMULATOR_A bound to: 0 - type: integer 
	Parameter C_HAS_ACCUMULATOR_S bound to: 0 - type: integer 
	Parameter C_HAS_ACCUMULATOR_PRIMITIVE_A bound to: 0 - type: integer 
	Parameter C_HAS_ACCUMULATOR_PRIMITIVE_S bound to: 0 - type: integer 
	Parameter C_A_WIDTH bound to: 32 - type: integer 
	Parameter C_A_FRACTION_WIDTH bound to: 0 - type: integer 
	Parameter C_B_WIDTH bound to: 32 - type: integer 
	Parameter C_B_FRACTION_WIDTH bound to: 0 - type: integer 
	Parameter C_C_WIDTH bound to: 32 - type: integer 
	Parameter C_C_FRACTION_WIDTH bound to: 0 - type: integer 
	Parameter C_RESULT_WIDTH bound to: 32 - type: integer 
	Parameter C_RESULT_FRACTION_WIDTH bound to: 24 - type: integer 
	Parameter C_COMPARE_OPERATION bound to: 8 - type: integer 
	Parameter C_LATENCY bound to: 3 - type: integer 
	Parameter C_OPTIMIZATION bound to: 1 - type: integer 
	Parameter C_MULT_USAGE bound to: 0 - type: integer 
	Parameter C_BRAM_USAGE bound to: 0 - type: integer 
	Parameter C_RATE bound to: 1 - type: integer 
	Parameter C_ACCUM_INPUT_MSB bound to: 32 - type: integer 
	Parameter C_ACCUM_MSB bound to: 32 - type: integer 
	Parameter C_ACCUM_LSB bound to: -31 - type: integer 
	Parameter C_HAS_UNDERFLOW bound to: 0 - type: integer 
	Parameter C_HAS_OVERFLOW bound to: 0 - type: integer 
	Parameter C_HAS_INVALID_OP bound to: 0 - type: integer 
	Parameter C_HAS_DIVIDE_BY_ZERO bound to: 0 - type: integer 
	Parameter C_HAS_ACCUM_OVERFLOW bound to: 0 - type: integer 
	Parameter C_HAS_ACCUM_INPUT_OVERFLOW bound to: 0 - type: integer 
	Parameter C_HAS_ACLKEN bound to: 1 - type: integer 
	Parameter C_HAS_ARESETN bound to: 0 - type: integer 
	Parameter C_THROTTLE_SCHEME bound to: 3 - type: integer 
	Parameter C_HAS_A_TUSER bound to: 0 - type: integer 
	Parameter C_HAS_A_TLAST bound to: 0 - type: integer 
	Parameter C_HAS_B bound to: 0 - type: integer 
	Parameter C_HAS_B_TUSER bound to: 0 - type: integer 
	Parameter C_HAS_B_TLAST bound to: 0 - type: integer 
	Parameter C_HAS_C bound to: 0 - type: integer 
	Parameter C_HAS_C_TUSER bound to: 0 - type: integer 
	Parameter C_HAS_C_TLAST bound to: 0 - type: integer 
	Parameter C_HAS_OPERATION bound to: 0 - type: integer 
	Parameter C_HAS_OPERATION_TUSER bound to: 0 - type: integer 
	Parameter C_HAS_OPERATION_TLAST bound to: 0 - type: integer 
	Parameter C_HAS_RESULT_TUSER bound to: 0 - type: integer 
	Parameter C_HAS_RESULT_TLAST bound to: 0 - type: integer 
	Parameter C_TLAST_RESOLUTION bound to: 0 - type: integer 
	Parameter C_A_TDATA_WIDTH bound to: 32 - type: integer 
	Parameter C_A_TUSER_WIDTH bound to: 1 - type: integer 
	Parameter C_B_TDATA_WIDTH bound to: 32 - type: integer 
	Parameter C_B_TUSER_WIDTH bound to: 1 - type: integer 
	Parameter C_C_TDATA_WIDTH bound to: 32 - type: integer 
	Parameter C_C_TUSER_WIDTH bound to: 1 - type: integer 
	Parameter C_OPERATION_TDATA_WIDTH bound to: 8 - type: integer 
	Parameter C_OPERATION_TUSER_WIDTH bound to: 1 - type: integer 
	Parameter C_RESULT_TDATA_WIDTH bound to: 32 - type: integer 
	Parameter C_RESULT_TUSER_WIDTH bound to: 1 - type: integer 
	Parameter C_FIXED_DATA_UNSIGNED bound to: 1 - type: integer 
INFO: [Synth 8-3491] module 'floating_point_v7_1_20' declared at '/home/miahafiz/NeuroRing_a_sudoku_v2/_x.hw.NUM_4096.CORE_10.FREQ_300/link/vivado/vpl/prj/prj.gen/my_rm/bd/ulp/ip/ulp_NeuroRing_0_0/hdl/ip/NeuroRing_uitofp_32ns_32_5_no_dsp_1_ip/hdl/floating_point_v7_1_vh_rfs.vhd:93266' bound to instance 'U0' of component 'floating_point_v7_1_20' [/home/miahafiz/NeuroRing_a_sudoku_v2/_x.hw.NUM_4096.CORE_10.FREQ_300/link/vivado/vpl/prj/prj.gen/my_rm/bd/ulp/ip/ulp_NeuroRing_0_0/hdl/ip/NeuroRing_uitofp_32ns_32_5_no_dsp_1_ip/synth/NeuroRing_uitofp_32ns_32_5_no_dsp_1_ip.vhd:211]
INFO: [Synth 8-256] done synthesizing module 'NeuroRing_uitofp_32ns_32_5_no_dsp_1_ip' (0#1) [/home/miahafiz/NeuroRing_a_sudoku_v2/_x.hw.NUM_4096.CORE_10.FREQ_300/link/vivado/vpl/prj/prj.gen/my_rm/bd/ulp/ip/ulp_NeuroRing_0_0/hdl/ip/NeuroRing_uitofp_32ns_32_5_no_dsp_1_ip/synth/NeuroRing_uitofp_32ns_32_5_no_dsp_1_ip.vhd:70]
INFO: [Synth 8-6155] done synthesizing module 'NeuroRing_uitofp_32ns_32_5_no_dsp_1' (0#1) [/home/miahafiz/NeuroRing_a_sudoku_v2/_x.hw.NUM_4096.CORE_10.FREQ_300/link/vivado/vpl/prj/prj.gen/my_rm/bd/ulp/ipshared/011b/hdl/verilog/NeuroRing_uitofp_32ns_32_5_no_dsp_1.v:9]
INFO: [Synth 8-6157] synthesizing module 'NeuroRing_sparsemux_257_7_32_1_1' [/home/miahafiz/NeuroRing_a_sudoku_v2/_x.hw.NUM_4096.CORE_10.FREQ_300/link/vivado/vpl/prj/prj.gen/my_rm/bd/ulp/ipshared/011b/hdl/verilog/NeuroRing_sparsemux_257_7_32_1_1.v:8]
INFO: [Synth 8-226] default block is never used [/home/miahafiz/NeuroRing_a_sudoku_v2/_x.hw.NUM_4096.CORE_10.FREQ_300/link/vivado/vpl/prj/prj.gen/my_rm/bd/ulp/ipshared/011b/hdl/verilog/NeuroRing_sparsemux_257_7_32_1_1.v:798]
INFO: [Synth 8-6155] done synthesizing module 'NeuroRing_sparsemux_257_7_32_1_1' (0#1) [/home/miahafiz/NeuroRing_a_sudoku_v2/_x.hw.NUM_4096.CORE_10.FREQ_300/link/vivado/vpl/prj/prj.gen/my_rm/bd/ulp/ipshared/011b/hdl/verilog/NeuroRing_sparsemux_257_7_32_1_1.v:8]
INFO: [Synth 8-6157] synthesizing module 'NeuroRing_mul_12ns_15ns_26_1_1' [/home/miahafiz/NeuroRing_a_sudoku_v2/_x.hw.NUM_4096.CORE_10.FREQ_300/link/vivado/vpl/prj/prj.gen/my_rm/bd/ulp/ipshared/011b/hdl/verilog/NeuroRing_mul_12ns_15ns_26_1_1.v:5]
INFO: [Synth 8-6155] done synthesizing module 'NeuroRing_mul_12ns_15ns_26_1_1' (0#1) [/home/miahafiz/NeuroRing_a_sudoku_v2/_x.hw.NUM_4096.CORE_10.FREQ_300/link/vivado/vpl/prj/prj.gen/my_rm/bd/ulp/ipshared/011b/hdl/verilog/NeuroRing_mul_12ns_15ns_26_1_1.v:5]
INFO: [Synth 8-6157] synthesizing module 'NeuroRing_urem_32ns_32ns_32_36_1' [/home/miahafiz/NeuroRing_a_sudoku_v2/_x.hw.NUM_4096.CORE_10.FREQ_300/link/vivado/vpl/prj/prj.gen/my_rm/bd/ulp/ipshared/011b/hdl/verilog/NeuroRing_urem_32ns_32ns_32_36_1.v:68]
INFO: [Synth 8-6157] synthesizing module 'NeuroRing_urem_32ns_32ns_32_36_1_divider' [/home/miahafiz/NeuroRing_a_sudoku_v2/_x.hw.NUM_4096.CORE_10.FREQ_300/link/vivado/vpl/prj/prj.gen/my_rm/bd/ulp/ipshared/011b/hdl/verilog/NeuroRing_urem_32ns_32ns_32_36_1.v:8]
INFO: [Synth 8-6155] done synthesizing module 'NeuroRing_urem_32ns_32ns_32_36_1_divider' (0#1) [/home/miahafiz/NeuroRing_a_sudoku_v2/_x.hw.NUM_4096.CORE_10.FREQ_300/link/vivado/vpl/prj/prj.gen/my_rm/bd/ulp/ipshared/011b/hdl/verilog/NeuroRing_urem_32ns_32ns_32_36_1.v:8]
INFO: [Synth 8-6155] done synthesizing module 'NeuroRing_urem_32ns_32ns_32_36_1' (0#1) [/home/miahafiz/NeuroRing_a_sudoku_v2/_x.hw.NUM_4096.CORE_10.FREQ_300/link/vivado/vpl/prj/prj.gen/my_rm/bd/ulp/ipshared/011b/hdl/verilog/NeuroRing_urem_32ns_32ns_32_36_1.v:68]
INFO: [Synth 8-6157] synthesizing module 'NeuroRing_faddfsub_32ns_32ns_32_7_full_dsp_1' [/home/miahafiz/NeuroRing_a_sudoku_v2/_x.hw.NUM_4096.CORE_10.FREQ_300/link/vivado/vpl/prj/prj.gen/my_rm/bd/ulp/ipshared/011b/hdl/verilog/NeuroRing_faddfsub_32ns_32ns_32_7_full_dsp_1.v:9]
INFO: [Synth 8-638] synthesizing module 'NeuroRing_faddfsub_32ns_32ns_32_7_full_dsp_1_ip' [/home/miahafiz/NeuroRing_a_sudoku_v2/_x.hw.NUM_4096.CORE_10.FREQ_300/link/vivado/vpl/prj/prj.gen/my_rm/bd/ulp/ip/ulp_NeuroRing_0_0/hdl/ip/NeuroRing_faddfsub_32ns_32ns_32_7_full_dsp_1_ip/synth/NeuroRing_faddfsub_32ns_32ns_32_7_full_dsp_1_ip.vhd:74]
	Parameter C_XDEVICEFAMILY bound to: virtexuplusHBM - type: string 
	Parameter C_PART bound to: xcu55c-fsvh2892-2L-e - type: string 
	Parameter C_HAS_ADD bound to: 1 - type: integer 
	Parameter C_HAS_SUBTRACT bound to: 1 - type: integer 
	Parameter C_HAS_MULTIPLY bound to: 0 - type: integer 
	Parameter C_HAS_DIVIDE bound to: 0 - type: integer 
	Parameter C_HAS_SQRT bound to: 0 - type: integer 
	Parameter C_HAS_COMPARE bound to: 0 - type: integer 
	Parameter C_HAS_FIX_TO_FLT bound to: 0 - type: integer 
	Parameter C_HAS_FLT_TO_FIX bound to: 0 - type: integer 
	Parameter C_HAS_FLT_TO_FLT bound to: 0 - type: integer 
	Parameter C_HAS_RECIP bound to: 0 - type: integer 
	Parameter C_HAS_RECIP_SQRT bound to: 0 - type: integer 
	Parameter C_HAS_ABSOLUTE bound to: 0 - type: integer 
	Parameter C_HAS_LOGARITHM bound to: 0 - type: integer 
	Parameter C_HAS_EXPONENTIAL bound to: 0 - type: integer 
	Parameter C_HAS_FMA bound to: 0 - type: integer 
	Parameter C_HAS_FMS bound to: 0 - type: integer 
	Parameter C_HAS_UNFUSED_MULTIPLY_ADD bound to: 0 - type: integer 
	Parameter C_HAS_UNFUSED_MULTIPLY_SUB bound to: 0 - type: integer 
	Parameter C_HAS_UNFUSED_MULTIPLY_ACCUMULATOR_A bound to: 0 - type: integer 
	Parameter C_HAS_UNFUSED_MULTIPLY_ACCUMULATOR_S bound to: 0 - type: integer 
	Parameter C_HAS_ACCUMULATOR_A bound to: 0 - type: integer 
	Parameter C_HAS_ACCUMULATOR_S bound to: 0 - type: integer 
	Parameter C_HAS_ACCUMULATOR_PRIMITIVE_A bound to: 0 - type: integer 
	Parameter C_HAS_ACCUMULATOR_PRIMITIVE_S bound to: 0 - type: integer 
	Parameter C_A_WIDTH bound to: 32 - type: integer 
	Parameter C_A_FRACTION_WIDTH bound to: 24 - type: integer 
	Parameter C_B_WIDTH bound to: 32 - type: integer 
	Parameter C_B_FRACTION_WIDTH bound to: 24 - type: integer 
	Parameter C_C_WIDTH bound to: 32 - type: integer 
	Parameter C_C_FRACTION_WIDTH bound to: 24 - type: integer 
	Parameter C_RESULT_WIDTH bound to: 32 - type: integer 
	Parameter C_RESULT_FRACTION_WIDTH bound to: 24 - type: integer 
	Parameter C_COMPARE_OPERATION bound to: 8 - type: integer 
	Parameter C_LATENCY bound to: 5 - type: integer 
	Parameter C_OPTIMIZATION bound to: 1 - type: integer 
	Parameter C_MULT_USAGE bound to: 2 - type: integer 
	Parameter C_BRAM_USAGE bound to: 0 - type: integer 
	Parameter C_RATE bound to: 1 - type: integer 
	Parameter C_ACCUM_INPUT_MSB bound to: 32 - type: integer 
	Parameter C_ACCUM_MSB bound to: 32 - type: integer 
	Parameter C_ACCUM_LSB bound to: -31 - type: integer 
	Parameter C_HAS_UNDERFLOW bound to: 0 - type: integer 
	Parameter C_HAS_OVERFLOW bound to: 0 - type: integer 
	Parameter C_HAS_INVALID_OP bound to: 0 - type: integer 
	Parameter C_HAS_DIVIDE_BY_ZERO bound to: 0 - type: integer 
	Parameter C_HAS_ACCUM_OVERFLOW bound to: 0 - type: integer 
	Parameter C_HAS_ACCUM_INPUT_OVERFLOW bound to: 0 - type: integer 
	Parameter C_HAS_ACLKEN bound to: 1 - type: integer 
	Parameter C_HAS_ARESETN bound to: 0 - type: integer 
	Parameter C_THROTTLE_SCHEME bound to: 3 - type: integer 
	Parameter C_HAS_A_TUSER bound to: 0 - type: integer 
	Parameter C_HAS_A_TLAST bound to: 0 - type: integer 
	Parameter C_HAS_B bound to: 1 - type: integer 
	Parameter C_HAS_B_TUSER bound to: 0 - type: integer 
	Parameter C_HAS_B_TLAST bound to: 0 - type: integer 
	Parameter C_HAS_C bound to: 0 - type: integer 
	Parameter C_HAS_C_TUSER bound to: 0 - type: integer 
	Parameter C_HAS_C_TLAST bound to: 0 - type: integer 
	Parameter C_HAS_OPERATION bound to: 1 - type: integer 
	Parameter C_HAS_OPERATION_TUSER bound to: 0 - type: integer 
	Parameter C_HAS_OPERATION_TLAST bound to: 0 - type: integer 
	Parameter C_HAS_RESULT_TUSER bound to: 0 - type: integer 
	Parameter C_HAS_RESULT_TLAST bound to: 0 - type: integer 
	Parameter C_TLAST_RESOLUTION bound to: 0 - type: integer 
	Parameter C_A_TDATA_WIDTH bound to: 32 - type: integer 
	Parameter C_A_TUSER_WIDTH bound to: 1 - type: integer 
	Parameter C_B_TDATA_WIDTH bound to: 32 - type: integer 
	Parameter C_B_TUSER_WIDTH bound to: 1 - type: integer 
	Parameter C_C_TDATA_WIDTH bound to: 32 - type: integer 
	Parameter C_C_TUSER_WIDTH bound to: 1 - type: integer 
	Parameter C_OPERATION_TDATA_WIDTH bound to: 8 - type: integer 
	Parameter C_OPERATION_TUSER_WIDTH bound to: 1 - type: integer 
	Parameter C_RESULT_TDATA_WIDTH bound to: 32 - type: integer 
	Parameter C_RESULT_TUSER_WIDTH bound to: 1 - type: integer 
	Parameter C_FIXED_DATA_UNSIGNED bound to: 0 - type: integer 
INFO: [Synth 8-3491] module 'floating_point_v7_1_20' declared at '/home/miahafiz/NeuroRing_a_sudoku_v2/_x.hw.NUM_4096.CORE_10.FREQ_300/link/vivado/vpl/prj/prj.gen/my_rm/bd/ulp/ip/ulp_NeuroRing_0_0/hdl/ip/NeuroRing_uitofp_32ns_32_5_no_dsp_1_ip/hdl/floating_point_v7_1_vh_rfs.vhd:93266' bound to instance 'U0' of component 'floating_point_v7_1_20' [/home/miahafiz/NeuroRing_a_sudoku_v2/_x.hw.NUM_4096.CORE_10.FREQ_300/link/vivado/vpl/prj/prj.gen/my_rm/bd/ulp/ip/ulp_NeuroRing_0_0/hdl/ip/NeuroRing_faddfsub_32ns_32ns_32_7_full_dsp_1_ip/synth/NeuroRing_faddfsub_32ns_32ns_32_7_full_dsp_1_ip.vhd:223]
INFO: [Synth 8-256] done synthesizing module 'NeuroRing_faddfsub_32ns_32ns_32_7_full_dsp_1_ip' (0#1) [/home/miahafiz/NeuroRing_a_sudoku_v2/_x.hw.NUM_4096.CORE_10.FREQ_300/link/vivado/vpl/prj/prj.gen/my_rm/bd/ulp/ip/ulp_NeuroRing_0_0/hdl/ip/NeuroRing_faddfsub_32ns_32ns_32_7_full_dsp_1_ip/synth/NeuroRing_faddfsub_32ns_32ns_32_7_full_dsp_1_ip.vhd:74]
INFO: [Synth 8-6155] done synthesizing module 'NeuroRing_faddfsub_32ns_32ns_32_7_full_dsp_1' (0#1) [/home/miahafiz/NeuroRing_a_sudoku_v2/_x.hw.NUM_4096.CORE_10.FREQ_300/link/vivado/vpl/prj/prj.gen/my_rm/bd/ulp/ipshared/011b/hdl/verilog/NeuroRing_faddfsub_32ns_32ns_32_7_full_dsp_1.v:9]
INFO: [Synth 8-6157] synthesizing module 'NeuroRing_regslice_both' [/home/miahafiz/NeuroRing_a_sudoku_v2/_x.hw.NUM_4096.CORE_10.FREQ_300/link/vivado/vpl/prj/prj.gen/my_rm/bd/ulp/ipshared/011b/hdl/verilog/NeuroRing_regslice_both.v:8]
INFO: [Synth 8-6155] done synthesizing module 'NeuroRing_regslice_both' (0#1) [/home/miahafiz/NeuroRing_a_sudoku_v2/_x.hw.NUM_4096.CORE_10.FREQ_300/link/vivado/vpl/prj/prj.gen/my_rm/bd/ulp/ipshared/011b/hdl/verilog/NeuroRing_regslice_both.v:8]
INFO: [Synth 8-6157] synthesizing module 'NeuroRing_regslice_both__parameterized0' [/home/miahafiz/NeuroRing_a_sudoku_v2/_x.hw.NUM_4096.CORE_10.FREQ_300/link/vivado/vpl/prj/prj.gen/my_rm/bd/ulp/ipshared/011b/hdl/verilog/NeuroRing_regslice_both.v:8]
INFO: [Synth 8-6155] done synthesizing module 'NeuroRing_regslice_both__parameterized0' (0#1) [/home/miahafiz/NeuroRing_a_sudoku_v2/_x.hw.NUM_4096.CORE_10.FREQ_300/link/vivado/vpl/prj/prj.gen/my_rm/bd/ulp/ipshared/011b/hdl/verilog/NeuroRing_regslice_both.v:8]
INFO: [Synth 8-6157] synthesizing module 'NeuroRing_regslice_both__parameterized1' [/home/miahafiz/NeuroRing_a_sudoku_v2/_x.hw.NUM_4096.CORE_10.FREQ_300/link/vivado/vpl/prj/prj.gen/my_rm/bd/ulp/ipshared/011b/hdl/verilog/NeuroRing_regslice_both.v:8]
INFO: [Synth 8-6155] done synthesizing module 'NeuroRing_regslice_both__parameterized1' (0#1) [/home/miahafiz/NeuroRing_a_sudoku_v2/_x.hw.NUM_4096.CORE_10.FREQ_300/link/vivado/vpl/prj/prj.gen/my_rm/bd/ulp/ipshared/011b/hdl/verilog/NeuroRing_regslice_both.v:8]
INFO: [Synth 8-6155] done synthesizing module 'NeuroRing' (0#1) [/home/miahafiz/NeuroRing_a_sudoku_v2/_x.hw.NUM_4096.CORE_10.FREQ_300/link/vivado/vpl/prj/prj.gen/my_rm/bd/ulp/ipshared/011b/hdl/verilog/NeuroRing.v:9]
INFO: [Synth 8-6155] done synthesizing module 'ulp_NeuroRing_0_0' (0#1) [/home/miahafiz/NeuroRing_a_sudoku_v2/_x.hw.NUM_4096.CORE_10.FREQ_300/link/vivado/vpl/prj/prj.gen/my_rm/bd/ulp/ip/ulp_NeuroRing_0_0/synth/ulp_NeuroRing_0_0.v:53]
WARNING: [Synth 8-6014] Unused sequential element int_ap_done_reg was removed.  [/home/miahafiz/NeuroRing_a_sudoku_v2/_x.hw.NUM_4096.CORE_10.FREQ_300/link/vivado/vpl/prj/prj.gen/my_rm/bd/ulp/ipshared/011b/hdl/verilog/NeuroRing_control_s_axi.v:440]
WARNING: [Synth 8-6014] Unused sequential element loop[31].divisor_tmp_reg[32] was removed.  [/home/miahafiz/NeuroRing_a_sudoku_v2/_x.hw.NUM_4096.CORE_10.FREQ_300/link/vivado/vpl/prj/prj.gen/my_rm/bd/ulp/ipshared/011b/hdl/verilog/NeuroRing_urem_32ns_32ns_32_36_1.v:52]
WARNING: [Synth 8-6014] Unused sequential element quot_reg was removed.  [/home/miahafiz/NeuroRing_a_sudoku_v2/_x.hw.NUM_4096.CORE_10.FREQ_300/link/vivado/vpl/prj/prj.gen/my_rm/bd/ulp/ipshared/011b/hdl/verilog/NeuroRing_urem_32ns_32ns_32_36_1.v:122]
INFO: [Synth 8-4490] FSM extraction disabled for register 'ap_CS_fsm_reg' through user attribute
WARNING: [Synth 8-7129] Port CLK in module xbip_pipe_v3_0_10_viv__parameterized3 is either unconnected or has no load
WARNING: [Synth 8-7129] Port CE in module xbip_pipe_v3_0_10_viv__parameterized3 is either unconnected or has no load
WARNING: [Synth 8-7129] Port SCLR in module xbip_pipe_v3_0_10_viv__parameterized3 is either unconnected or has no load
WARNING: [Synth 8-7129] Port SSET in module xbip_pipe_v3_0_10_viv__parameterized3 is either unconnected or has no load
WARNING: [Synth 8-7129] Port SINIT in module xbip_pipe_v3_0_10_viv__parameterized3 is either unconnected or has no load
WARNING: [Synth 8-7129] Port CLK in module xbip_pipe_v3_0_10_viv__parameterized61 is either unconnected or has no load
WARNING: [Synth 8-7129] Port CE in module xbip_pipe_v3_0_10_viv__parameterized61 is either unconnected or has no load
WARNING: [Synth 8-7129] Port SCLR in module xbip_pipe_v3_0_10_viv__parameterized61 is either unconnected or has no load
WARNING: [Synth 8-7129] Port SSET in module xbip_pipe_v3_0_10_viv__parameterized61 is either unconnected or has no load
WARNING: [Synth 8-7129] Port SINIT in module xbip_pipe_v3_0_10_viv__parameterized61 is either unconnected or has no load
WARNING: [Synth 8-7129] Port SCLR in module xbip_pipe_v3_0_10_viv__parameterized11 is either unconnected or has no load
WARNING: [Synth 8-7129] Port SSET in module xbip_pipe_v3_0_10_viv__parameterized11 is either unconnected or has no load
WARNING: [Synth 8-7129] Port SINIT in module xbip_pipe_v3_0_10_viv__parameterized11 is either unconnected or has no load
WARNING: [Synth 8-7129] Port DEC_OP_STATE[11] in module flt_dec_op is either unconnected or has no load
WARNING: [Synth 8-7129] Port DEC_OP_STATE[10] in module flt_dec_op is either unconnected or has no load
WARNING: [Synth 8-7129] Port DEC_OP_STATE[9] in module flt_dec_op is either unconnected or has no load
WARNING: [Synth 8-7129] Port DEC_OP_STATE[8] in module flt_dec_op is either unconnected or has no load
WARNING: [Synth 8-7129] Port DIVIDE_BY_ZERO_IN in module flt_dec_op is either unconnected or has no load
WARNING: [Synth 8-7129] Port SCLR in module xbip_pipe_v3_0_10_viv__parameterized49 is either unconnected or has no load
WARNING: [Synth 8-7129] Port SSET in module xbip_pipe_v3_0_10_viv__parameterized49 is either unconnected or has no load
WARNING: [Synth 8-7129] Port SINIT in module xbip_pipe_v3_0_10_viv__parameterized49 is either unconnected or has no load
WARNING: [Synth 8-7129] Port CLK in module xbip_pipe_v3_0_10_viv__parameterized39 is either unconnected or has no load
WARNING: [Synth 8-7129] Port CE in module xbip_pipe_v3_0_10_viv__parameterized39 is either unconnected or has no load
WARNING: [Synth 8-7129] Port SCLR in module xbip_pipe_v3_0_10_viv__parameterized39 is either unconnected or has no load
WARNING: [Synth 8-7129] Port SSET in module xbip_pipe_v3_0_10_viv__parameterized39 is either unconnected or has no load
WARNING: [Synth 8-7129] Port SINIT in module xbip_pipe_v3_0_10_viv__parameterized39 is either unconnected or has no load
WARNING: [Synth 8-7129] Port B[8] in module carry_chain__parameterized3 is either unconnected or has no load
WARNING: [Synth 8-7129] Port CLK in module xbip_pipe_v3_0_10_viv__parameterized47 is either unconnected or has no load
WARNING: [Synth 8-7129] Port CE in module xbip_pipe_v3_0_10_viv__parameterized47 is either unconnected or has no load
WARNING: [Synth 8-7129] Port SCLR in module xbip_pipe_v3_0_10_viv__parameterized47 is either unconnected or has no load
WARNING: [Synth 8-7129] Port SSET in module xbip_pipe_v3_0_10_viv__parameterized47 is either unconnected or has no load
WARNING: [Synth 8-7129] Port SINIT in module xbip_pipe_v3_0_10_viv__parameterized47 is either unconnected or has no load
WARNING: [Synth 8-7129] Port CLK in module xbip_pipe_v3_0_10_viv__parameterized59 is either unconnected or has no load
WARNING: [Synth 8-7129] Port CE in module xbip_pipe_v3_0_10_viv__parameterized59 is either unconnected or has no load
WARNING: [Synth 8-7129] Port SCLR in module xbip_pipe_v3_0_10_viv__parameterized59 is either unconnected or has no load
WARNING: [Synth 8-7129] Port SSET in module xbip_pipe_v3_0_10_viv__parameterized59 is either unconnected or has no load
WARNING: [Synth 8-7129] Port SINIT in module xbip_pipe_v3_0_10_viv__parameterized59 is either unconnected or has no load
WARNING: [Synth 8-7129] Port CLK in module xbip_pipe_v3_0_10_viv__parameterized57 is either unconnected or has no load
WARNING: [Synth 8-7129] Port CE in module xbip_pipe_v3_0_10_viv__parameterized57 is either unconnected or has no load
WARNING: [Synth 8-7129] Port SCLR in module xbip_pipe_v3_0_10_viv__parameterized57 is either unconnected or has no load
WARNING: [Synth 8-7129] Port SSET in module xbip_pipe_v3_0_10_viv__parameterized57 is either unconnected or has no load
WARNING: [Synth 8-7129] Port SINIT in module xbip_pipe_v3_0_10_viv__parameterized57 is either unconnected or has no load
WARNING: [Synth 8-7129] Port CLK in module xbip_pipe_v3_0_10_viv__parameterized55 is either unconnected or has no load
WARNING: [Synth 8-7129] Port CE in module xbip_pipe_v3_0_10_viv__parameterized55 is either unconnected or has no load
WARNING: [Synth 8-7129] Port SCLR in module xbip_pipe_v3_0_10_viv__parameterized55 is either unconnected or has no load
WARNING: [Synth 8-7129] Port SSET in module xbip_pipe_v3_0_10_viv__parameterized55 is either unconnected or has no load
WARNING: [Synth 8-7129] Port SINIT in module xbip_pipe_v3_0_10_viv__parameterized55 is either unconnected or has no load
WARNING: [Synth 8-7129] Port CLK in module xbip_pipe_v3_0_10_viv__parameterized53 is either unconnected or has no load
WARNING: [Synth 8-7129] Port CE in module xbip_pipe_v3_0_10_viv__parameterized53 is either unconnected or has no load
WARNING: [Synth 8-7129] Port SCLR in module xbip_pipe_v3_0_10_viv__parameterized53 is either unconnected or has no load
WARNING: [Synth 8-7129] Port SSET in module xbip_pipe_v3_0_10_viv__parameterized53 is either unconnected or has no load
WARNING: [Synth 8-7129] Port SINIT in module xbip_pipe_v3_0_10_viv__parameterized53 is either unconnected or has no load
WARNING: [Synth 8-7129] Port SCLR in module xbip_pipe_v3_0_10_viv__parameterized35 is either unconnected or has no load
WARNING: [Synth 8-7129] Port SSET in module xbip_pipe_v3_0_10_viv__parameterized35 is either unconnected or has no load
WARNING: [Synth 8-7129] Port SINIT in module xbip_pipe_v3_0_10_viv__parameterized35 is either unconnected or has no load
WARNING: [Synth 8-7129] Port SCLR in module xbip_pipe_v3_0_10_viv__parameterized51 is either unconnected or has no load
WARNING: [Synth 8-7129] Port SSET in module xbip_pipe_v3_0_10_viv__parameterized51 is either unconnected or has no load
WARNING: [Synth 8-7129] Port SINIT in module xbip_pipe_v3_0_10_viv__parameterized51 is either unconnected or has no load
WARNING: [Synth 8-7129] Port SCLR in module xbip_pipe_v3_0_10_viv__parameterized45 is either unconnected or has no load
WARNING: [Synth 8-7129] Port SSET in module xbip_pipe_v3_0_10_viv__parameterized45 is either unconnected or has no load
WARNING: [Synth 8-7129] Port SINIT in module xbip_pipe_v3_0_10_viv__parameterized45 is either unconnected or has no load
WARNING: [Synth 8-7129] Port SCLR in module xbip_pipe_v3_0_10_viv__parameterized43 is either unconnected or has no load
WARNING: [Synth 8-7129] Port SSET in module xbip_pipe_v3_0_10_viv__parameterized43 is either unconnected or has no load
WARNING: [Synth 8-7129] Port SINIT in module xbip_pipe_v3_0_10_viv__parameterized43 is either unconnected or has no load
WARNING: [Synth 8-7129] Port SCLR in module xbip_pipe_v3_0_10_viv__parameterized41 is either unconnected or has no load
WARNING: [Synth 8-7129] Port SSET in module xbip_pipe_v3_0_10_viv__parameterized41 is either unconnected or has no load
WARNING: [Synth 8-7129] Port SINIT in module xbip_pipe_v3_0_10_viv__parameterized41 is either unconnected or has no load
WARNING: [Synth 8-7129] Port SCLR in module xbip_pipe_v3_0_10_viv__parameterized37 is either unconnected or has no load
WARNING: [Synth 8-7129] Port SSET in module xbip_pipe_v3_0_10_viv__parameterized37 is either unconnected or has no load
WARNING: [Synth 8-7129] Port SINIT in module xbip_pipe_v3_0_10_viv__parameterized37 is either unconnected or has no load
WARNING: [Synth 8-7129] Port CLK in module xbip_pipe_v3_0_10_viv__parameterized9 is either unconnected or has no load
WARNING: [Synth 8-7129] Port CE in module xbip_pipe_v3_0_10_viv__parameterized9 is either unconnected or has no load
WARNING: [Synth 8-7129] Port SCLR in module xbip_pipe_v3_0_10_viv__parameterized9 is either unconnected or has no load
WARNING: [Synth 8-7129] Port SSET in module xbip_pipe_v3_0_10_viv__parameterized9 is either unconnected or has no load
WARNING: [Synth 8-7129] Port SINIT in module xbip_pipe_v3_0_10_viv__parameterized9 is either unconnected or has no load
WARNING: [Synth 8-7129] Port CARRYS_OUT[14] in module carry_chain__parameterized2 is either unconnected or has no load
WARNING: [Synth 8-7129] Port CARRYS_OUT[13] in module carry_chain__parameterized2 is either unconnected or has no load
WARNING: [Synth 8-7129] Port CARRYS_OUT[12] in module carry_chain__parameterized2 is either unconnected or has no load
WARNING: [Synth 8-7129] Port CARRYS_OUT[11] in module carry_chain__parameterized2 is either unconnected or has no load
WARNING: [Synth 8-7129] Port CARRYS_OUT[10] in module carry_chain__parameterized2 is either unconnected or has no load
WARNING: [Synth 8-7129] Port CARRYS_OUT[9] in module carry_chain__parameterized2 is either unconnected or has no load
WARNING: [Synth 8-7129] Port CARRYS_OUT[8] in module carry_chain__parameterized2 is either unconnected or has no load
WARNING: [Synth 8-7129] Port CARRYS_OUT[7] in module carry_chain__parameterized2 is either unconnected or has no load
WARNING: [Synth 8-7129] Port CARRYS_OUT[6] in module carry_chain__parameterized2 is either unconnected or has no load
WARNING: [Synth 8-7129] Port CARRYS_OUT[5] in module carry_chain__parameterized2 is either unconnected or has no load
WARNING: [Synth 8-7129] Port CARRYS_OUT[4] in module carry_chain__parameterized2 is either unconnected or has no load
WARNING: [Synth 8-7129] Port CARRYS_OUT[3] in module carry_chain__parameterized2 is either unconnected or has no load
WARNING: [Synth 8-7129] Port CARRYS_OUT[2] in module carry_chain__parameterized2 is either unconnected or has no load
WARNING: [Synth 8-7129] Port CARRYS_OUT[1] in module carry_chain__parameterized2 is either unconnected or has no load
WARNING: [Synth 8-7129] Port CARRYS_OUT[0] in module carry_chain__parameterized2 is either unconnected or has no load
WARNING: [Synth 8-7129] Port CLK in module xbip_pipe_v3_0_10_viv__parameterized13 is either unconnected or has no load
WARNING: [Synth 8-7129] Port CE in module xbip_pipe_v3_0_10_viv__parameterized13 is either unconnected or has no load
WARNING: [Synth 8-7129] Port SCLR in module xbip_pipe_v3_0_10_viv__parameterized13 is either unconnected or has no load
WARNING: [Synth 8-7129] Port SSET in module xbip_pipe_v3_0_10_viv__parameterized13 is either unconnected or has no load
WARNING: [Synth 8-7129] Port SINIT in module xbip_pipe_v3_0_10_viv__parameterized13 is either unconnected or has no load
WARNING: [Synth 8-7129] Port CARRYS_OUT[2] in module carry_chain__parameterized1 is either unconnected or has no load
WARNING: [Synth 8-7129] Port CARRYS_OUT[1] in module carry_chain__parameterized1 is either unconnected or has no load
WARNING: [Synth 8-7129] Port CARRYS_OUT[0] in module carry_chain__parameterized1 is either unconnected or has no load
WARNING: [Synth 8-7129] Port CARRYS_OUT[0] in module compare_eq_im__parameterized0 is either unconnected or has no load
WARNING: [Synth 8-7129] Port A[31] in module special_detect is either unconnected or has no load
INFO: [Common 17-14] Message 'Synth 8-7129' appears 100 times and further instances of the messages will be disabled.
---------------------------------------------------------------------------------
Finished RTL Elaboration : Time (s): cpu = 00:00:19 ; elapsed = 00:00:22 . Memory (MB): peak = 3774.227 ; gain = 823.629 ; free physical = 39019 ; free virtual = 125151
---------------------------------------------------------------------------------
---------------------------------------------------------------------------------
Start Handling Custom Attributes
---------------------------------------------------------------------------------
---------------------------------------------------------------------------------
Finished Handling Custom Attributes : Time (s): cpu = 00:00:20 ; elapsed = 00:00:23 . Memory (MB): peak = 3774.227 ; gain = 823.629 ; free physical = 37949 ; free virtual = 124098
---------------------------------------------------------------------------------
---------------------------------------------------------------------------------
Finished RTL Optimization Phase 1 : Time (s): cpu = 00:00:20 ; elapsed = 00:00:23 . Memory (MB): peak = 3774.227 ; gain = 823.629 ; free physical = 37949 ; free virtual = 124098
---------------------------------------------------------------------------------
Netlist sorting complete. Time (s): cpu = 00:00:02 ; elapsed = 00:00:02 . Memory (MB): peak = 3774.227 ; gain = 0.000 ; free physical = 36430 ; free virtual = 122565
INFO: [Netlist 29-17] Analyzing 3262 Unisim elements for replacement
INFO: [Netlist 29-28] Unisim Transformation completed in 2 CPU seconds
INFO: [Project 1-570] Preparing netlist for logic optimization

Processing XDC Constraints
Initializing timing engine
Parsing XDC File [/home/miahafiz/NeuroRing_a_sudoku_v2/_x.hw.NUM_4096.CORE_10.FREQ_300/link/vivado/vpl/prj/prj.gen/my_rm/bd/ulp/ip/ulp_NeuroRing_0_0/constraints/NeuroRing_ooc.xdc] for cell 'inst'
create_clock: Time (s): cpu = 00:00:07 ; elapsed = 00:00:07 . Memory (MB): peak = 4083.875 ; gain = 31.836 ; free physical = 16678 ; free virtual = 103044
Finished Parsing XDC File [/home/miahafiz/NeuroRing_a_sudoku_v2/_x.hw.NUM_4096.CORE_10.FREQ_300/link/vivado/vpl/prj/prj.gen/my_rm/bd/ulp/ip/ulp_NeuroRing_0_0/constraints/NeuroRing_ooc.xdc] for cell 'inst'
Parsing XDC File [/home/miahafiz/NeuroRing_a_sudoku_v2/_x.hw.NUM_4096.CORE_10.FREQ_300/link/vivado/vpl/prj/prj.runs/ulp_NeuroRing_0_0_synth_1/dont_touch.xdc]
Finished Parsing XDC File [/home/miahafiz/NeuroRing_a_sudoku_v2/_x.hw.NUM_4096.CORE_10.FREQ_300/link/vivado/vpl/prj/prj.runs/ulp_NeuroRing_0_0_synth_1/dont_touch.xdc]
Completed Processing XDC Constraints

Netlist sorting complete. Time (s): cpu = 00:00:00.09 ; elapsed = 00:00:00.09 . Memory (MB): peak = 4083.875 ; gain = 0.000 ; free physical = 16352 ; free virtual = 102741
INFO: [Project 1-111] Unisim Transformation Summary:
  A total of 216 instances were transformed.
  DSP48E1 => DSP48E2 (DSP_ALU, DSP_A_B_DATA, DSP_C_DATA, DSP_MULTIPLIER, DSP_M_DATA, DSP_OUTPUT, DSP_PREADD, DSP_PREADD_DATA): 144 instances
  FDE => FDRE: 72 instances

Constraint Validation Runtime : Time (s): cpu = 00:00:02 ; elapsed = 00:00:03 . Memory (MB): peak = 4115.797 ; gain = 20.000 ; free physical = 11925 ; free virtual = 98429
INFO: [Designutils 20-5008] Incremental synthesis strategy off
---------------------------------------------------------------------------------
Finished Constraint Validation : Time (s): cpu = 00:01:06 ; elapsed = 00:01:15 . Memory (MB): peak = 4119.883 ; gain = 1169.285 ; free physical = 4888 ; free virtual = 90566
---------------------------------------------------------------------------------
---------------------------------------------------------------------------------
Start Loading Part and Timing Information
---------------------------------------------------------------------------------
Loading part: xcu55c-fsvh2892-2L-e
INFO: [Synth 8-6742] Reading net delay rules and data
---------------------------------------------------------------------------------
Finished Loading Part and Timing Information : Time (s): cpu = 00:01:06 ; elapsed = 00:01:15 . Memory (MB): peak = 4127.887 ; gain = 1177.289 ; free physical = 4877 ; free virtual = 90556
---------------------------------------------------------------------------------
---------------------------------------------------------------------------------
Start Applying 'set_property' XDC Constraints
---------------------------------------------------------------------------------
---------------------------------------------------------------------------------
Finished applying 'set_property' XDC Constraints : Time (s): cpu = 00:01:07 ; elapsed = 00:01:17 . Memory (MB): peak = 4127.887 ; gain = 1177.289 ; free physical = 4485 ; free virtual = 89692
---------------------------------------------------------------------------------
WARNING: [Synth 8-3936] Found unconnected internal register 'zext_ln94_2_reg_1182_pp0_iter82_reg_reg' and it is trimmed from '13' to '9' bits. [/home/miahafiz/NeuroRing_a_sudoku_v2/_x.hw.NUM_4096.CORE_10.FREQ_300/link/vivado/vpl/prj/prj.gen/my_rm/bd/ulp/ipshared/011b/hdl/verilog/NeuroRing_NeuroRing_Pipeline_VITIS_LOOP_94_1.v:2345]
WARNING: [Synth 8-3936] Found unconnected internal register 'zext_ln94_2_reg_1182_pp0_iter81_reg_reg' and it is trimmed from '13' to '9' bits. [/home/miahafiz/NeuroRing_a_sudoku_v2/_x.hw.NUM_4096.CORE_10.FREQ_300/link/vivado/vpl/prj/prj.gen/my_rm/bd/ulp/ipshared/011b/hdl/verilog/NeuroRing_NeuroRing_Pipeline_VITIS_LOOP_94_1.v:2344]
WARNING: [Synth 8-3936] Found unconnected internal register 'zext_ln94_2_reg_1182_pp0_iter80_reg_reg' and it is trimmed from '13' to '9' bits. [/home/miahafiz/NeuroRing_a_sudoku_v2/_x.hw.NUM_4096.CORE_10.FREQ_300/link/vivado/vpl/prj/prj.gen/my_rm/bd/ulp/ipshared/011b/hdl/verilog/NeuroRing_NeuroRing_Pipeline_VITIS_LOOP_94_1.v:2343]
WARNING: [Synth 8-3936] Found unconnected internal register 'zext_ln94_2_reg_1182_pp0_iter79_reg_reg' and it is trimmed from '13' to '9' bits. [/home/miahafiz/NeuroRing_a_sudoku_v2/_x.hw.NUM_4096.CORE_10.FREQ_300/link/vivado/vpl/prj/prj.gen/my_rm/bd/ulp/ipshared/011b/hdl/verilog/NeuroRing_NeuroRing_Pipeline_VITIS_LOOP_94_1.v:2341]
WARNING: [Synth 8-3936] Found unconnected internal register 'zext_ln94_2_reg_1182_pp0_iter78_reg_reg' and it is trimmed from '13' to '9' bits. [/home/miahafiz/NeuroRing_a_sudoku_v2/_x.hw.NUM_4096.CORE_10.FREQ_300/link/vivado/vpl/prj/prj.gen/my_rm/bd/ulp/ipshared/011b/hdl/verilog/NeuroRing_NeuroRing_Pipeline_VITIS_LOOP_94_1.v:2340]
WARNING: [Synth 8-3936] Found unconnected internal register 'zext_ln94_2_reg_1182_pp0_iter77_reg_reg' and it is trimmed from '13' to '9' bits. [/home/miahafiz/NeuroRing_a_sudoku_v2/_x.hw.NUM_4096.CORE_10.FREQ_300/link/vivado/vpl/prj/prj.gen/my_rm/bd/ulp/ipshared/011b/hdl/verilog/NeuroRing_NeuroRing_Pipeline_VITIS_LOOP_94_1.v:2339]
WARNING: [Synth 8-3936] Found unconnected internal register 'zext_ln94_2_reg_1182_pp0_iter76_reg_reg' and it is trimmed from '13' to '9' bits. [/home/miahafiz/NeuroRing_a_sudoku_v2/_x.hw.NUM_4096.CORE_10.FREQ_300/link/vivado/vpl/prj/prj.gen/my_rm/bd/ulp/ipshared/011b/hdl/verilog/NeuroRing_NeuroRing_Pipeline_VITIS_LOOP_94_1.v:2338]
WARNING: [Synth 8-3936] Found unconnected internal register 'zext_ln94_2_reg_1182_pp0_iter75_reg_reg' and it is trimmed from '13' to '9' bits. [/home/miahafiz/NeuroRing_a_sudoku_v2/_x.hw.NUM_4096.CORE_10.FREQ_300/link/vivado/vpl/prj/prj.gen/my_rm/bd/ulp/ipshared/011b/hdl/verilog/NeuroRing_NeuroRing_Pipeline_VITIS_LOOP_94_1.v:2337]
WARNING: [Synth 8-3936] Found unconnected internal register 'zext_ln94_2_reg_1182_pp0_iter74_reg_reg' and it is trimmed from '13' to '9' bits. [/home/miahafiz/NeuroRing_a_sudoku_v2/_x.hw.NUM_4096.CORE_10.FREQ_300/link/vivado/vpl/prj/prj.gen/my_rm/bd/ulp/ipshared/011b/hdl/verilog/NeuroRing_NeuroRing_Pipeline_VITIS_LOOP_94_1.v:2336]
WARNING: [Synth 8-3936] Found unconnected internal register 'zext_ln94_2_reg_1182_pp0_iter73_reg_reg' and it is trimmed from '13' to '9' bits. [/home/miahafiz/NeuroRing_a_sudoku_v2/_x.hw.NUM_4096.CORE_10.FREQ_300/link/vivado/vpl/prj/prj.gen/my_rm/bd/ulp/ipshared/011b/hdl/verilog/NeuroRing_NeuroRing_Pipeline_VITIS_LOOP_94_1.v:2335]
WARNING: [Synth 8-3936] Found unconnected internal register 'zext_ln94_2_reg_1182_pp0_iter72_reg_reg' and it is trimmed from '13' to '9' bits. [/home/miahafiz/NeuroRing_a_sudoku_v2/_x.hw.NUM_4096.CORE_10.FREQ_300/link/vivado/vpl/prj/prj.gen/my_rm/bd/ulp/ipshared/011b/hdl/verilog/NeuroRing_NeuroRing_Pipeline_VITIS_LOOP_94_1.v:2334]
WARNING: [Synth 8-3936] Found unconnected internal register 'zext_ln94_2_reg_1182_pp0_iter71_reg_reg' and it is trimmed from '13' to '9' bits. [/home/miahafiz/NeuroRing_a_sudoku_v2/_x.hw.NUM_4096.CORE_10.FREQ_300/link/vivado/vpl/prj/prj.gen/my_rm/bd/ulp/ipshared/011b/hdl/verilog/NeuroRing_NeuroRing_Pipeline_VITIS_LOOP_94_1.v:2333]
WARNING: [Synth 8-3936] Found unconnected internal register 'zext_ln94_2_reg_1182_pp0_iter70_reg_reg' and it is trimmed from '13' to '9' bits. [/home/miahafiz/NeuroRing_a_sudoku_v2/_x.hw.NUM_4096.CORE_10.FREQ_300/link/vivado/vpl/prj/prj.gen/my_rm/bd/ulp/ipshared/011b/hdl/verilog/NeuroRing_NeuroRing_Pipeline_VITIS_LOOP_94_1.v:2332]
WARNING: [Synth 8-3936] Found unconnected internal register 'zext_ln94_2_reg_1182_pp0_iter69_reg_reg' and it is trimmed from '13' to '9' bits. [/home/miahafiz/NeuroRing_a_sudoku_v2/_x.hw.NUM_4096.CORE_10.FREQ_300/link/vivado/vpl/prj/prj.gen/my_rm/bd/ulp/ipshared/011b/hdl/verilog/NeuroRing_NeuroRing_Pipeline_VITIS_LOOP_94_1.v:2330]
WARNING: [Synth 8-3936] Found unconnected internal register 'zext_ln94_2_reg_1182_pp0_iter68_reg_reg' and it is trimmed from '13' to '9' bits. [/home/miahafiz/NeuroRing_a_sudoku_v2/_x.hw.NUM_4096.CORE_10.FREQ_300/link/vivado/vpl/prj/prj.gen/my_rm/bd/ulp/ipshared/011b/hdl/verilog/NeuroRing_NeuroRing_Pipeline_VITIS_LOOP_94_1.v:2329]
WARNING: [Synth 8-3936] Found unconnected internal register 'zext_ln94_2_reg_1182_pp0_iter67_reg_reg' and it is trimmed from '13' to '9' bits. [/home/miahafiz/NeuroRing_a_sudoku_v2/_x.hw.NUM_4096.CORE_10.FREQ_300/link/vivado/vpl/prj/prj.gen/my_rm/bd/ulp/ipshared/011b/hdl/verilog/NeuroRing_NeuroRing_Pipeline_VITIS_LOOP_94_1.v:2328]
WARNING: [Synth 8-3936] Found unconnected internal register 'zext_ln94_2_reg_1182_pp0_iter66_reg_reg' and it is trimmed from '13' to '9' bits. [/home/miahafiz/NeuroRing_a_sudoku_v2/_x.hw.NUM_4096.CORE_10.FREQ_300/link/vivado/vpl/prj/prj.gen/my_rm/bd/ulp/ipshared/011b/hdl/verilog/NeuroRing_NeuroRing_Pipeline_VITIS_LOOP_94_1.v:2327]
WARNING: [Synth 8-3936] Found unconnected internal register 'zext_ln94_2_reg_1182_pp0_iter65_reg_reg' and it is trimmed from '13' to '9' bits. [/home/miahafiz/NeuroRing_a_sudoku_v2/_x.hw.NUM_4096.CORE_10.FREQ_300/link/vivado/vpl/prj/prj.gen/my_rm/bd/ulp/ipshared/011b/hdl/verilog/NeuroRing_NeuroRing_Pipeline_VITIS_LOOP_94_1.v:2326]
WARNING: [Synth 8-3936] Found unconnected internal register 'zext_ln94_2_reg_1182_pp0_iter64_reg_reg' and it is trimmed from '13' to '9' bits. [/home/miahafiz/NeuroRing_a_sudoku_v2/_x.hw.NUM_4096.CORE_10.FREQ_300/link/vivado/vpl/prj/prj.gen/my_rm/bd/ulp/ipshared/011b/hdl/verilog/NeuroRing_NeuroRing_Pipeline_VITIS_LOOP_94_1.v:2325]
WARNING: [Synth 8-3936] Found unconnected internal register 'zext_ln94_2_reg_1182_pp0_iter63_reg_reg' and it is trimmed from '13' to '9' bits. [/home/miahafiz/NeuroRing_a_sudoku_v2/_x.hw.NUM_4096.CORE_10.FREQ_300/link/vivado/vpl/prj/prj.gen/my_rm/bd/ulp/ipshared/011b/hdl/verilog/NeuroRing_NeuroRing_Pipeline_VITIS_LOOP_94_1.v:2324]
WARNING: [Synth 8-3936] Found unconnected internal register 'zext_ln94_2_reg_1182_pp0_iter62_reg_reg' and it is trimmed from '13' to '9' bits. [/home/miahafiz/NeuroRing_a_sudoku_v2/_x.hw.NUM_4096.CORE_10.FREQ_300/link/vivado/vpl/prj/prj.gen/my_rm/bd/ulp/ipshared/011b/hdl/verilog/NeuroRing_NeuroRing_Pipeline_VITIS_LOOP_94_1.v:2323]
WARNING: [Synth 8-3936] Found unconnected internal register 'zext_ln94_2_reg_1182_pp0_iter61_reg_reg' and it is trimmed from '13' to '9' bits. [/home/miahafiz/NeuroRing_a_sudoku_v2/_x.hw.NUM_4096.CORE_10.FREQ_300/link/vivado/vpl/prj/prj.gen/my_rm/bd/ulp/ipshared/011b/hdl/verilog/NeuroRing_NeuroRing_Pipeline_VITIS_LOOP_94_1.v:2322]
WARNING: [Synth 8-3936] Found unconnected internal register 'zext_ln94_2_reg_1182_pp0_iter60_reg_reg' and it is trimmed from '13' to '9' bits. [/home/miahafiz/NeuroRing_a_sudoku_v2/_x.hw.NUM_4096.CORE_10.FREQ_300/link/vivado/vpl/prj/prj.gen/my_rm/bd/ulp/ipshared/011b/hdl/verilog/NeuroRing_NeuroRing_Pipeline_VITIS_LOOP_94_1.v:2321]
WARNING: [Synth 8-3936] Found unconnected internal register 'zext_ln94_2_reg_1182_pp0_iter59_reg_reg' and it is trimmed from '13' to '9' bits. [/home/miahafiz/NeuroRing_a_sudoku_v2/_x.hw.NUM_4096.CORE_10.FREQ_300/link/vivado/vpl/prj/prj.gen/my_rm/bd/ulp/ipshared/011b/hdl/verilog/NeuroRing_NeuroRing_Pipeline_VITIS_LOOP_94_1.v:2319]
WARNING: [Synth 8-3936] Found unconnected internal register 'zext_ln94_2_reg_1182_pp0_iter58_reg_reg' and it is trimmed from '13' to '9' bits. [/home/miahafiz/NeuroRing_a_sudoku_v2/_x.hw.NUM_4096.CORE_10.FREQ_300/link/vivado/vpl/prj/prj.gen/my_rm/bd/ulp/ipshared/011b/hdl/verilog/NeuroRing_NeuroRing_Pipeline_VITIS_LOOP_94_1.v:2318]
WARNING: [Synth 8-3936] Found unconnected internal register 'zext_ln94_2_reg_1182_pp0_iter57_reg_reg' and it is trimmed from '13' to '9' bits. [/home/miahafiz/NeuroRing_a_sudoku_v2/_x.hw.NUM_4096.CORE_10.FREQ_300/link/vivado/vpl/prj/prj.gen/my_rm/bd/ulp/ipshared/011b/hdl/verilog/NeuroRing_NeuroRing_Pipeline_VITIS_LOOP_94_1.v:2317]
WARNING: [Synth 8-3936] Found unconnected internal register 'zext_ln94_2_reg_1182_pp0_iter56_reg_reg' and it is trimmed from '13' to '9' bits. [/home/miahafiz/NeuroRing_a_sudoku_v2/_x.hw.NUM_4096.CORE_10.FREQ_300/link/vivado/vpl/prj/prj.gen/my_rm/bd/ulp/ipshared/011b/hdl/verilog/NeuroRing_NeuroRing_Pipeline_VITIS_LOOP_94_1.v:2316]
WARNING: [Synth 8-3936] Found unconnected internal register 'zext_ln94_2_reg_1182_pp0_iter55_reg_reg' and it is trimmed from '13' to '9' bits. [/home/miahafiz/NeuroRing_a_sudoku_v2/_x.hw.NUM_4096.CORE_10.FREQ_300/link/vivado/vpl/prj/prj.gen/my_rm/bd/ulp/ipshared/011b/hdl/verilog/NeuroRing_NeuroRing_Pipeline_VITIS_LOOP_94_1.v:2315]
WARNING: [Synth 8-3936] Found unconnected internal register 'zext_ln94_2_reg_1182_pp0_iter54_reg_reg' and it is trimmed from '13' to '9' bits. [/home/miahafiz/NeuroRing_a_sudoku_v2/_x.hw.NUM_4096.CORE_10.FREQ_300/link/vivado/vpl/prj/prj.gen/my_rm/bd/ulp/ipshared/011b/hdl/verilog/NeuroRing_NeuroRing_Pipeline_VITIS_LOOP_94_1.v:2314]
WARNING: [Synth 8-3936] Found unconnected internal register 'zext_ln94_2_reg_1182_pp0_iter53_reg_reg' and it is trimmed from '13' to '9' bits. [/home/miahafiz/NeuroRing_a_sudoku_v2/_x.hw.NUM_4096.CORE_10.FREQ_300/link/vivado/vpl/prj/prj.gen/my_rm/bd/ulp/ipshared/011b/hdl/verilog/NeuroRing_NeuroRing_Pipeline_VITIS_LOOP_94_1.v:2313]
WARNING: [Synth 8-3936] Found unconnected internal register 'zext_ln94_2_reg_1182_pp0_iter52_reg_reg' and it is trimmed from '13' to '9' bits. [/home/miahafiz/NeuroRing_a_sudoku_v2/_x.hw.NUM_4096.CORE_10.FREQ_300/link/vivado/vpl/prj/prj.gen/my_rm/bd/ulp/ipshared/011b/hdl/verilog/NeuroRing_NeuroRing_Pipeline_VITIS_LOOP_94_1.v:2312]
WARNING: [Synth 8-3936] Found unconnected internal register 'zext_ln94_2_reg_1182_pp0_iter51_reg_reg' and it is trimmed from '13' to '9' bits. [/home/miahafiz/NeuroRing_a_sudoku_v2/_x.hw.NUM_4096.CORE_10.FREQ_300/link/vivado/vpl/prj/prj.gen/my_rm/bd/ulp/ipshared/011b/hdl/verilog/NeuroRing_NeuroRing_Pipeline_VITIS_LOOP_94_1.v:2311]
WARNING: [Synth 8-3936] Found unconnected internal register 'zext_ln94_2_reg_1182_pp0_iter50_reg_reg' and it is trimmed from '13' to '9' bits. [/home/miahafiz/NeuroRing_a_sudoku_v2/_x.hw.NUM_4096.CORE_10.FREQ_300/link/vivado/vpl/prj/prj.gen/my_rm/bd/ulp/ipshared/011b/hdl/verilog/NeuroRing_NeuroRing_Pipeline_VITIS_LOOP_94_1.v:2310]
WARNING: [Synth 8-3936] Found unconnected internal register 'zext_ln94_2_reg_1182_pp0_iter49_reg_reg' and it is trimmed from '13' to '9' bits. [/home/miahafiz/NeuroRing_a_sudoku_v2/_x.hw.NUM_4096.CORE_10.FREQ_300/link/vivado/vpl/prj/prj.gen/my_rm/bd/ulp/ipshared/011b/hdl/verilog/NeuroRing_NeuroRing_Pipeline_VITIS_LOOP_94_1.v:2308]
WARNING: [Synth 8-3936] Found unconnected internal register 'zext_ln94_2_reg_1182_pp0_iter48_reg_reg' and it is trimmed from '13' to '9' bits. [/home/miahafiz/NeuroRing_a_sudoku_v2/_x.hw.NUM_4096.CORE_10.FREQ_300/link/vivado/vpl/prj/prj.gen/my_rm/bd/ulp/ipshared/011b/hdl/verilog/NeuroRing_NeuroRing_Pipeline_VITIS_LOOP_94_1.v:2307]
WARNING: [Synth 8-3936] Found unconnected internal register 'zext_ln94_2_reg_1182_pp0_iter47_reg_reg' and it is trimmed from '13' to '9' bits. [/home/miahafiz/NeuroRing_a_sudoku_v2/_x.hw.NUM_4096.CORE_10.FREQ_300/link/vivado/vpl/prj/prj.gen/my_rm/bd/ulp/ipshared/011b/hdl/verilog/NeuroRing_NeuroRing_Pipeline_VITIS_LOOP_94_1.v:2306]
WARNING: [Synth 8-3936] Found unconnected internal register 'zext_ln94_2_reg_1182_pp0_iter46_reg_reg' and it is trimmed from '13' to '9' bits. [/home/miahafiz/NeuroRing_a_sudoku_v2/_x.hw.NUM_4096.CORE_10.FREQ_300/link/vivado/vpl/prj/prj.gen/my_rm/bd/ulp/ipshared/011b/hdl/verilog/NeuroRing_NeuroRing_Pipeline_VITIS_LOOP_94_1.v:2305]
WARNING: [Synth 8-3936] Found unconnected internal register 'zext_ln94_2_reg_1182_pp0_iter45_reg_reg' and it is trimmed from '13' to '9' bits. [/home/miahafiz/NeuroRing_a_sudoku_v2/_x.hw.NUM_4096.CORE_10.FREQ_300/link/vivado/vpl/prj/prj.gen/my_rm/bd/ulp/ipshared/011b/hdl/verilog/NeuroRing_NeuroRing_Pipeline_VITIS_LOOP_94_1.v:2304]
WARNING: [Synth 8-3936] Found unconnected internal register 'zext_ln94_2_reg_1182_pp0_iter44_reg_reg' and it is trimmed from '13' to '9' bits. [/home/miahafiz/NeuroRing_a_sudoku_v2/_x.hw.NUM_4096.CORE_10.FREQ_300/link/vivado/vpl/prj/prj.gen/my_rm/bd/ulp/ipshared/011b/hdl/verilog/NeuroRing_NeuroRing_Pipeline_VITIS_LOOP_94_1.v:2303]
WARNING: [Synth 8-3936] Found unconnected internal register 'zext_ln94_2_reg_1182_pp0_iter43_reg_reg' and it is trimmed from '13' to '9' bits. [/home/miahafiz/NeuroRing_a_sudoku_v2/_x.hw.NUM_4096.CORE_10.FREQ_300/link/vivado/vpl/prj/prj.gen/my_rm/bd/ulp/ipshared/011b/hdl/verilog/NeuroRing_NeuroRing_Pipeline_VITIS_LOOP_94_1.v:2302]
WARNING: [Synth 8-3936] Found unconnected internal register 'zext_ln94_2_reg_1182_pp0_iter42_reg_reg' and it is trimmed from '13' to '9' bits. [/home/miahafiz/NeuroRing_a_sudoku_v2/_x.hw.NUM_4096.CORE_10.FREQ_300/link/vivado/vpl/prj/prj.gen/my_rm/bd/ulp/ipshared/011b/hdl/verilog/NeuroRing_NeuroRing_Pipeline_VITIS_LOOP_94_1.v:2301]
WARNING: [Synth 8-3936] Found unconnected internal register 'zext_ln94_2_reg_1182_pp0_iter41_reg_reg' and it is trimmed from '13' to '9' bits. [/home/miahafiz/NeuroRing_a_sudoku_v2/_x.hw.NUM_4096.CORE_10.FREQ_300/link/vivado/vpl/prj/prj.gen/my_rm/bd/ulp/ipshared/011b/hdl/verilog/NeuroRing_NeuroRing_Pipeline_VITIS_LOOP_94_1.v:2300]
WARNING: [Synth 8-3936] Found unconnected internal register 'zext_ln94_2_reg_1182_pp0_iter40_reg_reg' and it is trimmed from '13' to '9' bits. [/home/miahafiz/NeuroRing_a_sudoku_v2/_x.hw.NUM_4096.CORE_10.FREQ_300/link/vivado/vpl/prj/prj.gen/my_rm/bd/ulp/ipshared/011b/hdl/verilog/NeuroRing_NeuroRing_Pipeline_VITIS_LOOP_94_1.v:2299]
WARNING: [Synth 8-3936] Found unconnected internal register 'zext_ln94_2_reg_1182_pp0_iter39_reg_reg' and it is trimmed from '13' to '9' bits. [/home/miahafiz/NeuroRing_a_sudoku_v2/_x.hw.NUM_4096.CORE_10.FREQ_300/link/vivado/vpl/prj/prj.gen/my_rm/bd/ulp/ipshared/011b/hdl/verilog/NeuroRing_NeuroRing_Pipeline_VITIS_LOOP_94_1.v:2297]
WARNING: [Synth 8-3936] Found unconnected internal register 'zext_ln94_2_reg_1182_pp0_iter38_reg_reg' and it is trimmed from '13' to '9' bits. [/home/miahafiz/NeuroRing_a_sudoku_v2/_x.hw.NUM_4096.CORE_10.FREQ_300/link/vivado/vpl/prj/prj.gen/my_rm/bd/ulp/ipshared/011b/hdl/verilog/NeuroRing_NeuroRing_Pipeline_VITIS_LOOP_94_1.v:2296]
WARNING: [Synth 8-3936] Found unconnected internal register 'zext_ln94_2_reg_1182_pp0_iter37_reg_reg' and it is trimmed from '13' to '9' bits. [/home/miahafiz/NeuroRing_a_sudoku_v2/_x.hw.NUM_4096.CORE_10.FREQ_300/link/vivado/vpl/prj/prj.gen/my_rm/bd/ulp/ipshared/011b/hdl/verilog/NeuroRing_NeuroRing_Pipeline_VITIS_LOOP_94_1.v:2295]
WARNING: [Synth 8-3936] Found unconnected internal register 'zext_ln94_2_reg_1182_pp0_iter36_reg_reg' and it is trimmed from '13' to '9' bits. [/home/miahafiz/NeuroRing_a_sudoku_v2/_x.hw.NUM_4096.CORE_10.FREQ_300/link/vivado/vpl/prj/prj.gen/my_rm/bd/ulp/ipshared/011b/hdl/verilog/NeuroRing_NeuroRing_Pipeline_VITIS_LOOP_94_1.v:2294]
WARNING: [Synth 8-3936] Found unconnected internal register 'zext_ln94_2_reg_1182_pp0_iter35_reg_reg' and it is trimmed from '13' to '9' bits. [/home/miahafiz/NeuroRing_a_sudoku_v2/_x.hw.NUM_4096.CORE_10.FREQ_300/link/vivado/vpl/prj/prj.gen/my_rm/bd/ulp/ipshared/011b/hdl/verilog/NeuroRing_NeuroRing_Pipeline_VITIS_LOOP_94_1.v:2293]
WARNING: [Synth 8-3936] Found unconnected internal register 'zext_ln94_2_reg_1182_pp0_iter34_reg_reg' and it is trimmed from '13' to '9' bits. [/home/miahafiz/NeuroRing_a_sudoku_v2/_x.hw.NUM_4096.CORE_10.FREQ_300/link/vivado/vpl/prj/prj.gen/my_rm/bd/ulp/ipshared/011b/hdl/verilog/NeuroRing_NeuroRing_Pipeline_VITIS_LOOP_94_1.v:2292]
WARNING: [Synth 8-3936] Found unconnected internal register 'zext_ln94_2_reg_1182_pp0_iter33_reg_reg' and it is trimmed from '13' to '9' bits. [/home/miahafiz/NeuroRing_a_sudoku_v2/_x.hw.NUM_4096.CORE_10.FREQ_300/link/vivado/vpl/prj/prj.gen/my_rm/bd/ulp/ipshared/011b/hdl/verilog/NeuroRing_NeuroRing_Pipeline_VITIS_LOOP_94_1.v:2291]
WARNING: [Synth 8-3936] Found unconnected internal register 'zext_ln94_2_reg_1182_pp0_iter32_reg_reg' and it is trimmed from '13' to '9' bits. [/home/miahafiz/NeuroRing_a_sudoku_v2/_x.hw.NUM_4096.CORE_10.FREQ_300/link/vivado/vpl/prj/prj.gen/my_rm/bd/ulp/ipshared/011b/hdl/verilog/NeuroRing_NeuroRing_Pipeline_VITIS_LOOP_94_1.v:2290]
WARNING: [Synth 8-3936] Found unconnected internal register 'zext_ln94_2_reg_1182_pp0_iter31_reg_reg' and it is trimmed from '13' to '9' bits. [/home/miahafiz/NeuroRing_a_sudoku_v2/_x.hw.NUM_4096.CORE_10.FREQ_300/link/vivado/vpl/prj/prj.gen/my_rm/bd/ulp/ipshared/011b/hdl/verilog/NeuroRing_NeuroRing_Pipeline_VITIS_LOOP_94_1.v:2289]
WARNING: [Synth 8-3936] Found unconnected internal register 'zext_ln94_2_reg_1182_pp0_iter30_reg_reg' and it is trimmed from '13' to '9' bits. [/home/miahafiz/NeuroRing_a_sudoku_v2/_x.hw.NUM_4096.CORE_10.FREQ_300/link/vivado/vpl/prj/prj.gen/my_rm/bd/ulp/ipshared/011b/hdl/verilog/NeuroRing_NeuroRing_Pipeline_VITIS_LOOP_94_1.v:2288]
WARNING: [Synth 8-3936] Found unconnected internal register 'zext_ln94_2_reg_1182_pp0_iter29_reg_reg' and it is trimmed from '13' to '9' bits. [/home/miahafiz/NeuroRing_a_sudoku_v2/_x.hw.NUM_4096.CORE_10.FREQ_300/link/vivado/vpl/prj/prj.gen/my_rm/bd/ulp/ipshared/011b/hdl/verilog/NeuroRing_NeuroRing_Pipeline_VITIS_LOOP_94_1.v:2286]
WARNING: [Synth 8-3936] Found unconnected internal register 'zext_ln94_2_reg_1182_pp0_iter28_reg_reg' and it is trimmed from '13' to '9' bits. [/home/miahafiz/NeuroRing_a_sudoku_v2/_x.hw.NUM_4096.CORE_10.FREQ_300/link/vivado/vpl/prj/prj.gen/my_rm/bd/ulp/ipshared/011b/hdl/verilog/NeuroRing_NeuroRing_Pipeline_VITIS_LOOP_94_1.v:2285]
WARNING: [Synth 8-3936] Found unconnected internal register 'zext_ln94_2_reg_1182_pp0_iter27_reg_reg' and it is trimmed from '13' to '9' bits. [/home/miahafiz/NeuroRing_a_sudoku_v2/_x.hw.NUM_4096.CORE_10.FREQ_300/link/vivado/vpl/prj/prj.gen/my_rm/bd/ulp/ipshared/011b/hdl/verilog/NeuroRing_NeuroRing_Pipeline_VITIS_LOOP_94_1.v:2284]
WARNING: [Synth 8-3936] Found unconnected internal register 'zext_ln94_2_reg_1182_pp0_iter26_reg_reg' and it is trimmed from '13' to '9' bits. [/home/miahafiz/NeuroRing_a_sudoku_v2/_x.hw.NUM_4096.CORE_10.FREQ_300/link/vivado/vpl/prj/prj.gen/my_rm/bd/ulp/ipshared/011b/hdl/verilog/NeuroRing_NeuroRing_Pipeline_VITIS_LOOP_94_1.v:2283]
WARNING: [Synth 8-3936] Found unconnected internal register 'zext_ln94_2_reg_1182_pp0_iter25_reg_reg' and it is trimmed from '13' to '9' bits. [/home/miahafiz/NeuroRing_a_sudoku_v2/_x.hw.NUM_4096.CORE_10.FREQ_300/link/vivado/vpl/prj/prj.gen/my_rm/bd/ulp/ipshared/011b/hdl/verilog/NeuroRing_NeuroRing_Pipeline_VITIS_LOOP_94_1.v:2282]
WARNING: [Synth 8-3936] Found unconnected internal register 'zext_ln94_2_reg_1182_pp0_iter24_reg_reg' and it is trimmed from '13' to '9' bits. [/home/miahafiz/NeuroRing_a_sudoku_v2/_x.hw.NUM_4096.CORE_10.FREQ_300/link/vivado/vpl/prj/prj.gen/my_rm/bd/ulp/ipshared/011b/hdl/verilog/NeuroRing_NeuroRing_Pipeline_VITIS_LOOP_94_1.v:2281]
WARNING: [Synth 8-3936] Found unconnected internal register 'zext_ln94_2_reg_1182_pp0_iter23_reg_reg' and it is trimmed from '13' to '9' bits. [/home/miahafiz/NeuroRing_a_sudoku_v2/_x.hw.NUM_4096.CORE_10.FREQ_300/link/vivado/vpl/prj/prj.gen/my_rm/bd/ulp/ipshared/011b/hdl/verilog/NeuroRing_NeuroRing_Pipeline_VITIS_LOOP_94_1.v:2280]
WARNING: [Synth 8-3936] Found unconnected internal register 'zext_ln94_2_reg_1182_pp0_iter22_reg_reg' and it is trimmed from '13' to '9' bits. [/home/miahafiz/NeuroRing_a_sudoku_v2/_x.hw.NUM_4096.CORE_10.FREQ_300/link/vivado/vpl/prj/prj.gen/my_rm/bd/ulp/ipshared/011b/hdl/verilog/NeuroRing_NeuroRing_Pipeline_VITIS_LOOP_94_1.v:2279]
WARNING: [Synth 8-3936] Found unconnected internal register 'zext_ln94_2_reg_1182_pp0_iter21_reg_reg' and it is trimmed from '13' to '9' bits. [/home/miahafiz/NeuroRing_a_sudoku_v2/_x.hw.NUM_4096.CORE_10.FREQ_300/link/vivado/vpl/prj/prj.gen/my_rm/bd/ulp/ipshared/011b/hdl/verilog/NeuroRing_NeuroRing_Pipeline_VITIS_LOOP_94_1.v:2278]
WARNING: [Synth 8-3936] Found unconnected internal register 'zext_ln94_2_reg_1182_pp0_iter20_reg_reg' and it is trimmed from '13' to '9' bits. [/home/miahafiz/NeuroRing_a_sudoku_v2/_x.hw.NUM_4096.CORE_10.FREQ_300/link/vivado/vpl/prj/prj.gen/my_rm/bd/ulp/ipshared/011b/hdl/verilog/NeuroRing_NeuroRing_Pipeline_VITIS_LOOP_94_1.v:2277]
WARNING: [Synth 8-3936] Found unconnected internal register 'zext_ln94_2_reg_1182_pp0_iter19_reg_reg' and it is trimmed from '13' to '9' bits. [/home/miahafiz/NeuroRing_a_sudoku_v2/_x.hw.NUM_4096.CORE_10.FREQ_300/link/vivado/vpl/prj/prj.gen/my_rm/bd/ulp/ipshared/011b/hdl/verilog/NeuroRing_NeuroRing_Pipeline_VITIS_LOOP_94_1.v:2276]
WARNING: [Synth 8-3936] Found unconnected internal register 'zext_ln94_2_reg_1182_pp0_iter18_reg_reg' and it is trimmed from '13' to '9' bits. [/home/miahafiz/NeuroRing_a_sudoku_v2/_x.hw.NUM_4096.CORE_10.FREQ_300/link/vivado/vpl/prj/prj.gen/my_rm/bd/ulp/ipshared/011b/hdl/verilog/NeuroRing_NeuroRing_Pipeline_VITIS_LOOP_94_1.v:2275]
WARNING: [Synth 8-3936] Found unconnected internal register 'zext_ln94_2_reg_1182_pp0_iter17_reg_reg' and it is trimmed from '13' to '9' bits. [/home/miahafiz/NeuroRing_a_sudoku_v2/_x.hw.NUM_4096.CORE_10.FREQ_300/link/vivado/vpl/prj/prj.gen/my_rm/bd/ulp/ipshared/011b/hdl/verilog/NeuroRing_NeuroRing_Pipeline_VITIS_LOOP_94_1.v:2274]
WARNING: [Synth 8-3936] Found unconnected internal register 'zext_ln94_2_reg_1182_pp0_iter16_reg_reg' and it is trimmed from '13' to '9' bits. [/home/miahafiz/NeuroRing_a_sudoku_v2/_x.hw.NUM_4096.CORE_10.FREQ_300/link/vivado/vpl/prj/prj.gen/my_rm/bd/ulp/ipshared/011b/hdl/verilog/NeuroRing_NeuroRing_Pipeline_VITIS_LOOP_94_1.v:2273]
WARNING: [Synth 8-3936] Found unconnected internal register 'zext_ln94_2_reg_1182_pp0_iter15_reg_reg' and it is trimmed from '13' to '9' bits. [/home/miahafiz/NeuroRing_a_sudoku_v2/_x.hw.NUM_4096.CORE_10.FREQ_300/link/vivado/vpl/prj/prj.gen/my_rm/bd/ulp/ipshared/011b/hdl/verilog/NeuroRing_NeuroRing_Pipeline_VITIS_LOOP_94_1.v:2272]
WARNING: [Synth 8-3936] Found unconnected internal register 'zext_ln94_2_reg_1182_pp0_iter14_reg_reg' and it is trimmed from '13' to '9' bits. [/home/miahafiz/NeuroRing_a_sudoku_v2/_x.hw.NUM_4096.CORE_10.FREQ_300/link/vivado/vpl/prj/prj.gen/my_rm/bd/ulp/ipshared/011b/hdl/verilog/NeuroRing_NeuroRing_Pipeline_VITIS_LOOP_94_1.v:2271]
WARNING: [Synth 8-3936] Found unconnected internal register 'zext_ln94_2_reg_1182_pp0_iter13_reg_reg' and it is trimmed from '13' to '9' bits. [/home/miahafiz/NeuroRing_a_sudoku_v2/_x.hw.NUM_4096.CORE_10.FREQ_300/link/vivado/vpl/prj/prj.gen/my_rm/bd/ulp/ipshared/011b/hdl/verilog/NeuroRing_NeuroRing_Pipeline_VITIS_LOOP_94_1.v:2270]
WARNING: [Synth 8-3936] Found unconnected internal register 'zext_ln94_2_reg_1182_pp0_iter12_reg_reg' and it is trimmed from '13' to '9' bits. [/home/miahafiz/NeuroRing_a_sudoku_v2/_x.hw.NUM_4096.CORE_10.FREQ_300/link/vivado/vpl/prj/prj.gen/my_rm/bd/ulp/ipshared/011b/hdl/verilog/NeuroRing_NeuroRing_Pipeline_VITIS_LOOP_94_1.v:2269]
WARNING: [Synth 8-3936] Found unconnected internal register 'zext_ln94_2_reg_1182_pp0_iter11_reg_reg' and it is trimmed from '13' to '9' bits. [/home/miahafiz/NeuroRing_a_sudoku_v2/_x.hw.NUM_4096.CORE_10.FREQ_300/link/vivado/vpl/prj/prj.gen/my_rm/bd/ulp/ipshared/011b/hdl/verilog/NeuroRing_NeuroRing_Pipeline_VITIS_LOOP_94_1.v:2268]
WARNING: [Synth 8-3936] Found unconnected internal register 'zext_ln94_2_reg_1182_pp0_iter10_reg_reg' and it is trimmed from '13' to '9' bits. [/home/miahafiz/NeuroRing_a_sudoku_v2/_x.hw.NUM_4096.CORE_10.FREQ_300/link/vivado/vpl/prj/prj.gen/my_rm/bd/ulp/ipshared/011b/hdl/verilog/NeuroRing_NeuroRing_Pipeline_VITIS_LOOP_94_1.v:2267]
WARNING: [Synth 8-3936] Found unconnected internal register 'zext_ln94_2_reg_1182_pp0_iter9_reg_reg' and it is trimmed from '13' to '9' bits. [/home/miahafiz/NeuroRing_a_sudoku_v2/_x.hw.NUM_4096.CORE_10.FREQ_300/link/vivado/vpl/prj/prj.gen/my_rm/bd/ulp/ipshared/011b/hdl/verilog/NeuroRing_NeuroRing_Pipeline_VITIS_LOOP_94_1.v:2267]
WARNING: [Synth 8-3936] Found unconnected internal register 'zext_ln94_2_reg_1182_pp0_iter8_reg_reg' and it is trimmed from '13' to '9' bits. [/home/miahafiz/NeuroRing_a_sudoku_v2/_x.hw.NUM_4096.CORE_10.FREQ_300/link/vivado/vpl/prj/prj.gen/my_rm/bd/ulp/ipshared/011b/hdl/verilog/NeuroRing_NeuroRing_Pipeline_VITIS_LOOP_94_1.v:2346]
WARNING: [Synth 8-3936] Found unconnected internal register 'zext_ln94_2_reg_1182_pp0_iter7_reg_reg' and it is trimmed from '13' to '9' bits. [/home/miahafiz/NeuroRing_a_sudoku_v2/_x.hw.NUM_4096.CORE_10.FREQ_300/link/vivado/vpl/prj/prj.gen/my_rm/bd/ulp/ipshared/011b/hdl/verilog/NeuroRing_NeuroRing_Pipeline_VITIS_LOOP_94_1.v:2342]
WARNING: [Synth 8-3936] Found unconnected internal register 'zext_ln94_2_reg_1182_pp0_iter6_reg_reg' and it is trimmed from '13' to '9' bits. [/home/miahafiz/NeuroRing_a_sudoku_v2/_x.hw.NUM_4096.CORE_10.FREQ_300/link/vivado/vpl/prj/prj.gen/my_rm/bd/ulp/ipshared/011b/hdl/verilog/NeuroRing_NeuroRing_Pipeline_VITIS_LOOP_94_1.v:2331]
WARNING: [Synth 8-3936] Found unconnected internal register 'zext_ln94_2_reg_1182_pp0_iter5_reg_reg' and it is trimmed from '13' to '9' bits. [/home/miahafiz/NeuroRing_a_sudoku_v2/_x.hw.NUM_4096.CORE_10.FREQ_300/link/vivado/vpl/prj/prj.gen/my_rm/bd/ulp/ipshared/011b/hdl/verilog/NeuroRing_NeuroRing_Pipeline_VITIS_LOOP_94_1.v:2320]
WARNING: [Synth 8-3936] Found unconnected internal register 'zext_ln94_2_reg_1182_pp0_iter4_reg_reg' and it is trimmed from '13' to '9' bits. [/home/miahafiz/NeuroRing_a_sudoku_v2/_x.hw.NUM_4096.CORE_10.FREQ_300/link/vivado/vpl/prj/prj.gen/my_rm/bd/ulp/ipshared/011b/hdl/verilog/NeuroRing_NeuroRing_Pipeline_VITIS_LOOP_94_1.v:2309]
WARNING: [Synth 8-3936] Found unconnected internal register 'zext_ln94_2_reg_1182_pp0_iter3_reg_reg' and it is trimmed from '13' to '9' bits. [/home/miahafiz/NeuroRing_a_sudoku_v2/_x.hw.NUM_4096.CORE_10.FREQ_300/link/vivado/vpl/prj/prj.gen/my_rm/bd/ulp/ipshared/011b/hdl/verilog/NeuroRing_NeuroRing_Pipeline_VITIS_LOOP_94_1.v:2298]
WARNING: [Synth 8-3936] Found unconnected internal register 'zext_ln94_2_reg_1182_pp0_iter2_reg_reg' and it is trimmed from '13' to '9' bits. [/home/miahafiz/NeuroRing_a_sudoku_v2/_x.hw.NUM_4096.CORE_10.FREQ_300/link/vivado/vpl/prj/prj.gen/my_rm/bd/ulp/ipshared/011b/hdl/verilog/NeuroRing_NeuroRing_Pipeline_VITIS_LOOP_94_1.v:2287]
WARNING: [Synth 8-3936] Found unconnected internal register 'zext_ln94_2_reg_1182_reg' and it is trimmed from '13' to '9' bits. [/home/miahafiz/NeuroRing_a_sudoku_v2/_x.hw.NUM_4096.CORE_10.FREQ_300/link/vivado/vpl/prj/prj.gen/my_rm/bd/ulp/ipshared/011b/hdl/verilog/NeuroRing_NeuroRing_Pipeline_VITIS_LOOP_94_1.v:2353]
WARNING: [Synth 8-3936] Found unconnected internal register 'i_2_reg_1164_pp0_iter75_reg_reg' and it is trimmed from '13' to '12' bits. [/home/miahafiz/NeuroRing_a_sudoku_v2/_x.hw.NUM_4096.CORE_10.FREQ_300/link/vivado/vpl/prj/prj.gen/my_rm/bd/ulp/ipshared/011b/hdl/verilog/NeuroRing_NeuroRing_Pipeline_VITIS_LOOP_94_1.v:2164]
WARNING: [Synth 8-3936] Found unconnected internal register 'i_2_reg_1164_pp0_iter74_reg_reg' and it is trimmed from '13' to '12' bits. [/home/miahafiz/NeuroRing_a_sudoku_v2/_x.hw.NUM_4096.CORE_10.FREQ_300/link/vivado/vpl/prj/prj.gen/my_rm/bd/ulp/ipshared/011b/hdl/verilog/NeuroRing_NeuroRing_Pipeline_VITIS_LOOP_94_1.v:2163]
WARNING: [Synth 8-3936] Found unconnected internal register 'i_2_reg_1164_pp0_iter73_reg_reg' and it is trimmed from '13' to '12' bits. [/home/miahafiz/NeuroRing_a_sudoku_v2/_x.hw.NUM_4096.CORE_10.FREQ_300/link/vivado/vpl/prj/prj.gen/my_rm/bd/ulp/ipshared/011b/hdl/verilog/NeuroRing_NeuroRing_Pipeline_VITIS_LOOP_94_1.v:2162]
WARNING: [Synth 8-3936] Found unconnected internal register 'i_2_reg_1164_pp0_iter72_reg_reg' and it is trimmed from '13' to '12' bits. [/home/miahafiz/NeuroRing_a_sudoku_v2/_x.hw.NUM_4096.CORE_10.FREQ_300/link/vivado/vpl/prj/prj.gen/my_rm/bd/ulp/ipshared/011b/hdl/verilog/NeuroRing_NeuroRing_Pipeline_VITIS_LOOP_94_1.v:2161]
WARNING: [Synth 8-3936] Found unconnected internal register 'i_2_reg_1164_pp0_iter71_reg_reg' and it is trimmed from '13' to '12' bits. [/home/miahafiz/NeuroRing_a_sudoku_v2/_x.hw.NUM_4096.CORE_10.FREQ_300/link/vivado/vpl/prj/prj.gen/my_rm/bd/ulp/ipshared/011b/hdl/verilog/NeuroRing_NeuroRing_Pipeline_VITIS_LOOP_94_1.v:2160]
WARNING: [Synth 8-3936] Found unconnected internal register 'i_2_reg_1164_pp0_iter70_reg_reg' and it is trimmed from '13' to '12' bits. [/home/miahafiz/NeuroRing_a_sudoku_v2/_x.hw.NUM_4096.CORE_10.FREQ_300/link/vivado/vpl/prj/prj.gen/my_rm/bd/ulp/ipshared/011b/hdl/verilog/NeuroRing_NeuroRing_Pipeline_VITIS_LOOP_94_1.v:2159]
WARNING: [Synth 8-3936] Found unconnected internal register 'i_2_reg_1164_pp0_iter69_reg_reg' and it is trimmed from '13' to '12' bits. [/home/miahafiz/NeuroRing_a_sudoku_v2/_x.hw.NUM_4096.CORE_10.FREQ_300/link/vivado/vpl/prj/prj.gen/my_rm/bd/ulp/ipshared/011b/hdl/verilog/NeuroRing_NeuroRing_Pipeline_VITIS_LOOP_94_1.v:2157]
WARNING: [Synth 8-3936] Found unconnected internal register 'i_2_reg_1164_pp0_iter68_reg_reg' and it is trimmed from '13' to '12' bits. [/home/miahafiz/NeuroRing_a_sudoku_v2/_x.hw.NUM_4096.CORE_10.FREQ_300/link/vivado/vpl/prj/prj.gen/my_rm/bd/ulp/ipshared/011b/hdl/verilog/NeuroRing_NeuroRing_Pipeline_VITIS_LOOP_94_1.v:2156]
WARNING: [Synth 8-3936] Found unconnected internal register 'i_2_reg_1164_pp0_iter67_reg_reg' and it is trimmed from '13' to '12' bits. [/home/miahafiz/NeuroRing_a_sudoku_v2/_x.hw.NUM_4096.CORE_10.FREQ_300/link/vivado/vpl/prj/prj.gen/my_rm/bd/ulp/ipshared/011b/hdl/verilog/NeuroRing_NeuroRing_Pipeline_VITIS_LOOP_94_1.v:2155]
WARNING: [Synth 8-3936] Found unconnected internal register 'i_2_reg_1164_pp0_iter66_reg_reg' and it is trimmed from '13' to '12' bits. [/home/miahafiz/NeuroRing_a_sudoku_v2/_x.hw.NUM_4096.CORE_10.FREQ_300/link/vivado/vpl/prj/prj.gen/my_rm/bd/ulp/ipshared/011b/hdl/verilog/NeuroRing_NeuroRing_Pipeline_VITIS_LOOP_94_1.v:2154]
WARNING: [Synth 8-3936] Found unconnected internal register 'i_2_reg_1164_pp0_iter65_reg_reg' and it is trimmed from '13' to '12' bits. [/home/miahafiz/NeuroRing_a_sudoku_v2/_x.hw.NUM_4096.CORE_10.FREQ_300/link/vivado/vpl/prj/prj.gen/my_rm/bd/ulp/ipshared/011b/hdl/verilog/NeuroRing_NeuroRing_Pipeline_VITIS_LOOP_94_1.v:2153]
WARNING: [Synth 8-3936] Found unconnected internal register 'i_2_reg_1164_pp0_iter64_reg_reg' and it is trimmed from '13' to '12' bits. [/home/miahafiz/NeuroRing_a_sudoku_v2/_x.hw.NUM_4096.CORE_10.FREQ_300/link/vivado/vpl/prj/prj.gen/my_rm/bd/ulp/ipshared/011b/hdl/verilog/NeuroRing_NeuroRing_Pipeline_VITIS_LOOP_94_1.v:2152]
WARNING: [Synth 8-3936] Found unconnected internal register 'i_2_reg_1164_pp0_iter63_reg_reg' and it is trimmed from '13' to '12' bits. [/home/miahafiz/NeuroRing_a_sudoku_v2/_x.hw.NUM_4096.CORE_10.FREQ_300/link/vivado/vpl/prj/prj.gen/my_rm/bd/ulp/ipshared/011b/hdl/verilog/NeuroRing_NeuroRing_Pipeline_VITIS_LOOP_94_1.v:2151]
WARNING: [Synth 8-3936] Found unconnected internal register 'i_2_reg_1164_pp0_iter62_reg_reg' and it is trimmed from '13' to '12' bits. [/home/miahafiz/NeuroRing_a_sudoku_v2/_x.hw.NUM_4096.CORE_10.FREQ_300/link/vivado/vpl/prj/prj.gen/my_rm/bd/ulp/ipshared/011b/hdl/verilog/NeuroRing_NeuroRing_Pipeline_VITIS_LOOP_94_1.v:2150]
WARNING: [Synth 8-3936] Found unconnected internal register 'i_2_reg_1164_pp0_iter61_reg_reg' and it is trimmed from '13' to '12' bits. [/home/miahafiz/NeuroRing_a_sudoku_v2/_x.hw.NUM_4096.CORE_10.FREQ_300/link/vivado/vpl/prj/prj.gen/my_rm/bd/ulp/ipshared/011b/hdl/verilog/NeuroRing_NeuroRing_Pipeline_VITIS_LOOP_94_1.v:2149]
WARNING: [Synth 8-3936] Found unconnected internal register 'i_2_reg_1164_pp0_iter60_reg_reg' and it is trimmed from '13' to '12' bits. [/home/miahafiz/NeuroRing_a_sudoku_v2/_x.hw.NUM_4096.CORE_10.FREQ_300/link/vivado/vpl/prj/prj.gen/my_rm/bd/ulp/ipshared/011b/hdl/verilog/NeuroRing_NeuroRing_Pipeline_VITIS_LOOP_94_1.v:2148]
WARNING: [Synth 8-3936] Found unconnected internal register 'i_2_reg_1164_pp0_iter59_reg_reg' and it is trimmed from '13' to '12' bits. [/home/miahafiz/NeuroRing_a_sudoku_v2/_x.hw.NUM_4096.CORE_10.FREQ_300/link/vivado/vpl/prj/prj.gen/my_rm/bd/ulp/ipshared/011b/hdl/verilog/NeuroRing_NeuroRing_Pipeline_VITIS_LOOP_94_1.v:2146]
WARNING: [Synth 8-3936] Found unconnected internal register 'i_2_reg_1164_pp0_iter58_reg_reg' and it is trimmed from '13' to '12' bits. [/home/miahafiz/NeuroRing_a_sudoku_v2/_x.hw.NUM_4096.CORE_10.FREQ_300/link/vivado/vpl/prj/prj.gen/my_rm/bd/ulp/ipshared/011b/hdl/verilog/NeuroRing_NeuroRing_Pipeline_VITIS_LOOP_94_1.v:2145]
INFO: [Common 17-14] Message 'Synth 8-3936' appears 100 times and further instances of the messages will be disabled.
INFO: [Synth 8-802] inferred FSM for state register 'wstate_reg' in module 'NeuroRing_control_s_axi'
INFO: [Synth 8-802] inferred FSM for state register 'rstate_reg' in module 'NeuroRing_control_s_axi'
INFO: [Synth 8-802] inferred FSM for state register 'state_reg' in module 'NeuroRing_gmem_syn_m_axi_reg_slice'
INFO: [Synth 8-802] inferred FSM for state register 'state_reg' in module 'NeuroRing_gmem_syn_m_axi_reg_slice__parameterized0'
INFO: [Synth 8-802] inferred FSM for state register 'state_reg' in module 'NeuroRing_gmem_syn_m_axi_reg_slice__parameterized1'
INFO: [Synth 8-802] inferred FSM for state register 'state_reg' in module 'NeuroRing_gmem_syn_m_axi_reg_slice__parameterized2'
INFO: [Synth 8-802] inferred FSM for state register 'state_reg' in module 'NeuroRing_gmem_syn_m_axi_reg_slice__parameterized3'
INFO: [Synth 8-802] inferred FSM for state register 'state_reg' in module 'NeuroRing_regslice_both'
INFO: [Synth 8-802] inferred FSM for state register 'state_reg' in module 'NeuroRing_regslice_both__parameterized0'
INFO: [Synth 8-802] inferred FSM for state register 'state_reg' in module 'NeuroRing_regslice_both__parameterized1'
INFO: [Synth 8-4490] FSM extraction disabled for register 'ap_CS_fsm_reg' through user attribute
INFO: [Synth 8-4490] FSM extraction disabled for register 'ap_CS_fsm_reg' through user attribute
---------------------------------------------------------------------------------------------------
                   State |                     New Encoding |                Previous Encoding 
---------------------------------------------------------------------------------------------------
                  iSTATE |                             0001 |                               11
*
                  WRIDLE |                             0010 |                               00
                  WRDATA |                             0100 |                               01
                  WRRESP |                             1000 |                               10
---------------------------------------------------------------------------------------------------
INFO: [Synth 8-3354] encoded FSM with state register 'wstate_reg' using encoding 'one-hot' in module 'NeuroRing_control_s_axi'
---------------------------------------------------------------------------------------------------
                   State |                     New Encoding |                Previous Encoding 
---------------------------------------------------------------------------------------------------
                  iSTATE |                              001 |                               10
*
                  RDIDLE |                              010 |                               00
                  RDDATA |                              100 |                               01
---------------------------------------------------------------------------------------------------
INFO: [Synth 8-3354] encoded FSM with state register 'rstate_reg' using encoding 'one-hot' in module 'NeuroRing_control_s_axi'
---------------------------------------------------------------------------------------------------
                   State |                     New Encoding |                Previous Encoding 
---------------------------------------------------------------------------------------------------
                    ZERO |                               00 |                               10
                     ONE |                               10 |                               11
                     TWO |                               01 |                               01
---------------------------------------------------------------------------------------------------
INFO: [Synth 8-3354] encoded FSM with state register 'state_reg' using encoding 'sequential' in module 'NeuroRing_gmem_syn_m_axi_reg_slice'
---------------------------------------------------------------------------------------------------
                   State |                     New Encoding |                Previous Encoding 
---------------------------------------------------------------------------------------------------
                    ZERO |                               00 |                               10
                     ONE |                               10 |                               11
                     TWO |                               01 |                               01
---------------------------------------------------------------------------------------------------
INFO: [Synth 8-3354] encoded FSM with state register 'state_reg' using encoding 'sequential' in module 'NeuroRing_gmem_syn_m_axi_reg_slice__parameterized0'
---------------------------------------------------------------------------------------------------
                   State |                     New Encoding |                Previous Encoding 
---------------------------------------------------------------------------------------------------
                    ZERO |                               00 |                               10
                     ONE |                               10 |                               11
                     TWO |                               01 |                               01
---------------------------------------------------------------------------------------------------
INFO: [Synth 8-3354] encoded FSM with state register 'state_reg' using encoding 'sequential' in module 'NeuroRing_gmem_syn_m_axi_reg_slice__parameterized1'
---------------------------------------------------------------------------------------------------
                   State |                     New Encoding |                Previous Encoding 
---------------------------------------------------------------------------------------------------
                    ZERO |                               00 |                               10
                     ONE |                               10 |                               11
                     TWO |                               01 |                               01
---------------------------------------------------------------------------------------------------
INFO: [Synth 8-3354] encoded FSM with state register 'state_reg' using encoding 'sequential' in module 'NeuroRing_gmem_syn_m_axi_reg_slice__parameterized2'
---------------------------------------------------------------------------------------------------
                   State |                     New Encoding |                Previous Encoding 
---------------------------------------------------------------------------------------------------
                    ZERO |                               00 |                               10
                     ONE |                               10 |                               11
                     TWO |                               01 |                               01
---------------------------------------------------------------------------------------------------
INFO: [Synth 8-3354] encoded FSM with state register 'state_reg' using encoding 'sequential' in module 'NeuroRing_gmem_syn_m_axi_reg_slice__parameterized3'
---------------------------------------------------------------------------------------------------
                   State |                     New Encoding |                Previous Encoding 
---------------------------------------------------------------------------------------------------
                  iSTATE |                               00 |                               00
*
                    ZERO |                               01 |                               10
                     ONE |                               11 |                               11
                     TWO |                               10 |                               01
---------------------------------------------------------------------------------------------------
INFO: [Synth 8-3354] encoded FSM with state register 'state_reg' using encoding 'sequential' in module 'NeuroRing_regslice_both'
---------------------------------------------------------------------------------------------------
                   State |                     New Encoding |                Previous Encoding 
---------------------------------------------------------------------------------------------------
                  iSTATE |                               00 |                               00
*
                    ZERO |                               01 |                               10
                     ONE |                               11 |                               11
                     TWO |                               10 |                               01
---------------------------------------------------------------------------------------------------
INFO: [Synth 8-3354] encoded FSM with state register 'state_reg' using encoding 'sequential' in module 'NeuroRing_regslice_both__parameterized0'
---------------------------------------------------------------------------------------------------
                   State |                     New Encoding |                Previous Encoding 
---------------------------------------------------------------------------------------------------
                  iSTATE |                               00 |                               00
*
                    ZERO |                               01 |                               10
                     ONE |                               11 |                               11
                     TWO |                               10 |                               01
---------------------------------------------------------------------------------------------------
INFO: [Synth 8-3354] encoded FSM with state register 'state_reg' using encoding 'sequential' in module 'NeuroRing_regslice_both__parameterized1'
---------------------------------------------------------------------------------
Finished RTL Optimization Phase 2 : Time (s): cpu = 00:01:19 ; elapsed = 00:01:32 . Memory (MB): peak = 4127.887 ; gain = 1177.289 ; free physical = 6866 ; free virtual = 87468
---------------------------------------------------------------------------------
INFO: [Synth 8-223] decloning instance 'NeuroRing_fadd_32ns_32ns_32_7_full_dsp_1_ip:/U0/i_synth/DELAY_DIVIDE_BY_ZERO' (delay__parameterized0) to 'NeuroRing_fadd_32ns_32ns_32_7_full_dsp_1_ip:/U0/i_synth/DELAY_ACCUM_OVERFLOW'
INFO: [Synth 8-223] decloning instance 'NeuroRing_fadd_32ns_32ns_32_7_full_dsp_1_ip:/U0/i_synth/DELAY_DIVIDE_BY_ZERO' (delay__parameterized0) to 'NeuroRing_fadd_32ns_32ns_32_7_full_dsp_1_ip:/U0/i_synth/DELAY_ACCUM_INPUT_OVERFLOW'
INFO: [Synth 8-223] decloning instance 'NeuroRing_fmul_32ns_32ns_32_4_max_dsp_1_ip:/U0/i_synth/DELAY_DIVIDE_BY_ZERO' (delay__parameterized0) to 'NeuroRing_fmul_32ns_32ns_32_4_max_dsp_1_ip:/U0/i_synth/DELAY_ACCUM_OVERFLOW'
INFO: [Synth 8-223] decloning instance 'NeuroRing_fmul_32ns_32ns_32_4_max_dsp_1_ip:/U0/i_synth/DELAY_DIVIDE_BY_ZERO' (delay__parameterized0) to 'NeuroRing_fmul_32ns_32ns_32_4_max_dsp_1_ip:/U0/i_synth/DELAY_ACCUM_INPUT_OVERFLOW'
INFO: [Synth 8-223] decloning instance 'NeuroRing_fcmp_32ns_32ns_1_2_no_dsp_1_ip:/U0/i_synth/DELAY_DIVIDE_BY_ZERO' (delay__parameterized0) to 'NeuroRing_fcmp_32ns_32ns_1_2_no_dsp_1_ip:/U0/i_synth/DELAY_OVERFLOW'
INFO: [Synth 8-223] decloning instance 'NeuroRing_fcmp_32ns_32ns_1_2_no_dsp_1_ip:/U0/i_synth/DELAY_DIVIDE_BY_ZERO' (delay__parameterized0) to 'NeuroRing_fcmp_32ns_32ns_1_2_no_dsp_1_ip:/U0/i_synth/DELAY_UNDERFLOW'
INFO: [Synth 8-223] decloning instance 'NeuroRing_fcmp_32ns_32ns_1_2_no_dsp_1_ip:/U0/i_synth/DELAY_DIVIDE_BY_ZERO' (delay__parameterized0) to 'NeuroRing_fcmp_32ns_32ns_1_2_no_dsp_1_ip:/U0/i_synth/DELAY_ACCUM_OVERFLOW'
INFO: [Synth 8-223] decloning instance 'NeuroRing_fcmp_32ns_32ns_1_2_no_dsp_1_ip:/U0/i_synth/DELAY_DIVIDE_BY_ZERO' (delay__parameterized0) to 'NeuroRing_fcmp_32ns_32ns_1_2_no_dsp_1_ip:/U0/i_synth/DELAY_ACCUM_INPUT_OVERFLOW'
INFO: [Synth 8-223] decloning instance 'inst/uitofp_32ns_32_5_no_dsp_1_U529/NeuroRing_uitofp_32ns_32_5_no_dsp_1_ip_u/U0/i_synth/FIX_TO_FLT_OP.SPD.OP/ROUND/EXTRA_LSB_BIT_DEL' (delay__parameterized0) to 'inst/uitofp_32ns_32_5_no_dsp_1_U529/NeuroRing_uitofp_32ns_32_5_no_dsp_1_ip_u/U0/i_synth/FIX_TO_FLT_OP.SPD.OP/ROUND/EXTRA_LSB_RND1_DEL'
INFO: [Synth 8-223] decloning instance 'inst/uitofp_32ns_32_5_no_dsp_1_U529/NeuroRing_uitofp_32ns_32_5_no_dsp_1_ip_u/U0/i_synth/FIX_TO_FLT_OP.SPD.OP/ROUND/EXP_INC_DELAY' (delay__parameterized0) to 'inst/uitofp_32ns_32_5_no_dsp_1_U529/NeuroRing_uitofp_32ns_32_5_no_dsp_1_ip_u/U0/i_synth/FIX_TO_FLT_OP.SPD.OP/ROUND/EXP_INC_RND1_DELAY'
INFO: [Synth 8-223] decloning instance 'inst/uitofp_32ns_32_5_no_dsp_1_U529/NeuroRing_uitofp_32ns_32_5_no_dsp_1_ip_u/U0/i_synth/FIX_TO_FLT_OP.SPD.OP/ROUND/EXP_IN_DELAY.EXP_IN_DEL' (delay__parameterized29) to 'inst/uitofp_32ns_32_5_no_dsp_1_U529/NeuroRing_uitofp_32ns_32_5_no_dsp_1_ip_u/U0/i_synth/FIX_TO_FLT_OP.SPD.OP/ROUND/EXP_RND2_DELAY.EXP_RND_DEL'
INFO: [Synth 8-223] decloning instance 'inst/uitofp_32ns_32_5_no_dsp_1_U529/NeuroRing_uitofp_32ns_32_5_no_dsp_1_ip_u/U0/i_synth/FIX_TO_FLT_OP.SPD.OP/ROUND/EXP_IN_DELAY.EXP_OFF_OP_DEL' (delay__parameterized29) to 'inst/uitofp_32ns_32_5_no_dsp_1_U529/NeuroRing_uitofp_32ns_32_5_no_dsp_1_ip_u/U0/i_synth/FIX_TO_FLT_OP.SPD.OP/ROUND/EXP_RND2_DELAY.EXP_OFF_RND_DEL'
INFO: [Synth 8-223] decloning instance 'inst/uitofp_32ns_32_5_no_dsp_1_U529/NeuroRing_uitofp_32ns_32_5_no_dsp_1_ip_u/U0/i_synth/DELAY_INVALID_OP' (delay__parameterized0) to 'inst/uitofp_32ns_32_5_no_dsp_1_U529/NeuroRing_uitofp_32ns_32_5_no_dsp_1_ip_u/U0/i_synth/DELAY_DIVIDE_BY_ZERO'
INFO: [Synth 8-223] decloning instance 'inst/uitofp_32ns_32_5_no_dsp_1_U529/NeuroRing_uitofp_32ns_32_5_no_dsp_1_ip_u/U0/i_synth/DELAY_INVALID_OP' (delay__parameterized0) to 'inst/uitofp_32ns_32_5_no_dsp_1_U529/NeuroRing_uitofp_32ns_32_5_no_dsp_1_ip_u/U0/i_synth/DELAY_OVERFLOW'
INFO: [Synth 8-223] decloning instance 'inst/uitofp_32ns_32_5_no_dsp_1_U529/NeuroRing_uitofp_32ns_32_5_no_dsp_1_ip_u/U0/i_synth/DELAY_INVALID_OP' (delay__parameterized0) to 'inst/uitofp_32ns_32_5_no_dsp_1_U529/NeuroRing_uitofp_32ns_32_5_no_dsp_1_ip_u/U0/i_synth/DELAY_UNDERFLOW'
INFO: [Synth 8-223] decloning instance 'inst/uitofp_32ns_32_5_no_dsp_1_U529/NeuroRing_uitofp_32ns_32_5_no_dsp_1_ip_u/U0/i_synth/DELAY_INVALID_OP' (delay__parameterized0) to 'inst/uitofp_32ns_32_5_no_dsp_1_U529/NeuroRing_uitofp_32ns_32_5_no_dsp_1_ip_u/U0/i_synth/DELAY_ACCUM_OVERFLOW'
INFO: [Synth 8-223] decloning instance 'inst/uitofp_32ns_32_5_no_dsp_1_U529/NeuroRing_uitofp_32ns_32_5_no_dsp_1_ip_u/U0/i_synth/DELAY_INVALID_OP' (delay__parameterized0) to 'inst/uitofp_32ns_32_5_no_dsp_1_U529/NeuroRing_uitofp_32ns_32_5_no_dsp_1_ip_u/U0/i_synth/DELAY_ACCUM_INPUT_OVERFLOW'
INFO: [Synth 8-223] decloning instance 'inst/faddfsub_32ns_32ns_32_7_full_dsp_1_U534/NeuroRing_faddfsub_32ns_32ns_32_7_full_dsp_1_ip_u/U0/i_synth/DELAY_DIVIDE_BY_ZERO' (delay__parameterized0) to 'inst/faddfsub_32ns_32ns_32_7_full_dsp_1_U534/NeuroRing_faddfsub_32ns_32ns_32_7_full_dsp_1_ip_u/U0/i_synth/DELAY_ACCUM_OVERFLOW'
INFO: [Synth 8-223] decloning instance 'inst/faddfsub_32ns_32ns_32_7_full_dsp_1_U534/NeuroRing_faddfsub_32ns_32ns_32_7_full_dsp_1_ip_u/U0/i_synth/DELAY_DIVIDE_BY_ZERO' (delay__parameterized0) to 'inst/faddfsub_32ns_32ns_32_7_full_dsp_1_U534/NeuroRing_faddfsub_32ns_32ns_32_7_full_dsp_1_ip_u/U0/i_synth/DELAY_ACCUM_INPUT_OVERFLOW'
INFO: [Synth 8-223] decloning instance 'inst/regslice_both_SynapseStreamRight_V_keep_V_U' (NeuroRing_regslice_both__parameterized0) to 'inst/regslice_both_SynapseStreamRight_V_strb_V_U'
INFO: [Synth 8-223] decloning instance 'inst/regslice_both_SynapseStreamLeft_V_keep_V_U' (NeuroRing_regslice_both__parameterized0) to 'inst/regslice_both_SynapseStreamLeft_V_strb_V_U'
---------------------------------------------------------------------------------
Start RTL Component Statistics 
---------------------------------------------------------------------------------
---------------------------------------------------------------------------------
Finished RTL Component Statistics 
---------------------------------------------------------------------------------
---------------------------------------------------------------------------------
Start Part Resource Summary
---------------------------------------------------------------------------------
Part Resources:
DSPs: 9024 (col length:94)
BRAMs: 4032 (col length: RAMB18 288 RAMB36 144)
---------------------------------------------------------------------------------
Finished Part Resource Summary
---------------------------------------------------------------------------------
---------------------------------------------------------------------------------
Start Cross Boundary and Area Optimization
---------------------------------------------------------------------------------
INFO: [Synth 8-5544] ROM "ADDSUB_OP.ADDSUB/DSP.OP/DSP48E1_BODY.ALIGN_ADD/SHIFT_TABLE[0]" won't be mapped to Block RAM because address size (6) smaller than threshold (8)
INFO: [Synth 8-5544] ROM "ADDSUB_OP.ADDSUB/DSP.OP/DSP48E1_BODY.ALIGN_ADD/SHIFT_TABLE[0]" won't be mapped to Block RAM because address size (6) smaller than threshold (8)
INFO: [Synth 8-5544] ROM "ADDSUB_OP.ADDSUB/DSP.OP/DSP48E1_BODY.ALIGN_ADD/SHIFT_TABLE[0]" won't be mapped to Block RAM because address size (6) smaller than threshold (8)
INFO: [Synth 8-5544] ROM "ADDSUB_OP.ADDSUB/DSP.OP/DSP48E1_BODY.ALIGN_ADD/SHIFT_TABLE[0]" won't be mapped to Block RAM because address size (6) smaller than threshold (8)
INFO: [Synth 8-5544] ROM "ADDSUB_OP.ADDSUB/DSP.OP/DSP48E1_BODY.ALIGN_ADD/SHIFT_TABLE[0]" won't be mapped to Block RAM because address size (6) smaller than threshold (8)
INFO: [Synth 8-5544] ROM "ADDSUB_OP.ADDSUB/DSP.OP/DSP48E1_BODY.ALIGN_ADD/SHIFT_TABLE[0]" won't be mapped to Block RAM because address size (6) smaller than threshold (8)
INFO: [Synth 8-5544] ROM "ADDSUB_OP.ADDSUB/DSP.OP/DSP48E1_BODY.ALIGN_ADD/SHIFT_TABLE[0]" won't be mapped to Block RAM because address size (6) smaller than threshold (8)
INFO: [Synth 8-5544] ROM "ADDSUB_OP.ADDSUB/DSP.OP/DSP48E1_BODY.ALIGN_ADD/SHIFT_TABLE[0]" won't be mapped to Block RAM because address size (6) smaller than threshold (8)
INFO: [Synth 8-5544] ROM "ADDSUB_OP.ADDSUB/DSP.OP/DSP48E1_BODY.ALIGN_ADD/SHIFT_TABLE[0]" won't be mapped to Block RAM because address size (6) smaller than threshold (8)
INFO: [Synth 8-5544] ROM "ADDSUB_OP.ADDSUB/DSP.OP/DSP48E1_BODY.ALIGN_ADD/SHIFT_TABLE[0]" won't be mapped to Block RAM because address size (6) smaller than threshold (8)
INFO: [Common 17-14] Message 'Synth 8-7129' appears 100 times and further instances of the messages will be disabled.
INFO: [Synth 8-3886] merging instance 'fadd_32ns_32ns_32_7_full_dsp_1_U52/NeuroRing_fadd_32ns_32ns_32_7_full_dsp_1_ip_u/U0/i_synth/ADDSUB_OP.ADDSUB/DSP.OP/DSP48E1_BODY.EXP/NOT_LOW_LATENCY_NORM_DIST.NORM_EXP_DELAY/i_pipe/opt_has_pipe.first_q_reg[8]' (FDE) to 'fadd_32ns_32ns_32_7_full_dsp_1_U52/NeuroRing_fadd_32ns_32ns_32_7_full_dsp_1_ip_u/U0/i_synth/ADDSUB_OP.ADDSUB/DSP.OP/DSP48E1_BODY.EXP/NOT_LOW_LATENCY_NORM_DIST.NORM_EXP_DELAY/i_pipe/opt_has_pipe.first_q_reg[9]'
INFO: [Synth 8-3886] merging instance 'fadd_32ns_32ns_32_7_full_dsp_1_U51/NeuroRing_fadd_32ns_32ns_32_7_full_dsp_1_ip_u/U0/i_synth/ADDSUB_OP.ADDSUB/DSP.OP/DSP48E1_BODY.EXP/NOT_LOW_LATENCY_NORM_DIST.NORM_EXP_DELAY/i_pipe/opt_has_pipe.first_q_reg[8]' (FDE) to 'fadd_32ns_32ns_32_7_full_dsp_1_U51/NeuroRing_fadd_32ns_32ns_32_7_full_dsp_1_ip_u/U0/i_synth/ADDSUB_OP.ADDSUB/DSP.OP/DSP48E1_BODY.EXP/NOT_LOW_LATENCY_NORM_DIST.NORM_EXP_DELAY/i_pipe/opt_has_pipe.first_q_reg[9]'
INFO: [Synth 8-3886] merging instance 'fadd_32ns_32ns_32_7_full_dsp_1_U50/NeuroRing_fadd_32ns_32ns_32_7_full_dsp_1_ip_u/U0/i_synth/ADDSUB_OP.ADDSUB/DSP.OP/DSP48E1_BODY.EXP/NOT_LOW_LATENCY_NORM_DIST.NORM_EXP_DELAY/i_pipe/opt_has_pipe.first_q_reg[8]' (FDE) to 'fadd_32ns_32ns_32_7_full_dsp_1_U50/NeuroRing_fadd_32ns_32ns_32_7_full_dsp_1_ip_u/U0/i_synth/ADDSUB_OP.ADDSUB/DSP.OP/DSP48E1_BODY.EXP/NOT_LOW_LATENCY_NORM_DIST.NORM_EXP_DELAY/i_pipe/opt_has_pipe.first_q_reg[9]'
INFO: [Synth 8-3886] merging instance 'fadd_32ns_32ns_32_7_full_dsp_1_U49/NeuroRing_fadd_32ns_32ns_32_7_full_dsp_1_ip_u/U0/i_synth/ADDSUB_OP.ADDSUB/DSP.OP/DSP48E1_BODY.EXP/NOT_LOW_LATENCY_NORM_DIST.NORM_EXP_DELAY/i_pipe/opt_has_pipe.first_q_reg[8]' (FDE) to 'fadd_32ns_32ns_32_7_full_dsp_1_U49/NeuroRing_fadd_32ns_32ns_32_7_full_dsp_1_ip_u/U0/i_synth/ADDSUB_OP.ADDSUB/DSP.OP/DSP48E1_BODY.EXP/NOT_LOW_LATENCY_NORM_DIST.NORM_EXP_DELAY/i_pipe/opt_has_pipe.first_q_reg[9]'
INFO: [Synth 8-3886] merging instance 'fadd_32ns_32ns_32_7_full_dsp_1_U48/NeuroRing_fadd_32ns_32ns_32_7_full_dsp_1_ip_u/U0/i_synth/ADDSUB_OP.ADDSUB/DSP.OP/DSP48E1_BODY.EXP/NOT_LOW_LATENCY_NORM_DIST.NORM_EXP_DELAY/i_pipe/opt_has_pipe.first_q_reg[8]' (FDE) to 'fadd_32ns_32ns_32_7_full_dsp_1_U48/NeuroRing_fadd_32ns_32ns_32_7_full_dsp_1_ip_u/U0/i_synth/ADDSUB_OP.ADDSUB/DSP.OP/DSP48E1_BODY.EXP/NOT_LOW_LATENCY_NORM_DIST.NORM_EXP_DELAY/i_pipe/opt_has_pipe.first_q_reg[9]'
INFO: [Synth 8-3886] merging instance 'fadd_32ns_32ns_32_7_full_dsp_1_U47/NeuroRing_fadd_32ns_32ns_32_7_full_dsp_1_ip_u/U0/i_synth/ADDSUB_OP.ADDSUB/DSP.OP/DSP48E1_BODY.EXP/NOT_LOW_LATENCY_NORM_DIST.NORM_EXP_DELAY/i_pipe/opt_has_pipe.first_q_reg[8]' (FDE) to 'fadd_32ns_32ns_32_7_full_dsp_1_U47/NeuroRing_fadd_32ns_32ns_32_7_full_dsp_1_ip_u/U0/i_synth/ADDSUB_OP.ADDSUB/DSP.OP/DSP48E1_BODY.EXP/NOT_LOW_LATENCY_NORM_DIST.NORM_EXP_DELAY/i_pipe/opt_has_pipe.first_q_reg[9]'
INFO: [Synth 8-3886] merging instance 'fadd_32ns_32ns_32_7_full_dsp_1_U46/NeuroRing_fadd_32ns_32ns_32_7_full_dsp_1_ip_u/U0/i_synth/ADDSUB_OP.ADDSUB/DSP.OP/DSP48E1_BODY.EXP/NOT_LOW_LATENCY_NORM_DIST.NORM_EXP_DELAY/i_pipe/opt_has_pipe.first_q_reg[8]' (FDE) to 'fadd_32ns_32ns_32_7_full_dsp_1_U46/NeuroRing_fadd_32ns_32ns_32_7_full_dsp_1_ip_u/U0/i_synth/ADDSUB_OP.ADDSUB/DSP.OP/DSP48E1_BODY.EXP/NOT_LOW_LATENCY_NORM_DIST.NORM_EXP_DELAY/i_pipe/opt_has_pipe.first_q_reg[9]'
INFO: [Synth 8-3886] merging instance 'fadd_32ns_32ns_32_7_full_dsp_1_U58/NeuroRing_fadd_32ns_32ns_32_7_full_dsp_1_ip_u/U0/i_synth/ADDSUB_OP.ADDSUB/DSP.OP/DSP48E1_BODY.EXP/NOT_LOW_LATENCY_NORM_DIST.NORM_EXP_DELAY/i_pipe/opt_has_pipe.first_q_reg[8]' (FDE) to 'fadd_32ns_32ns_32_7_full_dsp_1_U58/NeuroRing_fadd_32ns_32ns_32_7_full_dsp_1_ip_u/U0/i_synth/ADDSUB_OP.ADDSUB/DSP.OP/DSP48E1_BODY.EXP/NOT_LOW_LATENCY_NORM_DIST.NORM_EXP_DELAY/i_pipe/opt_has_pipe.first_q_reg[9]'
INFO: [Synth 8-3886] merging instance 'fadd_32ns_32ns_32_7_full_dsp_1_U56/NeuroRing_fadd_32ns_32ns_32_7_full_dsp_1_ip_u/U0/i_synth/ADDSUB_OP.ADDSUB/DSP.OP/DSP48E1_BODY.EXP/NOT_LOW_LATENCY_NORM_DIST.NORM_EXP_DELAY/i_pipe/opt_has_pipe.first_q_reg[8]' (FDE) to 'fadd_32ns_32ns_32_7_full_dsp_1_U56/NeuroRing_fadd_32ns_32ns_32_7_full_dsp_1_ip_u/U0/i_synth/ADDSUB_OP.ADDSUB/DSP.OP/DSP48E1_BODY.EXP/NOT_LOW_LATENCY_NORM_DIST.NORM_EXP_DELAY/i_pipe/opt_has_pipe.first_q_reg[9]'
INFO: [Synth 8-3886] merging instance 'fadd_32ns_32ns_32_7_full_dsp_1_U53/NeuroRing_fadd_32ns_32ns_32_7_full_dsp_1_ip_u/U0/i_synth/ADDSUB_OP.ADDSUB/DSP.OP/DSP48E1_BODY.EXP/NOT_LOW_LATENCY_NORM_DIST.NORM_EXP_DELAY/i_pipe/opt_has_pipe.first_q_reg[8]' (FDE) to 'fadd_32ns_32ns_32_7_full_dsp_1_U53/NeuroRing_fadd_32ns_32ns_32_7_full_dsp_1_ip_u/U0/i_synth/ADDSUB_OP.ADDSUB/DSP.OP/DSP48E1_BODY.EXP/NOT_LOW_LATENCY_NORM_DIST.NORM_EXP_DELAY/i_pipe/opt_has_pipe.first_q_reg[9]'
INFO: [Synth 8-5544] ROM "ADDSUB_OP.ADDSUB/DSP.OP/DSP48E1_BODY.ALIGN_ADD/SHIFT_TABLE[0]" won't be mapped to Block RAM because address size (6) smaller than threshold (8)
INFO: [Synth 8-5544] ROM "ADDSUB_OP.ADDSUB/DSP.OP/DSP48E1_BODY.ALIGN_ADD/SHIFT_TABLE[0]" won't be mapped to Block RAM because address size (6) smaller than threshold (8)
INFO: [Synth 8-5544] ROM "ADDSUB_OP.ADDSUB/DSP.OP/DSP48E1_BODY.ALIGN_ADD/SHIFT_TABLE[0]" won't be mapped to Block RAM because address size (6) smaller than threshold (8)
INFO: [Synth 8-5544] ROM "ADDSUB_OP.ADDSUB/DSP.OP/DSP48E1_BODY.ALIGN_ADD/SHIFT_TABLE[0]" won't be mapped to Block RAM because address size (6) smaller than threshold (8)
INFO: [Synth 8-5544] ROM "ADDSUB_OP.ADDSUB/DSP.OP/DSP48E1_BODY.ALIGN_ADD/SHIFT_TABLE[0]" won't be mapped to Block RAM because address size (6) smaller than threshold (8)
INFO: [Synth 8-5544] ROM "ADDSUB_OP.ADDSUB/DSP.OP/DSP48E1_BODY.ALIGN_ADD/SHIFT_TABLE[0]" won't be mapped to Block RAM because address size (6) smaller than threshold (8)
INFO: [Synth 8-5544] ROM "ADDSUB_OP.ADDSUB/DSP.OP/DSP48E1_BODY.ALIGN_ADD/SHIFT_TABLE[0]" won't be mapped to Block RAM because address size (6) smaller than threshold (8)
INFO: [Synth 8-5544] ROM "ADDSUB_OP.ADDSUB/DSP.OP/DSP48E1_BODY.ALIGN_ADD/SHIFT_TABLE[0]" won't be mapped to Block RAM because address size (6) smaller than threshold (8)
INFO: [Synth 8-5544] ROM "ADDSUB_OP.ADDSUB/DSP.OP/DSP48E1_BODY.ALIGN_ADD/SHIFT_TABLE[0]" won't be mapped to Block RAM because address size (6) smaller than threshold (8)
INFO: [Synth 8-5544] ROM "ADDSUB_OP.ADDSUB/DSP.OP/DSP48E1_BODY.ALIGN_ADD/SHIFT_TABLE[0]" won't be mapped to Block RAM because address size (6) smaller than threshold (8)
INFO: [Synth 8-4471] merging register 'fcmp_32ns_32ns_1_2_no_dsp_1_U108/din0_buf1_reg[31:0]' into 'v_new_7_reg_13877_pp0_iter33_reg_reg[31:0]' [/home/miahafiz/NeuroRing_a_sudoku_v2/_x.hw.NUM_4096.CORE_10.FREQ_300/link/vivado/vpl/prj/prj.gen/my_rm/bd/ulp/ipshared/011b/hdl/verilog/NeuroRing_fcmp_32ns_32ns_1_2_no_dsp_1.v:72]
INFO: [Synth 8-4471] merging register 'fcmp_32ns_32ns_1_2_no_dsp_1_U107/ce_r_reg' into 'fcmp_32ns_32ns_1_2_no_dsp_1_U108/ce_r_reg' [/home/miahafiz/NeuroRing_a_sudoku_v2/_x.hw.NUM_4096.CORE_10.FREQ_300/link/vivado/vpl/prj/prj.gen/my_rm/bd/ulp/ipshared/011b/hdl/verilog/NeuroRing_fcmp_32ns_32ns_1_2_no_dsp_1.v:100]
INFO: [Synth 8-4471] merging register 'fcmp_32ns_32ns_1_2_no_dsp_1_U107/din0_buf1_reg[31:0]' into 'v_new_6_reg_13871_pp0_iter33_reg_reg[31:0]' [/home/miahafiz/NeuroRing_a_sudoku_v2/_x.hw.NUM_4096.CORE_10.FREQ_300/link/vivado/vpl/prj/prj.gen/my_rm/bd/ulp/ipshared/011b/hdl/verilog/NeuroRing_fcmp_32ns_32ns_1_2_no_dsp_1.v:72]
INFO: [Synth 8-4471] merging register 'fcmp_32ns_32ns_1_2_no_dsp_1_U107/din1_buf1_reg[31:0]' into 'fcmp_32ns_32ns_1_2_no_dsp_1_U108/din1_buf1_reg[31:0]' [/home/miahafiz/NeuroRing_a_sudoku_v2/_x.hw.NUM_4096.CORE_10.FREQ_300/link/vivado/vpl/prj/prj.gen/my_rm/bd/ulp/ipshared/011b/hdl/verilog/NeuroRing_fcmp_32ns_32ns_1_2_no_dsp_1.v:74]
INFO: [Synth 8-4471] merging register 'fcmp_32ns_32ns_1_2_no_dsp_1_U107/opcode_buf1_reg[4:0]' into 'fcmp_32ns_32ns_1_2_no_dsp_1_U108/opcode_buf1_reg[4:0]' [/home/miahafiz/NeuroRing_a_sudoku_v2/_x.hw.NUM_4096.CORE_10.FREQ_300/link/vivado/vpl/prj/prj.gen/my_rm/bd/ulp/ipshared/011b/hdl/verilog/NeuroRing_fcmp_32ns_32ns_1_2_no_dsp_1.v:95]
INFO: [Synth 8-4471] merging register 'fcmp_32ns_32ns_1_2_no_dsp_1_U105/ce_r_reg' into 'fcmp_32ns_32ns_1_2_no_dsp_1_U108/ce_r_reg' [/home/miahafiz/NeuroRing_a_sudoku_v2/_x.hw.NUM_4096.CORE_10.FREQ_300/link/vivado/vpl/prj/prj.gen/my_rm/bd/ulp/ipshared/011b/hdl/verilog/NeuroRing_fcmp_32ns_32ns_1_2_no_dsp_1.v:100]
INFO: [Synth 8-4471] merging register 'fcmp_32ns_32ns_1_2_no_dsp_1_U105/din0_buf1_reg[31:0]' into 'v_new_4_reg_13859_pp0_iter33_reg_reg[31:0]' [/home/miahafiz/NeuroRing_a_sudoku_v2/_x.hw.NUM_4096.CORE_10.FREQ_300/link/vivado/vpl/prj/prj.gen/my_rm/bd/ulp/ipshared/011b/hdl/verilog/NeuroRing_fcmp_32ns_32ns_1_2_no_dsp_1.v:72]
INFO: [Synth 8-4471] merging register 'fcmp_32ns_32ns_1_2_no_dsp_1_U105/din1_buf1_reg[31:0]' into 'fcmp_32ns_32ns_1_2_no_dsp_1_U108/din1_buf1_reg[31:0]' [/home/miahafiz/NeuroRing_a_sudoku_v2/_x.hw.NUM_4096.CORE_10.FREQ_300/link/vivado/vpl/prj/prj.gen/my_rm/bd/ulp/ipshared/011b/hdl/verilog/NeuroRing_fcmp_32ns_32ns_1_2_no_dsp_1.v:74]
INFO: [Synth 8-4471] merging register 'fcmp_32ns_32ns_1_2_no_dsp_1_U105/opcode_buf1_reg[4:0]' into 'fcmp_32ns_32ns_1_2_no_dsp_1_U108/opcode_buf1_reg[4:0]' [/home/miahafiz/NeuroRing_a_sudoku_v2/_x.hw.NUM_4096.CORE_10.FREQ_300/link/vivado/vpl/prj/prj.gen/my_rm/bd/ulp/ipshared/011b/hdl/verilog/NeuroRing_fcmp_32ns_32ns_1_2_no_dsp_1.v:95]
INFO: [Synth 8-4471] merging register 'fcmp_32ns_32ns_1_2_no_dsp_1_U104/ce_r_reg' into 'fcmp_32ns_32ns_1_2_no_dsp_1_U108/ce_r_reg' [/home/miahafiz/NeuroRing_a_sudoku_v2/_x.hw.NUM_4096.CORE_10.FREQ_300/link/vivado/vpl/prj/prj.gen/my_rm/bd/ulp/ipshared/011b/hdl/verilog/NeuroRing_fcmp_32ns_32ns_1_2_no_dsp_1.v:100]
INFO: [Synth 8-4471] merging register 'fcmp_32ns_32ns_1_2_no_dsp_1_U104/din0_buf1_reg[31:0]' into 'v_new_3_reg_13853_pp0_iter33_reg_reg[31:0]' [/home/miahafiz/NeuroRing_a_sudoku_v2/_x.hw.NUM_4096.CORE_10.FREQ_300/link/vivado/vpl/prj/prj.gen/my_rm/bd/ulp/ipshared/011b/hdl/verilog/NeuroRing_fcmp_32ns_32ns_1_2_no_dsp_1.v:72]
INFO: [Synth 8-4471] merging register 'fcmp_32ns_32ns_1_2_no_dsp_1_U104/din1_buf1_reg[31:0]' into 'fcmp_32ns_32ns_1_2_no_dsp_1_U108/din1_buf1_reg[31:0]' [/home/miahafiz/NeuroRing_a_sudoku_v2/_x.hw.NUM_4096.CORE_10.FREQ_300/link/vivado/vpl/prj/prj.gen/my_rm/bd/ulp/ipshared/011b/hdl/verilog/NeuroRing_fcmp_32ns_32ns_1_2_no_dsp_1.v:74]
INFO: [Synth 8-4471] merging register 'fcmp_32ns_32ns_1_2_no_dsp_1_U104/opcode_buf1_reg[4:0]' into 'fcmp_32ns_32ns_1_2_no_dsp_1_U108/opcode_buf1_reg[4:0]' [/home/miahafiz/NeuroRing_a_sudoku_v2/_x.hw.NUM_4096.CORE_10.FREQ_300/link/vivado/vpl/prj/prj.gen/my_rm/bd/ulp/ipshared/011b/hdl/verilog/NeuroRing_fcmp_32ns_32ns_1_2_no_dsp_1.v:95]
INFO: [Synth 8-4471] merging register 'fcmp_32ns_32ns_1_2_no_dsp_1_U102/ce_r_reg' into 'fcmp_32ns_32ns_1_2_no_dsp_1_U108/ce_r_reg' [/home/miahafiz/NeuroRing_a_sudoku_v2/_x.hw.NUM_4096.CORE_10.FREQ_300/link/vivado/vpl/prj/prj.gen/my_rm/bd/ulp/ipshared/011b/hdl/verilog/NeuroRing_fcmp_32ns_32ns_1_2_no_dsp_1.v:100]
INFO: [Synth 8-4471] merging register 'fcmp_32ns_32ns_1_2_no_dsp_1_U102/din0_buf1_reg[31:0]' into 'v_new_1_reg_13841_pp0_iter33_reg_reg[31:0]' [/home/miahafiz/NeuroRing_a_sudoku_v2/_x.hw.NUM_4096.CORE_10.FREQ_300/link/vivado/vpl/prj/prj.gen/my_rm/bd/ulp/ipshared/011b/hdl/verilog/NeuroRing_fcmp_32ns_32ns_1_2_no_dsp_1.v:72]
INFO: [Synth 8-4471] merging register 'fcmp_32ns_32ns_1_2_no_dsp_1_U102/din1_buf1_reg[31:0]' into 'fcmp_32ns_32ns_1_2_no_dsp_1_U108/din1_buf1_reg[31:0]' [/home/miahafiz/NeuroRing_a_sudoku_v2/_x.hw.NUM_4096.CORE_10.FREQ_300/link/vivado/vpl/prj/prj.gen/my_rm/bd/ulp/ipshared/011b/hdl/verilog/NeuroRing_fcmp_32ns_32ns_1_2_no_dsp_1.v:74]
INFO: [Synth 8-4471] merging register 'fcmp_32ns_32ns_1_2_no_dsp_1_U102/opcode_buf1_reg[4:0]' into 'fcmp_32ns_32ns_1_2_no_dsp_1_U108/opcode_buf1_reg[4:0]' [/home/miahafiz/NeuroRing_a_sudoku_v2/_x.hw.NUM_4096.CORE_10.FREQ_300/link/vivado/vpl/prj/prj.gen/my_rm/bd/ulp/ipshared/011b/hdl/verilog/NeuroRing_fcmp_32ns_32ns_1_2_no_dsp_1.v:95]
INFO: [Synth 8-4471] merging register 'fcmp_32ns_32ns_1_2_no_dsp_1_U101/ce_r_reg' into 'fcmp_32ns_32ns_1_2_no_dsp_1_U108/ce_r_reg' [/home/miahafiz/NeuroRing_a_sudoku_v2/_x.hw.NUM_4096.CORE_10.FREQ_300/link/vivado/vpl/prj/prj.gen/my_rm/bd/ulp/ipshared/011b/hdl/verilog/NeuroRing_fcmp_32ns_32ns_1_2_no_dsp_1.v:100]
INFO: [Synth 8-4471] merging register 'fcmp_32ns_32ns_1_2_no_dsp_1_U101/din0_buf1_reg[31:0]' into 'v_new_reg_13835_pp0_iter33_reg_reg[31:0]' [/home/miahafiz/NeuroRing_a_sudoku_v2/_x.hw.NUM_4096.CORE_10.FREQ_300/link/vivado/vpl/prj/prj.gen/my_rm/bd/ulp/ipshared/011b/hdl/verilog/NeuroRing_fcmp_32ns_32ns_1_2_no_dsp_1.v:72]
INFO: [Synth 8-4471] merging register 'fcmp_32ns_32ns_1_2_no_dsp_1_U101/din1_buf1_reg[31:0]' into 'fcmp_32ns_32ns_1_2_no_dsp_1_U108/din1_buf1_reg[31:0]' [/home/miahafiz/NeuroRing_a_sudoku_v2/_x.hw.NUM_4096.CORE_10.FREQ_300/link/vivado/vpl/prj/prj.gen/my_rm/bd/ulp/ipshared/011b/hdl/verilog/NeuroRing_fcmp_32ns_32ns_1_2_no_dsp_1.v:74]
INFO: [Synth 8-4471] merging register 'fcmp_32ns_32ns_1_2_no_dsp_1_U101/opcode_buf1_reg[4:0]' into 'fcmp_32ns_32ns_1_2_no_dsp_1_U108/opcode_buf1_reg[4:0]' [/home/miahafiz/NeuroRing_a_sudoku_v2/_x.hw.NUM_4096.CORE_10.FREQ_300/link/vivado/vpl/prj/prj.gen/my_rm/bd/ulp/ipshared/011b/hdl/verilog/NeuroRing_fcmp_32ns_32ns_1_2_no_dsp_1.v:95]
INFO: [Synth 8-4471] merging register 'zext_ln140_reg_11976_pp0_iter13_reg_reg[6:0]' into 'I_PreSynCurr_addr_1_reg_12007_pp0_iter13_reg_reg[6:0]' [/home/miahafiz/NeuroRing_a_sudoku_v2/_x.hw.NUM_4096.CORE_10.FREQ_300/link/vivado/vpl/prj/prj.gen/my_rm/bd/ulp/ipshared/011b/hdl/verilog/NeuroRing_NeuroRing_Pipeline_update_membrane_potential.v:10849]
INFO: [Synth 8-4471] merging register 'zext_ln140_1_reg_12061_pp0_iter13_reg_reg[7:0]' into 'I_PreSynCurr_addr_2_reg_12092_pp0_iter13_reg_reg[7:0]' [/home/miahafiz/NeuroRing_a_sudoku_v2/_x.hw.NUM_4096.CORE_10.FREQ_300/link/vivado/vpl/prj/prj.gen/my_rm/bd/ulp/ipshared/011b/hdl/verilog/NeuroRing_NeuroRing_Pipeline_update_membrane_potential.v:10663]
INFO: [Synth 8-4471] merging register 'zext_ln140_2_reg_12146_pp0_iter13_reg_reg[7:0]' into 'I_PreSynCurr_addr_3_reg_12177_pp0_iter13_reg_reg[7:0]' [/home/miahafiz/NeuroRing_a_sudoku_v2/_x.hw.NUM_4096.CORE_10.FREQ_300/link/vivado/vpl/prj/prj.gen/my_rm/bd/ulp/ipshared/011b/hdl/verilog/NeuroRing_NeuroRing_Pipeline_update_membrane_potential.v:10694]
INFO: [Synth 8-4471] merging register 'zext_ln117_reg_11891_pp0_iter13_reg_reg[5:0]' into 'I_PreSynCurr_addr_reg_11922_pp0_iter13_reg_reg[5:0]' [/home/miahafiz/NeuroRing_a_sudoku_v2/_x.hw.NUM_4096.CORE_10.FREQ_300/link/vivado/vpl/prj/prj.gen/my_rm/bd/ulp/ipshared/011b/hdl/verilog/NeuroRing_NeuroRing_Pipeline_update_membrane_potential.v:10632]
INFO: [Synth 8-4471] merging register 'zext_ln140_reg_11976_pp0_iter14_reg_reg[6:0]' into 'I_PreSynCurr_addr_1_reg_12007_pp0_iter14_reg_reg[6:0]' [/home/miahafiz/NeuroRing_a_sudoku_v2/_x.hw.NUM_4096.CORE_10.FREQ_300/link/vivado/vpl/prj/prj.gen/my_rm/bd/ulp/ipshared/011b/hdl/verilog/NeuroRing_NeuroRing_Pipeline_update_membrane_potential.v:10850]
INFO: [Synth 8-4471] merging register 'zext_ln140_1_reg_12061_pp0_iter14_reg_reg[7:0]' into 'I_PreSynCurr_addr_2_reg_12092_pp0_iter14_reg_reg[7:0]' [/home/miahafiz/NeuroRing_a_sudoku_v2/_x.hw.NUM_4096.CORE_10.FREQ_300/link/vivado/vpl/prj/prj.gen/my_rm/bd/ulp/ipshared/011b/hdl/verilog/NeuroRing_NeuroRing_Pipeline_update_membrane_potential.v:10664]
INFO: [Synth 8-4471] merging register 'zext_ln140_2_reg_12146_pp0_iter14_reg_reg[7:0]' into 'I_PreSynCurr_addr_3_reg_12177_pp0_iter14_reg_reg[7:0]' [/home/miahafiz/NeuroRing_a_sudoku_v2/_x.hw.NUM_4096.CORE_10.FREQ_300/link/vivado/vpl/prj/prj.gen/my_rm/bd/ulp/ipshared/011b/hdl/verilog/NeuroRing_NeuroRing_Pipeline_update_membrane_potential.v:10695]
INFO: [Synth 8-4471] merging register 'zext_ln117_reg_11891_pp0_iter14_reg_reg[5:0]' into 'I_PreSynCurr_addr_reg_11922_pp0_iter14_reg_reg[5:0]' [/home/miahafiz/NeuroRing_a_sudoku_v2/_x.hw.NUM_4096.CORE_10.FREQ_300/link/vivado/vpl/prj/prj.gen/my_rm/bd/ulp/ipshared/011b/hdl/verilog/NeuroRing_NeuroRing_Pipeline_update_membrane_potential.v:10633]
INFO: [Synth 8-5544] ROM "ADDSUB_OP.ADDSUB/DSP.OP/DSP48E1_BODY.ALIGN_ADD/SHIFT_TABLE[0]" won't be mapped to Block RAM because address size (6) smaller than threshold (8)
INFO: [Synth 8-5544] ROM "ADDSUB_OP.ADDSUB/DSP.OP/DSP48E1_BODY.ALIGN_ADD/SHIFT_TABLE[0]" won't be mapped to Block RAM because address size (6) smaller than threshold (8)
INFO: [Synth 8-5544] ROM "ADDSUB_OP.ADDSUB/DSP.OP/DSP48E1_BODY.ALIGN_ADD/SHIFT_TABLE[0]" won't be mapped to Block RAM because address size (6) smaller than threshold (8)
INFO: [Synth 8-4471] merging register 'fcmp_32ns_32ns_1_2_no_dsp_1_U103/ce_r_reg' into 'fcmp_32ns_32ns_1_2_no_dsp_1_U106/ce_r_reg' [/home/miahafiz/NeuroRing_a_sudoku_v2/_x.hw.NUM_4096.CORE_10.FREQ_300/link/vivado/vpl/prj/prj.gen/my_rm/bd/ulp/ipshared/011b/hdl/verilog/NeuroRing_fcmp_32ns_32ns_1_2_no_dsp_1.v:100]
INFO: [Synth 8-4471] merging register 'fcmp_32ns_32ns_1_2_no_dsp_1_U103/din1_buf1_reg[31:0]' into 'fcmp_32ns_32ns_1_2_no_dsp_1_U106/din1_buf1_reg[31:0]' [/home/miahafiz/NeuroRing_a_sudoku_v2/_x.hw.NUM_4096.CORE_10.FREQ_300/link/vivado/vpl/prj/prj.gen/my_rm/bd/ulp/ipshared/011b/hdl/verilog/NeuroRing_fcmp_32ns_32ns_1_2_no_dsp_1.v:74]
INFO: [Synth 8-4471] merging register 'fcmp_32ns_32ns_1_2_no_dsp_1_U103/opcode_buf1_reg[4:0]' into 'fcmp_32ns_32ns_1_2_no_dsp_1_U106/opcode_buf1_reg[4:0]' [/home/miahafiz/NeuroRing_a_sudoku_v2/_x.hw.NUM_4096.CORE_10.FREQ_300/link/vivado/vpl/prj/prj.gen/my_rm/bd/ulp/ipshared/011b/hdl/verilog/NeuroRing_fcmp_32ns_32ns_1_2_no_dsp_1.v:95]
INFO: [Synth 8-4471] merging register 'v_new_2_reg_13847_pp0_iter33_reg_reg[31:0]' into 'fcmp_32ns_32ns_1_2_no_dsp_1_U103/din0_buf1_reg[31:0]' [/home/miahafiz/NeuroRing_a_sudoku_v2/_x.hw.NUM_4096.CORE_10.FREQ_300/link/vivado/vpl/prj/prj.gen/my_rm/bd/ulp/ipshared/011b/hdl/verilog/NeuroRing_NeuroRing_Pipeline_update_membrane_potential.v:12223]
INFO: [Synth 8-4471] merging register 'v_new_5_reg_13865_pp0_iter33_reg_reg[31:0]' into 'fcmp_32ns_32ns_1_2_no_dsp_1_U106/din0_buf1_reg[31:0]' [/home/miahafiz/NeuroRing_a_sudoku_v2/_x.hw.NUM_4096.CORE_10.FREQ_300/link/vivado/vpl/prj/prj.gen/my_rm/bd/ulp/ipshared/011b/hdl/verilog/NeuroRing_NeuroRing_Pipeline_update_membrane_potential.v:12232]
DSP Report: Generating DSP tmp_1_reg_11846_reg, operation Mode is: ((A:0x38f)*B2)'.
DSP Report: register tmp_1_reg_11846_reg is absorbed into DSP tmp_1_reg_11846_reg.
DSP Report: register tmp_1_reg_11846_reg is absorbed into DSP tmp_1_reg_11846_reg.
DSP Report: operator mul_9ns_11ns_19_1_1_U109/tmp_product is absorbed into DSP tmp_1_reg_11846_reg.
DSP Report: Generating DSP tmp_50_reg_11886_reg, operation Mode is: ((A:0x1c72)*B)'.
DSP Report: register tmp_50_reg_11886_reg is absorbed into DSP tmp_50_reg_11886_reg.
DSP Report: operator mul_12ns_14ns_25_1_1_U116/tmp_product is absorbed into DSP tmp_50_reg_11886_reg.
DSP Report: Generating DSP tmp_39_reg_11881_reg, operation Mode is: ((A:0x1c72)*B)'.
DSP Report: register tmp_39_reg_11881_reg is absorbed into DSP tmp_39_reg_11881_reg.
DSP Report: operator mul_12ns_14ns_25_1_1_U115/tmp_product is absorbed into DSP tmp_39_reg_11881_reg.
DSP Report: Generating DSP tmp_33_reg_11871_reg, operation Mode is: ((A:0x1c72)*B2)'.
DSP Report: register tmp_33_reg_11871_reg is absorbed into DSP tmp_33_reg_11871_reg.
DSP Report: register tmp_33_reg_11871_reg is absorbed into DSP tmp_33_reg_11871_reg.
DSP Report: operator mul_12ns_14ns_25_1_1_U114/tmp_product is absorbed into DSP tmp_33_reg_11871_reg.
DSP Report: Generating DSP tmp_27_reg_11866_reg, operation Mode is: ((A:0x1c72)*B)'.
DSP Report: register tmp_27_reg_11866_reg is absorbed into DSP tmp_27_reg_11866_reg.
DSP Report: operator mul_12ns_14ns_25_1_1_U113/tmp_product is absorbed into DSP tmp_27_reg_11866_reg.
DSP Report: Generating DSP tmp_21_reg_11861_reg, operation Mode is: ((A:0xe39)*B)'.
DSP Report: register tmp_21_reg_11861_reg is absorbed into DSP tmp_21_reg_11861_reg.
DSP Report: operator mul_11ns_13ns_23_1_1_U112/tmp_product is absorbed into DSP tmp_21_reg_11861_reg.
DSP Report: Generating DSP tmp_14_reg_11856_reg, operation Mode is: ((A:0xe39)*B)'.
DSP Report: register tmp_14_reg_11856_reg is absorbed into DSP tmp_14_reg_11856_reg.
DSP Report: operator mul_11ns_13ns_23_1_1_U111/tmp_product is absorbed into DSP tmp_14_reg_11856_reg.
DSP Report: Generating DSP tmp_7_reg_11851_reg, operation Mode is: ((A:0x71d)*B)'.
DSP Report: register tmp_7_reg_11851_reg is absorbed into DSP tmp_7_reg_11851_reg.
DSP Report: operator mul_10ns_12ns_21_1_1_U110/tmp_product is absorbed into DSP tmp_7_reg_11851_reg.
INFO: [Synth 8-3333] propagating constant 1 across sequential element (\add_ln140_reg_11840_reg[11] )
INFO: [Synth 8-3333] propagating constant 1 across sequential element (\fcmp_32ns_32ns_1_2_no_dsp_1_U106/opcode_buf1_reg[0] )
INFO: [Synth 8-3333] propagating constant 0 across sequential element (\fcmp_32ns_32ns_1_2_no_dsp_1_U106/opcode_buf1_reg[4] )
INFO: [Synth 8-3333] propagating constant 0 across sequential element (ap_done_reg_reg)
INFO: [Synth 8-3333] propagating constant 1 across sequential element (\trunc_ln155_1_reg_14341_reg[4] )
INFO: [Synth 8-3333] propagating constant 1 across sequential element (\ap_CS_fsm_reg[0] )
INFO: [Synth 8-3333] propagating constant 0 across sequential element (\zext_ln117_reg_11891_reg[6] )
INFO: [Synth 8-3333] propagating constant 0 across sequential element (\zext_ln117_reg_11891_reg[7] )
INFO: [Synth 8-3333] propagating constant 0 across sequential element (\zext_ln140_reg_11976_reg[7] )
INFO: [Synth 8-3333] propagating constant 0 across sequential element (\zext_ln117_reg_11891_reg[8] )
INFO: [Synth 8-3333] propagating constant 0 across sequential element (\zext_ln140_reg_11976_reg[8] )
INFO: [Synth 8-3333] propagating constant 0 across sequential element (\I_PreSynCurr_addr_reg_11922_reg[6] )
INFO: [Synth 8-3333] propagating constant 0 across sequential element (\I_PreSynCurr_addr_reg_11922_reg[7] )
INFO: [Synth 8-3333] propagating constant 0 across sequential element (\I_PreSynCurr_addr_1_reg_12007_reg[7] )
INFO: [Synth 8-3333] propagating constant 0 across sequential element (\I_PreSynCurr_addr_reg_11922_reg[8] )
INFO: [Synth 8-3333] propagating constant 0 across sequential element (\I_PreSynCurr_addr_1_reg_12007_reg[8] )
INFO: [Synth 8-3333] propagating constant 1 across sequential element (\trunc_ln155_5_reg_11876_reg[6] )
INFO: [Synth 8-3333] propagating constant 1 across sequential element (\trunc_ln155_5_reg_11876_reg[6] )
INFO: [Synth 8-3333] propagating constant 1 across sequential element (\trunc_ln155_5_reg_11876_reg[6] )
INFO: [Synth 8-3333] propagating constant 1 across sequential element (\trunc_ln155_5_reg_11876_reg[6] )
INFO: [Common 17-14] Message 'Synth 8-3333' appears 100 times and further instances of the messages will be disabled.
INFO: [Synth 8-4471] merging register 'i_2_reg_1164_reg[11:0]' into 'mac_muladd_14ns_12ns_24ns_27_4_1_U2/NeuroRing_mac_muladd_14ns_12ns_24ns_27_4_1_DSP48_0_U/b_reg_reg[11:0]' [/home/miahafiz/NeuroRing_a_sudoku_v2/_x.hw.NUM_4096.CORE_10.FREQ_300/link/vivado/vpl/prj/prj.gen/my_rm/bd/ulp/ipshared/011b/hdl/verilog/NeuroRing_NeuroRing_Pipeline_VITIS_LOOP_94_1.v:2257]
DSP Report: Generating DSP mac_muladd_14ns_12ns_24ns_27_4_1_U2/NeuroRing_mac_muladd_14ns_12ns_24ns_27_4_1_DSP48_0_U/p_reg_reg, operation Mode is: (C:0xc35000)+((A:0x36b0)'*B2)'.
DSP Report: register mac_muladd_14ns_12ns_24ns_27_4_1_U2/NeuroRing_mac_muladd_14ns_12ns_24ns_27_4_1_DSP48_0_U/p_reg_reg is absorbed into DSP mac_muladd_14ns_12ns_24ns_27_4_1_U2/NeuroRing_mac_muladd_14ns_12ns_24ns_27_4_1_DSP48_0_U/p_reg_reg.
DSP Report: register mac_muladd_14ns_12ns_24ns_27_4_1_U2/NeuroRing_mac_muladd_14ns_12ns_24ns_27_4_1_DSP48_0_U/a_reg_reg is absorbed into DSP mac_muladd_14ns_12ns_24ns_27_4_1_U2/NeuroRing_mac_muladd_14ns_12ns_24ns_27_4_1_DSP48_0_U/p_reg_reg.
DSP Report: register mac_muladd_14ns_12ns_24ns_27_4_1_U2/NeuroRing_mac_muladd_14ns_12ns_24ns_27_4_1_DSP48_0_U/p_reg_reg is absorbed into DSP mac_muladd_14ns_12ns_24ns_27_4_1_U2/NeuroRing_mac_muladd_14ns_12ns_24ns_27_4_1_DSP48_0_U/p_reg_reg.
DSP Report: register mac_muladd_14ns_12ns_24ns_27_4_1_U2/NeuroRing_mac_muladd_14ns_12ns_24ns_27_4_1_DSP48_0_U/m_reg_reg is absorbed into DSP mac_muladd_14ns_12ns_24ns_27_4_1_U2/NeuroRing_mac_muladd_14ns_12ns_24ns_27_4_1_DSP48_0_U/p_reg_reg.
DSP Report: operator mac_muladd_14ns_12ns_24ns_27_4_1_U2/NeuroRing_mac_muladd_14ns_12ns_24ns_27_4_1_DSP48_0_U/p is absorbed into DSP mac_muladd_14ns_12ns_24ns_27_4_1_U2/NeuroRing_mac_muladd_14ns_12ns_24ns_27_4_1_DSP48_0_U/p_reg_reg.
DSP Report: operator mac_muladd_14ns_12ns_24ns_27_4_1_U2/NeuroRing_mac_muladd_14ns_12ns_24ns_27_4_1_DSP48_0_U/m is absorbed into DSP mac_muladd_14ns_12ns_24ns_27_4_1_U2/NeuroRing_mac_muladd_14ns_12ns_24ns_27_4_1_DSP48_0_U/p_reg_reg.
INFO: [Synth 8-5544] ROM "ADDSUB_OP.ADDSUB/DSP.OP/DSP48E1_BODY.ALIGN_ADD/SHIFT_TABLE[0]" won't be mapped to Block RAM because address size (6) smaller than threshold (8)
DSP Report: Generating DSP zext_ln169_reg_4186_reg, operation Mode is: ((A:0x36b0)*B2)'.
DSP Report: register zext_ln169_reg_4186_reg is absorbed into DSP zext_ln169_reg_4186_reg.
DSP Report: register zext_ln169_reg_4186_reg is absorbed into DSP zext_ln169_reg_4186_reg.
DSP Report: operator mul_12ns_15ns_26_1_1_U531/tmp_product is absorbed into DSP zext_ln169_reg_4186_reg.
INFO: [Synth 8-5784] Optimized 1 bits of RAM "SynapseSize_U/ram_reg" due to constant propagation. Old ram width 32 bits, new ram width 31 bits.
INFO: [Synth 8-3886] merging instance 'val_temp_reg_4211_reg[8]' (FDE) to 'tmp_51_reg_4217_reg[0]'
INFO: [Synth 8-3886] merging instance 'val_temp_reg_4211_reg[9]' (FDE) to 'tmp_51_reg_4217_reg[1]'
INFO: [Synth 8-3886] merging instance 'val_temp_reg_4211_reg[10]' (FDE) to 'tmp_51_reg_4217_reg[2]'
INFO: [Synth 8-3886] merging instance 'val_temp_reg_4211_reg[11]' (FDE) to 'tmp_51_reg_4217_reg[3]'
INFO: [Synth 8-3886] merging instance 'val_temp_reg_4211_reg[12]' (FDE) to 'tmp_51_reg_4217_reg[4]'
INFO: [Synth 8-3886] merging instance 'val_temp_reg_4211_reg[13]' (FDE) to 'tmp_51_reg_4217_reg[5]'
INFO: [Synth 8-3886] merging instance 'val_temp_reg_4211_reg[14]' (FDE) to 'tmp_51_reg_4217_reg[6]'
INFO: [Synth 8-3886] merging instance 'val_temp_reg_4211_reg[15]' (FDE) to 'tmp_51_reg_4217_reg[7]'
INFO: [Synth 8-3886] merging instance 'val_temp_reg_4211_reg[16]' (FDE) to 'tmp_51_reg_4217_reg[8]'
INFO: [Synth 8-3886] merging instance 'val_temp_reg_4211_reg[17]' (FDE) to 'tmp_51_reg_4217_reg[9]'
INFO: [Synth 8-3886] merging instance 'val_temp_reg_4211_reg[18]' (FDE) to 'tmp_51_reg_4217_reg[10]'
INFO: [Synth 8-3886] merging instance 'val_temp_reg_4211_reg[19]' (FDE) to 'tmp_51_reg_4217_reg[11]'
INFO: [Synth 8-3886] merging instance 'val_temp_reg_4211_reg[20]' (FDE) to 'tmp_51_reg_4217_reg[12]'
INFO: [Synth 8-3886] merging instance 'val_temp_reg_4211_reg[21]' (FDE) to 'tmp_51_reg_4217_reg[13]'
INFO: [Synth 8-3886] merging instance 'val_temp_reg_4211_reg[22]' (FDE) to 'tmp_51_reg_4217_reg[14]'
INFO: [Synth 8-3886] merging instance 'val_temp_reg_4211_reg[23]' (FDE) to 'tmp_51_reg_4217_reg[15]'
INFO: [Synth 8-3886] merging instance 'val_temp_reg_4211_reg[24]' (FDE) to 'tmp_51_reg_4217_reg[16]'
INFO: [Synth 8-3886] merging instance 'val_temp_reg_4211_reg[25]' (FDE) to 'tmp_51_reg_4217_reg[17]'
INFO: [Synth 8-3886] merging instance 'val_temp_reg_4211_reg[26]' (FDE) to 'tmp_51_reg_4217_reg[18]'
INFO: [Synth 8-3886] merging instance 'val_temp_reg_4211_reg[27]' (FDE) to 'tmp_51_reg_4217_reg[19]'
INFO: [Synth 8-3886] merging instance 'val_temp_reg_4211_reg[28]' (FDE) to 'tmp_51_reg_4217_reg[20]'
INFO: [Synth 8-3886] merging instance 'val_temp_reg_4211_reg[29]' (FDE) to 'tmp_51_reg_4217_reg[21]'
INFO: [Synth 8-3886] merging instance 'val_temp_reg_4211_reg[30]' (FDE) to 'tmp_51_reg_4217_reg[22]'
INFO: [Synth 8-3886] merging instance 'val_temp_reg_4211_reg[31]' (FDE) to 'tmp_51_reg_4217_reg[23]'
INFO: [Synth 8-3333] propagating constant 0 across sequential element (uitofp_32ns_32_5_no_dsp_1_U529/NeuroRing_uitofp_32ns_32_5_no_dsp_1_ip_u/U0/i_synth/\FIX_TO_FLT_OP.SPD.OP/OP/RESULT_REG.NORMAL.sign_op_reg )
INFO: [Synth 8-3333] propagating constant 1 across sequential element (uitofp_32ns_32_5_no_dsp_1_U529/ce_r_reg)
INFO: [Synth 8-3333] propagating constant 0 across sequential element (\zext_ln169_reg_4186_reg[31] )
INFO: [Synth 8-3333] propagating constant 0 across sequential element (\zext_ln169_reg_4186_reg[26] )
INFO: [Synth 8-3333] propagating constant 0 across sequential element (\zext_ln169_reg_4186_reg[27] )
INFO: [Synth 8-3333] propagating constant 0 across sequential element (\zext_ln169_reg_4186_reg[28] )
INFO: [Synth 8-3333] propagating constant 0 across sequential element (\zext_ln169_reg_4186_reg[29] )
INFO: [Synth 8-3333] propagating constant 0 across sequential element (\zext_ln169_reg_4186_reg[30] )
INFO: [Synth 8-3333] propagating constant 0 across sequential element (\current_synapse_count_reg_4181_reg[0] )
INFO: [Synth 8-3886] merging instance 'faddfsub_32ns_32ns_32_7_full_dsp_1_U534/NeuroRing_faddfsub_32ns_32ns_32_7_full_dsp_1_ip_u/U0/i_synth/ADDSUB_OP.ADDSUB/DSP.OP/DSP48E1_BODY.EXP/NOT_LOW_LATENCY_NORM_DIST.NORM_EXP_DELAY/i_pipe/opt_has_pipe.first_q_reg[8]' (FDE) to 'faddfsub_32ns_32ns_32_7_full_dsp_1_U534/NeuroRing_faddfsub_32ns_32ns_32_7_full_dsp_1_ip_u/U0/i_synth/ADDSUB_OP.ADDSUB/DSP.OP/DSP48E1_BODY.EXP/NOT_LOW_LATENCY_NORM_DIST.NORM_EXP_DELAY/i_pipe/opt_has_pipe.first_q_reg[9]'
INFO: [Synth 8-3333] propagating constant 1 across sequential element (grp_NeuroRing_Pipeline_VITIS_LOOP_94_1_fu_1367/\ap_CS_fsm_reg[0] )
INFO: [Synth 8-3333] propagating constant 1 across sequential element (grp_NeuroRing_Pipeline_VITIS_LOOP_224_6_fu_1415/\ap_CS_fsm_reg[0] )
INFO: [Synth 8-3886] merging instance 'empty_reg_3722_reg[0]' (FDE) to 'empty_391_reg_3728_reg[0]'
INFO: [Synth 8-3886] merging instance 'empty_reg_3722_reg[1]' (FDE) to 'empty_391_reg_3728_reg[0]'
INFO: [Synth 8-3886] merging instance 'empty_reg_3722_reg[2]' (FDE) to 'empty_391_reg_3728_reg[0]'
INFO: [Synth 8-3886] merging instance 'empty_391_reg_3728_reg[0]' (FDE) to 'empty_391_reg_3728_reg[1]'
INFO: [Synth 8-3886] merging instance 'empty_391_reg_3728_reg[1]' (FDE) to 'empty_391_reg_3728_reg[2]'
INFO: [Synth 8-3333] propagating constant 0 across sequential element (\empty_391_reg_3728_reg[2] )
INFO: [Synth 8-3333] propagating constant 0 across sequential element (grp_NeuroRing_Pipeline_VITIS_LOOP_94_1_fu_1367/ap_done_reg_reg)
INFO: [Synth 8-3333] propagating constant 1 across sequential element (grp_NeuroRing_Pipeline_VITIS_LOOP_240_7_fu_1443/\ap_CS_fsm_reg[0] )
INFO: [Synth 8-3333] propagating constant 0 across sequential element (grp_NeuroRing_Pipeline_VITIS_LOOP_240_7_fu_1443/ap_done_reg_reg)
INFO: [Synth 8-3333] propagating constant 0 across sequential element (grp_NeuroRing_Pipeline_VITIS_LOOP_224_6_fu_1415/ap_done_reg_reg)
INFO: [Synth 8-3333] propagating constant 0 across sequential element (grp_NeuroRing_Pipeline_VITIS_LOOP_94_1_fu_1367/i_5_95/\phi_mul_fu_204_reg[1] )
INFO: [Synth 8-3333] propagating constant 0 across sequential element (grp_NeuroRing_Pipeline_VITIS_LOOP_94_1_fu_1367/i_5_95/\phi_mul_fu_204_reg[0] )
INFO: [Synth 8-3333] propagating constant 0 across sequential element (grp_NeuroRing_Pipeline_VITIS_LOOP_224_6_fu_1415/i_5_104/\phi_mul30_fu_180_reg[1] )
INFO: [Synth 8-3333] propagating constant 0 across sequential element (grp_NeuroRing_Pipeline_VITIS_LOOP_224_6_fu_1415/i_5_104/\phi_mul30_fu_180_reg[0] )
INFO: [Synth 8-3333] propagating constant 0 across sequential element (i_5_52/\k_reg_1356_reg[0] )
INFO: [Synth 8-3333] propagating constant 0 across sequential element (i_5_52/\k_reg_1356_reg[1] )
INFO: [Synth 8-3333] propagating constant 0 across sequential element (i_5_52/\k_reg_1356_reg[2] )
INFO: [Synth 8-3333] propagating constant 0 across sequential element (grp_NeuroRing_Pipeline_VITIS_LOOP_224_6_fu_1415/i_5_83/\phi_mul32_fu_176_reg[3] )
INFO: [Synth 8-3333] propagating constant 0 across sequential element (grp_NeuroRing_Pipeline_VITIS_LOOP_224_6_fu_1415/i_5_83/\phi_mul32_fu_176_reg[2] )
INFO: [Synth 8-3333] propagating constant 0 across sequential element (grp_NeuroRing_Pipeline_VITIS_LOOP_224_6_fu_1415/i_5_83/\phi_mul32_fu_176_reg[1] )
INFO: [Synth 8-3333] propagating constant 0 across sequential element (grp_NeuroRing_Pipeline_VITIS_LOOP_224_6_fu_1415/i_5_83/\phi_mul32_fu_176_reg[0] )
INFO: [Synth 8-3333] propagating constant 0 across sequential element (uitofp_32ns_32_5_no_dsp_1_U529/\dout_r_reg[31] )
INFO: [Synth 8-3333] propagating constant 0 across sequential element (\conv_reg_3658_reg[31] )
INFO: [Synth 8-3886] merging instance 'uitofp_32ns_32_5_no_dsp_1_U529/NeuroRing_uitofp_32ns_32_5_no_dsp_1_ip_u/U0/i_synth/FIX_TO_FLT_OP.SPD.OP/OP/RESULT_REG.NORMAL.exp_op_reg[6]' (FDRE) to 'uitofp_32ns_32_5_no_dsp_1_U529/NeuroRing_uitofp_32ns_32_5_no_dsp_1_ip_u/U0/i_synth/FIX_TO_FLT_OP.SPD.OP/OP/RESULT_REG.NORMAL.exp_op_reg[5]'
INFO: [Synth 8-3333] propagating constant 0 across sequential element (gmem_syn_m_axi_U/\bus_write/wreq_burst_conv/burst_sequential/rs_req/data_p2_reg[96] )
INFO: [Synth 8-3333] propagating constant 0 across sequential element (gmem_syn_m_axi_U/\bus_read/rreq_burst_conv/burst_sequential/rs_req/data_p2_reg[96] )
INFO: [Synth 8-3886] merging instance 'gmem_syn_m_axi_U/bus_write/wreq_burst_conv/burst_sequential/start_addr_reg[4]' (FDRE) to 'gmem_syn_m_axi_U/bus_write/wreq_burst_conv/burst_sequential/start_addr_reg[3]'
INFO: [Synth 8-3886] merging instance 'gmem_syn_m_axi_U/bus_write/wreq_burst_conv/burst_sequential/start_addr_reg[3]' (FDRE) to 'gmem_syn_m_axi_U/bus_write/wreq_burst_conv/burst_sequential/start_addr_reg[2]'
INFO: [Synth 8-3886] merging instance 'gmem_syn_m_axi_U/bus_write/wreq_burst_conv/burst_sequential/start_addr_reg[2]' (FDRE) to 'gmem_syn_m_axi_U/bus_write/wreq_burst_conv/burst_sequential/start_addr_reg[1]'
INFO: [Synth 8-3886] merging instance 'gmem_syn_m_axi_U/bus_write/wreq_burst_conv/burst_sequential/start_addr_reg[1]' (FDRE) to 'gmem_syn_m_axi_U/bus_write/wreq_burst_conv/burst_sequential/start_addr_reg[0]'
INFO: [Synth 8-3333] propagating constant 0 across sequential element (gmem_syn_m_axi_U/\bus_write/wreq_burst_conv/burst_sequential/start_addr_reg[0] )
INFO: [Synth 8-3886] merging instance 'gmem_syn_m_axi_U/bus_write/wreq_burst_conv/burst_sequential/could_multi_bursts.burst_len_reg[4]' (FDRE) to 'gmem_syn_m_axi_U/bus_write/wreq_burst_conv/burst_sequential/could_multi_bursts.burst_len_plus1_reg[5]'
INFO: [Synth 8-3886] merging instance 'gmem_syn_m_axi_U/bus_write/wreq_burst_conv/burst_sequential/could_multi_bursts.burst_len_reg[5]' (FDRE) to 'gmem_syn_m_axi_U/bus_write/wreq_burst_conv/burst_sequential/could_multi_bursts.burst_len_reg[6]'
INFO: [Synth 8-3886] merging instance 'gmem_syn_m_axi_U/bus_write/wreq_burst_conv/burst_sequential/could_multi_bursts.burst_len_reg[6]' (FDRE) to 'gmem_syn_m_axi_U/bus_write/wreq_burst_conv/burst_sequential/could_multi_bursts.burst_len_reg[7]'
INFO: [Synth 8-3333] propagating constant 0 across sequential element (gmem_syn_m_axi_U/\bus_write/wreq_burst_conv/burst_sequential/could_multi_bursts.burst_len_reg[7] )
INFO: [Synth 8-3886] merging instance 'gmem_syn_m_axi_U/load_unit_0/tmp_len_reg[0]' (FDRE) to 'gmem_syn_m_axi_U/load_unit_0/tmp_len_reg[4]'
INFO: [Synth 8-3886] merging instance 'gmem_syn_m_axi_U/bus_read/rreq_burst_conv/burst_sequential/rs_req/data_p2_reg[64]' (FDE) to 'gmem_syn_m_axi_U/bus_read/rreq_burst_conv/burst_sequential/rs_req/data_p2_reg[68]'
INFO: [Synth 8-3886] merging instance 'gmem_syn_m_axi_U/load_unit_0/tmp_addr_reg[0]' (FDRE) to 'gmem_syn_m_axi_U/load_unit_0/tmp_addr_reg[4]'
INFO: [Synth 8-3886] merging instance 'gmem_syn_m_axi_U/bus_read/rreq_burst_conv/burst_sequential/rs_req/data_p2_reg[0]' (FDE) to 'gmem_syn_m_axi_U/bus_read/rreq_burst_conv/burst_sequential/rs_req/data_p2_reg[4]'
INFO: [Synth 8-3886] merging instance 'gmem_syn_m_axi_U/load_unit_0/tmp_len_reg[1]' (FDRE) to 'gmem_syn_m_axi_U/load_unit_0/tmp_len_reg[4]'
INFO: [Synth 8-3886] merging instance 'gmem_syn_m_axi_U/bus_read/rreq_burst_conv/burst_sequential/rs_req/data_p2_reg[65]' (FDE) to 'gmem_syn_m_axi_U/bus_read/rreq_burst_conv/burst_sequential/rs_req/data_p2_reg[68]'
INFO: [Synth 8-3886] merging instance 'gmem_syn_m_axi_U/load_unit_0/tmp_addr_reg[1]' (FDRE) to 'gmem_syn_m_axi_U/load_unit_0/tmp_addr_reg[4]'
INFO: [Synth 8-3886] merging instance 'gmem_syn_m_axi_U/bus_read/rreq_burst_conv/burst_sequential/rs_req/data_p2_reg[1]' (FDE) to 'gmem_syn_m_axi_U/bus_read/rreq_burst_conv/burst_sequential/rs_req/data_p2_reg[4]'
INFO: [Synth 8-3886] merging instance 'gmem_syn_m_axi_U/load_unit_0/tmp_len_reg[2]' (FDRE) to 'gmem_syn_m_axi_U/load_unit_0/tmp_len_reg[4]'
INFO: [Synth 8-3886] merging instance 'gmem_syn_m_axi_U/bus_read/rreq_burst_conv/burst_sequential/rs_req/data_p2_reg[66]' (FDE) to 'gmem_syn_m_axi_U/bus_read/rreq_burst_conv/burst_sequential/rs_req/data_p2_reg[68]'
INFO: [Synth 8-3886] merging instance 'gmem_syn_m_axi_U/load_unit_0/tmp_addr_reg[2]' (FDRE) to 'gmem_syn_m_axi_U/load_unit_0/tmp_addr_reg[4]'
INFO: [Synth 8-3886] merging instance 'gmem_syn_m_axi_U/bus_read/rreq_burst_conv/burst_sequential/rs_req/data_p2_reg[2]' (FDE) to 'gmem_syn_m_axi_U/bus_read/rreq_burst_conv/burst_sequential/rs_req/data_p2_reg[4]'
INFO: [Synth 8-3886] merging instance 'gmem_syn_m_axi_U/load_unit_0/tmp_len_reg[3]' (FDRE) to 'gmem_syn_m_axi_U/load_unit_0/tmp_len_reg[4]'
INFO: [Synth 8-3886] merging instance 'gmem_syn_m_axi_U/bus_read/rreq_burst_conv/burst_sequential/rs_req/data_p2_reg[67]' (FDE) to 'gmem_syn_m_axi_U/bus_read/rreq_burst_conv/burst_sequential/rs_req/data_p2_reg[68]'
INFO: [Synth 8-3886] merging instance 'gmem_syn_m_axi_U/load_unit_0/tmp_addr_reg[3]' (FDRE) to 'gmem_syn_m_axi_U/load_unit_0/tmp_addr_reg[4]'
INFO: [Synth 8-3886] merging instance 'gmem_syn_m_axi_U/bus_read/rreq_burst_conv/burst_sequential/rs_req/data_p2_reg[3]' (FDE) to 'gmem_syn_m_axi_U/bus_read/rreq_burst_conv/burst_sequential/rs_req/data_p2_reg[4]'
INFO: [Synth 8-3333] propagating constant 0 across sequential element (gmem_syn_m_axi_U/\load_unit_0/tmp_addr_reg[4] )
INFO: [Synth 8-3886] merging instance 'gmem_syn_m_axi_U/bus_read/rreq_burst_conv/burst_sequential/rs_req/data_p2_reg[4]' (FDE) to 'gmem_syn_m_axi_U/bus_read/rreq_burst_conv/burst_sequential/rs_req/data_p2_reg[96]'
INFO: [Synth 8-3333] propagating constant 0 across sequential element (gmem_syn_m_axi_U/\bus_write/wreq_burst_conv/burst_sequential/could_multi_bursts.burst_len_plus1_reg[5] )
INFO: [Synth 8-3886] merging instance 'gmem_syn_m_axi_U/bus_write/wreq_burst_conv/burst_sequential/could_multi_bursts.burst_len_plus1_reg[6]' (FDRE) to 'gmem_syn_m_axi_U/bus_write/wreq_burst_conv/burst_sequential/could_multi_bursts.burst_len_plus1_reg[7]'
INFO: [Synth 8-3886] merging instance 'gmem_syn_m_axi_U/bus_write/wreq_burst_conv/burst_sequential/could_multi_bursts.burst_len_plus1_reg[7]' (FDRE) to 'gmem_syn_m_axi_U/bus_write/wreq_burst_conv/burst_sequential/could_multi_bursts.burst_len_plus1_reg[8]'
INFO: [Synth 8-3333] propagating constant 0 across sequential element (gmem_syn_m_axi_U/\bus_write/wreq_burst_conv/burst_sequential/could_multi_bursts.burst_len_plus1_reg[8] )
INFO: [Synth 8-3886] merging instance 'gmem_syn_m_axi_U/store_unit_0/tmp_len_reg[0]' (FDRE) to 'gmem_syn_m_axi_U/store_unit_0/tmp_len_reg[4]'
INFO: [Synth 8-3886] merging instance 'gmem_syn_m_axi_U/bus_write/wreq_burst_conv/burst_sequential/rs_req/data_p2_reg[64]' (FDE) to 'gmem_syn_m_axi_U/bus_write/wreq_burst_conv/burst_sequential/rs_req/data_p2_reg[68]'
INFO: [Synth 8-3886] merging instance 'gmem_syn_m_axi_U/store_unit_0/tmp_addr_reg[0]' (FDRE) to 'gmem_syn_m_axi_U/store_unit_0/tmp_addr_reg[4]'
INFO: [Synth 8-3886] merging instance 'gmem_syn_m_axi_U/bus_write/wreq_burst_conv/burst_sequential/rs_req/data_p2_reg[0]' (FDE) to 'gmem_syn_m_axi_U/bus_write/wreq_burst_conv/burst_sequential/rs_req/data_p2_reg[4]'
INFO: [Synth 8-3886] merging instance 'gmem_syn_m_axi_U/store_unit_0/tmp_len_reg[1]' (FDRE) to 'gmem_syn_m_axi_U/store_unit_0/tmp_len_reg[4]'
INFO: [Synth 8-3886] merging instance 'gmem_syn_m_axi_U/bus_write/wreq_burst_conv/burst_sequential/rs_req/data_p2_reg[65]' (FDE) to 'gmem_syn_m_axi_U/bus_write/wreq_burst_conv/burst_sequential/rs_req/data_p2_reg[68]'
INFO: [Synth 8-3886] merging instance 'gmem_syn_m_axi_U/store_unit_0/tmp_addr_reg[1]' (FDRE) to 'gmem_syn_m_axi_U/store_unit_0/tmp_addr_reg[4]'
INFO: [Synth 8-3886] merging instance 'gmem_syn_m_axi_U/bus_write/wreq_burst_conv/burst_sequential/rs_req/data_p2_reg[1]' (FDE) to 'gmem_syn_m_axi_U/bus_write/wreq_burst_conv/burst_sequential/rs_req/data_p2_reg[4]'
INFO: [Synth 8-3886] merging instance 'gmem_syn_m_axi_U/store_unit_0/tmp_len_reg[2]' (FDRE) to 'gmem_syn_m_axi_U/store_unit_0/tmp_len_reg[4]'
INFO: [Synth 8-3886] merging instance 'gmem_syn_m_axi_U/bus_write/wreq_burst_conv/burst_sequential/rs_req/data_p2_reg[66]' (FDE) to 'gmem_syn_m_axi_U/bus_write/wreq_burst_conv/burst_sequential/rs_req/data_p2_reg[68]'
INFO: [Synth 8-3886] merging instance 'gmem_syn_m_axi_U/store_unit_0/tmp_addr_reg[2]' (FDRE) to 'gmem_syn_m_axi_U/store_unit_0/tmp_addr_reg[4]'
INFO: [Synth 8-3886] merging instance 'gmem_syn_m_axi_U/bus_write/wreq_burst_conv/burst_sequential/rs_req/data_p2_reg[2]' (FDE) to 'gmem_syn_m_axi_U/bus_write/wreq_burst_conv/burst_sequential/rs_req/data_p2_reg[4]'
INFO: [Synth 8-3886] merging instance 'gmem_syn_m_axi_U/store_unit_0/tmp_len_reg[3]' (FDRE) to 'gmem_syn_m_axi_U/store_unit_0/tmp_len_reg[4]'
INFO: [Synth 8-3886] merging instance 'gmem_syn_m_axi_U/bus_write/wreq_burst_conv/burst_sequential/rs_req/data_p2_reg[67]' (FDE) to 'gmem_syn_m_axi_U/bus_write/wreq_burst_conv/burst_sequential/rs_req/data_p2_reg[68]'
INFO: [Synth 8-3886] merging instance 'gmem_syn_m_axi_U/store_unit_0/tmp_addr_reg[3]' (FDRE) to 'gmem_syn_m_axi_U/store_unit_0/tmp_addr_reg[4]'
INFO: [Synth 8-3886] merging instance 'gmem_syn_m_axi_U/bus_write/wreq_burst_conv/burst_sequential/rs_req/data_p2_reg[3]' (FDE) to 'gmem_syn_m_axi_U/bus_write/wreq_burst_conv/burst_sequential/rs_req/data_p2_reg[4]'
INFO: [Synth 8-3333] propagating constant 0 across sequential element (gmem_syn_m_axi_U/\store_unit_0/tmp_addr_reg[4] )
INFO: [Synth 8-3886] merging instance 'gmem_syn_m_axi_U/bus_write/wreq_burst_conv/burst_sequential/rs_req/data_p2_reg[4]' (FDE) to 'gmem_syn_m_axi_U/bus_write/wreq_burst_conv/burst_sequential/rs_req/data_p2_reg[96]'
INFO: [Synth 8-3333] propagating constant 0 across sequential element (gmem_syn_m_axi_U/\bus_write/wreq_throttle/rs_burst/data_p2_reg[8] )
INFO: [Synth 8-3333] propagating constant 0 across sequential element (gmem_syn_m_axi_U/\bus_write/rs_resp/data_p2_reg[0] )
INFO: [Synth 8-3886] merging instance 'gmem_syn_m_axi_U/bus_read/rreq_burst_conv/burst_sequential/start_addr_reg[4]' (FDRE) to 'gmem_syn_m_axi_U/bus_read/rreq_burst_conv/burst_sequential/start_addr_reg[3]'
INFO: [Synth 8-3886] merging instance 'gmem_syn_m_axi_U/bus_read/rreq_burst_conv/burst_sequential/start_addr_reg[3]' (FDRE) to 'gmem_syn_m_axi_U/bus_read/rreq_burst_conv/burst_sequential/start_addr_reg[2]'
INFO: [Synth 8-3886] merging instance 'gmem_syn_m_axi_U/bus_read/rreq_burst_conv/burst_sequential/start_addr_reg[2]' (FDRE) to 'gmem_syn_m_axi_U/bus_read/rreq_burst_conv/burst_sequential/start_addr_reg[1]'
INFO: [Synth 8-3886] merging instance 'gmem_syn_m_axi_U/bus_read/rreq_burst_conv/burst_sequential/start_addr_reg[1]' (FDRE) to 'gmem_syn_m_axi_U/bus_read/rreq_burst_conv/burst_sequential/start_addr_reg[0]'
INFO: [Synth 8-3333] propagating constant 0 across sequential element (gmem_syn_m_axi_U/\bus_read/rreq_burst_conv/burst_sequential/start_addr_reg[0] )
INFO: [Synth 8-3886] merging instance 'gmem_syn_m_axi_U/bus_read/rreq_burst_conv/burst_sequential/could_multi_bursts.burst_len_plus1_reg[5]' (FDRE) to 'gmem_syn_m_axi_U/bus_read/rreq_burst_conv/burst_sequential/could_multi_bursts.burst_len_reg[4]'
INFO: [Synth 8-3886] merging instance 'gmem_syn_m_axi_U/bus_read/rreq_burst_conv/burst_sequential/could_multi_bursts.burst_len_plus1_reg[6]' (FDRE) to 'gmem_syn_m_axi_U/bus_read/rreq_burst_conv/burst_sequential/could_multi_bursts.burst_len_plus1_reg[7]'
INFO: [Synth 8-3886] merging instance 'gmem_syn_m_axi_U/bus_read/rreq_burst_conv/burst_sequential/could_multi_bursts.burst_len_plus1_reg[7]' (FDRE) to 'gmem_syn_m_axi_U/bus_read/rreq_burst_conv/burst_sequential/could_multi_bursts.burst_len_plus1_reg[8]'
INFO: [Synth 8-3333] propagating constant 0 across sequential element (gmem_syn_m_axi_U/\bus_read/rreq_burst_conv/burst_sequential/could_multi_bursts.burst_len_plus1_reg[8] )
INFO: [Synth 8-3886] merging instance 'regslice_both_SynapseStreamRight_V_keep_V_U/data_p2_reg[0]' (FDE) to 'regslice_both_SynapseStreamRight_V_keep_V_U/data_p2_reg[1]'
INFO: [Synth 8-3886] merging instance 'regslice_both_SynapseStreamRight_V_keep_V_U/data_p2_reg[1]' (FDE) to 'regslice_both_SynapseStreamRight_V_keep_V_U/data_p2_reg[2]'
INFO: [Synth 8-3886] merging instance 'regslice_both_SynapseStreamRight_V_keep_V_U/data_p2_reg[2]' (FDE) to 'regslice_both_SynapseStreamRight_V_keep_V_U/data_p2_reg[3]'
INFO: [Synth 8-3886] merging instance 'regslice_both_SynapseStreamRight_V_keep_V_U/data_p2_reg[3]' (FDE) to 'regslice_both_SynapseStreamRight_V_keep_V_U/data_p2_reg[4]'
INFO: [Synth 8-3886] merging instance 'regslice_both_SynapseStreamRight_V_keep_V_U/data_p2_reg[4]' (FDE) to 'regslice_both_SynapseStreamRight_V_keep_V_U/data_p2_reg[5]'
INFO: [Synth 8-3886] merging instance 'regslice_both_SynapseStreamRight_V_keep_V_U/data_p2_reg[5]' (FDE) to 'regslice_both_SynapseStreamRight_V_keep_V_U/data_p2_reg[6]'
INFO: [Synth 8-3886] merging instance 'regslice_both_SynapseStreamRight_V_keep_V_U/data_p2_reg[6]' (FDE) to 'regslice_both_SynapseStreamRight_V_keep_V_U/data_p2_reg[7]'
INFO: [Synth 8-3886] merging instance 'regslice_both_SynapseStreamRight_V_keep_V_U/data_p2_reg[7]' (FDE) to 'regslice_both_SynapseStreamRight_V_keep_V_U/data_p2_reg[8]'
INFO: [Synth 8-3886] merging instance 'regslice_both_SynapseStreamRight_V_keep_V_U/data_p2_reg[8]' (FDE) to 'regslice_both_SynapseStreamRight_V_keep_V_U/data_p2_reg[9]'
INFO: [Common 17-14] Message 'Synth 8-3886' appears 100 times and further instances of the messages will be disabled.
INFO: [Common 17-14] Message 'Synth 8-3886' appears 100 times and further instances of the messages will be disabled.
INFO: [Synth 8-3333] propagating constant 0 across sequential element (regslice_both_SynapseStreamRight_V_keep_V_U/\data_p2_reg[31] )
INFO: [Synth 8-3333] propagating constant 0 across sequential element (regslice_both_SynapseStreamRight_V_last_V_U/\data_p2_reg[0] )
INFO: [Synth 8-3333] propagating constant 0 across sequential element (regslice_both_SynapseStreamLeft_V_keep_V_U/\data_p2_reg[31] )
INFO: [Synth 8-3333] propagating constant 0 across sequential element (regslice_both_SynapseStreamLeft_V_last_V_U/\data_p2_reg[0] )
INFO: [Synth 8-3333] propagating constant 1 across sequential element (grp_NeuroRing_Pipeline_write_spike_status_fu_1638/\ap_CS_fsm_reg[0] )
INFO: [Synth 8-3333] propagating constant 0 across sequential element (control_s_axi_U/\waddr_reg[1] )
INFO: [Synth 8-3333] propagating constant 0 across sequential element (gmem_syn_m_axi_U/\bus_read/rreq_burst_conv/burst_sequential/could_multi_bursts.burst_len_reg[4] )
INFO: [Synth 8-3333] propagating constant 0 across sequential element (gmem_syn_m_axi_U/\bus_read/rreq_burst_conv/burst_sequential/could_multi_bursts.burst_len_reg[7] )
INFO: [Synth 8-3333] propagating constant 0 across sequential element (grp_NeuroRing_Pipeline_write_spike_status_fu_1638/ap_done_reg_reg)
INFO: [Synth 8-3333] propagating constant 1 across sequential element (\zext_ln114_reg_3745_reg[31] )
INFO: [Synth 8-3333] propagating constant 0 across sequential element (\zext_ln114_reg_3745_reg[255] )
INFO: [Synth 8-3333] propagating constant 0 across sequential element (gmem_syn_m_axi_U/\bus_write/wreq_burst_conv/burst_sequential/rs_req/data_p1_reg[96] )
INFO: [Synth 8-3333] propagating constant 0 across sequential element (gmem_syn_m_axi_U/\bus_read/rreq_burst_conv/burst_sequential/rs_req/data_p2_reg[96] )
INFO: [Synth 8-3333] propagating constant 0 across sequential element (gmem_syn_m_axi_U/\bus_read/rreq_burst_conv/burst_sequential/rs_req/data_p1_reg[96] )
INFO: [Synth 8-3333] propagating constant 0 across sequential element (gmem_syn_m_axi_U/\bus_write/wreq_burst_conv/burst_sequential/sect_addr_buf_reg[4] )
INFO: [Synth 8-3333] propagating constant 0 across sequential element (gmem_syn_m_axi_U/\bus_write/wreq_burst_conv/burst_sequential/rs_req/data_p2_reg[96] )
INFO: [Synth 8-3333] propagating constant 0 across sequential element (gmem_syn_m_axi_U/\bus_write/wreq_throttle/rs_burst/data_p1_reg[8] )
INFO: [Synth 8-3333] propagating constant 0 across sequential element (gmem_syn_m_axi_U/\bus_write/rs_resp/data_p1_reg[0] )
INFO: [Synth 8-3333] propagating constant 0 across sequential element (gmem_syn_m_axi_U/\bus_read/rreq_burst_conv/burst_sequential/sect_addr_buf_reg[4] )
INFO: [Synth 8-3333] propagating constant 0 across sequential element (regslice_both_SynapseStreamRight_V_keep_V_U/\data_p1_reg[31] )
INFO: [Synth 8-3333] propagating constant 0 across sequential element (regslice_both_SynapseStreamRight_V_last_V_U/\data_p1_reg[0] )
INFO: [Synth 8-3333] propagating constant 0 across sequential element (regslice_both_SynapseStreamLeft_V_keep_V_U/\data_p1_reg[31] )
INFO: [Synth 8-3333] propagating constant 0 across sequential element (regslice_both_SynapseStreamLeft_V_last_V_U/\data_p1_reg[0] )
INFO: [Synth 8-3333] propagating constant 0 across sequential element (gmem_syn_m_axi_U/\bus_write/wreq_burst_conv/burst_sequential/req_id_reg[0] )
INFO: [Synth 8-3333] propagating constant 0 across sequential element (gmem_syn_m_axi_U/\bus_read/rreq_burst_conv/burst_sequential/rs_req/data_p1_reg[4] )
INFO: [Synth 8-3333] propagating constant 0 across sequential element (gmem_syn_m_axi_U/\bus_read/rreq_burst_conv/burst_sequential/req_id_reg[0] )
INFO: [Synth 8-3333] propagating constant 0 across sequential element (gmem_syn_m_axi_U/\bus_write/wreq_burst_conv/burst_sequential/rs_req/data_p1_reg[4] )
INFO: [Synth 8-3333] propagating constant 0 across sequential element (gmem_syn_m_axi_U/\store_unit_0/conservative_gen.fifo_burst/U_fifo_srl/dout_reg[7] )
INFO: [Synth 8-3333] propagating constant 0 across sequential element (gmem_syn_m_axi_U/\bus_write/wreq_burst_conv/burst_sequential/req_id_buf_reg[0] )
INFO: [Synth 8-3333] propagating constant 0 across sequential element (gmem_syn_m_axi_U/\bus_read/rreq_burst_conv/burst_sequential/req_id_buf_reg[0] )
INFO: [Synth 8-3333] propagating constant 0 across sequential element (gmem_syn_m_axi_U/\store_unit_0/conservative_gen.local_BURST_WLEN_reg[7] )
INFO: [Synth 8-3333] propagating constant 0 across sequential element (gmem_syn_m_axi_U/\bus_write/wreq_burst_conv/burst_sequential/could_multi_bursts.burst_id_reg[0] )
INFO: [Synth 8-3333] propagating constant 0 across sequential element (gmem_syn_m_axi_U/\bus_write/wreq_throttle/rs_burst/data_p2_reg[7] )
INFO: [Synth 8-3333] propagating constant 0 across sequential element (gmem_syn_m_axi_U/\bus_write/wreq_throttle/rs_burst/data_p1_reg[7] )
INFO: [Synth 8-3333] propagating constant 0 across sequential element (gmem_syn_m_axi_U/\bus_write/wreq_throttle/rs_req/data_p2_reg[71] )
INFO: [Synth 8-3333] propagating constant 0 across sequential element (gmem_syn_m_axi_U/\bus_write/wreq_throttle/rs_req/data_p1_reg[71] )
INFO: [Synth 8-3333] propagating constant 0 across sequential element (gmem_syn_m_axi_U/\bus_write/wreq_throttle/fifo_burst_gen[0].fifo_req/U_fifo_srl/dout_reg[3] )
INFO: [Synth 8-3333] propagating constant 0 across sequential element (gmem_syn_m_axi_U/\bus_write/wreq_throttle/rs_req/data_p2_reg[4] )
INFO: [Synth 8-3333] propagating constant 0 across sequential element (gmem_syn_m_axi_U/\bus_write/wreq_throttle/rs_req/data_p1_reg[4] )
INFO: [Common 17-14] Message 'Synth 8-3333' appears 100 times and further instances of the messages will be disabled.
WARNING: [Synth 8-3332] Sequential element (FSM_sequential_state_reg[1]) is unused and will be removed from module NeuroRing_regslice_both__parameterized1__2.
WARNING: [Synth 8-3332] Sequential element (FSM_sequential_state_reg[0]) is unused and will be removed from module NeuroRing_regslice_both__parameterized1__2.
WARNING: [Synth 8-3332] Sequential element (FSM_sequential_state_reg[1]) is unused and will be removed from module NeuroRing_regslice_both__parameterized0__3.
WARNING: [Synth 8-3332] Sequential element (FSM_sequential_state_reg[0]) is unused and will be removed from module NeuroRing_regslice_both__parameterized0__3.
WARNING: [Synth 8-3332] Sequential element (FSM_sequential_state_reg[1]) is unused and will be removed from module NeuroRing_regslice_both__parameterized1.
WARNING: [Synth 8-3332] Sequential element (FSM_sequential_state_reg[0]) is unused and will be removed from module NeuroRing_regslice_both__parameterized1.
WARNING: [Synth 8-3332] Sequential element (FSM_sequential_state_reg[1]) is unused and will be removed from module NeuroRing_regslice_both__parameterized0.
WARNING: [Synth 8-3332] Sequential element (FSM_sequential_state_reg[0]) is unused and will be removed from module NeuroRing_regslice_both__parameterized0.
WARNING: [Synth 8-3332] Sequential element (FSM_onehot_wstate_reg[0]) is unused and will be removed from module NeuroRing_control_s_axi.
WARNING: [Synth 8-3332] Sequential element (FSM_onehot_rstate_reg[0]) is unused and will be removed from module NeuroRing_control_s_axi.
---------------------------------------------------------------------------------
Finished Cross Boundary and Area Optimization : Time (s): cpu = 00:03:05 ; elapsed = 00:03:49 . Memory (MB): peak = 4139.812 ; gain = 1189.215 ; free physical = 42103 ; free virtual = 115643
---------------------------------------------------------------------------------
 Sort Area is NeuroRing__GCB0 mac_muladd_14ns_12ns_24ns_27_4_1_U2/NeuroRing_mac_muladd_14ns_12ns_24ns_27_4_1_DSP48_0_U/p_reg_reg_0 : 0 0 : 2641 2641 : Used 1 time 0
 Sort Area is NeuroRing__GCB0 zext_ln169_reg_4186_reg_2 : 0 0 : 727 727 : Used 1 time 0
 Sort Area is NeuroRing_NeuroRing_Pipeline_update_membrane_potential__GB4 tmp_33_reg_11871_reg_9 : 0 0 : 539 539 : Used 1 time 0
 Sort Area is NeuroRing_NeuroRing_Pipeline_update_membrane_potential__GB4 tmp_27_reg_11866_reg_7 : 0 0 : 526 526 : Used 1 time 0
 Sort Area is NeuroRing_NeuroRing_Pipeline_update_membrane_potential__GB4 tmp_39_reg_11881_reg_b : 0 0 : 526 526 : Used 1 time 0
 Sort Area is NeuroRing_NeuroRing_Pipeline_update_membrane_potential__GB4 tmp_50_reg_11886_reg_c : 0 0 : 526 526 : Used 1 time 0
 Sort Area is NeuroRing_NeuroRing_Pipeline_update_membrane_potential__GB4 tmp_7_reg_11851_reg_2 : 0 0 : 493 493 : Used 1 time 0
 Sort Area is NeuroRing_NeuroRing_Pipeline_update_membrane_potential__GB4 tmp_1_reg_11846_reg_0 : 0 0 : 372 372 : Used 1 time 0
 Sort Area is NeuroRing_NeuroRing_Pipeline_update_membrane_potential__GB4 tmp_14_reg_11856_reg_4 : 0 0 : 359 359 : Used 1 time 0
 Sort Area is NeuroRing_NeuroRing_Pipeline_update_membrane_potential__GB4 tmp_21_reg_11861_reg_6 : 0 0 : 359 359 : Used 1 time 0
---------------------------------------------------------------------------------
Start Applying XDC Timing Constraints
---------------------------------------------------------------------------------
---------------------------------------------------------------------------------
Finished Applying XDC Timing Constraints : Time (s): cpu = 00:03:14 ; elapsed = 00:03:58 . Memory (MB): peak = 4163.590 ; gain = 1212.992 ; free physical = 31693 ; free virtual = 105318
---------------------------------------------------------------------------------
---------------------------------------------------------------------------------
Start Timing Optimization
---------------------------------------------------------------------------------
WARNING: [Synth 8-3332] Sequential element (FSM_sequential_state_reg[1]) is unused and will be removed from module NeuroRing_regslice_both__parameterized0__1.
WARNING: [Synth 8-3332] Sequential element (FSM_sequential_state_reg[0]) is unused and will be removed from module NeuroRing_regslice_both__parameterized0__1.
WARNING: [Synth 8-3332] Sequential element (FSM_sequential_state_reg[1]) is unused and will be removed from module NeuroRing_regslice_both__parameterized0__2.
WARNING: [Synth 8-3332] Sequential element (FSM_sequential_state_reg[0]) is unused and will be removed from module NeuroRing_regslice_both__parameterized0__2.
WARNING: [Synth 8-3332] Sequential element (FSM_sequential_state_reg[1]) is unused and will be removed from module NeuroRing_regslice_both__parameterized1__1.
WARNING: [Synth 8-3332] Sequential element (FSM_sequential_state_reg[0]) is unused and will be removed from module NeuroRing_regslice_both__parameterized1__1.
INFO: [Synth 8-5784] Optimized 1 bits of RAM "SynapseSize_U/ram_reg" due to constant propagation. Old ram width 32 bits, new ram width 31 bits.
INFO: [Synth 8-5556] The block RAM "inst/SynapseSize_U/ram_reg" may be mapped as a cascade chain, because it is not timing critical.
---------------------------------------------------------------------------------
Finished Timing Optimization : Time (s): cpu = 00:04:37 ; elapsed = 00:05:25 . Memory (MB): peak = 4523.566 ; gain = 1572.969 ; free physical = 34612 ; free virtual = 108973
---------------------------------------------------------------------------------
---------------------------------------------------------------------------------
Start Technology Mapping
---------------------------------------------------------------------------------
INFO: [Synth 8-7052] The timing for the instance inst/i_3_6/gmem_syn_m_axi_U/load_unit_0/buff_rdata/U_fifo_mem/mem_reg_0 (implemented as a Block RAM) might be sub-optimal as no optional output register could be merged into the ram block. Providing additional output register may help in improving timing.
INFO: [Synth 8-7052] The timing for the instance inst/i_3_6/gmem_syn_m_axi_U/load_unit_0/buff_rdata/U_fifo_mem/mem_reg_1 (implemented as a Block RAM) might be sub-optimal as no optional output register could be merged into the ram block. Providing additional output register may help in improving timing.
INFO: [Synth 8-7052] The timing for the instance inst/i_3_6/gmem_syn_m_axi_U/load_unit_0/buff_rdata/U_fifo_mem/mem_reg_2 (implemented as a Block RAM) might be sub-optimal as no optional output register could be merged into the ram block. Providing additional output register may help in improving timing.
INFO: [Synth 8-7052] The timing for the instance inst/i_3_6/gmem_syn_m_axi_U/load_unit_0/buff_rdata/U_fifo_mem/mem_reg_3 (implemented as a Block RAM) might be sub-optimal as no optional output register could be merged into the ram block. Providing additional output register may help in improving timing.
INFO: [Synth 8-7052] The timing for the instance inst/i_3_4/U_membPot_3_U/ram_reg (implemented as a Block RAM) might be sub-optimal as no optional output register could be merged into the ram block. Providing additional output register may help in improving timing.
INFO: [Synth 8-7052] The timing for the instance inst/i_3_4/U_membPot_4_U/ram_reg (implemented as a Block RAM) might be sub-optimal as no optional output register could be merged into the ram block. Providing additional output register may help in improving timing.
INFO: [Synth 8-7052] The timing for the instance inst/i_3_4/U_membPot_U/ram_reg (implemented as a Block RAM) might be sub-optimal as no optional output register could be merged into the ram block. Providing additional output register may help in improving timing.
INFO: [Synth 8-7052] The timing for the instance inst/i_3_4/U_membPot_1_U/ram_reg (implemented as a Block RAM) might be sub-optimal as no optional output register could be merged into the ram block. Providing additional output register may help in improving timing.
INFO: [Synth 8-7052] The timing for the instance inst/i_3_4/U_membPot_2_U/ram_reg (implemented as a Block RAM) might be sub-optimal as no optional output register could be merged into the ram block. Providing additional output register may help in improving timing.
INFO: [Synth 8-7052] The timing for the instance inst/i_3_4/U_membPot_5_U/ram_reg (implemented as a Block RAM) might be sub-optimal as no optional output register could be merged into the ram block. Providing additional output register may help in improving timing.
INFO: [Synth 8-7052] The timing for the instance inst/i_3_4/U_membPot_6_U/ram_reg (implemented as a Block RAM) might be sub-optimal as no optional output register could be merged into the ram block. Providing additional output register may help in improving timing.
INFO: [Synth 8-7052] The timing for the instance inst/i_3_4/U_membPot_7_U/ram_reg (implemented as a Block RAM) might be sub-optimal as no optional output register could be merged into the ram block. Providing additional output register may help in improving timing.
INFO: [Synth 8-7052] The timing for the instance inst/i_3_4/U_membPot_8_U/ram_reg (implemented as a Block RAM) might be sub-optimal as no optional output register could be merged into the ram block. Providing additional output register may help in improving timing.
INFO: [Synth 8-7052] The timing for the instance inst/i_3_4/I_PreSynCurr_U/ram_reg (implemented as a Block RAM) might be sub-optimal as no optional output register could be merged into the ram block. Providing additional output register may help in improving timing.
INFO: [Synth 8-7052] The timing for the instance inst/i_3_4/I_PreSynCurr_1_U/ram_reg (implemented as a Block RAM) might be sub-optimal as no optional output register could be merged into the ram block. Providing additional output register may help in improving timing.
INFO: [Synth 8-7052] The timing for the instance inst/i_3_4/I_PreSynCurr_2_U/ram_reg (implemented as a Block RAM) might be sub-optimal as no optional output register could be merged into the ram block. Providing additional output register may help in improving timing.
INFO: [Synth 8-7052] The timing for the instance inst/i_3_4/I_PreSynCurr_3_U/ram_reg (implemented as a Block RAM) might be sub-optimal as no optional output register could be merged into the ram block. Providing additional output register may help in improving timing.
INFO: [Synth 8-7052] The timing for the instance inst/i_3_4/I_PreSynCurr_4_U/ram_reg (implemented as a Block RAM) might be sub-optimal as no optional output register could be merged into the ram block. Providing additional output register may help in improving timing.
INFO: [Synth 8-7052] The timing for the instance inst/i_3_4/I_PreSynCurr_5_U/ram_reg (implemented as a Block RAM) might be sub-optimal as no optional output register could be merged into the ram block. Providing additional output register may help in improving timing.
INFO: [Synth 8-7052] The timing for the instance inst/i_3_4/I_PreSynCurr_6_U/ram_reg (implemented as a Block RAM) might be sub-optimal as no optional output register could be merged into the ram block. Providing additional output register may help in improving timing.
INFO: [Synth 8-7052] The timing for the instance inst/i_3_4/I_PreSynCurr_7_U/ram_reg (implemented as a Block RAM) might be sub-optimal as no optional output register could be merged into the ram block. Providing additional output register may help in improving timing.
INFO: [Synth 8-7052] The timing for the instance inst/i_3_4/I_PreSynCurr_8_U/ram_reg (implemented as a Block RAM) might be sub-optimal as no optional output register could be merged into the ram block. Providing additional output register may help in improving timing.
INFO: [Synth 8-7052] The timing for the instance inst/i_3_4/R_RefCnt_U/ram_reg_bram_0 (implemented as a Block RAM) might be sub-optimal as no optional output register could be merged into the ram block. Providing additional output register may help in improving timing.
INFO: [Synth 8-7052] The timing for the instance inst/i_3_4/R_RefCnt_1_U/ram_reg_bram_0 (implemented as a Block RAM) might be sub-optimal as no optional output register could be merged into the ram block. Providing additional output register may help in improving timing.
INFO: [Synth 8-7052] The timing for the instance inst/i_3_4/R_RefCnt_2_U/ram_reg_bram_0 (implemented as a Block RAM) might be sub-optimal as no optional output register could be merged into the ram block. Providing additional output register may help in improving timing.
INFO: [Synth 8-7052] The timing for the instance inst/i_3_4/R_RefCnt_3_U/ram_reg_bram_0 (implemented as a Block RAM) might be sub-optimal as no optional output register could be merged into the ram block. Providing additional output register may help in improving timing.
INFO: [Synth 8-7052] The timing for the instance inst/i_3_4/R_RefCnt_4_U/ram_reg_bram_0 (implemented as a Block RAM) might be sub-optimal as no optional output register could be merged into the ram block. Providing additional output register may help in improving timing.
INFO: [Synth 8-7052] The timing for the instance inst/i_3_4/R_RefCnt_5_U/ram_reg_bram_0 (implemented as a Block RAM) might be sub-optimal as no optional output register could be merged into the ram block. Providing additional output register may help in improving timing.
INFO: [Synth 8-7052] The timing for the instance inst/i_3_4/R_RefCnt_6_U/ram_reg_bram_0 (implemented as a Block RAM) might be sub-optimal as no optional output register could be merged into the ram block. Providing additional output register may help in improving timing.
INFO: [Synth 8-7052] The timing for the instance inst/i_3_4/R_RefCnt_7_U/ram_reg_bram_0 (implemented as a Block RAM) might be sub-optimal as no optional output register could be merged into the ram block. Providing additional output register may help in improving timing.
INFO: [Synth 8-7052] The timing for the instance inst/i_3_4/R_RefCnt_8_U/ram_reg_bram_0 (implemented as a Block RAM) might be sub-optimal as no optional output register could be merged into the ram block. Providing additional output register may help in improving timing.
INFO: [Synth 8-7052] The timing for the instance inst/i_3_4/SynapseSize_U/ram_reg_bram_1 (implemented as a Block RAM) might be sub-optimal as no optional output register could be merged into the ram block. Providing additional output register may help in improving timing.
INFO: [Synth 8-7052] The timing for the instance inst/i_3_4/SynapseSize_U/ram_reg_bram_2 (implemented as a Block RAM) might be sub-optimal as no optional output register could be merged into the ram block. Providing additional output register may help in improving timing.
INFO: [Synth 8-7052] The timing for the instance inst/i_3_4/SynapseSize_U/ram_reg_bram_3 (implemented as a Block RAM) might be sub-optimal as no optional output register could be merged into the ram block. Providing additional output register may help in improving timing.
INFO: [Synth 8-7052] The timing for the instance inst/i_3_4/I_bias_U/ram_reg (implemented as a Block RAM) might be sub-optimal as no optional output register could be merged into the ram block. Providing additional output register may help in improving timing.
INFO: [Synth 8-7052] The timing for the instance inst/i_3_4/I_bias_1_U/ram_reg (implemented as a Block RAM) might be sub-optimal as no optional output register could be merged into the ram block. Providing additional output register may help in improving timing.
INFO: [Synth 8-7052] The timing for the instance inst/i_3_4/I_bias_2_U/ram_reg (implemented as a Block RAM) might be sub-optimal as no optional output register could be merged into the ram block. Providing additional output register may help in improving timing.
INFO: [Synth 8-7052] The timing for the instance inst/i_3_4/I_bias_3_U/ram_reg (implemented as a Block RAM) might be sub-optimal as no optional output register could be merged into the ram block. Providing additional output register may help in improving timing.
INFO: [Synth 8-7052] The timing for the instance inst/i_3_4/I_bias_4_U/ram_reg (implemented as a Block RAM) might be sub-optimal as no optional output register could be merged into the ram block. Providing additional output register may help in improving timing.
INFO: [Synth 8-7052] The timing for the instance inst/i_3_4/I_bias_5_U/ram_reg (implemented as a Block RAM) might be sub-optimal as no optional output register could be merged into the ram block. Providing additional output register may help in improving timing.
INFO: [Synth 8-7052] The timing for the instance inst/i_3_4/I_bias_6_U/ram_reg (implemented as a Block RAM) might be sub-optimal as no optional output register could be merged into the ram block. Providing additional output register may help in improving timing.
INFO: [Synth 8-7052] The timing for the instance inst/i_3_4/I_bias_7_U/ram_reg (implemented as a Block RAM) might be sub-optimal as no optional output register could be merged into the ram block. Providing additional output register may help in improving timing.
INFO: [Synth 8-7052] The timing for the instance inst/i_3_4/I_bias_8_U/ram_reg (implemented as a Block RAM) might be sub-optimal as no optional output register could be merged into the ram block. Providing additional output register may help in improving timing.
---------------------------------------------------------------------------------
Finished Technology Mapping : Time (s): cpu = 00:05:11 ; elapsed = 00:06:10 . Memory (MB): peak = 4535.492 ; gain = 1584.895 ; free physical = 59916 ; free virtual = 134797
---------------------------------------------------------------------------------
---------------------------------------------------------------------------------
Start IO Insertion
---------------------------------------------------------------------------------
---------------------------------------------------------------------------------
Start Flattening Before IO Insertion
---------------------------------------------------------------------------------
---------------------------------------------------------------------------------
Finished Flattening Before IO Insertion
---------------------------------------------------------------------------------
---------------------------------------------------------------------------------
Start Final Netlist Cleanup
---------------------------------------------------------------------------------
INFO: [Synth 8-7052] The timing for the instance inst/gmem_syn_m_axi_U/load_unit_0/buff_rdata/U_fifo_mem/mem_reg_0 (implemented as a Block RAM) might be sub-optimal as no optional output register could be merged into the ram block. Providing additional output register may help in improving timing.
INFO: [Synth 8-7052] The timing for the instance inst/gmem_syn_m_axi_U/load_unit_0/buff_rdata/U_fifo_mem/mem_reg_1 (implemented as a Block RAM) might be sub-optimal as no optional output register could be merged into the ram block. Providing additional output register may help in improving timing.
INFO: [Synth 8-7052] The timing for the instance inst/gmem_syn_m_axi_U/load_unit_0/buff_rdata/U_fifo_mem/mem_reg_2 (implemented as a Block RAM) might be sub-optimal as no optional output register could be merged into the ram block. Providing additional output register may help in improving timing.
INFO: [Synth 8-7052] The timing for the instance inst/gmem_syn_m_axi_U/load_unit_0/buff_rdata/U_fifo_mem/mem_reg_3 (implemented as a Block RAM) might be sub-optimal as no optional output register could be merged into the ram block. Providing additional output register may help in improving timing.
INFO: [Synth 8-7052] The timing for the instance inst/U_membPot_3_U/ram_reg (implemented as a Block RAM) might be sub-optimal as no optional output register could be merged into the ram block. Providing additional output register may help in improving timing.
INFO: [Synth 8-7052] The timing for the instance inst/U_membPot_4_U/ram_reg (implemented as a Block RAM) might be sub-optimal as no optional output register could be merged into the ram block. Providing additional output register may help in improving timing.
INFO: [Synth 8-7052] The timing for the instance inst/U_membPot_U/ram_reg (implemented as a Block RAM) might be sub-optimal as no optional output register could be merged into the ram block. Providing additional output register may help in improving timing.
INFO: [Synth 8-7052] The timing for the instance inst/U_membPot_1_U/ram_reg (implemented as a Block RAM) might be sub-optimal as no optional output register could be merged into the ram block. Providing additional output register may help in improving timing.
INFO: [Synth 8-7052] The timing for the instance inst/U_membPot_2_U/ram_reg (implemented as a Block RAM) might be sub-optimal as no optional output register could be merged into the ram block. Providing additional output register may help in improving timing.
INFO: [Synth 8-7052] The timing for the instance inst/U_membPot_5_U/ram_reg (implemented as a Block RAM) might be sub-optimal as no optional output register could be merged into the ram block. Providing additional output register may help in improving timing.
INFO: [Synth 8-7052] The timing for the instance inst/U_membPot_6_U/ram_reg (implemented as a Block RAM) might be sub-optimal as no optional output register could be merged into the ram block. Providing additional output register may help in improving timing.
INFO: [Synth 8-7052] The timing for the instance inst/U_membPot_7_U/ram_reg (implemented as a Block RAM) might be sub-optimal as no optional output register could be merged into the ram block. Providing additional output register may help in improving timing.
INFO: [Synth 8-7052] The timing for the instance inst/U_membPot_8_U/ram_reg (implemented as a Block RAM) might be sub-optimal as no optional output register could be merged into the ram block. Providing additional output register may help in improving timing.
INFO: [Synth 8-7052] The timing for the instance inst/I_PreSynCurr_U/ram_reg (implemented as a Block RAM) might be sub-optimal as no optional output register could be merged into the ram block. Providing additional output register may help in improving timing.
INFO: [Synth 8-7052] The timing for the instance inst/I_PreSynCurr_1_U/ram_reg (implemented as a Block RAM) might be sub-optimal as no optional output register could be merged into the ram block. Providing additional output register may help in improving timing.
INFO: [Synth 8-7052] The timing for the instance inst/I_PreSynCurr_2_U/ram_reg (implemented as a Block RAM) might be sub-optimal as no optional output register could be merged into the ram block. Providing additional output register may help in improving timing.
INFO: [Synth 8-7052] The timing for the instance inst/I_PreSynCurr_3_U/ram_reg (implemented as a Block RAM) might be sub-optimal as no optional output register could be merged into the ram block. Providing additional output register may help in improving timing.
INFO: [Synth 8-7052] The timing for the instance inst/I_PreSynCurr_4_U/ram_reg (implemented as a Block RAM) might be sub-optimal as no optional output register could be merged into the ram block. Providing additional output register may help in improving timing.
INFO: [Synth 8-7052] The timing for the instance inst/I_PreSynCurr_5_U/ram_reg (implemented as a Block RAM) might be sub-optimal as no optional output register could be merged into the ram block. Providing additional output register may help in improving timing.
INFO: [Synth 8-7052] The timing for the instance inst/I_PreSynCurr_6_U/ram_reg (implemented as a Block RAM) might be sub-optimal as no optional output register could be merged into the ram block. Providing additional output register may help in improving timing.
INFO: [Synth 8-7052] The timing for the instance inst/I_PreSynCurr_7_U/ram_reg (implemented as a Block RAM) might be sub-optimal as no optional output register could be merged into the ram block. Providing additional output register may help in improving timing.
INFO: [Synth 8-7052] The timing for the instance inst/I_PreSynCurr_8_U/ram_reg (implemented as a Block RAM) might be sub-optimal as no optional output register could be merged into the ram block. Providing additional output register may help in improving timing.
INFO: [Synth 8-7052] The timing for the instance inst/R_RefCnt_U/ram_reg_bram_0 (implemented as a Block RAM) might be sub-optimal as no optional output register could be merged into the ram block. Providing additional output register may help in improving timing.
INFO: [Synth 8-7052] The timing for the instance inst/R_RefCnt_1_U/ram_reg_bram_0 (implemented as a Block RAM) might be sub-optimal as no optional output register could be merged into the ram block. Providing additional output register may help in improving timing.
INFO: [Synth 8-7052] The timing for the instance inst/R_RefCnt_2_U/ram_reg_bram_0 (implemented as a Block RAM) might be sub-optimal as no optional output register could be merged into the ram block. Providing additional output register may help in improving timing.
INFO: [Synth 8-7052] The timing for the instance inst/R_RefCnt_3_U/ram_reg_bram_0 (implemented as a Block RAM) might be sub-optimal as no optional output register could be merged into the ram block. Providing additional output register may help in improving timing.
INFO: [Synth 8-7052] The timing for the instance inst/R_RefCnt_4_U/ram_reg_bram_0 (implemented as a Block RAM) might be sub-optimal as no optional output register could be merged into the ram block. Providing additional output register may help in improving timing.
INFO: [Synth 8-7052] The timing for the instance inst/R_RefCnt_5_U/ram_reg_bram_0 (implemented as a Block RAM) might be sub-optimal as no optional output register could be merged into the ram block. Providing additional output register may help in improving timing.
INFO: [Synth 8-7052] The timing for the instance inst/R_RefCnt_6_U/ram_reg_bram_0 (implemented as a Block RAM) might be sub-optimal as no optional output register could be merged into the ram block. Providing additional output register may help in improving timing.
INFO: [Synth 8-7052] The timing for the instance inst/R_RefCnt_7_U/ram_reg_bram_0 (implemented as a Block RAM) might be sub-optimal as no optional output register could be merged into the ram block. Providing additional output register may help in improving timing.
INFO: [Synth 8-7052] The timing for the instance inst/R_RefCnt_8_U/ram_reg_bram_0 (implemented as a Block RAM) might be sub-optimal as no optional output register could be merged into the ram block. Providing additional output register may help in improving timing.
INFO: [Synth 8-7052] The timing for the instance inst/SynapseSize_U/ram_reg_bram_1 (implemented as a Block RAM) might be sub-optimal as no optional output register could be merged into the ram block. Providing additional output register may help in improving timing.
INFO: [Synth 8-7052] The timing for the instance inst/SynapseSize_U/ram_reg_bram_2 (implemented as a Block RAM) might be sub-optimal as no optional output register could be merged into the ram block. Providing additional output register may help in improving timing.
INFO: [Synth 8-7052] The timing for the instance inst/SynapseSize_U/ram_reg_bram_3 (implemented as a Block RAM) might be sub-optimal as no optional output register could be merged into the ram block. Providing additional output register may help in improving timing.
INFO: [Synth 8-7052] The timing for the instance inst/I_bias_U/ram_reg (implemented as a Block RAM) might be sub-optimal as no optional output register could be merged into the ram block. Providing additional output register may help in improving timing.
INFO: [Synth 8-7052] The timing for the instance inst/I_bias_1_U/ram_reg (implemented as a Block RAM) might be sub-optimal as no optional output register could be merged into the ram block. Providing additional output register may help in improving timing.
INFO: [Synth 8-7052] The timing for the instance inst/I_bias_2_U/ram_reg (implemented as a Block RAM) might be sub-optimal as no optional output register could be merged into the ram block. Providing additional output register may help in improving timing.
INFO: [Synth 8-7052] The timing for the instance inst/I_bias_3_U/ram_reg (implemented as a Block RAM) might be sub-optimal as no optional output register could be merged into the ram block. Providing additional output register may help in improving timing.
INFO: [Synth 8-7052] The timing for the instance inst/I_bias_4_U/ram_reg (implemented as a Block RAM) might be sub-optimal as no optional output register could be merged into the ram block. Providing additional output register may help in improving timing.
INFO: [Synth 8-7052] The timing for the instance inst/I_bias_5_U/ram_reg (implemented as a Block RAM) might be sub-optimal as no optional output register could be merged into the ram block. Providing additional output register may help in improving timing.
INFO: [Synth 8-7052] The timing for the instance inst/I_bias_6_U/ram_reg (implemented as a Block RAM) might be sub-optimal as no optional output register could be merged into the ram block. Providing additional output register may help in improving timing.
INFO: [Synth 8-7052] The timing for the instance inst/I_bias_7_U/ram_reg (implemented as a Block RAM) might be sub-optimal as no optional output register could be merged into the ram block. Providing additional output register may help in improving timing.
INFO: [Synth 8-7052] The timing for the instance inst/I_bias_8_U/ram_reg (implemented as a Block RAM) might be sub-optimal as no optional output register could be merged into the ram block. Providing additional output register may help in improving timing.
---------------------------------------------------------------------------------
Finished Final Netlist Cleanup
---------------------------------------------------------------------------------
---------------------------------------------------------------------------------
Finished IO Insertion : Time (s): cpu = 00:05:26 ; elapsed = 00:06:26 . Memory (MB): peak = 4535.492 ; gain = 1584.895 ; free physical = 57312 ; free virtual = 132583
---------------------------------------------------------------------------------
---------------------------------------------------------------------------------
Start Renaming Generated Instances
---------------------------------------------------------------------------------
---------------------------------------------------------------------------------
Finished Renaming Generated Instances : Time (s): cpu = 00:05:26 ; elapsed = 00:06:26 . Memory (MB): peak = 4535.492 ; gain = 1584.895 ; free physical = 57258 ; free virtual = 132536
---------------------------------------------------------------------------------
---------------------------------------------------------------------------------
Start Rebuilding User Hierarchy
---------------------------------------------------------------------------------
---------------------------------------------------------------------------------
Finished Rebuilding User Hierarchy : Time (s): cpu = 00:05:33 ; elapsed = 00:06:33 . Memory (MB): peak = 4535.492 ; gain = 1584.895 ; free physical = 58010 ; free virtual = 133571
---------------------------------------------------------------------------------
---------------------------------------------------------------------------------
Start Renaming Generated Ports
---------------------------------------------------------------------------------
---------------------------------------------------------------------------------
Finished Renaming Generated Ports : Time (s): cpu = 00:05:33 ; elapsed = 00:06:33 . Memory (MB): peak = 4535.492 ; gain = 1584.895 ; free physical = 57897 ; free virtual = 133458
---------------------------------------------------------------------------------
---------------------------------------------------------------------------------
Start Handling Custom Attributes
---------------------------------------------------------------------------------
---------------------------------------------------------------------------------
Finished Handling Custom Attributes : Time (s): cpu = 00:05:36 ; elapsed = 00:06:36 . Memory (MB): peak = 4535.492 ; gain = 1584.895 ; free physical = 59125 ; free virtual = 134649
---------------------------------------------------------------------------------
---------------------------------------------------------------------------------
Start Renaming Generated Nets
---------------------------------------------------------------------------------
---------------------------------------------------------------------------------
Finished Renaming Generated Nets : Time (s): cpu = 00:05:36 ; elapsed = 00:06:37 . Memory (MB): peak = 4535.492 ; gain = 1584.895 ; free physical = 58981 ; free virtual = 134508
---------------------------------------------------------------------------------
---------------------------------------------------------------------------------
Start Writing Synthesis Report
---------------------------------------------------------------------------------

DSP Final Report (the ' indicates corresponding REG is set)
+------------------------------------------------------------+-----------------+--------+--------+--------+--------+--------+------+------+------+------+-------+------+------+
|Module Name                                                 | DSP Mapping     | A Size | B Size | C Size | D Size | P Size | AREG | BREG | CREG | DREG | ADREG | MREG | PREG | 
+------------------------------------------------------------+-----------------+--------+--------+--------+--------+--------+------+------+------+------+-------+------+------+
|NeuroRing__GCB0                                             | (A'*B)'         | 12     | 14     | -      | -      | 26     | 1    | 0    | -    | -    | -     | 0    | 1    | 
|dsp48e1_wrapper_2958                                        | Dynamic         | -      | -      | -      | -      | 40     | -    | -    | -    | -    | 1     | 0    | 0    | 
|dsp48e1_wrapper__parameterized0_2911                        | C+A'*B'         | 24     | 16     | 35     | -      | 35     | 1    | 1    | 0    | -    | -     | 0    | 0    | 
|NeuroRing_NeuroRing_Pipeline_VITIS_LOOP_94_1                | (C+(A'*B')')'   | 14     | 12     | 24     | -      | 27     | 1    | 1    | 0    | -    | -     | 1    | 1    | 
|NeuroRing_NeuroRing_Pipeline_update_membrane_potential__GB4 | (A'*B)'         | 9      | 10     | -      | -      | 19     | 1    | 0    | -    | -    | -     | 0    | 1    | 
|NeuroRing_NeuroRing_Pipeline_update_membrane_potential__GB4 | (A*B)'          | 12     | 13     | -      | -      | 25     | 0    | 0    | -    | -    | -     | 0    | 1    | 
|NeuroRing_NeuroRing_Pipeline_update_membrane_potential__GB4 | (A*B)'          | 12     | 13     | -      | -      | 25     | 0    | 0    | -    | -    | -     | 0    | 1    | 
|NeuroRing_NeuroRing_Pipeline_update_membrane_potential__GB4 | (A'*B)'         | 12     | 13     | -      | -      | 25     | 1    | 0    | -    | -    | -     | 0    | 1    | 
|NeuroRing_NeuroRing_Pipeline_update_membrane_potential__GB4 | (A*B)'          | 12     | 13     | -      | -      | 25     | 0    | 0    | -    | -    | -     | 0    | 1    | 
|NeuroRing_NeuroRing_Pipeline_update_membrane_potential__GB4 | (A*B)'          | 11     | 12     | -      | -      | 23     | 0    | 0    | -    | -    | -     | 0    | 1    | 
|NeuroRing_NeuroRing_Pipeline_update_membrane_potential__GB4 | (A*B)'          | 11     | 12     | -      | -      | 23     | 0    | 0    | -    | -    | -     | 0    | 1    | 
|NeuroRing_NeuroRing_Pipeline_update_membrane_potential__GB4 | (A*B)'          | 10     | 11     | -      | -      | 21     | 0    | 0    | -    | -    | -     | 0    | 1    | 
|dsp48e1_wrapper_2864                                        | Dynamic         | -      | -      | -      | -      | 40     | -    | -    | -    | -    | 1     | 0    | 0    | 
|dsp48e1_wrapper__parameterized0_2817                        | C+A'*B'         | 24     | 16     | 35     | -      | 35     | 1    | 1    | 0    | -    | -     | 0    | 0    | 
|dsp48e1_wrapper_2782                                        | Dynamic         | -      | -      | -      | -      | 40     | -    | -    | -    | -    | 1     | 0    | 0    | 
|dsp48e1_wrapper__parameterized0_2735                        | C+A'*B'         | 24     | 16     | 35     | -      | 35     | 1    | 1    | 0    | -    | -     | 0    | 0    | 
|dsp48e1_wrapper_2700                                        | Dynamic         | -      | -      | -      | -      | 40     | -    | -    | -    | -    | 1     | 0    | 0    | 
|dsp48e1_wrapper__parameterized0_2653                        | C+A'*B'         | 24     | 16     | 35     | -      | 35     | 1    | 1    | 0    | -    | -     | 0    | 0    | 
|dsp48e1_wrapper_2618                                        | Dynamic         | -      | -      | -      | -      | 40     | -    | -    | -    | -    | 1     | 0    | 0    | 
|dsp48e1_wrapper__parameterized0_2571                        | C+A'*B'         | 24     | 16     | 35     | -      | 35     | 1    | 1    | 0    | -    | -     | 0    | 0    | 
|dsp48e1_wrapper_2536                                        | Dynamic         | -      | -      | -      | -      | 40     | -    | -    | -    | -    | 1     | 0    | 0    | 
|dsp48e1_wrapper__parameterized0_2489                        | C+A'*B'         | 24     | 16     | 35     | -      | 35     | 1    | 1    | 0    | -    | -     | 0    | 0    | 
|dsp48e1_wrapper_2454                                        | Dynamic         | -      | -      | -      | -      | 40     | -    | -    | -    | -    | 1     | 0    | 0    | 
|dsp48e1_wrapper__parameterized0_2407                        | C+A'*B'         | 24     | 16     | 35     | -      | 35     | 1    | 1    | 0    | -    | -     | 0    | 0    | 
|dsp48e1_wrapper_2372                                        | Dynamic         | -      | -      | -      | -      | 40     | -    | -    | -    | -    | 1     | 0    | 0    | 
|dsp48e1_wrapper__parameterized0_2325                        | C+A'*B'         | 24     | 16     | 35     | -      | 35     | 1    | 1    | 0    | -    | -     | 0    | 0    | 
|dsp48e1_wrapper_2290                                        | Dynamic         | -      | -      | -      | -      | 40     | -    | -    | -    | -    | 1     | 0    | 0    | 
|dsp48e1_wrapper__parameterized0_2243                        | C+A'*B'         | 24     | 16     | 35     | -      | 35     | 1    | 1    | 0    | -    | -     | 0    | 0    | 
|dsp48e1_wrapper_2208                                        | Dynamic         | -      | -      | -      | -      | 40     | -    | -    | -    | -    | 1     | 0    | 0    | 
|dsp48e1_wrapper__parameterized0_2161                        | C+A'*B'         | 24     | 16     | 35     | -      | 35     | 1    | 1    | 0    | -    | -     | 0    | 0    | 
|dsp48e1_wrapper_2126                                        | Dynamic         | -      | -      | -      | -      | 40     | -    | -    | -    | -    | 1     | 0    | 0    | 
|dsp48e1_wrapper__parameterized0_2079                        | C+A'*B'         | 24     | 16     | 35     | -      | 35     | 1    | 1    | 0    | -    | -     | 0    | 0    | 
|dsp48e1_wrapper_2044                                        | Dynamic         | -      | -      | -      | -      | 40     | -    | -    | -    | -    | 1     | 0    | 0    | 
|dsp48e1_wrapper__parameterized0_1997                        | C+A'*B'         | 24     | 16     | 35     | -      | 35     | 1    | 1    | 0    | -    | -     | 0    | 0    | 
|dsp48e1_wrapper_1962                                        | Dynamic         | -      | -      | -      | -      | 40     | -    | -    | -    | -    | 1     | 0    | 0    | 
|dsp48e1_wrapper__parameterized0_1915                        | C+A'*B'         | 24     | 16     | 35     | -      | 35     | 1    | 1    | 0    | -    | -     | 0    | 0    | 
|dsp48e1_wrapper_1880                                        | Dynamic         | -      | -      | -      | -      | 40     | -    | -    | -    | -    | 1     | 0    | 0    | 
|dsp48e1_wrapper__parameterized0_1833                        | C+A'*B'         | 24     | 16     | 35     | -      | 35     | 1    | 1    | 0    | -    | -     | 0    | 0    | 
|dsp48e1_wrapper_1798                                        | Dynamic         | -      | -      | -      | -      | 40     | -    | -    | -    | -    | 1     | 0    | 0    | 
|dsp48e1_wrapper__parameterized0_1751                        | C+A'*B'         | 24     | 16     | 35     | -      | 35     | 1    | 1    | 0    | -    | -     | 0    | 0    | 
|dsp48e1_wrapper_1716                                        | Dynamic         | -      | -      | -      | -      | 40     | -    | -    | -    | -    | 1     | 0    | 0    | 
|dsp48e1_wrapper__parameterized0_1669                        | C+A'*B'         | 24     | 16     | 35     | -      | 35     | 1    | 1    | 0    | -    | -     | 0    | 0    | 
|dsp48e1_wrapper_1634                                        | Dynamic         | -      | -      | -      | -      | 40     | -    | -    | -    | -    | 1     | 0    | 0    | 
|dsp48e1_wrapper__parameterized0_1587                        | C+A'*B'         | 24     | 16     | 35     | -      | 35     | 1    | 1    | 0    | -    | -     | 0    | 0    | 
|dsp48e1_wrapper_1552                                        | Dynamic         | -      | -      | -      | -      | 40     | -    | -    | -    | -    | 1     | 0    | 0    | 
|dsp48e1_wrapper__parameterized0_1505                        | C+A'*B'         | 24     | 16     | 35     | -      | 35     | 1    | 1    | 0    | -    | -     | 0    | 0    | 
|dsp48e1_wrapper_1470                                        | Dynamic         | -      | -      | -      | -      | 40     | -    | -    | -    | -    | 1     | 0    | 0    | 
|dsp48e1_wrapper__parameterized0_1423                        | C+A'*B'         | 24     | 16     | 35     | -      | 35     | 1    | 1    | 0    | -    | -     | 0    | 0    | 
|dsp48e1_wrapper_1388                                        | Dynamic         | -      | -      | -      | -      | 40     | -    | -    | -    | -    | 1     | 0    | 0    | 
|dsp48e1_wrapper__parameterized0_1341                        | C+A'*B'         | 24     | 16     | 35     | -      | 35     | 1    | 1    | 0    | -    | -     | 0    | 0    | 
|dsp48e1_wrapper_1306                                        | Dynamic         | -      | -      | -      | -      | 40     | -    | -    | -    | -    | 1     | 0    | 0    | 
|dsp48e1_wrapper__parameterized0_1259                        | C+A'*B'         | 24     | 16     | 35     | -      | 35     | 1    | 1    | 0    | -    | -     | 0    | 0    | 
|dsp48e1_wrapper_1224                                        | Dynamic         | -      | -      | -      | -      | 40     | -    | -    | -    | -    | 1     | 0    | 0    | 
|dsp48e1_wrapper__parameterized0_1177                        | C+A'*B'         | 24     | 16     | 35     | -      | 35     | 1    | 1    | 0    | -    | -     | 0    | 0    | 
|dsp48e1_wrapper_1142                                        | Dynamic         | -      | -      | -      | -      | 40     | -    | -    | -    | -    | 1     | 0    | 0    | 
|dsp48e1_wrapper__parameterized0_1095                        | C+A'*B'         | 24     | 16     | 35     | -      | 35     | 1    | 1    | 0    | -    | -     | 0    | 0    | 
|dsp48e1_wrapper                                             | Dynamic         | -      | -      | -      | -      | 40     | -    | -    | -    | -    | 1     | 0    | 0    | 
|dsp48e1_wrapper__parameterized0                             | C+A'*B'         | 24     | 16     | 35     | -      | 35     | 1    | 1    | 0    | -    | -     | 0    | 0    | 
|dsp48e1_wrapper__parameterized1_913                         | (A*B)'          | 24     | 17     | -      | -      | 41     | 0    | 0    | -    | -    | -     | 0    | 1    | 
|dsp48e1_wrapper__parameterized2_914                         | PCIN>>17+(A*B)' | 0      | 7      | -      | -      | 31     | 0    | 0    | -    | -    | -     | 1    | 0    | 
|dsp48e1_wrapper__parameterized3_911                         | PCIN+A:B+C      | 22     | 0      | -      | -      | 48     | 0    | 0    | -    | -    | -     | 0    | 0    | 
|dsp48e1_wrapper__parameterized1_885                         | (A*B)'          | 24     | 17     | -      | -      | 41     | 0    | 0    | -    | -    | -     | 0    | 1    | 
|dsp48e1_wrapper__parameterized2_886                         | PCIN>>17+(A*B)' | 0      | 7      | -      | -      | 31     | 0    | 0    | -    | -    | -     | 1    | 0    | 
|dsp48e1_wrapper__parameterized3_883                         | PCIN+A:B+C      | 22     | 0      | -      | -      | 48     | 0    | 0    | -    | -    | -     | 0    | 0    | 
|dsp48e1_wrapper__parameterized1_857                         | (A*B)'          | 24     | 17     | -      | -      | 41     | 0    | 0    | -    | -    | -     | 0    | 1    | 
|dsp48e1_wrapper__parameterized2_858                         | PCIN>>17+(A*B)' | 0      | 7      | -      | -      | 31     | 0    | 0    | -    | -    | -     | 1    | 0    | 
|dsp48e1_wrapper__parameterized3_855                         | PCIN+A:B+C      | 22     | 0      | -      | -      | 48     | 0    | 0    | -    | -    | -     | 0    | 0    | 
|dsp48e1_wrapper__parameterized1_829                         | (A*B)'          | 24     | 17     | -      | -      | 41     | 0    | 0    | -    | -    | -     | 0    | 1    | 
|dsp48e1_wrapper__parameterized2_830                         | PCIN>>17+(A*B)' | 0      | 7      | -      | -      | 31     | 0    | 0    | -    | -    | -     | 1    | 0    | 
|dsp48e1_wrapper__parameterized3_827                         | PCIN+A:B+C      | 22     | 0      | -      | -      | 48     | 0    | 0    | -    | -    | -     | 0    | 0    | 
|dsp48e1_wrapper__parameterized1_801                         | (A*B)'          | 24     | 17     | -      | -      | 41     | 0    | 0    | -    | -    | -     | 0    | 1    | 
|dsp48e1_wrapper__parameterized2_802                         | PCIN>>17+(A*B)' | 0      | 7      | -      | -      | 31     | 0    | 0    | -    | -    | -     | 1    | 0    | 
|dsp48e1_wrapper__parameterized3_799                         | PCIN+A:B+C      | 22     | 0      | -      | -      | 48     | 0    | 0    | -    | -    | -     | 0    | 0    | 
|dsp48e1_wrapper__parameterized1_773                         | (A*B)'          | 24     | 17     | -      | -      | 41     | 0    | 0    | -    | -    | -     | 0    | 1    | 
|dsp48e1_wrapper__parameterized2_774                         | PCIN>>17+(A*B)' | 0      | 7      | -      | -      | 31     | 0    | 0    | -    | -    | -     | 1    | 0    | 
|dsp48e1_wrapper__parameterized3_771                         | PCIN+A:B+C      | 22     | 0      | -      | -      | 48     | 0    | 0    | -    | -    | -     | 0    | 0    | 
|dsp48e1_wrapper__parameterized1_745                         | (A*B)'          | 24     | 17     | -      | -      | 41     | 0    | 0    | -    | -    | -     | 0    | 1    | 
|dsp48e1_wrapper__parameterized2_746                         | PCIN>>17+(A*B)' | 0      | 7      | -      | -      | 31     | 0    | 0    | -    | -    | -     | 1    | 0    | 
|dsp48e1_wrapper__parameterized3_743                         | PCIN+A:B+C      | 22     | 0      | -      | -      | 48     | 0    | 0    | -    | -    | -     | 0    | 0    | 
|dsp48e1_wrapper__parameterized1_717                         | (A*B)'          | 24     | 17     | -      | -      | 41     | 0    | 0    | -    | -    | -     | 0    | 1    | 
|dsp48e1_wrapper__parameterized2_718                         | PCIN>>17+(A*B)' | 0      | 7      | -      | -      | 31     | 0    | 0    | -    | -    | -     | 1    | 0    | 
|dsp48e1_wrapper__parameterized3_715                         | PCIN+A:B+C      | 22     | 0      | -      | -      | 48     | 0    | 0    | -    | -    | -     | 0    | 0    | 
|dsp48e1_wrapper__parameterized1_689                         | (A*B)'          | 24     | 17     | -      | -      | 41     | 0    | 0    | -    | -    | -     | 0    | 1    | 
|dsp48e1_wrapper__parameterized2_690                         | PCIN>>17+(A*B)' | 0      | 7      | -      | -      | 31     | 0    | 0    | -    | -    | -     | 1    | 0    | 
|dsp48e1_wrapper__parameterized3_687                         | PCIN+A:B+C      | 22     | 0      | -      | -      | 48     | 0    | 0    | -    | -    | -     | 0    | 0    | 
|dsp48e1_wrapper__parameterized1_661                         | (A*B)'          | 24     | 17     | -      | -      | 41     | 0    | 0    | -    | -    | -     | 0    | 1    | 
|dsp48e1_wrapper__parameterized2_662                         | PCIN>>17+(A*B)' | 0      | 7      | -      | -      | 31     | 0    | 0    | -    | -    | -     | 1    | 0    | 
|dsp48e1_wrapper__parameterized3_659                         | PCIN+A:B+C      | 22     | 0      | -      | -      | 48     | 0    | 0    | -    | -    | -     | 0    | 0    | 
|dsp48e1_wrapper__parameterized1_633                         | (A*B)'          | 24     | 17     | -      | -      | 41     | 0    | 0    | -    | -    | -     | 0    | 1    | 
|dsp48e1_wrapper__parameterized2_634                         | PCIN>>17+(A*B)' | 0      | 7      | -      | -      | 31     | 0    | 0    | -    | -    | -     | 1    | 0    | 
|dsp48e1_wrapper__parameterized3_631                         | PCIN+A:B+C      | 22     | 0      | -      | -      | 48     | 0    | 0    | -    | -    | -     | 0    | 0    | 
|dsp48e1_wrapper__parameterized1_605                         | (A*B)'          | 24     | 17     | -      | -      | 41     | 0    | 0    | -    | -    | -     | 0    | 1    | 
|dsp48e1_wrapper__parameterized2_606                         | PCIN>>17+(A*B)' | 0      | 7      | -      | -      | 31     | 0    | 0    | -    | -    | -     | 1    | 0    | 
|dsp48e1_wrapper__parameterized3_603                         | PCIN+A:B+C      | 22     | 0      | -      | -      | 48     | 0    | 0    | -    | -    | -     | 0    | 0    | 
|dsp48e1_wrapper__parameterized1_577                         | (A*B)'          | 24     | 17     | -      | -      | 41     | 0    | 0    | -    | -    | -     | 0    | 1    | 
|dsp48e1_wrapper__parameterized2_578                         | PCIN>>17+(A*B)' | 0      | 7      | -      | -      | 31     | 0    | 0    | -    | -    | -     | 1    | 0    | 
|dsp48e1_wrapper__parameterized3_575                         | PCIN+A:B+C      | 22     | 0      | -      | -      | 48     | 0    | 0    | -    | -    | -     | 0    | 0    | 
|dsp48e1_wrapper__parameterized1_549                         | (A*B)'          | 24     | 17     | -      | -      | 41     | 0    | 0    | -    | -    | -     | 0    | 1    | 
|dsp48e1_wrapper__parameterized2_550                         | PCIN>>17+(A*B)' | 0      | 7      | -      | -      | 31     | 0    | 0    | -    | -    | -     | 1    | 0    | 
|dsp48e1_wrapper__parameterized3_547                         | PCIN+A:B+C      | 22     | 0      | -      | -      | 48     | 0    | 0    | -    | -    | -     | 0    | 0    | 
|dsp48e1_wrapper__parameterized1_521                         | (A*B)'          | 24     | 17     | -      | -      | 41     | 0    | 0    | -    | -    | -     | 0    | 1    | 
|dsp48e1_wrapper__parameterized2_522                         | PCIN>>17+(A*B)' | 0      | 7      | -      | -      | 31     | 0    | 0    | -    | -    | -     | 1    | 0    | 
|dsp48e1_wrapper__parameterized3_519                         | PCIN+A:B+C      | 22     | 0      | -      | -      | 48     | 0    | 0    | -    | -    | -     | 0    | 0    | 
|dsp48e1_wrapper__parameterized1_493                         | (A*B)'          | 24     | 17     | -      | -      | 41     | 0    | 0    | -    | -    | -     | 0    | 1    | 
|dsp48e1_wrapper__parameterized2_494                         | PCIN>>17+(A*B)' | 0      | 7      | -      | -      | 31     | 0    | 0    | -    | -    | -     | 1    | 0    | 
|dsp48e1_wrapper__parameterized3_491                         | PCIN+A:B+C      | 22     | 0      | -      | -      | 48     | 0    | 0    | -    | -    | -     | 0    | 0    | 
|dsp48e1_wrapper__parameterized1_465                         | (A*B)'          | 24     | 17     | -      | -      | 41     | 0    | 0    | -    | -    | -     | 0    | 1    | 
|dsp48e1_wrapper__parameterized2_466                         | PCIN>>17+(A*B)' | 0      | 7      | -      | -      | 31     | 0    | 0    | -    | -    | -     | 1    | 0    | 
|dsp48e1_wrapper__parameterized3_463                         | PCIN+A:B+C      | 22     | 0      | -      | -      | 48     | 0    | 0    | -    | -    | -     | 0    | 0    | 
|dsp48e1_wrapper__parameterized1_437                         | (A*B)'          | 24     | 17     | -      | -      | 41     | 0    | 0    | -    | -    | -     | 0    | 1    | 
|dsp48e1_wrapper__parameterized2_438                         | PCIN>>17+(A*B)' | 0      | 7      | -      | -      | 31     | 0    | 0    | -    | -    | -     | 1    | 0    | 
|dsp48e1_wrapper__parameterized3_435                         | PCIN+A:B+C      | 22     | 0      | -      | -      | 48     | 0    | 0    | -    | -    | -     | 0    | 0    | 
|dsp48e1_wrapper__parameterized1_409                         | (A*B)'          | 24     | 17     | -      | -      | 41     | 0    | 0    | -    | -    | -     | 0    | 1    | 
|dsp48e1_wrapper__parameterized2_410                         | PCIN>>17+(A*B)' | 0      | 7      | -      | -      | 31     | 0    | 0    | -    | -    | -     | 1    | 0    | 
|dsp48e1_wrapper__parameterized3_407                         | PCIN+A:B+C      | 22     | 0      | -      | -      | 48     | 0    | 0    | -    | -    | -     | 0    | 0    | 
|dsp48e1_wrapper__parameterized1_381                         | (A*B)'          | 24     | 17     | -      | -      | 41     | 0    | 0    | -    | -    | -     | 0    | 1    | 
|dsp48e1_wrapper__parameterized2_382                         | PCIN>>17+(A*B)' | 0      | 7      | -      | -      | 31     | 0    | 0    | -    | -    | -     | 1    | 0    | 
|dsp48e1_wrapper__parameterized3_379                         | PCIN+A:B+C      | 22     | 0      | -      | -      | 48     | 0    | 0    | -    | -    | -     | 0    | 0    | 
|dsp48e1_wrapper__parameterized1_353                         | (A*B)'          | 24     | 17     | -      | -      | 41     | 0    | 0    | -    | -    | -     | 0    | 1    | 
|dsp48e1_wrapper__parameterized2_354                         | PCIN>>17+(A*B)' | 0      | 7      | -      | -      | 31     | 0    | 0    | -    | -    | -     | 1    | 0    | 
|dsp48e1_wrapper__parameterized3_351                         | PCIN+A:B+C      | 22     | 0      | -      | -      | 48     | 0    | 0    | -    | -    | -     | 0    | 0    | 
|dsp48e1_wrapper__parameterized1_325                         | (A*B)'          | 24     | 17     | -      | -      | 41     | 0    | 0    | -    | -    | -     | 0    | 1    | 
|dsp48e1_wrapper__parameterized2_326                         | PCIN>>17+(A*B)' | 0      | 7      | -      | -      | 31     | 0    | 0    | -    | -    | -     | 1    | 0    | 
|dsp48e1_wrapper__parameterized3_323                         | PCIN+A:B+C      | 22     | 0      | -      | -      | 48     | 0    | 0    | -    | -    | -     | 0    | 0    | 
|dsp48e1_wrapper__parameterized1_297                         | (A*B)'          | 24     | 17     | -      | -      | 41     | 0    | 0    | -    | -    | -     | 0    | 1    | 
|dsp48e1_wrapper__parameterized2_298                         | PCIN>>17+(A*B)' | 0      | 7      | -      | -      | 31     | 0    | 0    | -    | -    | -     | 1    | 0    | 
|dsp48e1_wrapper__parameterized3_295                         | PCIN+A:B+C      | 22     | 0      | -      | -      | 48     | 0    | 0    | -    | -    | -     | 0    | 0    | 
|dsp48e1_wrapper__parameterized1_269                         | (A*B)'          | 24     | 17     | -      | -      | 41     | 0    | 0    | -    | -    | -     | 0    | 1    | 
|dsp48e1_wrapper__parameterized2_270                         | PCIN>>17+(A*B)' | 0      | 7      | -      | -      | 31     | 0    | 0    | -    | -    | -     | 1    | 0    | 
|dsp48e1_wrapper__parameterized3_267                         | PCIN+A:B+C      | 22     | 0      | -      | -      | 48     | 0    | 0    | -    | -    | -     | 0    | 0    | 
|dsp48e1_wrapper__parameterized1_241                         | (A*B)'          | 24     | 17     | -      | -      | 41     | 0    | 0    | -    | -    | -     | 0    | 1    | 
|dsp48e1_wrapper__parameterized2_242                         | PCIN>>17+(A*B)' | 0      | 7      | -      | -      | 31     | 0    | 0    | -    | -    | -     | 1    | 0    | 
|dsp48e1_wrapper__parameterized3_239                         | PCIN+A:B+C      | 22     | 0      | -      | -      | 48     | 0    | 0    | -    | -    | -     | 0    | 0    | 
|dsp48e1_wrapper__parameterized1_213                         | (A*B)'          | 24     | 17     | -      | -      | 41     | 0    | 0    | -    | -    | -     | 0    | 1    | 
|dsp48e1_wrapper__parameterized2_214                         | PCIN>>17+(A*B)' | 0      | 7      | -      | -      | 31     | 0    | 0    | -    | -    | -     | 1    | 0    | 
|dsp48e1_wrapper__parameterized3_211                         | PCIN+A:B+C      | 22     | 0      | -      | -      | 48     | 0    | 0    | -    | -    | -     | 0    | 0    | 
|dsp48e1_wrapper__parameterized1_185                         | (A*B)'          | 24     | 17     | -      | -      | 41     | 0    | 0    | -    | -    | -     | 0    | 1    | 
|dsp48e1_wrapper__parameterized2_186                         | PCIN>>17+(A*B)' | 0      | 7      | -      | -      | 31     | 0    | 0    | -    | -    | -     | 1    | 0    | 
|dsp48e1_wrapper__parameterized3_183                         | PCIN+A:B+C      | 22     | 0      | -      | -      | 48     | 0    | 0    | -    | -    | -     | 0    | 0    | 
|dsp48e1_wrapper__parameterized1_157                         | (A*B)'          | 24     | 17     | -      | -      | 41     | 0    | 0    | -    | -    | -     | 0    | 1    | 
|dsp48e1_wrapper__parameterized2_158                         | PCIN>>17+(A*B)' | 0      | 7      | -      | -      | 31     | 0    | 0    | -    | -    | -     | 1    | 0    | 
|dsp48e1_wrapper__parameterized3_155                         | PCIN+A:B+C      | 22     | 0      | -      | -      | 48     | 0    | 0    | -    | -    | -     | 0    | 0    | 
|dsp48e1_wrapper__parameterized1_129                         | (A*B)'          | 24     | 17     | -      | -      | 41     | 0    | 0    | -    | -    | -     | 0    | 1    | 
|dsp48e1_wrapper__parameterized2_130                         | PCIN>>17+(A*B)' | 0      | 7      | -      | -      | 31     | 0    | 0    | -    | -    | -     | 1    | 0    | 
|dsp48e1_wrapper__parameterized3_127                         | PCIN+A:B+C      | 22     | 0      | -      | -      | 48     | 0    | 0    | -    | -    | -     | 0    | 0    | 
|dsp48e1_wrapper__parameterized1_101                         | (A*B)'          | 24     | 17     | -      | -      | 41     | 0    | 0    | -    | -    | -     | 0    | 1    | 
|dsp48e1_wrapper__parameterized2_102                         | PCIN>>17+(A*B)' | 0      | 7      | -      | -      | 31     | 0    | 0    | -    | -    | -     | 1    | 0    | 
|dsp48e1_wrapper__parameterized3_99                          | PCIN+A:B+C      | 22     | 0      | -      | -      | 48     | 0    | 0    | -    | -    | -     | 0    | 0    | 
|dsp48e1_wrapper__parameterized1_73                          | (A*B)'          | 24     | 17     | -      | -      | 41     | 0    | 0    | -    | -    | -     | 0    | 1    | 
|dsp48e1_wrapper__parameterized2_74                          | PCIN>>17+(A*B)' | 0      | 7      | -      | -      | 31     | 0    | 0    | -    | -    | -     | 1    | 0    | 
|dsp48e1_wrapper__parameterized3_71                          | PCIN+A:B+C      | 22     | 0      | -      | -      | 48     | 0    | 0    | -    | -    | -     | 0    | 0    | 
|dsp48e1_wrapper__parameterized1                             | (A*B)'          | 24     | 17     | -      | -      | 41     | 0    | 0    | -    | -    | -     | 0    | 1    | 
|dsp48e1_wrapper__parameterized2                             | PCIN>>17+(A*B)' | 0      | 7      | -      | -      | 31     | 0    | 0    | -    | -    | -     | 1    | 0    | 
|dsp48e1_wrapper__parameterized3                             | PCIN+A:B+C      | 22     | 0      | -      | -      | 48     | 0    | 0    | -    | -    | -     | 0    | 0    | 
+------------------------------------------------------------+-----------------+--------+--------+--------+--------+--------+------+------+------+------+-------+------+------+


Report BlackBoxes: 
+-+--------------+----------+
| |BlackBox name |Instances |
+-+--------------+----------+
+-+--------------+----------+

Report Cell Usage: 
+------+----------------+------+
|      |Cell            |Count |
+------+----------------+------+
|1     |CARRY8          |   465|
|2     |DSP48E1         |   144|
|3     |DSP_ALU         |    10|
|5     |DSP_A_B_DATA    |    10|
|8     |DSP_C_DATA      |    10|
|9     |DSP_MULTIPLIER  |    10|
|10    |DSP_M_DATA      |    10|
|12    |DSP_OUTPUT      |    10|
|13    |DSP_PREADD      |    10|
|14    |DSP_PREADD_DATA |    10|
|15    |LUT1            |   439|
|16    |LUT2            |  4042|
|17    |LUT3            |  7386|
|18    |LUT4            |  3688|
|19    |LUT5            |  4570|
|20    |LUT6            | 10820|
|21    |MUXCY           |  2286|
|22    |MUXF7           |  1883|
|23    |MUXF8           |   512|
|24    |RAMB18E2        |    37|
|27    |RAMB36E2        |     7|
|31    |SRL16E          |   412|
|32    |SRLC32E         |  1494|
|33    |XORCY           |   688|
|34    |FDE             |    72|
|35    |FDRE            | 30247|
|36    |FDSE            |    40|
+------+----------------+------+
---------------------------------------------------------------------------------
Finished Writing Synthesis Report : Time (s): cpu = 00:05:36 ; elapsed = 00:06:37 . Memory (MB): peak = 4535.492 ; gain = 1584.895 ; free physical = 58690 ; free virtual = 134219
---------------------------------------------------------------------------------
Synthesis finished with 0 errors, 0 critical warnings and 323 warnings.
Synthesis Optimization Runtime : Time (s): cpu = 00:05:01 ; elapsed = 00:06:00 . Memory (MB): peak = 4535.492 ; gain = 1243.324 ; free physical = 63652 ; free virtual = 139251
Synthesis Optimization Complete : Time (s): cpu = 00:05:40 ; elapsed = 00:06:43 . Memory (MB): peak = 4535.492 ; gain = 1584.895 ; free physical = 63532 ; free virtual = 139107
INFO: [Project 1-571] Translating synthesized netlist
Netlist sorting complete. Time (s): cpu = 00:00:00.89 ; elapsed = 00:00:00.9 . Memory (MB): peak = 4535.492 ; gain = 0.000 ; free physical = 61880 ; free virtual = 137489
INFO: [Netlist 29-17] Analyzing 6060 Unisim elements for replacement
INFO: [Netlist 29-28] Unisim Transformation completed in 1 CPU seconds
INFO: [Project 1-570] Preparing netlist for logic optimization
INFO: [Opt 31-138] Pushed 0 inverter(s) to 0 load pin(s).
Netlist sorting complete. Time (s): cpu = 00:00:00.03 ; elapsed = 00:00:00.02 . Memory (MB): peak = 4535.492 ; gain = 0.000 ; free physical = 64218 ; free virtual = 139981
INFO: [Project 1-111] Unisim Transformation Summary:
  A total of 625 instances were transformed.
  (CARRY4) => CARRY8: 399 instances
  DSP48E1 => DSP48E2 (DSP_ALU, DSP_A_B_DATA, DSP_C_DATA, DSP_MULTIPLIER, DSP_M_DATA, DSP_OUTPUT, DSP_PREADD, DSP_PREADD_DATA): 144 instances
  DSP48E2 => DSP48E2 (DSP_ALU, DSP_A_B_DATA, DSP_C_DATA, DSP_MULTIPLIER, DSP_M_DATA, DSP_OUTPUT, DSP_PREADD, DSP_PREADD_DATA): 10 instances
  FDE => FDRE: 72 instances

Synth Design complete | Checksum: 9eca9fb
INFO: [Common 17-83] Releasing license: Synthesis
602 Infos, 223 Warnings, 0 Critical Warnings and 0 Errors encountered.
synth_design completed successfully
synth_design: Time (s): cpu = 00:06:20 ; elapsed = 00:07:26 . Memory (MB): peak = 4535.492 ; gain = 2957.766 ; free physical = 63225 ; free virtual = 139032
INFO: [Common 17-2834] synth_design peak Physical Memory [PSS] (MB): overall = 6840.821; main = 3450.799; forked = 3393.507
INFO: [Common 17-2834] synth_design peak Virtual Memory [VSS] (MB): overall = 9807.121; main = 4531.578; forked = 5275.547
Write ShapeDB Complete: Time (s): cpu = 00:00:00.13 ; elapsed = 00:00:00.14 . Memory (MB): peak = 4535.492 ; gain = 0.000 ; free physical = 64974 ; free virtual = 140809
INFO: [Common 17-1381] The checkpoint '/home/miahafiz/NeuroRing_a_sudoku_v2/_x.hw.NUM_4096.CORE_10.FREQ_300/link/vivado/vpl/prj/prj.runs/ulp_NeuroRing_0_0_synth_1/ulp_NeuroRing_0_0.dcp' has been generated.
write_checkpoint: Time (s): cpu = 00:00:06 ; elapsed = 00:00:09 . Memory (MB): peak = 4535.492 ; gain = 0.000 ; free physical = 63006 ; free virtual = 138883
write_vhdl: Time (s): cpu = 00:00:05 ; elapsed = 00:00:06 . Memory (MB): peak = 4535.492 ; gain = 0.000 ; free physical = 64638 ; free virtual = 140590
INFO: [Coretcl 2-1648] Added synthesis output to IP cache for IP ulp_NeuroRing_0_0, cache-ID = 6864b97fd5c10897
INFO: [Coretcl 2-1174] Renamed 3382 cell refs.
Write ShapeDB Complete: Time (s): cpu = 00:00:00.13 ; elapsed = 00:00:00.15 . Memory (MB): peak = 4535.492 ; gain = 0.000 ; free physical = 65227 ; free virtual = 141228
INFO: [Common 17-1381] The checkpoint '/home/miahafiz/NeuroRing_a_sudoku_v2/_x.hw.NUM_4096.CORE_10.FREQ_300/link/vivado/vpl/prj/prj.runs/ulp_NeuroRing_0_0_synth_1/ulp_NeuroRing_0_0.dcp' has been generated.
write_checkpoint: Time (s): cpu = 00:00:07 ; elapsed = 00:00:09 . Memory (MB): peak = 4535.492 ; gain = 0.000 ; free physical = 68784 ; free virtual = 144761
INFO: [Vivado 12-24828] Executing command : report_utilization -file ulp_NeuroRing_0_0_utilization_synth.rpt -pb ulp_NeuroRing_0_0_utilization_synth.pb
write_vhdl: Time (s): cpu = 00:00:05 ; elapsed = 00:00:06 . Memory (MB): peak = 4535.492 ; gain = 0.000 ; free physical = 72722 ; free virtual = 148783
INFO: [Common 17-206] Exiting Vivado at Wed Feb 25 13:00:04 2026...
