
*** Running vivado
    with args -log ulp_hmss_0_0.vds -m64 -product Vivado -mode batch -messageDb vivado.pb -notrace -source ulp_hmss_0_0.tcl


****** Vivado v2025.1 (64-bit)
  **** SW Build 6140274 on Wed May 21 22:58:25 MDT 2025
  **** IP Build 6138677 on Thu May 22 03:10:11 MDT 2025
  **** SharedData Build 6139179 on Tue May 20 17:58:58 MDT 2025
  **** Start of session at: Fri Feb 27 06:08:21 2026
    ** Copyright 1986-2022 Xilinx, Inc. All Rights Reserved.
    ** Copyright 2022-2025 Advanced Micro Devices, Inc. All Rights Reserved.

source ulp_hmss_0_0.tcl -notrace
INFO: Dispatch client connection id - 42901
create_project: Time (s): cpu = 00:00:09 ; elapsed = 00:00:10 . Memory (MB): peak = 1542.754 ; gain = 0.023 ; free physical = 95599 ; free virtual = 171257
INFO: [IP_Flow 19-234] Refreshing IP repositories
INFO: [IP_Flow 19-1700] Loaded user IP repository '/home/miahafiz/NeuroRing_a_4096_10c/_x.hw.NUM_4096.CORE_10.FREQ_300/link/int/xo/ip_repo/xilinx_com_hls_SynapseRouter_1_0'.
INFO: [IP_Flow 19-1700] Loaded user IP repository '/home/miahafiz/NeuroRing_a_4096_10c/_x.hw.NUM_4096.CORE_10.FREQ_300/link/int/xo/ip_repo/xilinx_com_hls_NeuroRing_1_0'.
INFO: [IP_Flow 19-1700] Loaded user IP repository '/home/miahafiz/NeuroRing_a_4096_10c/_x.hw.NUM_4096.CORE_10.FREQ_300/link/vivado/vpl/.local/hw_platform/iprepo'.
INFO: [IP_Flow 19-1700] Loaded user IP repository '/opt/xilinx/2025.1/Vitis/data/cache/xilinx'.
INFO: [IP_Flow 19-1700] Loaded user IP repository '/home/miahafiz/NeuroRing_a_4096_10c/_x.hw.NUM_4096.CORE_10.FREQ_300/link/vivado/vpl/.local/hw_platform/ipcache'.
INFO: [IP_Flow 19-1700] Loaded user IP repository '/opt/xilinx/2025.1/Vitis/data/vitis/ip'.
INFO: [IP_Flow 19-2313] Loaded Vivado IP repository '/opt/xilinx/2025.1/Vivado/data/ip'.
WARNING: [IP_Flow 19-1663] Duplicate IP found for 'xilinx.com:ip:axi_clk_metadata_adapter:1.0'. The one found in IP location '/home/miahafiz/NeuroRing_a_4096_10c/_x.hw.NUM_4096.CORE_10.FREQ_300/link/vivado/vpl/.local/hw_platform/iprepo/ipdefs/other_ipdefs/axi_clk_metadata_adapter_v1_0' will take precedence over the same IP in location /home/miahafiz/NeuroRing_a_4096_10c/_x.hw.NUM_4096.CORE_10.FREQ_300/link/vivado/vpl/.local/hw_platform/iprepo/ipdefs/pxi_ii_infra/axi_clk_metadata_adapter_v1_0
WARNING: [IP_Flow 19-1663] Duplicate IP found for 'xilinx.com:ip:axis_clk_metadata_adapter:1.0'. The one found in IP location '/home/miahafiz/NeuroRing_a_4096_10c/_x.hw.NUM_4096.CORE_10.FREQ_300/link/vivado/vpl/.local/hw_platform/iprepo/ipdefs/other_ipdefs/axis_clk_metadata_adapter_v1_0' will take precedence over the same IP in location /home/miahafiz/NeuroRing_a_4096_10c/_x.hw.NUM_4096.CORE_10.FREQ_300/link/vivado/vpl/.local/hw_platform/iprepo/ipdefs/pxi_ii_infra/axis_clk_metadata_adapter_v1_0
WARNING: [IP_Flow 19-1663] Duplicate IP found for 'xilinx.com:ip:clk_metadata_adapter:1.0'. The one found in IP location '/home/miahafiz/NeuroRing_a_4096_10c/_x.hw.NUM_4096.CORE_10.FREQ_300/link/vivado/vpl/.local/hw_platform/iprepo/ipdefs/other_ipdefs/clk_metadata_adapter_v1_0' will take precedence over the same IP in location /home/miahafiz/NeuroRing_a_4096_10c/_x.hw.NUM_4096.CORE_10.FREQ_300/link/vivado/vpl/.local/hw_platform/iprepo/ipdefs/pxi_ii_infra/clk_metadata_adapter_v1_0
WARNING: [IP_Flow 19-1663] Duplicate IP found for 'xilinx.com:ip:pipeline_reg:1.0'. The one found in IP location '/home/miahafiz/NeuroRing_a_4096_10c/_x.hw.NUM_4096.CORE_10.FREQ_300/link/vivado/vpl/.local/hw_platform/iprepo/ipdefs/other_ipdefs/pipeline_reg_v1_0' will take precedence over the same IP in location /home/miahafiz/NeuroRing_a_4096_10c/_x.hw.NUM_4096.CORE_10.FREQ_300/link/vivado/vpl/.local/hw_platform/iprepo/ipdefs/pxi_ii_infra/pipeline_reg_v1_0
Command: synth_design -top ulp_hmss_0_0 -part xcu55c-fsvh2892-2L-e -incremental_mode off -mode out_of_context
Starting synth_design
Attempting to get a license for feature 'Synthesis' and/or device 'xcu55c'
INFO: [Common 17-349] Got license for feature 'Synthesis' and/or device 'xcu55c'
INFO: [Device 21-403] Loading part xcu55c-fsvh2892-2L-e
INFO: [Synth 8-7079] Multithreading enabled for synth_design using a maximum of 1 processes.
INFO: [Synth 8-7078] Launching helper process for spawning children vivado processes
INFO: [Synth 8-7075] Helper process launched with PID 999638
---------------------------------------------------------------------------------
Starting RTL Elaboration : Time (s): cpu = 00:00:06 ; elapsed = 00:00:06 . Memory (MB): peak = 3337.863 ; gain = 287.691 ; free physical = 100806 ; free virtual = 176465
---------------------------------------------------------------------------------
INFO: [Synth 8-6157] synthesizing module 'ulp_hmss_0_0' [/home/miahafiz/NeuroRing_a_4096_10c/_x.hw.NUM_4096.CORE_10.FREQ_300/link/vivado/vpl/prj/prj.gen/my_rm/bd/ulp/ip/ulp_hmss_0_0/synth/ulp_hmss_0_0.v:53]
INFO: [Synth 8-6157] synthesizing module 'bd_85ad' [/home/miahafiz/NeuroRing_a_4096_10c/_x.hw.NUM_4096.CORE_10.FREQ_300/link/vivado/vpl/prj/prj.gen/my_rm/bd/ulp/ip/ulp_hmss_0_0/bd_0/synth/bd_85ad.v:10]
INFO: [Synth 8-6157] synthesizing module 'bd_85ad_axi_apb_bridge_inst_0' [/home/miahafiz/NeuroRing_a_4096_10c/_x.hw.NUM_4096.CORE_10.FREQ_300/link/vivado/vpl/prj/prj.runs/ulp_hmss_0_0_synth_1/.Xil/Vivado-995911-cyberdeck/realtime/bd_85ad_axi_apb_bridge_inst_0_stub.v:6]
INFO: [Synth 8-6155] done synthesizing module 'bd_85ad_axi_apb_bridge_inst_0' (0#1) [/home/miahafiz/NeuroRing_a_4096_10c/_x.hw.NUM_4096.CORE_10.FREQ_300/link/vivado/vpl/prj/prj.runs/ulp_hmss_0_0_synth_1/.Xil/Vivado-995911-cyberdeck/realtime/bd_85ad_axi_apb_bridge_inst_0_stub.v:6]
INFO: [Synth 8-6157] synthesizing module 'bd_85ad_hbm_inst_0' [/home/miahafiz/NeuroRing_a_4096_10c/_x.hw.NUM_4096.CORE_10.FREQ_300/link/vivado/vpl/prj/prj.runs/ulp_hmss_0_0_synth_1/.Xil/Vivado-995911-cyberdeck/realtime/bd_85ad_hbm_inst_0_stub.v:6]
INFO: [Synth 8-6155] done synthesizing module 'bd_85ad_hbm_inst_0' (0#1) [/home/miahafiz/NeuroRing_a_4096_10c/_x.hw.NUM_4096.CORE_10.FREQ_300/link/vivado/vpl/prj/prj.runs/ulp_hmss_0_0_synth_1/.Xil/Vivado-995911-cyberdeck/realtime/bd_85ad_hbm_inst_0_stub.v:6]
WARNING: [Synth 8-7071] port 'AXI_00_RDATA_PARITY' of module 'bd_85ad_hbm_inst_0' is unconnected for instance 'hbm_inst' [/home/miahafiz/NeuroRing_a_4096_10c/_x.hw.NUM_4096.CORE_10.FREQ_300/link/vivado/vpl/prj/prj.gen/my_rm/bd/ulp/ip/ulp_hmss_0_0/bd_0/synth/bd_85ad.v:1967]
WARNING: [Synth 8-7071] port 'AXI_00_RID' of module 'bd_85ad_hbm_inst_0' is unconnected for instance 'hbm_inst' [/home/miahafiz/NeuroRing_a_4096_10c/_x.hw.NUM_4096.CORE_10.FREQ_300/link/vivado/vpl/prj/prj.gen/my_rm/bd/ulp/ip/ulp_hmss_0_0/bd_0/synth/bd_85ad.v:1967]
WARNING: [Synth 8-7071] port 'AXI_00_BID' of module 'bd_85ad_hbm_inst_0' is unconnected for instance 'hbm_inst' [/home/miahafiz/NeuroRing_a_4096_10c/_x.hw.NUM_4096.CORE_10.FREQ_300/link/vivado/vpl/prj/prj.gen/my_rm/bd/ulp/ip/ulp_hmss_0_0/bd_0/synth/bd_85ad.v:1967]
WARNING: [Synth 8-7071] port 'AXI_04_RDATA_PARITY' of module 'bd_85ad_hbm_inst_0' is unconnected for instance 'hbm_inst' [/home/miahafiz/NeuroRing_a_4096_10c/_x.hw.NUM_4096.CORE_10.FREQ_300/link/vivado/vpl/prj/prj.gen/my_rm/bd/ulp/ip/ulp_hmss_0_0/bd_0/synth/bd_85ad.v:1967]
WARNING: [Synth 8-7071] port 'AXI_04_RID' of module 'bd_85ad_hbm_inst_0' is unconnected for instance 'hbm_inst' [/home/miahafiz/NeuroRing_a_4096_10c/_x.hw.NUM_4096.CORE_10.FREQ_300/link/vivado/vpl/prj/prj.gen/my_rm/bd/ulp/ip/ulp_hmss_0_0/bd_0/synth/bd_85ad.v:1967]
WARNING: [Synth 8-7071] port 'AXI_04_BID' of module 'bd_85ad_hbm_inst_0' is unconnected for instance 'hbm_inst' [/home/miahafiz/NeuroRing_a_4096_10c/_x.hw.NUM_4096.CORE_10.FREQ_300/link/vivado/vpl/prj/prj.gen/my_rm/bd/ulp/ip/ulp_hmss_0_0/bd_0/synth/bd_85ad.v:1967]
WARNING: [Synth 8-7071] port 'AXI_08_RDATA_PARITY' of module 'bd_85ad_hbm_inst_0' is unconnected for instance 'hbm_inst' [/home/miahafiz/NeuroRing_a_4096_10c/_x.hw.NUM_4096.CORE_10.FREQ_300/link/vivado/vpl/prj/prj.gen/my_rm/bd/ulp/ip/ulp_hmss_0_0/bd_0/synth/bd_85ad.v:1967]
WARNING: [Synth 8-7071] port 'AXI_08_RID' of module 'bd_85ad_hbm_inst_0' is unconnected for instance 'hbm_inst' [/home/miahafiz/NeuroRing_a_4096_10c/_x.hw.NUM_4096.CORE_10.FREQ_300/link/vivado/vpl/prj/prj.gen/my_rm/bd/ulp/ip/ulp_hmss_0_0/bd_0/synth/bd_85ad.v:1967]
WARNING: [Synth 8-7071] port 'AXI_08_BID' of module 'bd_85ad_hbm_inst_0' is unconnected for instance 'hbm_inst' [/home/miahafiz/NeuroRing_a_4096_10c/_x.hw.NUM_4096.CORE_10.FREQ_300/link/vivado/vpl/prj/prj.gen/my_rm/bd/ulp/ip/ulp_hmss_0_0/bd_0/synth/bd_85ad.v:1967]
WARNING: [Synth 8-7071] port 'AXI_09_RDATA_PARITY' of module 'bd_85ad_hbm_inst_0' is unconnected for instance 'hbm_inst' [/home/miahafiz/NeuroRing_a_4096_10c/_x.hw.NUM_4096.CORE_10.FREQ_300/link/vivado/vpl/prj/prj.gen/my_rm/bd/ulp/ip/ulp_hmss_0_0/bd_0/synth/bd_85ad.v:1967]
WARNING: [Synth 8-7071] port 'AXI_09_RID' of module 'bd_85ad_hbm_inst_0' is unconnected for instance 'hbm_inst' [/home/miahafiz/NeuroRing_a_4096_10c/_x.hw.NUM_4096.CORE_10.FREQ_300/link/vivado/vpl/prj/prj.gen/my_rm/bd/ulp/ip/ulp_hmss_0_0/bd_0/synth/bd_85ad.v:1967]
WARNING: [Synth 8-7071] port 'AXI_09_BID' of module 'bd_85ad_hbm_inst_0' is unconnected for instance 'hbm_inst' [/home/miahafiz/NeuroRing_a_4096_10c/_x.hw.NUM_4096.CORE_10.FREQ_300/link/vivado/vpl/prj/prj.gen/my_rm/bd/ulp/ip/ulp_hmss_0_0/bd_0/synth/bd_85ad.v:1967]
WARNING: [Synth 8-7071] port 'AXI_12_RDATA_PARITY' of module 'bd_85ad_hbm_inst_0' is unconnected for instance 'hbm_inst' [/home/miahafiz/NeuroRing_a_4096_10c/_x.hw.NUM_4096.CORE_10.FREQ_300/link/vivado/vpl/prj/prj.gen/my_rm/bd/ulp/ip/ulp_hmss_0_0/bd_0/synth/bd_85ad.v:1967]
WARNING: [Synth 8-7071] port 'AXI_12_RID' of module 'bd_85ad_hbm_inst_0' is unconnected for instance 'hbm_inst' [/home/miahafiz/NeuroRing_a_4096_10c/_x.hw.NUM_4096.CORE_10.FREQ_300/link/vivado/vpl/prj/prj.gen/my_rm/bd/ulp/ip/ulp_hmss_0_0/bd_0/synth/bd_85ad.v:1967]
WARNING: [Synth 8-7071] port 'AXI_12_BID' of module 'bd_85ad_hbm_inst_0' is unconnected for instance 'hbm_inst' [/home/miahafiz/NeuroRing_a_4096_10c/_x.hw.NUM_4096.CORE_10.FREQ_300/link/vivado/vpl/prj/prj.gen/my_rm/bd/ulp/ip/ulp_hmss_0_0/bd_0/synth/bd_85ad.v:1967]
WARNING: [Synth 8-7071] port 'AXI_13_RDATA_PARITY' of module 'bd_85ad_hbm_inst_0' is unconnected for instance 'hbm_inst' [/home/miahafiz/NeuroRing_a_4096_10c/_x.hw.NUM_4096.CORE_10.FREQ_300/link/vivado/vpl/prj/prj.gen/my_rm/bd/ulp/ip/ulp_hmss_0_0/bd_0/synth/bd_85ad.v:1967]
WARNING: [Synth 8-7071] port 'AXI_13_RID' of module 'bd_85ad_hbm_inst_0' is unconnected for instance 'hbm_inst' [/home/miahafiz/NeuroRing_a_4096_10c/_x.hw.NUM_4096.CORE_10.FREQ_300/link/vivado/vpl/prj/prj.gen/my_rm/bd/ulp/ip/ulp_hmss_0_0/bd_0/synth/bd_85ad.v:1967]
WARNING: [Synth 8-7071] port 'AXI_13_BID' of module 'bd_85ad_hbm_inst_0' is unconnected for instance 'hbm_inst' [/home/miahafiz/NeuroRing_a_4096_10c/_x.hw.NUM_4096.CORE_10.FREQ_300/link/vivado/vpl/prj/prj.gen/my_rm/bd/ulp/ip/ulp_hmss_0_0/bd_0/synth/bd_85ad.v:1967]
WARNING: [Synth 8-7071] port 'AXI_14_RDATA_PARITY' of module 'bd_85ad_hbm_inst_0' is unconnected for instance 'hbm_inst' [/home/miahafiz/NeuroRing_a_4096_10c/_x.hw.NUM_4096.CORE_10.FREQ_300/link/vivado/vpl/prj/prj.gen/my_rm/bd/ulp/ip/ulp_hmss_0_0/bd_0/synth/bd_85ad.v:1967]
WARNING: [Synth 8-7071] port 'AXI_14_RID' of module 'bd_85ad_hbm_inst_0' is unconnected for instance 'hbm_inst' [/home/miahafiz/NeuroRing_a_4096_10c/_x.hw.NUM_4096.CORE_10.FREQ_300/link/vivado/vpl/prj/prj.gen/my_rm/bd/ulp/ip/ulp_hmss_0_0/bd_0/synth/bd_85ad.v:1967]
WARNING: [Synth 8-7071] port 'AXI_14_BID' of module 'bd_85ad_hbm_inst_0' is unconnected for instance 'hbm_inst' [/home/miahafiz/NeuroRing_a_4096_10c/_x.hw.NUM_4096.CORE_10.FREQ_300/link/vivado/vpl/prj/prj.gen/my_rm/bd/ulp/ip/ulp_hmss_0_0/bd_0/synth/bd_85ad.v:1967]
WARNING: [Synth 8-7071] port 'AXI_16_RDATA_PARITY' of module 'bd_85ad_hbm_inst_0' is unconnected for instance 'hbm_inst' [/home/miahafiz/NeuroRing_a_4096_10c/_x.hw.NUM_4096.CORE_10.FREQ_300/link/vivado/vpl/prj/prj.gen/my_rm/bd/ulp/ip/ulp_hmss_0_0/bd_0/synth/bd_85ad.v:1967]
WARNING: [Synth 8-7071] port 'AXI_16_RID' of module 'bd_85ad_hbm_inst_0' is unconnected for instance 'hbm_inst' [/home/miahafiz/NeuroRing_a_4096_10c/_x.hw.NUM_4096.CORE_10.FREQ_300/link/vivado/vpl/prj/prj.gen/my_rm/bd/ulp/ip/ulp_hmss_0_0/bd_0/synth/bd_85ad.v:1967]
WARNING: [Synth 8-7071] port 'AXI_16_BID' of module 'bd_85ad_hbm_inst_0' is unconnected for instance 'hbm_inst' [/home/miahafiz/NeuroRing_a_4096_10c/_x.hw.NUM_4096.CORE_10.FREQ_300/link/vivado/vpl/prj/prj.gen/my_rm/bd/ulp/ip/ulp_hmss_0_0/bd_0/synth/bd_85ad.v:1967]
WARNING: [Synth 8-7071] port 'AXI_17_RDATA_PARITY' of module 'bd_85ad_hbm_inst_0' is unconnected for instance 'hbm_inst' [/home/miahafiz/NeuroRing_a_4096_10c/_x.hw.NUM_4096.CORE_10.FREQ_300/link/vivado/vpl/prj/prj.gen/my_rm/bd/ulp/ip/ulp_hmss_0_0/bd_0/synth/bd_85ad.v:1967]
WARNING: [Synth 8-7071] port 'AXI_17_RID' of module 'bd_85ad_hbm_inst_0' is unconnected for instance 'hbm_inst' [/home/miahafiz/NeuroRing_a_4096_10c/_x.hw.NUM_4096.CORE_10.FREQ_300/link/vivado/vpl/prj/prj.gen/my_rm/bd/ulp/ip/ulp_hmss_0_0/bd_0/synth/bd_85ad.v:1967]
WARNING: [Synth 8-7071] port 'AXI_17_BID' of module 'bd_85ad_hbm_inst_0' is unconnected for instance 'hbm_inst' [/home/miahafiz/NeuroRing_a_4096_10c/_x.hw.NUM_4096.CORE_10.FREQ_300/link/vivado/vpl/prj/prj.gen/my_rm/bd/ulp/ip/ulp_hmss_0_0/bd_0/synth/bd_85ad.v:1967]
WARNING: [Synth 8-7071] port 'AXI_20_RDATA_PARITY' of module 'bd_85ad_hbm_inst_0' is unconnected for instance 'hbm_inst' [/home/miahafiz/NeuroRing_a_4096_10c/_x.hw.NUM_4096.CORE_10.FREQ_300/link/vivado/vpl/prj/prj.gen/my_rm/bd/ulp/ip/ulp_hmss_0_0/bd_0/synth/bd_85ad.v:1967]
WARNING: [Synth 8-7071] port 'AXI_20_RID' of module 'bd_85ad_hbm_inst_0' is unconnected for instance 'hbm_inst' [/home/miahafiz/NeuroRing_a_4096_10c/_x.hw.NUM_4096.CORE_10.FREQ_300/link/vivado/vpl/prj/prj.gen/my_rm/bd/ulp/ip/ulp_hmss_0_0/bd_0/synth/bd_85ad.v:1967]
WARNING: [Synth 8-7071] port 'AXI_20_BID' of module 'bd_85ad_hbm_inst_0' is unconnected for instance 'hbm_inst' [/home/miahafiz/NeuroRing_a_4096_10c/_x.hw.NUM_4096.CORE_10.FREQ_300/link/vivado/vpl/prj/prj.gen/my_rm/bd/ulp/ip/ulp_hmss_0_0/bd_0/synth/bd_85ad.v:1967]
WARNING: [Synth 8-7071] port 'AXI_21_RDATA_PARITY' of module 'bd_85ad_hbm_inst_0' is unconnected for instance 'hbm_inst' [/home/miahafiz/NeuroRing_a_4096_10c/_x.hw.NUM_4096.CORE_10.FREQ_300/link/vivado/vpl/prj/prj.gen/my_rm/bd/ulp/ip/ulp_hmss_0_0/bd_0/synth/bd_85ad.v:1967]
WARNING: [Synth 8-7071] port 'AXI_21_RID' of module 'bd_85ad_hbm_inst_0' is unconnected for instance 'hbm_inst' [/home/miahafiz/NeuroRing_a_4096_10c/_x.hw.NUM_4096.CORE_10.FREQ_300/link/vivado/vpl/prj/prj.gen/my_rm/bd/ulp/ip/ulp_hmss_0_0/bd_0/synth/bd_85ad.v:1967]
WARNING: [Synth 8-7071] port 'AXI_21_BID' of module 'bd_85ad_hbm_inst_0' is unconnected for instance 'hbm_inst' [/home/miahafiz/NeuroRing_a_4096_10c/_x.hw.NUM_4096.CORE_10.FREQ_300/link/vivado/vpl/prj/prj.gen/my_rm/bd/ulp/ip/ulp_hmss_0_0/bd_0/synth/bd_85ad.v:1967]
WARNING: [Synth 8-7023] instance 'hbm_inst' of module 'bd_85ad_hbm_inst_0' has 391 connections declared, but only 358 given [/home/miahafiz/NeuroRing_a_4096_10c/_x.hw.NUM_4096.CORE_10.FREQ_300/link/vivado/vpl/prj/prj.gen/my_rm/bd/ulp/ip/ulp_hmss_0_0/bd_0/synth/bd_85ad.v:1967]
INFO: [Synth 8-6157] synthesizing module 'bd_85ad_hbm_reset_sync_SLR0_0' [/home/miahafiz/NeuroRing_a_4096_10c/_x.hw.NUM_4096.CORE_10.FREQ_300/link/vivado/vpl/prj/prj.runs/ulp_hmss_0_0_synth_1/.Xil/Vivado-995911-cyberdeck/realtime/bd_85ad_hbm_reset_sync_SLR0_0_stub.v:6]
INFO: [Synth 8-6155] done synthesizing module 'bd_85ad_hbm_reset_sync_SLR0_0' (0#1) [/home/miahafiz/NeuroRing_a_4096_10c/_x.hw.NUM_4096.CORE_10.FREQ_300/link/vivado/vpl/prj/prj.runs/ulp_hmss_0_0_synth_1/.Xil/Vivado-995911-cyberdeck/realtime/bd_85ad_hbm_reset_sync_SLR0_0_stub.v:6]
WARNING: [Synth 8-7071] port 'mb_reset' of module 'bd_85ad_hbm_reset_sync_SLR0_0' is unconnected for instance 'hbm_reset_sync_SLR0' [/home/miahafiz/NeuroRing_a_4096_10c/_x.hw.NUM_4096.CORE_10.FREQ_300/link/vivado/vpl/prj/prj.gen/my_rm/bd/ulp/ip/ulp_hmss_0_0/bd_0/synth/bd_85ad.v:2326]
WARNING: [Synth 8-7071] port 'bus_struct_reset' of module 'bd_85ad_hbm_reset_sync_SLR0_0' is unconnected for instance 'hbm_reset_sync_SLR0' [/home/miahafiz/NeuroRing_a_4096_10c/_x.hw.NUM_4096.CORE_10.FREQ_300/link/vivado/vpl/prj/prj.gen/my_rm/bd/ulp/ip/ulp_hmss_0_0/bd_0/synth/bd_85ad.v:2326]
WARNING: [Synth 8-7071] port 'peripheral_reset' of module 'bd_85ad_hbm_reset_sync_SLR0_0' is unconnected for instance 'hbm_reset_sync_SLR0' [/home/miahafiz/NeuroRing_a_4096_10c/_x.hw.NUM_4096.CORE_10.FREQ_300/link/vivado/vpl/prj/prj.gen/my_rm/bd/ulp/ip/ulp_hmss_0_0/bd_0/synth/bd_85ad.v:2326]
WARNING: [Synth 8-7071] port 'peripheral_aresetn' of module 'bd_85ad_hbm_reset_sync_SLR0_0' is unconnected for instance 'hbm_reset_sync_SLR0' [/home/miahafiz/NeuroRing_a_4096_10c/_x.hw.NUM_4096.CORE_10.FREQ_300/link/vivado/vpl/prj/prj.gen/my_rm/bd/ulp/ip/ulp_hmss_0_0/bd_0/synth/bd_85ad.v:2326]
WARNING: [Synth 8-7023] instance 'hbm_reset_sync_SLR0' of module 'bd_85ad_hbm_reset_sync_SLR0_0' has 10 connections declared, but only 6 given [/home/miahafiz/NeuroRing_a_4096_10c/_x.hw.NUM_4096.CORE_10.FREQ_300/link/vivado/vpl/prj/prj.gen/my_rm/bd/ulp/ip/ulp_hmss_0_0/bd_0/synth/bd_85ad.v:2326]
INFO: [Synth 8-6157] synthesizing module 'bd_85ad_hbm_reset_sync_SLR2_0' [/home/miahafiz/NeuroRing_a_4096_10c/_x.hw.NUM_4096.CORE_10.FREQ_300/link/vivado/vpl/prj/prj.runs/ulp_hmss_0_0_synth_1/.Xil/Vivado-995911-cyberdeck/realtime/bd_85ad_hbm_reset_sync_SLR2_0_stub.v:6]
INFO: [Synth 8-6155] done synthesizing module 'bd_85ad_hbm_reset_sync_SLR2_0' (0#1) [/home/miahafiz/NeuroRing_a_4096_10c/_x.hw.NUM_4096.CORE_10.FREQ_300/link/vivado/vpl/prj/prj.runs/ulp_hmss_0_0_synth_1/.Xil/Vivado-995911-cyberdeck/realtime/bd_85ad_hbm_reset_sync_SLR2_0_stub.v:6]
WARNING: [Synth 8-7071] port 'mb_reset' of module 'bd_85ad_hbm_reset_sync_SLR2_0' is unconnected for instance 'hbm_reset_sync_SLR2' [/home/miahafiz/NeuroRing_a_4096_10c/_x.hw.NUM_4096.CORE_10.FREQ_300/link/vivado/vpl/prj/prj.gen/my_rm/bd/ulp/ip/ulp_hmss_0_0/bd_0/synth/bd_85ad.v:2333]
WARNING: [Synth 8-7071] port 'bus_struct_reset' of module 'bd_85ad_hbm_reset_sync_SLR2_0' is unconnected for instance 'hbm_reset_sync_SLR2' [/home/miahafiz/NeuroRing_a_4096_10c/_x.hw.NUM_4096.CORE_10.FREQ_300/link/vivado/vpl/prj/prj.gen/my_rm/bd/ulp/ip/ulp_hmss_0_0/bd_0/synth/bd_85ad.v:2333]
WARNING: [Synth 8-7071] port 'peripheral_reset' of module 'bd_85ad_hbm_reset_sync_SLR2_0' is unconnected for instance 'hbm_reset_sync_SLR2' [/home/miahafiz/NeuroRing_a_4096_10c/_x.hw.NUM_4096.CORE_10.FREQ_300/link/vivado/vpl/prj/prj.gen/my_rm/bd/ulp/ip/ulp_hmss_0_0/bd_0/synth/bd_85ad.v:2333]
WARNING: [Synth 8-7071] port 'peripheral_aresetn' of module 'bd_85ad_hbm_reset_sync_SLR2_0' is unconnected for instance 'hbm_reset_sync_SLR2' [/home/miahafiz/NeuroRing_a_4096_10c/_x.hw.NUM_4096.CORE_10.FREQ_300/link/vivado/vpl/prj/prj.gen/my_rm/bd/ulp/ip/ulp_hmss_0_0/bd_0/synth/bd_85ad.v:2333]
WARNING: [Synth 8-7023] instance 'hbm_reset_sync_SLR2' of module 'bd_85ad_hbm_reset_sync_SLR2_0' has 10 connections declared, but only 6 given [/home/miahafiz/NeuroRing_a_4096_10c/_x.hw.NUM_4096.CORE_10.FREQ_300/link/vivado/vpl/prj/prj.gen/my_rm/bd/ulp/ip/ulp_hmss_0_0/bd_0/synth/bd_85ad.v:2333]
INFO: [Synth 8-6157] synthesizing module 'init_logic_imp_KAN0DP' [/home/miahafiz/NeuroRing_a_4096_10c/_x.hw.NUM_4096.CORE_10.FREQ_300/link/vivado/vpl/prj/prj.gen/my_rm/bd/ulp/ip/ulp_hmss_0_0/bd_0/synth/bd_85ad.v:3780]
INFO: [Synth 8-6157] synthesizing module 'bd_85ad_init_concat_0' [/home/miahafiz/NeuroRing_a_4096_10c/_x.hw.NUM_4096.CORE_10.FREQ_300/link/vivado/vpl/prj/prj.gen/my_rm/bd/ulp/ip/ulp_hmss_0_0/bd_0/ip/ip_37/synth/bd_85ad_init_concat_0.v:53]
INFO: [Synth 8-6157] synthesizing module 'xlconcat_v2_1_7_xlconcat' [/home/miahafiz/NeuroRing_a_4096_10c/_x.hw.NUM_4096.CORE_10.FREQ_300/link/vivado/vpl/prj/prj.gen/my_rm/bd/ulp/ipshared/9c1a/hdl/xlconcat_v2_1_vl_rfs.v:59]
INFO: [Synth 8-6155] done synthesizing module 'xlconcat_v2_1_7_xlconcat' (0#1) [/home/miahafiz/NeuroRing_a_4096_10c/_x.hw.NUM_4096.CORE_10.FREQ_300/link/vivado/vpl/prj/prj.gen/my_rm/bd/ulp/ipshared/9c1a/hdl/xlconcat_v2_1_vl_rfs.v:59]
INFO: [Synth 8-6155] done synthesizing module 'bd_85ad_init_concat_0' (0#1) [/home/miahafiz/NeuroRing_a_4096_10c/_x.hw.NUM_4096.CORE_10.FREQ_300/link/vivado/vpl/prj/prj.gen/my_rm/bd/ulp/ip/ulp_hmss_0_0/bd_0/ip/ip_37/synth/bd_85ad_init_concat_0.v:53]
INFO: [Synth 8-6157] synthesizing module 'bd_85ad_init_reduce_0' [/home/miahafiz/NeuroRing_a_4096_10c/_x.hw.NUM_4096.CORE_10.FREQ_300/link/vivado/vpl/prj/prj.runs/ulp_hmss_0_0_synth_1/.Xil/Vivado-995911-cyberdeck/realtime/bd_85ad_init_reduce_0_stub.v:6]
INFO: [Synth 8-6155] done synthesizing module 'bd_85ad_init_reduce_0' (0#1) [/home/miahafiz/NeuroRing_a_4096_10c/_x.hw.NUM_4096.CORE_10.FREQ_300/link/vivado/vpl/prj/prj.runs/ulp_hmss_0_0_synth_1/.Xil/Vivado-995911-cyberdeck/realtime/bd_85ad_init_reduce_0_stub.v:6]
INFO: [Synth 8-6155] done synthesizing module 'init_logic_imp_KAN0DP' (0#1) [/home/miahafiz/NeuroRing_a_4096_10c/_x.hw.NUM_4096.CORE_10.FREQ_300/link/vivado/vpl/prj/prj.gen/my_rm/bd/ulp/ip/ulp_hmss_0_0/bd_0/synth/bd_85ad.v:3780]
INFO: [Synth 8-6157] synthesizing module 'path_0_imp_1VLZ12L' [/home/miahafiz/NeuroRing_a_4096_10c/_x.hw.NUM_4096.CORE_10.FREQ_300/link/vivado/vpl/prj/prj.gen/my_rm/bd/ulp/ip/ulp_hmss_0_0/bd_0/synth/bd_85ad.v:3802]
INFO: [Synth 8-6157] synthesizing module 'bd_85ad_interconnect1_0_0' [/home/miahafiz/NeuroRing_a_4096_10c/_x.hw.NUM_4096.CORE_10.FREQ_300/link/vivado/vpl/prj/prj.runs/ulp_hmss_0_0_synth_1/.Xil/Vivado-995911-cyberdeck/realtime/bd_85ad_interconnect1_0_0_stub.v:6]
INFO: [Synth 8-6155] done synthesizing module 'bd_85ad_interconnect1_0_0' (0#1) [/home/miahafiz/NeuroRing_a_4096_10c/_x.hw.NUM_4096.CORE_10.FREQ_300/link/vivado/vpl/prj/prj.runs/ulp_hmss_0_0_synth_1/.Xil/Vivado-995911-cyberdeck/realtime/bd_85ad_interconnect1_0_0_stub.v:6]
INFO: [Synth 8-6157] synthesizing module 'bd_85ad_slice1_0_0' [/home/miahafiz/NeuroRing_a_4096_10c/_x.hw.NUM_4096.CORE_10.FREQ_300/link/vivado/vpl/prj/prj.runs/ulp_hmss_0_0_synth_1/.Xil/Vivado-995911-cyberdeck/realtime/bd_85ad_slice1_0_0_stub.v:6]
INFO: [Synth 8-6155] done synthesizing module 'bd_85ad_slice1_0_0' (0#1) [/home/miahafiz/NeuroRing_a_4096_10c/_x.hw.NUM_4096.CORE_10.FREQ_300/link/vivado/vpl/prj/prj.runs/ulp_hmss_0_0_synth_1/.Xil/Vivado-995911-cyberdeck/realtime/bd_85ad_slice1_0_0_stub.v:6]
WARNING: [Synth 8-7071] port 'm_axi_awsize' of module 'bd_85ad_slice1_0_0' is unconnected for instance 'slice1_0' [/home/miahafiz/NeuroRing_a_4096_10c/_x.hw.NUM_4096.CORE_10.FREQ_300/link/vivado/vpl/prj/prj.gen/my_rm/bd/ulp/ip/ulp_hmss_0_0/bd_0/synth/bd_85ad.v:4134]
WARNING: [Synth 8-7071] port 'm_axi_arsize' of module 'bd_85ad_slice1_0_0' is unconnected for instance 'slice1_0' [/home/miahafiz/NeuroRing_a_4096_10c/_x.hw.NUM_4096.CORE_10.FREQ_300/link/vivado/vpl/prj/prj.gen/my_rm/bd/ulp/ip/ulp_hmss_0_0/bd_0/synth/bd_85ad.v:4134]
WARNING: [Synth 8-7023] instance 'slice1_0' of module 'bd_85ad_slice1_0_0' has 68 connections declared, but only 66 given [/home/miahafiz/NeuroRing_a_4096_10c/_x.hw.NUM_4096.CORE_10.FREQ_300/link/vivado/vpl/prj/prj.gen/my_rm/bd/ulp/ip/ulp_hmss_0_0/bd_0/synth/bd_85ad.v:4134]
INFO: [Synth 8-6155] done synthesizing module 'path_0_imp_1VLZ12L' (0#1) [/home/miahafiz/NeuroRing_a_4096_10c/_x.hw.NUM_4096.CORE_10.FREQ_300/link/vivado/vpl/prj/prj.gen/my_rm/bd/ulp/ip/ulp_hmss_0_0/bd_0/synth/bd_85ad.v:3802]
INFO: [Synth 8-6157] synthesizing module 'path_12_imp_PXRVTC' [/home/miahafiz/NeuroRing_a_4096_10c/_x.hw.NUM_4096.CORE_10.FREQ_300/link/vivado/vpl/prj/prj.gen/my_rm/bd/ulp/ip/ulp_hmss_0_0/bd_0/synth/bd_85ad.v:4203]
INFO: [Synth 8-6157] synthesizing module 'bd_85ad_interconnect5_12_0' [/home/miahafiz/NeuroRing_a_4096_10c/_x.hw.NUM_4096.CORE_10.FREQ_300/link/vivado/vpl/prj/prj.runs/ulp_hmss_0_0_synth_1/.Xil/Vivado-995911-cyberdeck/realtime/bd_85ad_interconnect5_12_0_stub.v:6]
INFO: [Synth 8-6155] done synthesizing module 'bd_85ad_interconnect5_12_0' (0#1) [/home/miahafiz/NeuroRing_a_4096_10c/_x.hw.NUM_4096.CORE_10.FREQ_300/link/vivado/vpl/prj/prj.runs/ulp_hmss_0_0_synth_1/.Xil/Vivado-995911-cyberdeck/realtime/bd_85ad_interconnect5_12_0_stub.v:6]
INFO: [Synth 8-6157] synthesizing module 'bd_85ad_slice5_12_0' [/home/miahafiz/NeuroRing_a_4096_10c/_x.hw.NUM_4096.CORE_10.FREQ_300/link/vivado/vpl/prj/prj.runs/ulp_hmss_0_0_synth_1/.Xil/Vivado-995911-cyberdeck/realtime/bd_85ad_slice5_12_0_stub.v:6]
INFO: [Synth 8-6155] done synthesizing module 'bd_85ad_slice5_12_0' (0#1) [/home/miahafiz/NeuroRing_a_4096_10c/_x.hw.NUM_4096.CORE_10.FREQ_300/link/vivado/vpl/prj/prj.runs/ulp_hmss_0_0_synth_1/.Xil/Vivado-995911-cyberdeck/realtime/bd_85ad_slice5_12_0_stub.v:6]
WARNING: [Synth 8-7071] port 'm_axi_awsize' of module 'bd_85ad_slice5_12_0' is unconnected for instance 'slice5_12' [/home/miahafiz/NeuroRing_a_4096_10c/_x.hw.NUM_4096.CORE_10.FREQ_300/link/vivado/vpl/prj/prj.gen/my_rm/bd/ulp/ip/ulp_hmss_0_0/bd_0/synth/bd_85ad.v:4535]
WARNING: [Synth 8-7071] port 'm_axi_arsize' of module 'bd_85ad_slice5_12_0' is unconnected for instance 'slice5_12' [/home/miahafiz/NeuroRing_a_4096_10c/_x.hw.NUM_4096.CORE_10.FREQ_300/link/vivado/vpl/prj/prj.gen/my_rm/bd/ulp/ip/ulp_hmss_0_0/bd_0/synth/bd_85ad.v:4535]
WARNING: [Synth 8-7023] instance 'slice5_12' of module 'bd_85ad_slice5_12_0' has 68 connections declared, but only 66 given [/home/miahafiz/NeuroRing_a_4096_10c/_x.hw.NUM_4096.CORE_10.FREQ_300/link/vivado/vpl/prj/prj.gen/my_rm/bd/ulp/ip/ulp_hmss_0_0/bd_0/synth/bd_85ad.v:4535]
INFO: [Synth 8-6155] done synthesizing module 'path_12_imp_PXRVTC' (0#1) [/home/miahafiz/NeuroRing_a_4096_10c/_x.hw.NUM_4096.CORE_10.FREQ_300/link/vivado/vpl/prj/prj.gen/my_rm/bd/ulp/ip/ulp_hmss_0_0/bd_0/synth/bd_85ad.v:4203]
INFO: [Synth 8-6157] synthesizing module 'path_13_imp_14GJKGE' [/home/miahafiz/NeuroRing_a_4096_10c/_x.hw.NUM_4096.CORE_10.FREQ_300/link/vivado/vpl/prj/prj.gen/my_rm/bd/ulp/ip/ulp_hmss_0_0/bd_0/synth/bd_85ad.v:4604]
INFO: [Synth 8-6157] synthesizing module 'bd_85ad_interconnect6_13_0' [/home/miahafiz/NeuroRing_a_4096_10c/_x.hw.NUM_4096.CORE_10.FREQ_300/link/vivado/vpl/prj/prj.runs/ulp_hmss_0_0_synth_1/.Xil/Vivado-995911-cyberdeck/realtime/bd_85ad_interconnect6_13_0_stub.v:6]
INFO: [Synth 8-6155] done synthesizing module 'bd_85ad_interconnect6_13_0' (0#1) [/home/miahafiz/NeuroRing_a_4096_10c/_x.hw.NUM_4096.CORE_10.FREQ_300/link/vivado/vpl/prj/prj.runs/ulp_hmss_0_0_synth_1/.Xil/Vivado-995911-cyberdeck/realtime/bd_85ad_interconnect6_13_0_stub.v:6]
INFO: [Synth 8-6157] synthesizing module 'bd_85ad_slice6_13_0' [/home/miahafiz/NeuroRing_a_4096_10c/_x.hw.NUM_4096.CORE_10.FREQ_300/link/vivado/vpl/prj/prj.runs/ulp_hmss_0_0_synth_1/.Xil/Vivado-995911-cyberdeck/realtime/bd_85ad_slice6_13_0_stub.v:6]
INFO: [Synth 8-6155] done synthesizing module 'bd_85ad_slice6_13_0' (0#1) [/home/miahafiz/NeuroRing_a_4096_10c/_x.hw.NUM_4096.CORE_10.FREQ_300/link/vivado/vpl/prj/prj.runs/ulp_hmss_0_0_synth_1/.Xil/Vivado-995911-cyberdeck/realtime/bd_85ad_slice6_13_0_stub.v:6]
WARNING: [Synth 8-7071] port 'm_axi_awsize' of module 'bd_85ad_slice6_13_0' is unconnected for instance 'slice6_13' [/home/miahafiz/NeuroRing_a_4096_10c/_x.hw.NUM_4096.CORE_10.FREQ_300/link/vivado/vpl/prj/prj.gen/my_rm/bd/ulp/ip/ulp_hmss_0_0/bd_0/synth/bd_85ad.v:4936]
WARNING: [Synth 8-7071] port 'm_axi_arsize' of module 'bd_85ad_slice6_13_0' is unconnected for instance 'slice6_13' [/home/miahafiz/NeuroRing_a_4096_10c/_x.hw.NUM_4096.CORE_10.FREQ_300/link/vivado/vpl/prj/prj.gen/my_rm/bd/ulp/ip/ulp_hmss_0_0/bd_0/synth/bd_85ad.v:4936]
WARNING: [Synth 8-7023] instance 'slice6_13' of module 'bd_85ad_slice6_13_0' has 68 connections declared, but only 66 given [/home/miahafiz/NeuroRing_a_4096_10c/_x.hw.NUM_4096.CORE_10.FREQ_300/link/vivado/vpl/prj/prj.gen/my_rm/bd/ulp/ip/ulp_hmss_0_0/bd_0/synth/bd_85ad.v:4936]
INFO: [Synth 8-6155] done synthesizing module 'path_13_imp_14GJKGE' (0#1) [/home/miahafiz/NeuroRing_a_4096_10c/_x.hw.NUM_4096.CORE_10.FREQ_300/link/vivado/vpl/prj/prj.gen/my_rm/bd/ulp/ip/ulp_hmss_0_0/bd_0/synth/bd_85ad.v:4604]
INFO: [Synth 8-6157] synthesizing module 'path_14_imp_1711ZKN' [/home/miahafiz/NeuroRing_a_4096_10c/_x.hw.NUM_4096.CORE_10.FREQ_300/link/vivado/vpl/prj/prj.gen/my_rm/bd/ulp/ip/ulp_hmss_0_0/bd_0/synth/bd_85ad.v:5005]
INFO: [Synth 8-6157] synthesizing module 'bd_85ad_interconnect0_14_0' [/home/miahafiz/NeuroRing_a_4096_10c/_x.hw.NUM_4096.CORE_10.FREQ_300/link/vivado/vpl/prj/prj.runs/ulp_hmss_0_0_synth_1/.Xil/Vivado-995911-cyberdeck/realtime/bd_85ad_interconnect0_14_0_stub.v:6]
INFO: [Synth 8-6155] done synthesizing module 'bd_85ad_interconnect0_14_0' (0#1) [/home/miahafiz/NeuroRing_a_4096_10c/_x.hw.NUM_4096.CORE_10.FREQ_300/link/vivado/vpl/prj/prj.runs/ulp_hmss_0_0_synth_1/.Xil/Vivado-995911-cyberdeck/realtime/bd_85ad_interconnect0_14_0_stub.v:6]
INFO: [Synth 8-6157] synthesizing module 'bd_85ad_slice0_14_0' [/home/miahafiz/NeuroRing_a_4096_10c/_x.hw.NUM_4096.CORE_10.FREQ_300/link/vivado/vpl/prj/prj.runs/ulp_hmss_0_0_synth_1/.Xil/Vivado-995911-cyberdeck/realtime/bd_85ad_slice0_14_0_stub.v:6]
INFO: [Synth 8-6155] done synthesizing module 'bd_85ad_slice0_14_0' (0#1) [/home/miahafiz/NeuroRing_a_4096_10c/_x.hw.NUM_4096.CORE_10.FREQ_300/link/vivado/vpl/prj/prj.runs/ulp_hmss_0_0_synth_1/.Xil/Vivado-995911-cyberdeck/realtime/bd_85ad_slice0_14_0_stub.v:6]
WARNING: [Synth 8-7071] port 'm_axi_awsize' of module 'bd_85ad_slice0_14_0' is unconnected for instance 'slice0_14' [/home/miahafiz/NeuroRing_a_4096_10c/_x.hw.NUM_4096.CORE_10.FREQ_300/link/vivado/vpl/prj/prj.gen/my_rm/bd/ulp/ip/ulp_hmss_0_0/bd_0/synth/bd_85ad.v:5337]
WARNING: [Synth 8-7071] port 'm_axi_arsize' of module 'bd_85ad_slice0_14_0' is unconnected for instance 'slice0_14' [/home/miahafiz/NeuroRing_a_4096_10c/_x.hw.NUM_4096.CORE_10.FREQ_300/link/vivado/vpl/prj/prj.gen/my_rm/bd/ulp/ip/ulp_hmss_0_0/bd_0/synth/bd_85ad.v:5337]
WARNING: [Synth 8-7023] instance 'slice0_14' of module 'bd_85ad_slice0_14_0' has 68 connections declared, but only 66 given [/home/miahafiz/NeuroRing_a_4096_10c/_x.hw.NUM_4096.CORE_10.FREQ_300/link/vivado/vpl/prj/prj.gen/my_rm/bd/ulp/ip/ulp_hmss_0_0/bd_0/synth/bd_85ad.v:5337]
INFO: [Synth 8-6155] done synthesizing module 'path_14_imp_1711ZKN' (0#1) [/home/miahafiz/NeuroRing_a_4096_10c/_x.hw.NUM_4096.CORE_10.FREQ_300/link/vivado/vpl/prj/prj.gen/my_rm/bd/ulp/ip/ulp_hmss_0_0/bd_0/synth/bd_85ad.v:5005]
INFO: [Synth 8-6157] synthesizing module 'path_16_imp_1O9HICQ' [/home/miahafiz/NeuroRing_a_4096_10c/_x.hw.NUM_4096.CORE_10.FREQ_300/link/vivado/vpl/prj/prj.gen/my_rm/bd/ulp/ip/ulp_hmss_0_0/bd_0/synth/bd_85ad.v:5406]
INFO: [Synth 8-6157] synthesizing module 'bd_85ad_interconnect7_16_0' [/home/miahafiz/NeuroRing_a_4096_10c/_x.hw.NUM_4096.CORE_10.FREQ_300/link/vivado/vpl/prj/prj.runs/ulp_hmss_0_0_synth_1/.Xil/Vivado-995911-cyberdeck/realtime/bd_85ad_interconnect7_16_0_stub.v:6]
INFO: [Synth 8-6155] done synthesizing module 'bd_85ad_interconnect7_16_0' (0#1) [/home/miahafiz/NeuroRing_a_4096_10c/_x.hw.NUM_4096.CORE_10.FREQ_300/link/vivado/vpl/prj/prj.runs/ulp_hmss_0_0_synth_1/.Xil/Vivado-995911-cyberdeck/realtime/bd_85ad_interconnect7_16_0_stub.v:6]
INFO: [Synth 8-6157] synthesizing module 'bd_85ad_slice7_16_0' [/home/miahafiz/NeuroRing_a_4096_10c/_x.hw.NUM_4096.CORE_10.FREQ_300/link/vivado/vpl/prj/prj.runs/ulp_hmss_0_0_synth_1/.Xil/Vivado-995911-cyberdeck/realtime/bd_85ad_slice7_16_0_stub.v:6]
INFO: [Synth 8-6155] done synthesizing module 'bd_85ad_slice7_16_0' (0#1) [/home/miahafiz/NeuroRing_a_4096_10c/_x.hw.NUM_4096.CORE_10.FREQ_300/link/vivado/vpl/prj/prj.runs/ulp_hmss_0_0_synth_1/.Xil/Vivado-995911-cyberdeck/realtime/bd_85ad_slice7_16_0_stub.v:6]
WARNING: [Synth 8-7071] port 'm_axi_awsize' of module 'bd_85ad_slice7_16_0' is unconnected for instance 'slice7_16' [/home/miahafiz/NeuroRing_a_4096_10c/_x.hw.NUM_4096.CORE_10.FREQ_300/link/vivado/vpl/prj/prj.gen/my_rm/bd/ulp/ip/ulp_hmss_0_0/bd_0/synth/bd_85ad.v:5738]
WARNING: [Synth 8-7071] port 'm_axi_arsize' of module 'bd_85ad_slice7_16_0' is unconnected for instance 'slice7_16' [/home/miahafiz/NeuroRing_a_4096_10c/_x.hw.NUM_4096.CORE_10.FREQ_300/link/vivado/vpl/prj/prj.gen/my_rm/bd/ulp/ip/ulp_hmss_0_0/bd_0/synth/bd_85ad.v:5738]
WARNING: [Synth 8-7023] instance 'slice7_16' of module 'bd_85ad_slice7_16_0' has 68 connections declared, but only 66 given [/home/miahafiz/NeuroRing_a_4096_10c/_x.hw.NUM_4096.CORE_10.FREQ_300/link/vivado/vpl/prj/prj.gen/my_rm/bd/ulp/ip/ulp_hmss_0_0/bd_0/synth/bd_85ad.v:5738]
INFO: [Synth 8-6155] done synthesizing module 'path_16_imp_1O9HICQ' (0#1) [/home/miahafiz/NeuroRing_a_4096_10c/_x.hw.NUM_4096.CORE_10.FREQ_300/link/vivado/vpl/prj/prj.gen/my_rm/bd/ulp/ip/ulp_hmss_0_0/bd_0/synth/bd_85ad.v:5406]
INFO: [Synth 8-6157] synthesizing module 'path_17_imp_5ZTZN8' [/home/miahafiz/NeuroRing_a_4096_10c/_x.hw.NUM_4096.CORE_10.FREQ_300/link/vivado/vpl/prj/prj.gen/my_rm/bd/ulp/ip/ulp_hmss_0_0/bd_0/synth/bd_85ad.v:5807]
INFO: [Synth 8-6157] synthesizing module 'bd_85ad_interconnect8_17_0' [/home/miahafiz/NeuroRing_a_4096_10c/_x.hw.NUM_4096.CORE_10.FREQ_300/link/vivado/vpl/prj/prj.runs/ulp_hmss_0_0_synth_1/.Xil/Vivado-995911-cyberdeck/realtime/bd_85ad_interconnect8_17_0_stub.v:6]
INFO: [Synth 8-6155] done synthesizing module 'bd_85ad_interconnect8_17_0' (0#1) [/home/miahafiz/NeuroRing_a_4096_10c/_x.hw.NUM_4096.CORE_10.FREQ_300/link/vivado/vpl/prj/prj.runs/ulp_hmss_0_0_synth_1/.Xil/Vivado-995911-cyberdeck/realtime/bd_85ad_interconnect8_17_0_stub.v:6]
INFO: [Synth 8-6157] synthesizing module 'bd_85ad_slice8_17_0' [/home/miahafiz/NeuroRing_a_4096_10c/_x.hw.NUM_4096.CORE_10.FREQ_300/link/vivado/vpl/prj/prj.runs/ulp_hmss_0_0_synth_1/.Xil/Vivado-995911-cyberdeck/realtime/bd_85ad_slice8_17_0_stub.v:6]
INFO: [Synth 8-6155] done synthesizing module 'bd_85ad_slice8_17_0' (0#1) [/home/miahafiz/NeuroRing_a_4096_10c/_x.hw.NUM_4096.CORE_10.FREQ_300/link/vivado/vpl/prj/prj.runs/ulp_hmss_0_0_synth_1/.Xil/Vivado-995911-cyberdeck/realtime/bd_85ad_slice8_17_0_stub.v:6]
WARNING: [Synth 8-7071] port 'm_axi_awsize' of module 'bd_85ad_slice8_17_0' is unconnected for instance 'slice8_17' [/home/miahafiz/NeuroRing_a_4096_10c/_x.hw.NUM_4096.CORE_10.FREQ_300/link/vivado/vpl/prj/prj.gen/my_rm/bd/ulp/ip/ulp_hmss_0_0/bd_0/synth/bd_85ad.v:6139]
WARNING: [Synth 8-7071] port 'm_axi_arsize' of module 'bd_85ad_slice8_17_0' is unconnected for instance 'slice8_17' [/home/miahafiz/NeuroRing_a_4096_10c/_x.hw.NUM_4096.CORE_10.FREQ_300/link/vivado/vpl/prj/prj.gen/my_rm/bd/ulp/ip/ulp_hmss_0_0/bd_0/synth/bd_85ad.v:6139]
WARNING: [Synth 8-7023] instance 'slice8_17' of module 'bd_85ad_slice8_17_0' has 68 connections declared, but only 66 given [/home/miahafiz/NeuroRing_a_4096_10c/_x.hw.NUM_4096.CORE_10.FREQ_300/link/vivado/vpl/prj/prj.gen/my_rm/bd/ulp/ip/ulp_hmss_0_0/bd_0/synth/bd_85ad.v:6139]
INFO: [Synth 8-6155] done synthesizing module 'path_17_imp_5ZTZN8' (0#1) [/home/miahafiz/NeuroRing_a_4096_10c/_x.hw.NUM_4096.CORE_10.FREQ_300/link/vivado/vpl/prj/prj.gen/my_rm/bd/ulp/ip/ulp_hmss_0_0/bd_0/synth/bd_85ad.v:5807]
INFO: [Synth 8-6157] synthesizing module 'path_20_imp_ARTV1K' [/home/miahafiz/NeuroRing_a_4096_10c/_x.hw.NUM_4096.CORE_10.FREQ_300/link/vivado/vpl/prj/prj.gen/my_rm/bd/ulp/ip/ulp_hmss_0_0/bd_0/synth/bd_85ad.v:6208]
INFO: [Synth 8-6157] synthesizing module 'bd_85ad_interconnect9_20_0' [/home/miahafiz/NeuroRing_a_4096_10c/_x.hw.NUM_4096.CORE_10.FREQ_300/link/vivado/vpl/prj/prj.runs/ulp_hmss_0_0_synth_1/.Xil/Vivado-995911-cyberdeck/realtime/bd_85ad_interconnect9_20_0_stub.v:6]
INFO: [Synth 8-6155] done synthesizing module 'bd_85ad_interconnect9_20_0' (0#1) [/home/miahafiz/NeuroRing_a_4096_10c/_x.hw.NUM_4096.CORE_10.FREQ_300/link/vivado/vpl/prj/prj.runs/ulp_hmss_0_0_synth_1/.Xil/Vivado-995911-cyberdeck/realtime/bd_85ad_interconnect9_20_0_stub.v:6]
INFO: [Synth 8-6157] synthesizing module 'bd_85ad_slice9_20_0' [/home/miahafiz/NeuroRing_a_4096_10c/_x.hw.NUM_4096.CORE_10.FREQ_300/link/vivado/vpl/prj/prj.runs/ulp_hmss_0_0_synth_1/.Xil/Vivado-995911-cyberdeck/realtime/bd_85ad_slice9_20_0_stub.v:6]
INFO: [Synth 8-6155] done synthesizing module 'bd_85ad_slice9_20_0' (0#1) [/home/miahafiz/NeuroRing_a_4096_10c/_x.hw.NUM_4096.CORE_10.FREQ_300/link/vivado/vpl/prj/prj.runs/ulp_hmss_0_0_synth_1/.Xil/Vivado-995911-cyberdeck/realtime/bd_85ad_slice9_20_0_stub.v:6]
WARNING: [Synth 8-7071] port 'm_axi_awsize' of module 'bd_85ad_slice9_20_0' is unconnected for instance 'slice9_20' [/home/miahafiz/NeuroRing_a_4096_10c/_x.hw.NUM_4096.CORE_10.FREQ_300/link/vivado/vpl/prj/prj.gen/my_rm/bd/ulp/ip/ulp_hmss_0_0/bd_0/synth/bd_85ad.v:6540]
WARNING: [Synth 8-7071] port 'm_axi_arsize' of module 'bd_85ad_slice9_20_0' is unconnected for instance 'slice9_20' [/home/miahafiz/NeuroRing_a_4096_10c/_x.hw.NUM_4096.CORE_10.FREQ_300/link/vivado/vpl/prj/prj.gen/my_rm/bd/ulp/ip/ulp_hmss_0_0/bd_0/synth/bd_85ad.v:6540]
WARNING: [Synth 8-7023] instance 'slice9_20' of module 'bd_85ad_slice9_20_0' has 68 connections declared, but only 66 given [/home/miahafiz/NeuroRing_a_4096_10c/_x.hw.NUM_4096.CORE_10.FREQ_300/link/vivado/vpl/prj/prj.gen/my_rm/bd/ulp/ip/ulp_hmss_0_0/bd_0/synth/bd_85ad.v:6540]
INFO: [Synth 8-6155] done synthesizing module 'path_20_imp_ARTV1K' (0#1) [/home/miahafiz/NeuroRing_a_4096_10c/_x.hw.NUM_4096.CORE_10.FREQ_300/link/vivado/vpl/prj/prj.gen/my_rm/bd/ulp/ip/ulp_hmss_0_0/bd_0/synth/bd_85ad.v:6208]
INFO: [Synth 8-6157] synthesizing module 'path_21_imp_1T23V1Y' [/home/miahafiz/NeuroRing_a_4096_10c/_x.hw.NUM_4096.CORE_10.FREQ_300/link/vivado/vpl/prj/prj.gen/my_rm/bd/ulp/ip/ulp_hmss_0_0/bd_0/synth/bd_85ad.v:6609]
INFO: [Synth 8-6157] synthesizing module 'bd_85ad_interconnect10_21_0' [/home/miahafiz/NeuroRing_a_4096_10c/_x.hw.NUM_4096.CORE_10.FREQ_300/link/vivado/vpl/prj/prj.runs/ulp_hmss_0_0_synth_1/.Xil/Vivado-995911-cyberdeck/realtime/bd_85ad_interconnect10_21_0_stub.v:6]
INFO: [Synth 8-6155] done synthesizing module 'bd_85ad_interconnect10_21_0' (0#1) [/home/miahafiz/NeuroRing_a_4096_10c/_x.hw.NUM_4096.CORE_10.FREQ_300/link/vivado/vpl/prj/prj.runs/ulp_hmss_0_0_synth_1/.Xil/Vivado-995911-cyberdeck/realtime/bd_85ad_interconnect10_21_0_stub.v:6]
INFO: [Synth 8-6157] synthesizing module 'bd_85ad_slice10_21_0' [/home/miahafiz/NeuroRing_a_4096_10c/_x.hw.NUM_4096.CORE_10.FREQ_300/link/vivado/vpl/prj/prj.runs/ulp_hmss_0_0_synth_1/.Xil/Vivado-995911-cyberdeck/realtime/bd_85ad_slice10_21_0_stub.v:6]
INFO: [Synth 8-6155] done synthesizing module 'bd_85ad_slice10_21_0' (0#1) [/home/miahafiz/NeuroRing_a_4096_10c/_x.hw.NUM_4096.CORE_10.FREQ_300/link/vivado/vpl/prj/prj.runs/ulp_hmss_0_0_synth_1/.Xil/Vivado-995911-cyberdeck/realtime/bd_85ad_slice10_21_0_stub.v:6]
WARNING: [Synth 8-7071] port 'm_axi_awsize' of module 'bd_85ad_slice10_21_0' is unconnected for instance 'slice10_21' [/home/miahafiz/NeuroRing_a_4096_10c/_x.hw.NUM_4096.CORE_10.FREQ_300/link/vivado/vpl/prj/prj.gen/my_rm/bd/ulp/ip/ulp_hmss_0_0/bd_0/synth/bd_85ad.v:6941]
WARNING: [Synth 8-7071] port 'm_axi_arsize' of module 'bd_85ad_slice10_21_0' is unconnected for instance 'slice10_21' [/home/miahafiz/NeuroRing_a_4096_10c/_x.hw.NUM_4096.CORE_10.FREQ_300/link/vivado/vpl/prj/prj.gen/my_rm/bd/ulp/ip/ulp_hmss_0_0/bd_0/synth/bd_85ad.v:6941]
WARNING: [Synth 8-7023] instance 'slice10_21' of module 'bd_85ad_slice10_21_0' has 68 connections declared, but only 66 given [/home/miahafiz/NeuroRing_a_4096_10c/_x.hw.NUM_4096.CORE_10.FREQ_300/link/vivado/vpl/prj/prj.gen/my_rm/bd/ulp/ip/ulp_hmss_0_0/bd_0/synth/bd_85ad.v:6941]
INFO: [Synth 8-6155] done synthesizing module 'path_21_imp_1T23V1Y' (0#1) [/home/miahafiz/NeuroRing_a_4096_10c/_x.hw.NUM_4096.CORE_10.FREQ_300/link/vivado/vpl/prj/prj.gen/my_rm/bd/ulp/ip/ulp_hmss_0_0/bd_0/synth/bd_85ad.v:6609]
INFO: [Synth 8-6157] synthesizing module 'path_4_imp_X9MXG7' [/home/miahafiz/NeuroRing_a_4096_10c/_x.hw.NUM_4096.CORE_10.FREQ_300/link/vivado/vpl/prj/prj.gen/my_rm/bd/ulp/ip/ulp_hmss_0_0/bd_0/synth/bd_85ad.v:7010]
INFO: [Synth 8-6157] synthesizing module 'bd_85ad_interconnect2_4_0' [/home/miahafiz/NeuroRing_a_4096_10c/_x.hw.NUM_4096.CORE_10.FREQ_300/link/vivado/vpl/prj/prj.runs/ulp_hmss_0_0_synth_1/.Xil/Vivado-995911-cyberdeck/realtime/bd_85ad_interconnect2_4_0_stub.v:6]
INFO: [Synth 8-6155] done synthesizing module 'bd_85ad_interconnect2_4_0' (0#1) [/home/miahafiz/NeuroRing_a_4096_10c/_x.hw.NUM_4096.CORE_10.FREQ_300/link/vivado/vpl/prj/prj.runs/ulp_hmss_0_0_synth_1/.Xil/Vivado-995911-cyberdeck/realtime/bd_85ad_interconnect2_4_0_stub.v:6]
INFO: [Synth 8-6157] synthesizing module 'bd_85ad_slice2_4_0' [/home/miahafiz/NeuroRing_a_4096_10c/_x.hw.NUM_4096.CORE_10.FREQ_300/link/vivado/vpl/prj/prj.runs/ulp_hmss_0_0_synth_1/.Xil/Vivado-995911-cyberdeck/realtime/bd_85ad_slice2_4_0_stub.v:6]
INFO: [Synth 8-6155] done synthesizing module 'bd_85ad_slice2_4_0' (0#1) [/home/miahafiz/NeuroRing_a_4096_10c/_x.hw.NUM_4096.CORE_10.FREQ_300/link/vivado/vpl/prj/prj.runs/ulp_hmss_0_0_synth_1/.Xil/Vivado-995911-cyberdeck/realtime/bd_85ad_slice2_4_0_stub.v:6]
WARNING: [Synth 8-7071] port 'm_axi_awsize' of module 'bd_85ad_slice2_4_0' is unconnected for instance 'slice2_4' [/home/miahafiz/NeuroRing_a_4096_10c/_x.hw.NUM_4096.CORE_10.FREQ_300/link/vivado/vpl/prj/prj.gen/my_rm/bd/ulp/ip/ulp_hmss_0_0/bd_0/synth/bd_85ad.v:7342]
WARNING: [Synth 8-7071] port 'm_axi_arsize' of module 'bd_85ad_slice2_4_0' is unconnected for instance 'slice2_4' [/home/miahafiz/NeuroRing_a_4096_10c/_x.hw.NUM_4096.CORE_10.FREQ_300/link/vivado/vpl/prj/prj.gen/my_rm/bd/ulp/ip/ulp_hmss_0_0/bd_0/synth/bd_85ad.v:7342]
WARNING: [Synth 8-7023] instance 'slice2_4' of module 'bd_85ad_slice2_4_0' has 68 connections declared, but only 66 given [/home/miahafiz/NeuroRing_a_4096_10c/_x.hw.NUM_4096.CORE_10.FREQ_300/link/vivado/vpl/prj/prj.gen/my_rm/bd/ulp/ip/ulp_hmss_0_0/bd_0/synth/bd_85ad.v:7342]
INFO: [Synth 8-6155] done synthesizing module 'path_4_imp_X9MXG7' (0#1) [/home/miahafiz/NeuroRing_a_4096_10c/_x.hw.NUM_4096.CORE_10.FREQ_300/link/vivado/vpl/prj/prj.gen/my_rm/bd/ulp/ip/ulp_hmss_0_0/bd_0/synth/bd_85ad.v:7010]
INFO: [Synth 8-6157] synthesizing module 'path_8_imp_8YHLSO' [/home/miahafiz/NeuroRing_a_4096_10c/_x.hw.NUM_4096.CORE_10.FREQ_300/link/vivado/vpl/prj/prj.gen/my_rm/bd/ulp/ip/ulp_hmss_0_0/bd_0/synth/bd_85ad.v:7411]
INFO: [Synth 8-6157] synthesizing module 'bd_85ad_interconnect3_8_0' [/home/miahafiz/NeuroRing_a_4096_10c/_x.hw.NUM_4096.CORE_10.FREQ_300/link/vivado/vpl/prj/prj.runs/ulp_hmss_0_0_synth_1/.Xil/Vivado-995911-cyberdeck/realtime/bd_85ad_interconnect3_8_0_stub.v:6]
INFO: [Synth 8-6155] done synthesizing module 'bd_85ad_interconnect3_8_0' (0#1) [/home/miahafiz/NeuroRing_a_4096_10c/_x.hw.NUM_4096.CORE_10.FREQ_300/link/vivado/vpl/prj/prj.runs/ulp_hmss_0_0_synth_1/.Xil/Vivado-995911-cyberdeck/realtime/bd_85ad_interconnect3_8_0_stub.v:6]
INFO: [Synth 8-6157] synthesizing module 'bd_85ad_slice3_8_0' [/home/miahafiz/NeuroRing_a_4096_10c/_x.hw.NUM_4096.CORE_10.FREQ_300/link/vivado/vpl/prj/prj.runs/ulp_hmss_0_0_synth_1/.Xil/Vivado-995911-cyberdeck/realtime/bd_85ad_slice3_8_0_stub.v:6]
INFO: [Synth 8-6155] done synthesizing module 'bd_85ad_slice3_8_0' (0#1) [/home/miahafiz/NeuroRing_a_4096_10c/_x.hw.NUM_4096.CORE_10.FREQ_300/link/vivado/vpl/prj/prj.runs/ulp_hmss_0_0_synth_1/.Xil/Vivado-995911-cyberdeck/realtime/bd_85ad_slice3_8_0_stub.v:6]
WARNING: [Synth 8-7071] port 'm_axi_awsize' of module 'bd_85ad_slice3_8_0' is unconnected for instance 'slice3_8' [/home/miahafiz/NeuroRing_a_4096_10c/_x.hw.NUM_4096.CORE_10.FREQ_300/link/vivado/vpl/prj/prj.gen/my_rm/bd/ulp/ip/ulp_hmss_0_0/bd_0/synth/bd_85ad.v:7743]
WARNING: [Synth 8-7071] port 'm_axi_arsize' of module 'bd_85ad_slice3_8_0' is unconnected for instance 'slice3_8' [/home/miahafiz/NeuroRing_a_4096_10c/_x.hw.NUM_4096.CORE_10.FREQ_300/link/vivado/vpl/prj/prj.gen/my_rm/bd/ulp/ip/ulp_hmss_0_0/bd_0/synth/bd_85ad.v:7743]
WARNING: [Synth 8-7023] instance 'slice3_8' of module 'bd_85ad_slice3_8_0' has 68 connections declared, but only 66 given [/home/miahafiz/NeuroRing_a_4096_10c/_x.hw.NUM_4096.CORE_10.FREQ_300/link/vivado/vpl/prj/prj.gen/my_rm/bd/ulp/ip/ulp_hmss_0_0/bd_0/synth/bd_85ad.v:7743]
INFO: [Synth 8-6155] done synthesizing module 'path_8_imp_8YHLSO' (0#1) [/home/miahafiz/NeuroRing_a_4096_10c/_x.hw.NUM_4096.CORE_10.FREQ_300/link/vivado/vpl/prj/prj.gen/my_rm/bd/ulp/ip/ulp_hmss_0_0/bd_0/synth/bd_85ad.v:7411]
INFO: [Synth 8-6157] synthesizing module 'path_9_imp_1TQ737Q' [/home/miahafiz/NeuroRing_a_4096_10c/_x.hw.NUM_4096.CORE_10.FREQ_300/link/vivado/vpl/prj/prj.gen/my_rm/bd/ulp/ip/ulp_hmss_0_0/bd_0/synth/bd_85ad.v:7812]
INFO: [Synth 8-6157] synthesizing module 'bd_85ad_interconnect4_9_0' [/home/miahafiz/NeuroRing_a_4096_10c/_x.hw.NUM_4096.CORE_10.FREQ_300/link/vivado/vpl/prj/prj.runs/ulp_hmss_0_0_synth_1/.Xil/Vivado-995911-cyberdeck/realtime/bd_85ad_interconnect4_9_0_stub.v:6]
INFO: [Synth 8-6155] done synthesizing module 'bd_85ad_interconnect4_9_0' (0#1) [/home/miahafiz/NeuroRing_a_4096_10c/_x.hw.NUM_4096.CORE_10.FREQ_300/link/vivado/vpl/prj/prj.runs/ulp_hmss_0_0_synth_1/.Xil/Vivado-995911-cyberdeck/realtime/bd_85ad_interconnect4_9_0_stub.v:6]
INFO: [Synth 8-6157] synthesizing module 'bd_85ad_slice4_9_0' [/home/miahafiz/NeuroRing_a_4096_10c/_x.hw.NUM_4096.CORE_10.FREQ_300/link/vivado/vpl/prj/prj.runs/ulp_hmss_0_0_synth_1/.Xil/Vivado-995911-cyberdeck/realtime/bd_85ad_slice4_9_0_stub.v:6]
INFO: [Synth 8-6155] done synthesizing module 'bd_85ad_slice4_9_0' (0#1) [/home/miahafiz/NeuroRing_a_4096_10c/_x.hw.NUM_4096.CORE_10.FREQ_300/link/vivado/vpl/prj/prj.runs/ulp_hmss_0_0_synth_1/.Xil/Vivado-995911-cyberdeck/realtime/bd_85ad_slice4_9_0_stub.v:6]
WARNING: [Synth 8-7071] port 'm_axi_awsize' of module 'bd_85ad_slice4_9_0' is unconnected for instance 'slice4_9' [/home/miahafiz/NeuroRing_a_4096_10c/_x.hw.NUM_4096.CORE_10.FREQ_300/link/vivado/vpl/prj/prj.gen/my_rm/bd/ulp/ip/ulp_hmss_0_0/bd_0/synth/bd_85ad.v:8144]
WARNING: [Synth 8-7071] port 'm_axi_arsize' of module 'bd_85ad_slice4_9_0' is unconnected for instance 'slice4_9' [/home/miahafiz/NeuroRing_a_4096_10c/_x.hw.NUM_4096.CORE_10.FREQ_300/link/vivado/vpl/prj/prj.gen/my_rm/bd/ulp/ip/ulp_hmss_0_0/bd_0/synth/bd_85ad.v:8144]
WARNING: [Synth 8-7023] instance 'slice4_9' of module 'bd_85ad_slice4_9_0' has 68 connections declared, but only 66 given [/home/miahafiz/NeuroRing_a_4096_10c/_x.hw.NUM_4096.CORE_10.FREQ_300/link/vivado/vpl/prj/prj.gen/my_rm/bd/ulp/ip/ulp_hmss_0_0/bd_0/synth/bd_85ad.v:8144]
INFO: [Synth 8-6155] done synthesizing module 'path_9_imp_1TQ737Q' (0#1) [/home/miahafiz/NeuroRing_a_4096_10c/_x.hw.NUM_4096.CORE_10.FREQ_300/link/vivado/vpl/prj/prj.gen/my_rm/bd/ulp/ip/ulp_hmss_0_0/bd_0/synth/bd_85ad.v:7812]
INFO: [Synth 8-6157] synthesizing module 'bd_85ad_util_vector_logic_0' [/home/miahafiz/NeuroRing_a_4096_10c/_x.hw.NUM_4096.CORE_10.FREQ_300/link/vivado/vpl/prj/prj.runs/ulp_hmss_0_0_synth_1/.Xil/Vivado-995911-cyberdeck/realtime/bd_85ad_util_vector_logic_0_stub.v:6]
INFO: [Synth 8-6155] done synthesizing module 'bd_85ad_util_vector_logic_0' (0#1) [/home/miahafiz/NeuroRing_a_4096_10c/_x.hw.NUM_4096.CORE_10.FREQ_300/link/vivado/vpl/prj/prj.runs/ulp_hmss_0_0_synth_1/.Xil/Vivado-995911-cyberdeck/realtime/bd_85ad_util_vector_logic_0_stub.v:6]
INFO: [Synth 8-6157] synthesizing module 'bd_85ad_vip_S00_0' [/home/miahafiz/NeuroRing_a_4096_10c/_x.hw.NUM_4096.CORE_10.FREQ_300/link/vivado/vpl/prj/prj.runs/ulp_hmss_0_0_synth_1/.Xil/Vivado-995911-cyberdeck/realtime/bd_85ad_vip_S00_0_stub.v:6]
INFO: [Synth 8-6155] done synthesizing module 'bd_85ad_vip_S00_0' (0#1) [/home/miahafiz/NeuroRing_a_4096_10c/_x.hw.NUM_4096.CORE_10.FREQ_300/link/vivado/vpl/prj/prj.runs/ulp_hmss_0_0_synth_1/.Xil/Vivado-995911-cyberdeck/realtime/bd_85ad_vip_S00_0_stub.v:6]
WARNING: [Synth 8-7071] port 'm_axi_awlock' of module 'bd_85ad_vip_S00_0' is unconnected for instance 'vip_S00' [/home/miahafiz/NeuroRing_a_4096_10c/_x.hw.NUM_4096.CORE_10.FREQ_300/link/vivado/vpl/prj/prj.gen/my_rm/bd/ulp/ip/ulp_hmss_0_0/bd_0/synth/bd_85ad.v:3151]
WARNING: [Synth 8-7071] port 'm_axi_awcache' of module 'bd_85ad_vip_S00_0' is unconnected for instance 'vip_S00' [/home/miahafiz/NeuroRing_a_4096_10c/_x.hw.NUM_4096.CORE_10.FREQ_300/link/vivado/vpl/prj/prj.gen/my_rm/bd/ulp/ip/ulp_hmss_0_0/bd_0/synth/bd_85ad.v:3151]
WARNING: [Synth 8-7071] port 'm_axi_awprot' of module 'bd_85ad_vip_S00_0' is unconnected for instance 'vip_S00' [/home/miahafiz/NeuroRing_a_4096_10c/_x.hw.NUM_4096.CORE_10.FREQ_300/link/vivado/vpl/prj/prj.gen/my_rm/bd/ulp/ip/ulp_hmss_0_0/bd_0/synth/bd_85ad.v:3151]
WARNING: [Synth 8-7071] port 'm_axi_awqos' of module 'bd_85ad_vip_S00_0' is unconnected for instance 'vip_S00' [/home/miahafiz/NeuroRing_a_4096_10c/_x.hw.NUM_4096.CORE_10.FREQ_300/link/vivado/vpl/prj/prj.gen/my_rm/bd/ulp/ip/ulp_hmss_0_0/bd_0/synth/bd_85ad.v:3151]
WARNING: [Synth 8-7071] port 'm_axi_arlock' of module 'bd_85ad_vip_S00_0' is unconnected for instance 'vip_S00' [/home/miahafiz/NeuroRing_a_4096_10c/_x.hw.NUM_4096.CORE_10.FREQ_300/link/vivado/vpl/prj/prj.gen/my_rm/bd/ulp/ip/ulp_hmss_0_0/bd_0/synth/bd_85ad.v:3151]
WARNING: [Synth 8-7071] port 'm_axi_arcache' of module 'bd_85ad_vip_S00_0' is unconnected for instance 'vip_S00' [/home/miahafiz/NeuroRing_a_4096_10c/_x.hw.NUM_4096.CORE_10.FREQ_300/link/vivado/vpl/prj/prj.gen/my_rm/bd/ulp/ip/ulp_hmss_0_0/bd_0/synth/bd_85ad.v:3151]
WARNING: [Synth 8-7071] port 'm_axi_arprot' of module 'bd_85ad_vip_S00_0' is unconnected for instance 'vip_S00' [/home/miahafiz/NeuroRing_a_4096_10c/_x.hw.NUM_4096.CORE_10.FREQ_300/link/vivado/vpl/prj/prj.gen/my_rm/bd/ulp/ip/ulp_hmss_0_0/bd_0/synth/bd_85ad.v:3151]
WARNING: [Synth 8-7071] port 'm_axi_arqos' of module 'bd_85ad_vip_S00_0' is unconnected for instance 'vip_S00' [/home/miahafiz/NeuroRing_a_4096_10c/_x.hw.NUM_4096.CORE_10.FREQ_300/link/vivado/vpl/prj/prj.gen/my_rm/bd/ulp/ip/ulp_hmss_0_0/bd_0/synth/bd_85ad.v:3151]
WARNING: [Synth 8-7023] instance 'vip_S00' of module 'bd_85ad_vip_S00_0' has 64 connections declared, but only 56 given [/home/miahafiz/NeuroRing_a_4096_10c/_x.hw.NUM_4096.CORE_10.FREQ_300/link/vivado/vpl/prj/prj.gen/my_rm/bd/ulp/ip/ulp_hmss_0_0/bd_0/synth/bd_85ad.v:3151]
INFO: [Synth 8-6157] synthesizing module 'bd_85ad_vip_S01_0' [/home/miahafiz/NeuroRing_a_4096_10c/_x.hw.NUM_4096.CORE_10.FREQ_300/link/vivado/vpl/prj/prj.runs/ulp_hmss_0_0_synth_1/.Xil/Vivado-995911-cyberdeck/realtime/bd_85ad_vip_S01_0_stub.v:6]
INFO: [Synth 8-6155] done synthesizing module 'bd_85ad_vip_S01_0' (0#1) [/home/miahafiz/NeuroRing_a_4096_10c/_x.hw.NUM_4096.CORE_10.FREQ_300/link/vivado/vpl/prj/prj.runs/ulp_hmss_0_0_synth_1/.Xil/Vivado-995911-cyberdeck/realtime/bd_85ad_vip_S01_0_stub.v:6]
WARNING: [Synth 8-7071] port 'm_axi_awlock' of module 'bd_85ad_vip_S01_0' is unconnected for instance 'vip_S01' [/home/miahafiz/NeuroRing_a_4096_10c/_x.hw.NUM_4096.CORE_10.FREQ_300/link/vivado/vpl/prj/prj.gen/my_rm/bd/ulp/ip/ulp_hmss_0_0/bd_0/synth/bd_85ad.v:3208]
WARNING: [Synth 8-7071] port 'm_axi_awcache' of module 'bd_85ad_vip_S01_0' is unconnected for instance 'vip_S01' [/home/miahafiz/NeuroRing_a_4096_10c/_x.hw.NUM_4096.CORE_10.FREQ_300/link/vivado/vpl/prj/prj.gen/my_rm/bd/ulp/ip/ulp_hmss_0_0/bd_0/synth/bd_85ad.v:3208]
WARNING: [Synth 8-7071] port 'm_axi_awprot' of module 'bd_85ad_vip_S01_0' is unconnected for instance 'vip_S01' [/home/miahafiz/NeuroRing_a_4096_10c/_x.hw.NUM_4096.CORE_10.FREQ_300/link/vivado/vpl/prj/prj.gen/my_rm/bd/ulp/ip/ulp_hmss_0_0/bd_0/synth/bd_85ad.v:3208]
WARNING: [Synth 8-7071] port 'm_axi_awqos' of module 'bd_85ad_vip_S01_0' is unconnected for instance 'vip_S01' [/home/miahafiz/NeuroRing_a_4096_10c/_x.hw.NUM_4096.CORE_10.FREQ_300/link/vivado/vpl/prj/prj.gen/my_rm/bd/ulp/ip/ulp_hmss_0_0/bd_0/synth/bd_85ad.v:3208]
WARNING: [Synth 8-7071] port 'm_axi_arlock' of module 'bd_85ad_vip_S01_0' is unconnected for instance 'vip_S01' [/home/miahafiz/NeuroRing_a_4096_10c/_x.hw.NUM_4096.CORE_10.FREQ_300/link/vivado/vpl/prj/prj.gen/my_rm/bd/ulp/ip/ulp_hmss_0_0/bd_0/synth/bd_85ad.v:3208]
WARNING: [Synth 8-7071] port 'm_axi_arcache' of module 'bd_85ad_vip_S01_0' is unconnected for instance 'vip_S01' [/home/miahafiz/NeuroRing_a_4096_10c/_x.hw.NUM_4096.CORE_10.FREQ_300/link/vivado/vpl/prj/prj.gen/my_rm/bd/ulp/ip/ulp_hmss_0_0/bd_0/synth/bd_85ad.v:3208]
WARNING: [Synth 8-7071] port 'm_axi_arprot' of module 'bd_85ad_vip_S01_0' is unconnected for instance 'vip_S01' [/home/miahafiz/NeuroRing_a_4096_10c/_x.hw.NUM_4096.CORE_10.FREQ_300/link/vivado/vpl/prj/prj.gen/my_rm/bd/ulp/ip/ulp_hmss_0_0/bd_0/synth/bd_85ad.v:3208]
WARNING: [Synth 8-7071] port 'm_axi_arqos' of module 'bd_85ad_vip_S01_0' is unconnected for instance 'vip_S01' [/home/miahafiz/NeuroRing_a_4096_10c/_x.hw.NUM_4096.CORE_10.FREQ_300/link/vivado/vpl/prj/prj.gen/my_rm/bd/ulp/ip/ulp_hmss_0_0/bd_0/synth/bd_85ad.v:3208]
WARNING: [Synth 8-7023] instance 'vip_S01' of module 'bd_85ad_vip_S01_0' has 64 connections declared, but only 56 given [/home/miahafiz/NeuroRing_a_4096_10c/_x.hw.NUM_4096.CORE_10.FREQ_300/link/vivado/vpl/prj/prj.gen/my_rm/bd/ulp/ip/ulp_hmss_0_0/bd_0/synth/bd_85ad.v:3208]
INFO: [Synth 8-6157] synthesizing module 'bd_85ad_vip_S02_0' [/home/miahafiz/NeuroRing_a_4096_10c/_x.hw.NUM_4096.CORE_10.FREQ_300/link/vivado/vpl/prj/prj.runs/ulp_hmss_0_0_synth_1/.Xil/Vivado-995911-cyberdeck/realtime/bd_85ad_vip_S02_0_stub.v:6]
INFO: [Synth 8-6155] done synthesizing module 'bd_85ad_vip_S02_0' (0#1) [/home/miahafiz/NeuroRing_a_4096_10c/_x.hw.NUM_4096.CORE_10.FREQ_300/link/vivado/vpl/prj/prj.runs/ulp_hmss_0_0_synth_1/.Xil/Vivado-995911-cyberdeck/realtime/bd_85ad_vip_S02_0_stub.v:6]
WARNING: [Synth 8-7071] port 'm_axi_awlock' of module 'bd_85ad_vip_S02_0' is unconnected for instance 'vip_S02' [/home/miahafiz/NeuroRing_a_4096_10c/_x.hw.NUM_4096.CORE_10.FREQ_300/link/vivado/vpl/prj/prj.gen/my_rm/bd/ulp/ip/ulp_hmss_0_0/bd_0/synth/bd_85ad.v:3265]
WARNING: [Synth 8-7071] port 'm_axi_awcache' of module 'bd_85ad_vip_S02_0' is unconnected for instance 'vip_S02' [/home/miahafiz/NeuroRing_a_4096_10c/_x.hw.NUM_4096.CORE_10.FREQ_300/link/vivado/vpl/prj/prj.gen/my_rm/bd/ulp/ip/ulp_hmss_0_0/bd_0/synth/bd_85ad.v:3265]
WARNING: [Synth 8-7071] port 'm_axi_awprot' of module 'bd_85ad_vip_S02_0' is unconnected for instance 'vip_S02' [/home/miahafiz/NeuroRing_a_4096_10c/_x.hw.NUM_4096.CORE_10.FREQ_300/link/vivado/vpl/prj/prj.gen/my_rm/bd/ulp/ip/ulp_hmss_0_0/bd_0/synth/bd_85ad.v:3265]
WARNING: [Synth 8-7071] port 'm_axi_awqos' of module 'bd_85ad_vip_S02_0' is unconnected for instance 'vip_S02' [/home/miahafiz/NeuroRing_a_4096_10c/_x.hw.NUM_4096.CORE_10.FREQ_300/link/vivado/vpl/prj/prj.gen/my_rm/bd/ulp/ip/ulp_hmss_0_0/bd_0/synth/bd_85ad.v:3265]
WARNING: [Synth 8-7071] port 'm_axi_arlock' of module 'bd_85ad_vip_S02_0' is unconnected for instance 'vip_S02' [/home/miahafiz/NeuroRing_a_4096_10c/_x.hw.NUM_4096.CORE_10.FREQ_300/link/vivado/vpl/prj/prj.gen/my_rm/bd/ulp/ip/ulp_hmss_0_0/bd_0/synth/bd_85ad.v:3265]
WARNING: [Synth 8-7071] port 'm_axi_arcache' of module 'bd_85ad_vip_S02_0' is unconnected for instance 'vip_S02' [/home/miahafiz/NeuroRing_a_4096_10c/_x.hw.NUM_4096.CORE_10.FREQ_300/link/vivado/vpl/prj/prj.gen/my_rm/bd/ulp/ip/ulp_hmss_0_0/bd_0/synth/bd_85ad.v:3265]
WARNING: [Synth 8-7071] port 'm_axi_arprot' of module 'bd_85ad_vip_S02_0' is unconnected for instance 'vip_S02' [/home/miahafiz/NeuroRing_a_4096_10c/_x.hw.NUM_4096.CORE_10.FREQ_300/link/vivado/vpl/prj/prj.gen/my_rm/bd/ulp/ip/ulp_hmss_0_0/bd_0/synth/bd_85ad.v:3265]
WARNING: [Synth 8-7071] port 'm_axi_arqos' of module 'bd_85ad_vip_S02_0' is unconnected for instance 'vip_S02' [/home/miahafiz/NeuroRing_a_4096_10c/_x.hw.NUM_4096.CORE_10.FREQ_300/link/vivado/vpl/prj/prj.gen/my_rm/bd/ulp/ip/ulp_hmss_0_0/bd_0/synth/bd_85ad.v:3265]
WARNING: [Synth 8-7023] instance 'vip_S02' of module 'bd_85ad_vip_S02_0' has 64 connections declared, but only 56 given [/home/miahafiz/NeuroRing_a_4096_10c/_x.hw.NUM_4096.CORE_10.FREQ_300/link/vivado/vpl/prj/prj.gen/my_rm/bd/ulp/ip/ulp_hmss_0_0/bd_0/synth/bd_85ad.v:3265]
INFO: [Synth 8-6157] synthesizing module 'bd_85ad_vip_S03_0' [/home/miahafiz/NeuroRing_a_4096_10c/_x.hw.NUM_4096.CORE_10.FREQ_300/link/vivado/vpl/prj/prj.runs/ulp_hmss_0_0_synth_1/.Xil/Vivado-995911-cyberdeck/realtime/bd_85ad_vip_S03_0_stub.v:6]
INFO: [Synth 8-6155] done synthesizing module 'bd_85ad_vip_S03_0' (0#1) [/home/miahafiz/NeuroRing_a_4096_10c/_x.hw.NUM_4096.CORE_10.FREQ_300/link/vivado/vpl/prj/prj.runs/ulp_hmss_0_0_synth_1/.Xil/Vivado-995911-cyberdeck/realtime/bd_85ad_vip_S03_0_stub.v:6]
WARNING: [Synth 8-7071] port 'm_axi_awlock' of module 'bd_85ad_vip_S03_0' is unconnected for instance 'vip_S03' [/home/miahafiz/NeuroRing_a_4096_10c/_x.hw.NUM_4096.CORE_10.FREQ_300/link/vivado/vpl/prj/prj.gen/my_rm/bd/ulp/ip/ulp_hmss_0_0/bd_0/synth/bd_85ad.v:3322]
WARNING: [Synth 8-7071] port 'm_axi_awcache' of module 'bd_85ad_vip_S03_0' is unconnected for instance 'vip_S03' [/home/miahafiz/NeuroRing_a_4096_10c/_x.hw.NUM_4096.CORE_10.FREQ_300/link/vivado/vpl/prj/prj.gen/my_rm/bd/ulp/ip/ulp_hmss_0_0/bd_0/synth/bd_85ad.v:3322]
WARNING: [Synth 8-7071] port 'm_axi_awprot' of module 'bd_85ad_vip_S03_0' is unconnected for instance 'vip_S03' [/home/miahafiz/NeuroRing_a_4096_10c/_x.hw.NUM_4096.CORE_10.FREQ_300/link/vivado/vpl/prj/prj.gen/my_rm/bd/ulp/ip/ulp_hmss_0_0/bd_0/synth/bd_85ad.v:3322]
WARNING: [Synth 8-7071] port 'm_axi_awqos' of module 'bd_85ad_vip_S03_0' is unconnected for instance 'vip_S03' [/home/miahafiz/NeuroRing_a_4096_10c/_x.hw.NUM_4096.CORE_10.FREQ_300/link/vivado/vpl/prj/prj.gen/my_rm/bd/ulp/ip/ulp_hmss_0_0/bd_0/synth/bd_85ad.v:3322]
WARNING: [Synth 8-7071] port 'm_axi_arlock' of module 'bd_85ad_vip_S03_0' is unconnected for instance 'vip_S03' [/home/miahafiz/NeuroRing_a_4096_10c/_x.hw.NUM_4096.CORE_10.FREQ_300/link/vivado/vpl/prj/prj.gen/my_rm/bd/ulp/ip/ulp_hmss_0_0/bd_0/synth/bd_85ad.v:3322]
WARNING: [Synth 8-7071] port 'm_axi_arcache' of module 'bd_85ad_vip_S03_0' is unconnected for instance 'vip_S03' [/home/miahafiz/NeuroRing_a_4096_10c/_x.hw.NUM_4096.CORE_10.FREQ_300/link/vivado/vpl/prj/prj.gen/my_rm/bd/ulp/ip/ulp_hmss_0_0/bd_0/synth/bd_85ad.v:3322]
WARNING: [Synth 8-7071] port 'm_axi_arprot' of module 'bd_85ad_vip_S03_0' is unconnected for instance 'vip_S03' [/home/miahafiz/NeuroRing_a_4096_10c/_x.hw.NUM_4096.CORE_10.FREQ_300/link/vivado/vpl/prj/prj.gen/my_rm/bd/ulp/ip/ulp_hmss_0_0/bd_0/synth/bd_85ad.v:3322]
WARNING: [Synth 8-7071] port 'm_axi_arqos' of module 'bd_85ad_vip_S03_0' is unconnected for instance 'vip_S03' [/home/miahafiz/NeuroRing_a_4096_10c/_x.hw.NUM_4096.CORE_10.FREQ_300/link/vivado/vpl/prj/prj.gen/my_rm/bd/ulp/ip/ulp_hmss_0_0/bd_0/synth/bd_85ad.v:3322]
WARNING: [Synth 8-7023] instance 'vip_S03' of module 'bd_85ad_vip_S03_0' has 64 connections declared, but only 56 given [/home/miahafiz/NeuroRing_a_4096_10c/_x.hw.NUM_4096.CORE_10.FREQ_300/link/vivado/vpl/prj/prj.gen/my_rm/bd/ulp/ip/ulp_hmss_0_0/bd_0/synth/bd_85ad.v:3322]
INFO: [Synth 8-6157] synthesizing module 'bd_85ad_vip_S04_0' [/home/miahafiz/NeuroRing_a_4096_10c/_x.hw.NUM_4096.CORE_10.FREQ_300/link/vivado/vpl/prj/prj.runs/ulp_hmss_0_0_synth_1/.Xil/Vivado-995911-cyberdeck/realtime/bd_85ad_vip_S04_0_stub.v:6]
INFO: [Synth 8-6155] done synthesizing module 'bd_85ad_vip_S04_0' (0#1) [/home/miahafiz/NeuroRing_a_4096_10c/_x.hw.NUM_4096.CORE_10.FREQ_300/link/vivado/vpl/prj/prj.runs/ulp_hmss_0_0_synth_1/.Xil/Vivado-995911-cyberdeck/realtime/bd_85ad_vip_S04_0_stub.v:6]
WARNING: [Synth 8-7071] port 'm_axi_awlock' of module 'bd_85ad_vip_S04_0' is unconnected for instance 'vip_S04' [/home/miahafiz/NeuroRing_a_4096_10c/_x.hw.NUM_4096.CORE_10.FREQ_300/link/vivado/vpl/prj/prj.gen/my_rm/bd/ulp/ip/ulp_hmss_0_0/bd_0/synth/bd_85ad.v:3379]
WARNING: [Synth 8-7071] port 'm_axi_awcache' of module 'bd_85ad_vip_S04_0' is unconnected for instance 'vip_S04' [/home/miahafiz/NeuroRing_a_4096_10c/_x.hw.NUM_4096.CORE_10.FREQ_300/link/vivado/vpl/prj/prj.gen/my_rm/bd/ulp/ip/ulp_hmss_0_0/bd_0/synth/bd_85ad.v:3379]
WARNING: [Synth 8-7071] port 'm_axi_awprot' of module 'bd_85ad_vip_S04_0' is unconnected for instance 'vip_S04' [/home/miahafiz/NeuroRing_a_4096_10c/_x.hw.NUM_4096.CORE_10.FREQ_300/link/vivado/vpl/prj/prj.gen/my_rm/bd/ulp/ip/ulp_hmss_0_0/bd_0/synth/bd_85ad.v:3379]
WARNING: [Synth 8-7071] port 'm_axi_awqos' of module 'bd_85ad_vip_S04_0' is unconnected for instance 'vip_S04' [/home/miahafiz/NeuroRing_a_4096_10c/_x.hw.NUM_4096.CORE_10.FREQ_300/link/vivado/vpl/prj/prj.gen/my_rm/bd/ulp/ip/ulp_hmss_0_0/bd_0/synth/bd_85ad.v:3379]
WARNING: [Synth 8-7071] port 'm_axi_arlock' of module 'bd_85ad_vip_S04_0' is unconnected for instance 'vip_S04' [/home/miahafiz/NeuroRing_a_4096_10c/_x.hw.NUM_4096.CORE_10.FREQ_300/link/vivado/vpl/prj/prj.gen/my_rm/bd/ulp/ip/ulp_hmss_0_0/bd_0/synth/bd_85ad.v:3379]
INFO: [Common 17-14] Message 'Synth 8-7071' appears 100 times and further instances of the messages will be disabled.
WARNING: [Synth 8-7023] instance 'vip_S04' of module 'bd_85ad_vip_S04_0' has 64 connections declared, but only 56 given [/home/miahafiz/NeuroRing_a_4096_10c/_x.hw.NUM_4096.CORE_10.FREQ_300/link/vivado/vpl/prj/prj.gen/my_rm/bd/ulp/ip/ulp_hmss_0_0/bd_0/synth/bd_85ad.v:3379]
INFO: [Synth 8-6157] synthesizing module 'bd_85ad_vip_S05_0' [/home/miahafiz/NeuroRing_a_4096_10c/_x.hw.NUM_4096.CORE_10.FREQ_300/link/vivado/vpl/prj/prj.runs/ulp_hmss_0_0_synth_1/.Xil/Vivado-995911-cyberdeck/realtime/bd_85ad_vip_S05_0_stub.v:6]
INFO: [Synth 8-6155] done synthesizing module 'bd_85ad_vip_S05_0' (0#1) [/home/miahafiz/NeuroRing_a_4096_10c/_x.hw.NUM_4096.CORE_10.FREQ_300/link/vivado/vpl/prj/prj.runs/ulp_hmss_0_0_synth_1/.Xil/Vivado-995911-cyberdeck/realtime/bd_85ad_vip_S05_0_stub.v:6]
WARNING: [Synth 8-7023] instance 'vip_S05' of module 'bd_85ad_vip_S05_0' has 64 connections declared, but only 56 given [/home/miahafiz/NeuroRing_a_4096_10c/_x.hw.NUM_4096.CORE_10.FREQ_300/link/vivado/vpl/prj/prj.gen/my_rm/bd/ulp/ip/ulp_hmss_0_0/bd_0/synth/bd_85ad.v:3436]
INFO: [Synth 8-6157] synthesizing module 'bd_85ad_vip_S06_0' [/home/miahafiz/NeuroRing_a_4096_10c/_x.hw.NUM_4096.CORE_10.FREQ_300/link/vivado/vpl/prj/prj.runs/ulp_hmss_0_0_synth_1/.Xil/Vivado-995911-cyberdeck/realtime/bd_85ad_vip_S06_0_stub.v:6]
INFO: [Synth 8-6155] done synthesizing module 'bd_85ad_vip_S06_0' (0#1) [/home/miahafiz/NeuroRing_a_4096_10c/_x.hw.NUM_4096.CORE_10.FREQ_300/link/vivado/vpl/prj/prj.runs/ulp_hmss_0_0_synth_1/.Xil/Vivado-995911-cyberdeck/realtime/bd_85ad_vip_S06_0_stub.v:6]
WARNING: [Synth 8-7023] instance 'vip_S06' of module 'bd_85ad_vip_S06_0' has 64 connections declared, but only 56 given [/home/miahafiz/NeuroRing_a_4096_10c/_x.hw.NUM_4096.CORE_10.FREQ_300/link/vivado/vpl/prj/prj.gen/my_rm/bd/ulp/ip/ulp_hmss_0_0/bd_0/synth/bd_85ad.v:3493]
INFO: [Synth 8-6157] synthesizing module 'bd_85ad_vip_S07_0' [/home/miahafiz/NeuroRing_a_4096_10c/_x.hw.NUM_4096.CORE_10.FREQ_300/link/vivado/vpl/prj/prj.runs/ulp_hmss_0_0_synth_1/.Xil/Vivado-995911-cyberdeck/realtime/bd_85ad_vip_S07_0_stub.v:6]
INFO: [Synth 8-6155] done synthesizing module 'bd_85ad_vip_S07_0' (0#1) [/home/miahafiz/NeuroRing_a_4096_10c/_x.hw.NUM_4096.CORE_10.FREQ_300/link/vivado/vpl/prj/prj.runs/ulp_hmss_0_0_synth_1/.Xil/Vivado-995911-cyberdeck/realtime/bd_85ad_vip_S07_0_stub.v:6]
WARNING: [Synth 8-7023] instance 'vip_S07' of module 'bd_85ad_vip_S07_0' has 64 connections declared, but only 56 given [/home/miahafiz/NeuroRing_a_4096_10c/_x.hw.NUM_4096.CORE_10.FREQ_300/link/vivado/vpl/prj/prj.gen/my_rm/bd/ulp/ip/ulp_hmss_0_0/bd_0/synth/bd_85ad.v:3550]
INFO: [Synth 8-6157] synthesizing module 'bd_85ad_vip_S08_0' [/home/miahafiz/NeuroRing_a_4096_10c/_x.hw.NUM_4096.CORE_10.FREQ_300/link/vivado/vpl/prj/prj.runs/ulp_hmss_0_0_synth_1/.Xil/Vivado-995911-cyberdeck/realtime/bd_85ad_vip_S08_0_stub.v:6]
INFO: [Synth 8-6155] done synthesizing module 'bd_85ad_vip_S08_0' (0#1) [/home/miahafiz/NeuroRing_a_4096_10c/_x.hw.NUM_4096.CORE_10.FREQ_300/link/vivado/vpl/prj/prj.runs/ulp_hmss_0_0_synth_1/.Xil/Vivado-995911-cyberdeck/realtime/bd_85ad_vip_S08_0_stub.v:6]
WARNING: [Synth 8-7023] instance 'vip_S08' of module 'bd_85ad_vip_S08_0' has 64 connections declared, but only 56 given [/home/miahafiz/NeuroRing_a_4096_10c/_x.hw.NUM_4096.CORE_10.FREQ_300/link/vivado/vpl/prj/prj.gen/my_rm/bd/ulp/ip/ulp_hmss_0_0/bd_0/synth/bd_85ad.v:3607]
INFO: [Synth 8-6157] synthesizing module 'bd_85ad_vip_S09_0' [/home/miahafiz/NeuroRing_a_4096_10c/_x.hw.NUM_4096.CORE_10.FREQ_300/link/vivado/vpl/prj/prj.runs/ulp_hmss_0_0_synth_1/.Xil/Vivado-995911-cyberdeck/realtime/bd_85ad_vip_S09_0_stub.v:6]
INFO: [Synth 8-6155] done synthesizing module 'bd_85ad_vip_S09_0' (0#1) [/home/miahafiz/NeuroRing_a_4096_10c/_x.hw.NUM_4096.CORE_10.FREQ_300/link/vivado/vpl/prj/prj.runs/ulp_hmss_0_0_synth_1/.Xil/Vivado-995911-cyberdeck/realtime/bd_85ad_vip_S09_0_stub.v:6]
WARNING: [Synth 8-7023] instance 'vip_S09' of module 'bd_85ad_vip_S09_0' has 64 connections declared, but only 56 given [/home/miahafiz/NeuroRing_a_4096_10c/_x.hw.NUM_4096.CORE_10.FREQ_300/link/vivado/vpl/prj/prj.gen/my_rm/bd/ulp/ip/ulp_hmss_0_0/bd_0/synth/bd_85ad.v:3664]
INFO: [Synth 8-6157] synthesizing module 'bd_85ad_vip_S10_0' [/home/miahafiz/NeuroRing_a_4096_10c/_x.hw.NUM_4096.CORE_10.FREQ_300/link/vivado/vpl/prj/prj.runs/ulp_hmss_0_0_synth_1/.Xil/Vivado-995911-cyberdeck/realtime/bd_85ad_vip_S10_0_stub.v:6]
INFO: [Synth 8-6155] done synthesizing module 'bd_85ad_vip_S10_0' (0#1) [/home/miahafiz/NeuroRing_a_4096_10c/_x.hw.NUM_4096.CORE_10.FREQ_300/link/vivado/vpl/prj/prj.runs/ulp_hmss_0_0_synth_1/.Xil/Vivado-995911-cyberdeck/realtime/bd_85ad_vip_S10_0_stub.v:6]
WARNING: [Synth 8-7023] instance 'vip_S10' of module 'bd_85ad_vip_S10_0' has 64 connections declared, but only 56 given [/home/miahafiz/NeuroRing_a_4096_10c/_x.hw.NUM_4096.CORE_10.FREQ_300/link/vivado/vpl/prj/prj.gen/my_rm/bd/ulp/ip/ulp_hmss_0_0/bd_0/synth/bd_85ad.v:3721]
INFO: [Synth 8-6155] done synthesizing module 'bd_85ad' (0#1) [/home/miahafiz/NeuroRing_a_4096_10c/_x.hw.NUM_4096.CORE_10.FREQ_300/link/vivado/vpl/prj/prj.gen/my_rm/bd/ulp/ip/ulp_hmss_0_0/bd_0/synth/bd_85ad.v:10]
INFO: [Synth 8-6155] done synthesizing module 'ulp_hmss_0_0' (0#1) [/home/miahafiz/NeuroRing_a_4096_10c/_x.hw.NUM_4096.CORE_10.FREQ_300/link/vivado/vpl/prj/prj.gen/my_rm/bd/ulp/ip/ulp_hmss_0_0/synth/ulp_hmss_0_0.v:53]
WARNING: [Synth 8-7129] Port In2[0] in module xlconcat_v2_1_7_xlconcat is either unconnected or has no load
WARNING: [Synth 8-7129] Port In3[0] in module xlconcat_v2_1_7_xlconcat is either unconnected or has no load
WARNING: [Synth 8-7129] Port In4[0] in module xlconcat_v2_1_7_xlconcat is either unconnected or has no load
WARNING: [Synth 8-7129] Port In5[0] in module xlconcat_v2_1_7_xlconcat is either unconnected or has no load
WARNING: [Synth 8-7129] Port In6[0] in module xlconcat_v2_1_7_xlconcat is either unconnected or has no load
WARNING: [Synth 8-7129] Port In7[0] in module xlconcat_v2_1_7_xlconcat is either unconnected or has no load
WARNING: [Synth 8-7129] Port In8[0] in module xlconcat_v2_1_7_xlconcat is either unconnected or has no load
WARNING: [Synth 8-7129] Port In9[0] in module xlconcat_v2_1_7_xlconcat is either unconnected or has no load
WARNING: [Synth 8-7129] Port In10[0] in module xlconcat_v2_1_7_xlconcat is either unconnected or has no load
WARNING: [Synth 8-7129] Port In11[0] in module xlconcat_v2_1_7_xlconcat is either unconnected or has no load
WARNING: [Synth 8-7129] Port In12[0] in module xlconcat_v2_1_7_xlconcat is either unconnected or has no load
WARNING: [Synth 8-7129] Port In13[0] in module xlconcat_v2_1_7_xlconcat is either unconnected or has no load
WARNING: [Synth 8-7129] Port In14[0] in module xlconcat_v2_1_7_xlconcat is either unconnected or has no load
WARNING: [Synth 8-7129] Port In15[0] in module xlconcat_v2_1_7_xlconcat is either unconnected or has no load
WARNING: [Synth 8-7129] Port In16[0] in module xlconcat_v2_1_7_xlconcat is either unconnected or has no load
WARNING: [Synth 8-7129] Port In17[0] in module xlconcat_v2_1_7_xlconcat is either unconnected or has no load
WARNING: [Synth 8-7129] Port In18[0] in module xlconcat_v2_1_7_xlconcat is either unconnected or has no load
WARNING: [Synth 8-7129] Port In19[0] in module xlconcat_v2_1_7_xlconcat is either unconnected or has no load
WARNING: [Synth 8-7129] Port In20[0] in module xlconcat_v2_1_7_xlconcat is either unconnected or has no load
WARNING: [Synth 8-7129] Port In21[0] in module xlconcat_v2_1_7_xlconcat is either unconnected or has no load
WARNING: [Synth 8-7129] Port In22[0] in module xlconcat_v2_1_7_xlconcat is either unconnected or has no load
WARNING: [Synth 8-7129] Port In23[0] in module xlconcat_v2_1_7_xlconcat is either unconnected or has no load
WARNING: [Synth 8-7129] Port In24[0] in module xlconcat_v2_1_7_xlconcat is either unconnected or has no load
WARNING: [Synth 8-7129] Port In25[0] in module xlconcat_v2_1_7_xlconcat is either unconnected or has no load
WARNING: [Synth 8-7129] Port In26[0] in module xlconcat_v2_1_7_xlconcat is either unconnected or has no load
WARNING: [Synth 8-7129] Port In27[0] in module xlconcat_v2_1_7_xlconcat is either unconnected or has no load
WARNING: [Synth 8-7129] Port In28[0] in module xlconcat_v2_1_7_xlconcat is either unconnected or has no load
WARNING: [Synth 8-7129] Port In29[0] in module xlconcat_v2_1_7_xlconcat is either unconnected or has no load
WARNING: [Synth 8-7129] Port In30[0] in module xlconcat_v2_1_7_xlconcat is either unconnected or has no load
WARNING: [Synth 8-7129] Port In31[0] in module xlconcat_v2_1_7_xlconcat is either unconnected or has no load
WARNING: [Synth 8-7129] Port In32[0] in module xlconcat_v2_1_7_xlconcat is either unconnected or has no load
WARNING: [Synth 8-7129] Port In33[0] in module xlconcat_v2_1_7_xlconcat is either unconnected or has no load
WARNING: [Synth 8-7129] Port In34[0] in module xlconcat_v2_1_7_xlconcat is either unconnected or has no load
WARNING: [Synth 8-7129] Port In35[0] in module xlconcat_v2_1_7_xlconcat is either unconnected or has no load
WARNING: [Synth 8-7129] Port In36[0] in module xlconcat_v2_1_7_xlconcat is either unconnected or has no load
WARNING: [Synth 8-7129] Port In37[0] in module xlconcat_v2_1_7_xlconcat is either unconnected or has no load
WARNING: [Synth 8-7129] Port In38[0] in module xlconcat_v2_1_7_xlconcat is either unconnected or has no load
WARNING: [Synth 8-7129] Port In39[0] in module xlconcat_v2_1_7_xlconcat is either unconnected or has no load
WARNING: [Synth 8-7129] Port In40[0] in module xlconcat_v2_1_7_xlconcat is either unconnected or has no load
WARNING: [Synth 8-7129] Port In41[0] in module xlconcat_v2_1_7_xlconcat is either unconnected or has no load
WARNING: [Synth 8-7129] Port In42[0] in module xlconcat_v2_1_7_xlconcat is either unconnected or has no load
WARNING: [Synth 8-7129] Port In43[0] in module xlconcat_v2_1_7_xlconcat is either unconnected or has no load
WARNING: [Synth 8-7129] Port In44[0] in module xlconcat_v2_1_7_xlconcat is either unconnected or has no load
WARNING: [Synth 8-7129] Port In45[0] in module xlconcat_v2_1_7_xlconcat is either unconnected or has no load
WARNING: [Synth 8-7129] Port In46[0] in module xlconcat_v2_1_7_xlconcat is either unconnected or has no load
WARNING: [Synth 8-7129] Port In47[0] in module xlconcat_v2_1_7_xlconcat is either unconnected or has no load
WARNING: [Synth 8-7129] Port In48[0] in module xlconcat_v2_1_7_xlconcat is either unconnected or has no load
WARNING: [Synth 8-7129] Port In49[0] in module xlconcat_v2_1_7_xlconcat is either unconnected or has no load
WARNING: [Synth 8-7129] Port In50[0] in module xlconcat_v2_1_7_xlconcat is either unconnected or has no load
WARNING: [Synth 8-7129] Port In51[0] in module xlconcat_v2_1_7_xlconcat is either unconnected or has no load
WARNING: [Synth 8-7129] Port In52[0] in module xlconcat_v2_1_7_xlconcat is either unconnected or has no load
WARNING: [Synth 8-7129] Port In53[0] in module xlconcat_v2_1_7_xlconcat is either unconnected or has no load
WARNING: [Synth 8-7129] Port In54[0] in module xlconcat_v2_1_7_xlconcat is either unconnected or has no load
WARNING: [Synth 8-7129] Port In55[0] in module xlconcat_v2_1_7_xlconcat is either unconnected or has no load
WARNING: [Synth 8-7129] Port In56[0] in module xlconcat_v2_1_7_xlconcat is either unconnected or has no load
WARNING: [Synth 8-7129] Port In57[0] in module xlconcat_v2_1_7_xlconcat is either unconnected or has no load
WARNING: [Synth 8-7129] Port In58[0] in module xlconcat_v2_1_7_xlconcat is either unconnected or has no load
WARNING: [Synth 8-7129] Port In59[0] in module xlconcat_v2_1_7_xlconcat is either unconnected or has no load
WARNING: [Synth 8-7129] Port In60[0] in module xlconcat_v2_1_7_xlconcat is either unconnected or has no load
WARNING: [Synth 8-7129] Port In61[0] in module xlconcat_v2_1_7_xlconcat is either unconnected or has no load
WARNING: [Synth 8-7129] Port In62[0] in module xlconcat_v2_1_7_xlconcat is either unconnected or has no load
WARNING: [Synth 8-7129] Port In63[0] in module xlconcat_v2_1_7_xlconcat is either unconnected or has no load
WARNING: [Synth 8-7129] Port In64[0] in module xlconcat_v2_1_7_xlconcat is either unconnected or has no load
WARNING: [Synth 8-7129] Port In65[0] in module xlconcat_v2_1_7_xlconcat is either unconnected or has no load
WARNING: [Synth 8-7129] Port In66[0] in module xlconcat_v2_1_7_xlconcat is either unconnected or has no load
WARNING: [Synth 8-7129] Port In67[0] in module xlconcat_v2_1_7_xlconcat is either unconnected or has no load
WARNING: [Synth 8-7129] Port In68[0] in module xlconcat_v2_1_7_xlconcat is either unconnected or has no load
WARNING: [Synth 8-7129] Port In69[0] in module xlconcat_v2_1_7_xlconcat is either unconnected or has no load
WARNING: [Synth 8-7129] Port In70[0] in module xlconcat_v2_1_7_xlconcat is either unconnected or has no load
WARNING: [Synth 8-7129] Port In71[0] in module xlconcat_v2_1_7_xlconcat is either unconnected or has no load
WARNING: [Synth 8-7129] Port In72[0] in module xlconcat_v2_1_7_xlconcat is either unconnected or has no load
WARNING: [Synth 8-7129] Port In73[0] in module xlconcat_v2_1_7_xlconcat is either unconnected or has no load
WARNING: [Synth 8-7129] Port In74[0] in module xlconcat_v2_1_7_xlconcat is either unconnected or has no load
WARNING: [Synth 8-7129] Port In75[0] in module xlconcat_v2_1_7_xlconcat is either unconnected or has no load
WARNING: [Synth 8-7129] Port In76[0] in module xlconcat_v2_1_7_xlconcat is either unconnected or has no load
WARNING: [Synth 8-7129] Port In77[0] in module xlconcat_v2_1_7_xlconcat is either unconnected or has no load
WARNING: [Synth 8-7129] Port In78[0] in module xlconcat_v2_1_7_xlconcat is either unconnected or has no load
WARNING: [Synth 8-7129] Port In79[0] in module xlconcat_v2_1_7_xlconcat is either unconnected or has no load
WARNING: [Synth 8-7129] Port In80[0] in module xlconcat_v2_1_7_xlconcat is either unconnected or has no load
WARNING: [Synth 8-7129] Port In81[0] in module xlconcat_v2_1_7_xlconcat is either unconnected or has no load
WARNING: [Synth 8-7129] Port In82[0] in module xlconcat_v2_1_7_xlconcat is either unconnected or has no load
WARNING: [Synth 8-7129] Port In83[0] in module xlconcat_v2_1_7_xlconcat is either unconnected or has no load
WARNING: [Synth 8-7129] Port In84[0] in module xlconcat_v2_1_7_xlconcat is either unconnected or has no load
WARNING: [Synth 8-7129] Port In85[0] in module xlconcat_v2_1_7_xlconcat is either unconnected or has no load
WARNING: [Synth 8-7129] Port In86[0] in module xlconcat_v2_1_7_xlconcat is either unconnected or has no load
WARNING: [Synth 8-7129] Port In87[0] in module xlconcat_v2_1_7_xlconcat is either unconnected or has no load
WARNING: [Synth 8-7129] Port In88[0] in module xlconcat_v2_1_7_xlconcat is either unconnected or has no load
WARNING: [Synth 8-7129] Port In89[0] in module xlconcat_v2_1_7_xlconcat is either unconnected or has no load
WARNING: [Synth 8-7129] Port In90[0] in module xlconcat_v2_1_7_xlconcat is either unconnected or has no load
WARNING: [Synth 8-7129] Port In91[0] in module xlconcat_v2_1_7_xlconcat is either unconnected or has no load
WARNING: [Synth 8-7129] Port In92[0] in module xlconcat_v2_1_7_xlconcat is either unconnected or has no load
WARNING: [Synth 8-7129] Port In93[0] in module xlconcat_v2_1_7_xlconcat is either unconnected or has no load
WARNING: [Synth 8-7129] Port In94[0] in module xlconcat_v2_1_7_xlconcat is either unconnected or has no load
WARNING: [Synth 8-7129] Port In95[0] in module xlconcat_v2_1_7_xlconcat is either unconnected or has no load
WARNING: [Synth 8-7129] Port In96[0] in module xlconcat_v2_1_7_xlconcat is either unconnected or has no load
WARNING: [Synth 8-7129] Port In97[0] in module xlconcat_v2_1_7_xlconcat is either unconnected or has no load
WARNING: [Synth 8-7129] Port In98[0] in module xlconcat_v2_1_7_xlconcat is either unconnected or has no load
WARNING: [Synth 8-7129] Port In99[0] in module xlconcat_v2_1_7_xlconcat is either unconnected or has no load
WARNING: [Synth 8-7129] Port In100[0] in module xlconcat_v2_1_7_xlconcat is either unconnected or has no load
WARNING: [Synth 8-7129] Port In101[0] in module xlconcat_v2_1_7_xlconcat is either unconnected or has no load
INFO: [Common 17-14] Message 'Synth 8-7129' appears 100 times and further instances of the messages will be disabled.
---------------------------------------------------------------------------------
Finished RTL Elaboration : Time (s): cpu = 00:00:08 ; elapsed = 00:00:10 . Memory (MB): peak = 3465.801 ; gain = 415.629 ; free physical = 100100 ; free virtual = 175762
---------------------------------------------------------------------------------
---------------------------------------------------------------------------------
Start Handling Custom Attributes
---------------------------------------------------------------------------------
---------------------------------------------------------------------------------
Finished Handling Custom Attributes : Time (s): cpu = 00:00:08 ; elapsed = 00:00:10 . Memory (MB): peak = 3471.738 ; gain = 421.566 ; free physical = 100096 ; free virtual = 175757
---------------------------------------------------------------------------------
---------------------------------------------------------------------------------
Finished RTL Optimization Phase 1 : Time (s): cpu = 00:00:08 ; elapsed = 00:00:10 . Memory (MB): peak = 3471.738 ; gain = 421.566 ; free physical = 100096 ; free virtual = 175757
---------------------------------------------------------------------------------
Netlist sorting complete. Time (s): cpu = 00:00:00.22 ; elapsed = 00:00:00.22 . Memory (MB): peak = 3471.738 ; gain = 0.000 ; free physical = 100084 ; free virtual = 175746
INFO: [Project 1-570] Preparing netlist for logic optimization

Processing XDC Constraints
Initializing timing engine
Parsing XDC File [/home/miahafiz/NeuroRing_a_4096_10c/_x.hw.NUM_4096.CORE_10.FREQ_300/link/vivado/vpl/prj/prj.gen/my_rm/bd/ulp/ip/ulp_hmss_0_0/bd_0/ip/ip_0/bd_85ad_hbm_inst_0/bd_85ad_hbm_inst_0_in_context.xdc] for cell 'inst/hbm_inst'
Finished Parsing XDC File [/home/miahafiz/NeuroRing_a_4096_10c/_x.hw.NUM_4096.CORE_10.FREQ_300/link/vivado/vpl/prj/prj.gen/my_rm/bd/ulp/ip/ulp_hmss_0_0/bd_0/ip/ip_0/bd_85ad_hbm_inst_0/bd_85ad_hbm_inst_0_in_context.xdc] for cell 'inst/hbm_inst'
Parsing XDC File [/home/miahafiz/NeuroRing_a_4096_10c/_x.hw.NUM_4096.CORE_10.FREQ_300/link/vivado/vpl/prj/prj.gen/my_rm/bd/ulp/ip/ulp_hmss_0_0/bd_0/ip/ip_1/bd_85ad_hbm_reset_sync_SLR0_0/bd_85ad_hbm_reset_sync_SLR2_0_in_context.xdc] for cell 'inst/hbm_reset_sync_SLR0'
Finished Parsing XDC File [/home/miahafiz/NeuroRing_a_4096_10c/_x.hw.NUM_4096.CORE_10.FREQ_300/link/vivado/vpl/prj/prj.gen/my_rm/bd/ulp/ip/ulp_hmss_0_0/bd_0/ip/ip_1/bd_85ad_hbm_reset_sync_SLR0_0/bd_85ad_hbm_reset_sync_SLR2_0_in_context.xdc] for cell 'inst/hbm_reset_sync_SLR0'
Parsing XDC File [/home/miahafiz/NeuroRing_a_4096_10c/_x.hw.NUM_4096.CORE_10.FREQ_300/link/vivado/vpl/prj/prj.gen/my_rm/bd/ulp/ip/ulp_hmss_0_0/bd_0/ip/ip_2/bd_85ad_hbm_reset_sync_SLR2_0/bd_85ad_hbm_reset_sync_SLR2_0_in_context.xdc] for cell 'inst/hbm_reset_sync_SLR2'
Finished Parsing XDC File [/home/miahafiz/NeuroRing_a_4096_10c/_x.hw.NUM_4096.CORE_10.FREQ_300/link/vivado/vpl/prj/prj.gen/my_rm/bd/ulp/ip/ulp_hmss_0_0/bd_0/ip/ip_2/bd_85ad_hbm_reset_sync_SLR2_0/bd_85ad_hbm_reset_sync_SLR2_0_in_context.xdc] for cell 'inst/hbm_reset_sync_SLR2'
Parsing XDC File [/home/miahafiz/NeuroRing_a_4096_10c/_x.hw.NUM_4096.CORE_10.FREQ_300/link/vivado/vpl/prj/prj.gen/my_rm/bd/ulp/ip/ulp_hmss_0_0/bd_0/ip/ip_5/bd_85ad_vip_S01_0/bd_85ad_vip_S10_0_in_context.xdc] for cell 'inst/vip_S01'
Finished Parsing XDC File [/home/miahafiz/NeuroRing_a_4096_10c/_x.hw.NUM_4096.CORE_10.FREQ_300/link/vivado/vpl/prj/prj.gen/my_rm/bd/ulp/ip/ulp_hmss_0_0/bd_0/ip/ip_5/bd_85ad_vip_S01_0/bd_85ad_vip_S10_0_in_context.xdc] for cell 'inst/vip_S01'
Parsing XDC File [/home/miahafiz/NeuroRing_a_4096_10c/_x.hw.NUM_4096.CORE_10.FREQ_300/link/vivado/vpl/prj/prj.gen/my_rm/bd/ulp/ip/ulp_hmss_0_0/bd_0/ip/ip_8/bd_85ad_vip_S02_0/bd_85ad_vip_S10_0_in_context.xdc] for cell 'inst/vip_S02'
Finished Parsing XDC File [/home/miahafiz/NeuroRing_a_4096_10c/_x.hw.NUM_4096.CORE_10.FREQ_300/link/vivado/vpl/prj/prj.gen/my_rm/bd/ulp/ip/ulp_hmss_0_0/bd_0/ip/ip_8/bd_85ad_vip_S02_0/bd_85ad_vip_S10_0_in_context.xdc] for cell 'inst/vip_S02'
Parsing XDC File [/home/miahafiz/NeuroRing_a_4096_10c/_x.hw.NUM_4096.CORE_10.FREQ_300/link/vivado/vpl/prj/prj.gen/my_rm/bd/ulp/ip/ulp_hmss_0_0/bd_0/ip/ip_11/bd_85ad_vip_S03_0/bd_85ad_vip_S10_0_in_context.xdc] for cell 'inst/vip_S03'
Finished Parsing XDC File [/home/miahafiz/NeuroRing_a_4096_10c/_x.hw.NUM_4096.CORE_10.FREQ_300/link/vivado/vpl/prj/prj.gen/my_rm/bd/ulp/ip/ulp_hmss_0_0/bd_0/ip/ip_11/bd_85ad_vip_S03_0/bd_85ad_vip_S10_0_in_context.xdc] for cell 'inst/vip_S03'
Parsing XDC File [/home/miahafiz/NeuroRing_a_4096_10c/_x.hw.NUM_4096.CORE_10.FREQ_300/link/vivado/vpl/prj/prj.gen/my_rm/bd/ulp/ip/ulp_hmss_0_0/bd_0/ip/ip_14/bd_85ad_vip_S04_0/bd_85ad_vip_S10_0_in_context.xdc] for cell 'inst/vip_S04'
Finished Parsing XDC File [/home/miahafiz/NeuroRing_a_4096_10c/_x.hw.NUM_4096.CORE_10.FREQ_300/link/vivado/vpl/prj/prj.gen/my_rm/bd/ulp/ip/ulp_hmss_0_0/bd_0/ip/ip_14/bd_85ad_vip_S04_0/bd_85ad_vip_S10_0_in_context.xdc] for cell 'inst/vip_S04'
Parsing XDC File [/home/miahafiz/NeuroRing_a_4096_10c/_x.hw.NUM_4096.CORE_10.FREQ_300/link/vivado/vpl/prj/prj.gen/my_rm/bd/ulp/ip/ulp_hmss_0_0/bd_0/ip/ip_17/bd_85ad_vip_S05_0/bd_85ad_vip_S10_0_in_context.xdc] for cell 'inst/vip_S05'
Finished Parsing XDC File [/home/miahafiz/NeuroRing_a_4096_10c/_x.hw.NUM_4096.CORE_10.FREQ_300/link/vivado/vpl/prj/prj.gen/my_rm/bd/ulp/ip/ulp_hmss_0_0/bd_0/ip/ip_17/bd_85ad_vip_S05_0/bd_85ad_vip_S10_0_in_context.xdc] for cell 'inst/vip_S05'
Parsing XDC File [/home/miahafiz/NeuroRing_a_4096_10c/_x.hw.NUM_4096.CORE_10.FREQ_300/link/vivado/vpl/prj/prj.gen/my_rm/bd/ulp/ip/ulp_hmss_0_0/bd_0/ip/ip_20/bd_85ad_vip_S06_0/bd_85ad_vip_S10_0_in_context.xdc] for cell 'inst/vip_S06'
Finished Parsing XDC File [/home/miahafiz/NeuroRing_a_4096_10c/_x.hw.NUM_4096.CORE_10.FREQ_300/link/vivado/vpl/prj/prj.gen/my_rm/bd/ulp/ip/ulp_hmss_0_0/bd_0/ip/ip_20/bd_85ad_vip_S06_0/bd_85ad_vip_S10_0_in_context.xdc] for cell 'inst/vip_S06'
Parsing XDC File [/home/miahafiz/NeuroRing_a_4096_10c/_x.hw.NUM_4096.CORE_10.FREQ_300/link/vivado/vpl/prj/prj.gen/my_rm/bd/ulp/ip/ulp_hmss_0_0/bd_0/ip/ip_23/bd_85ad_vip_S00_0/bd_85ad_vip_S10_0_in_context.xdc] for cell 'inst/vip_S00'
Finished Parsing XDC File [/home/miahafiz/NeuroRing_a_4096_10c/_x.hw.NUM_4096.CORE_10.FREQ_300/link/vivado/vpl/prj/prj.gen/my_rm/bd/ulp/ip/ulp_hmss_0_0/bd_0/ip/ip_23/bd_85ad_vip_S00_0/bd_85ad_vip_S10_0_in_context.xdc] for cell 'inst/vip_S00'
Parsing XDC File [/home/miahafiz/NeuroRing_a_4096_10c/_x.hw.NUM_4096.CORE_10.FREQ_300/link/vivado/vpl/prj/prj.gen/my_rm/bd/ulp/ip/ulp_hmss_0_0/bd_0/ip/ip_26/bd_85ad_vip_S07_0/bd_85ad_vip_S10_0_in_context.xdc] for cell 'inst/vip_S07'
Finished Parsing XDC File [/home/miahafiz/NeuroRing_a_4096_10c/_x.hw.NUM_4096.CORE_10.FREQ_300/link/vivado/vpl/prj/prj.gen/my_rm/bd/ulp/ip/ulp_hmss_0_0/bd_0/ip/ip_26/bd_85ad_vip_S07_0/bd_85ad_vip_S10_0_in_context.xdc] for cell 'inst/vip_S07'
Parsing XDC File [/home/miahafiz/NeuroRing_a_4096_10c/_x.hw.NUM_4096.CORE_10.FREQ_300/link/vivado/vpl/prj/prj.gen/my_rm/bd/ulp/ip/ulp_hmss_0_0/bd_0/ip/ip_29/bd_85ad_vip_S08_0/bd_85ad_vip_S10_0_in_context.xdc] for cell 'inst/vip_S08'
Finished Parsing XDC File [/home/miahafiz/NeuroRing_a_4096_10c/_x.hw.NUM_4096.CORE_10.FREQ_300/link/vivado/vpl/prj/prj.gen/my_rm/bd/ulp/ip/ulp_hmss_0_0/bd_0/ip/ip_29/bd_85ad_vip_S08_0/bd_85ad_vip_S10_0_in_context.xdc] for cell 'inst/vip_S08'
Parsing XDC File [/home/miahafiz/NeuroRing_a_4096_10c/_x.hw.NUM_4096.CORE_10.FREQ_300/link/vivado/vpl/prj/prj.gen/my_rm/bd/ulp/ip/ulp_hmss_0_0/bd_0/ip/ip_32/bd_85ad_vip_S09_0/bd_85ad_vip_S10_0_in_context.xdc] for cell 'inst/vip_S09'
Finished Parsing XDC File [/home/miahafiz/NeuroRing_a_4096_10c/_x.hw.NUM_4096.CORE_10.FREQ_300/link/vivado/vpl/prj/prj.gen/my_rm/bd/ulp/ip/ulp_hmss_0_0/bd_0/ip/ip_32/bd_85ad_vip_S09_0/bd_85ad_vip_S10_0_in_context.xdc] for cell 'inst/vip_S09'
Parsing XDC File [/home/miahafiz/NeuroRing_a_4096_10c/_x.hw.NUM_4096.CORE_10.FREQ_300/link/vivado/vpl/prj/prj.gen/my_rm/bd/ulp/ip/ulp_hmss_0_0/bd_0/ip/ip_35/bd_85ad_vip_S10_0/bd_85ad_vip_S10_0_in_context.xdc] for cell 'inst/vip_S10'
Finished Parsing XDC File [/home/miahafiz/NeuroRing_a_4096_10c/_x.hw.NUM_4096.CORE_10.FREQ_300/link/vivado/vpl/prj/prj.gen/my_rm/bd/ulp/ip/ulp_hmss_0_0/bd_0/ip/ip_35/bd_85ad_vip_S10_0/bd_85ad_vip_S10_0_in_context.xdc] for cell 'inst/vip_S10'
Parsing XDC File [/home/miahafiz/NeuroRing_a_4096_10c/_x.hw.NUM_4096.CORE_10.FREQ_300/link/vivado/vpl/prj/prj.gen/my_rm/bd/ulp/ip/ulp_hmss_0_0/bd_0/ip/ip_36/bd_85ad_axi_apb_bridge_inst_0/bd_85ad_axi_apb_bridge_inst_0_in_context.xdc] for cell 'inst/axi_apb_bridge_inst'
Finished Parsing XDC File [/home/miahafiz/NeuroRing_a_4096_10c/_x.hw.NUM_4096.CORE_10.FREQ_300/link/vivado/vpl/prj/prj.gen/my_rm/bd/ulp/ip/ulp_hmss_0_0/bd_0/ip/ip_36/bd_85ad_axi_apb_bridge_inst_0/bd_85ad_axi_apb_bridge_inst_0_in_context.xdc] for cell 'inst/axi_apb_bridge_inst'
Parsing XDC File [/home/miahafiz/NeuroRing_a_4096_10c/_x.hw.NUM_4096.CORE_10.FREQ_300/link/vivado/vpl/prj/prj.gen/my_rm/bd/ulp/ip/ulp_hmss_0_0/bd_0/ip/ip_39/bd_85ad_util_vector_logic_0/bd_85ad_util_vector_logic_0_in_context.xdc] for cell 'inst/util_vector_logic'
Finished Parsing XDC File [/home/miahafiz/NeuroRing_a_4096_10c/_x.hw.NUM_4096.CORE_10.FREQ_300/link/vivado/vpl/prj/prj.gen/my_rm/bd/ulp/ip/ulp_hmss_0_0/bd_0/ip/ip_39/bd_85ad_util_vector_logic_0/bd_85ad_util_vector_logic_0_in_context.xdc] for cell 'inst/util_vector_logic'
Parsing XDC File [/home/miahafiz/NeuroRing_a_4096_10c/_x.hw.NUM_4096.CORE_10.FREQ_300/link/vivado/vpl/prj/prj.gen/my_rm/bd/ulp/ip/ulp_hmss_0_0/bd_0/ip/ip_3/bd_85ad_interconnect1_0_0/bd_85ad_interconnect1_0_0_in_context.xdc] for cell 'inst/path_0/interconnect1_0'
Finished Parsing XDC File [/home/miahafiz/NeuroRing_a_4096_10c/_x.hw.NUM_4096.CORE_10.FREQ_300/link/vivado/vpl/prj/prj.gen/my_rm/bd/ulp/ip/ulp_hmss_0_0/bd_0/ip/ip_3/bd_85ad_interconnect1_0_0/bd_85ad_interconnect1_0_0_in_context.xdc] for cell 'inst/path_0/interconnect1_0'
Parsing XDC File [/home/miahafiz/NeuroRing_a_4096_10c/_x.hw.NUM_4096.CORE_10.FREQ_300/link/vivado/vpl/prj/prj.gen/my_rm/bd/ulp/ip/ulp_hmss_0_0/bd_0/ip/ip_4/bd_85ad_slice1_0_0/bd_85ad_slice3_8_0_in_context.xdc] for cell 'inst/path_0/slice1_0'
Finished Parsing XDC File [/home/miahafiz/NeuroRing_a_4096_10c/_x.hw.NUM_4096.CORE_10.FREQ_300/link/vivado/vpl/prj/prj.gen/my_rm/bd/ulp/ip/ulp_hmss_0_0/bd_0/ip/ip_4/bd_85ad_slice1_0_0/bd_85ad_slice3_8_0_in_context.xdc] for cell 'inst/path_0/slice1_0'
Parsing XDC File [/home/miahafiz/NeuroRing_a_4096_10c/_x.hw.NUM_4096.CORE_10.FREQ_300/link/vivado/vpl/prj/prj.gen/my_rm/bd/ulp/ip/ulp_hmss_0_0/bd_0/ip/ip_6/bd_85ad_interconnect2_4_0/bd_85ad_interconnect2_4_0_in_context.xdc] for cell 'inst/path_4/interconnect2_4'
Finished Parsing XDC File [/home/miahafiz/NeuroRing_a_4096_10c/_x.hw.NUM_4096.CORE_10.FREQ_300/link/vivado/vpl/prj/prj.gen/my_rm/bd/ulp/ip/ulp_hmss_0_0/bd_0/ip/ip_6/bd_85ad_interconnect2_4_0/bd_85ad_interconnect2_4_0_in_context.xdc] for cell 'inst/path_4/interconnect2_4'
Parsing XDC File [/home/miahafiz/NeuroRing_a_4096_10c/_x.hw.NUM_4096.CORE_10.FREQ_300/link/vivado/vpl/prj/prj.gen/my_rm/bd/ulp/ip/ulp_hmss_0_0/bd_0/ip/ip_7/bd_85ad_slice2_4_0/bd_85ad_slice3_8_0_in_context.xdc] for cell 'inst/path_4/slice2_4'
Finished Parsing XDC File [/home/miahafiz/NeuroRing_a_4096_10c/_x.hw.NUM_4096.CORE_10.FREQ_300/link/vivado/vpl/prj/prj.gen/my_rm/bd/ulp/ip/ulp_hmss_0_0/bd_0/ip/ip_7/bd_85ad_slice2_4_0/bd_85ad_slice3_8_0_in_context.xdc] for cell 'inst/path_4/slice2_4'
Parsing XDC File [/home/miahafiz/NeuroRing_a_4096_10c/_x.hw.NUM_4096.CORE_10.FREQ_300/link/vivado/vpl/prj/prj.gen/my_rm/bd/ulp/ip/ulp_hmss_0_0/bd_0/ip/ip_9/bd_85ad_interconnect3_8_0/bd_85ad_interconnect3_8_0_in_context.xdc] for cell 'inst/path_8/interconnect3_8'
Finished Parsing XDC File [/home/miahafiz/NeuroRing_a_4096_10c/_x.hw.NUM_4096.CORE_10.FREQ_300/link/vivado/vpl/prj/prj.gen/my_rm/bd/ulp/ip/ulp_hmss_0_0/bd_0/ip/ip_9/bd_85ad_interconnect3_8_0/bd_85ad_interconnect3_8_0_in_context.xdc] for cell 'inst/path_8/interconnect3_8'
Parsing XDC File [/home/miahafiz/NeuroRing_a_4096_10c/_x.hw.NUM_4096.CORE_10.FREQ_300/link/vivado/vpl/prj/prj.gen/my_rm/bd/ulp/ip/ulp_hmss_0_0/bd_0/ip/ip_10/bd_85ad_slice3_8_0/bd_85ad_slice3_8_0_in_context.xdc] for cell 'inst/path_8/slice3_8'
Finished Parsing XDC File [/home/miahafiz/NeuroRing_a_4096_10c/_x.hw.NUM_4096.CORE_10.FREQ_300/link/vivado/vpl/prj/prj.gen/my_rm/bd/ulp/ip/ulp_hmss_0_0/bd_0/ip/ip_10/bd_85ad_slice3_8_0/bd_85ad_slice3_8_0_in_context.xdc] for cell 'inst/path_8/slice3_8'
Parsing XDC File [/home/miahafiz/NeuroRing_a_4096_10c/_x.hw.NUM_4096.CORE_10.FREQ_300/link/vivado/vpl/prj/prj.gen/my_rm/bd/ulp/ip/ulp_hmss_0_0/bd_0/ip/ip_12/bd_85ad_interconnect4_9_0/bd_85ad_interconnect4_9_0_in_context.xdc] for cell 'inst/path_9/interconnect4_9'
Finished Parsing XDC File [/home/miahafiz/NeuroRing_a_4096_10c/_x.hw.NUM_4096.CORE_10.FREQ_300/link/vivado/vpl/prj/prj.gen/my_rm/bd/ulp/ip/ulp_hmss_0_0/bd_0/ip/ip_12/bd_85ad_interconnect4_9_0/bd_85ad_interconnect4_9_0_in_context.xdc] for cell 'inst/path_9/interconnect4_9'
Parsing XDC File [/home/miahafiz/NeuroRing_a_4096_10c/_x.hw.NUM_4096.CORE_10.FREQ_300/link/vivado/vpl/prj/prj.gen/my_rm/bd/ulp/ip/ulp_hmss_0_0/bd_0/ip/ip_13/bd_85ad_slice4_9_0/bd_85ad_slice3_8_0_in_context.xdc] for cell 'inst/path_9/slice4_9'
Finished Parsing XDC File [/home/miahafiz/NeuroRing_a_4096_10c/_x.hw.NUM_4096.CORE_10.FREQ_300/link/vivado/vpl/prj/prj.gen/my_rm/bd/ulp/ip/ulp_hmss_0_0/bd_0/ip/ip_13/bd_85ad_slice4_9_0/bd_85ad_slice3_8_0_in_context.xdc] for cell 'inst/path_9/slice4_9'
Parsing XDC File [/home/miahafiz/NeuroRing_a_4096_10c/_x.hw.NUM_4096.CORE_10.FREQ_300/link/vivado/vpl/prj/prj.gen/my_rm/bd/ulp/ip/ulp_hmss_0_0/bd_0/ip/ip_15/bd_85ad_interconnect5_12_0/bd_85ad_interconnect5_12_0_in_context.xdc] for cell 'inst/path_12/interconnect5_12'
Finished Parsing XDC File [/home/miahafiz/NeuroRing_a_4096_10c/_x.hw.NUM_4096.CORE_10.FREQ_300/link/vivado/vpl/prj/prj.gen/my_rm/bd/ulp/ip/ulp_hmss_0_0/bd_0/ip/ip_15/bd_85ad_interconnect5_12_0/bd_85ad_interconnect5_12_0_in_context.xdc] for cell 'inst/path_12/interconnect5_12'
Parsing XDC File [/home/miahafiz/NeuroRing_a_4096_10c/_x.hw.NUM_4096.CORE_10.FREQ_300/link/vivado/vpl/prj/prj.gen/my_rm/bd/ulp/ip/ulp_hmss_0_0/bd_0/ip/ip_16/bd_85ad_slice5_12_0/bd_85ad_slice3_8_0_in_context.xdc] for cell 'inst/path_12/slice5_12'
Finished Parsing XDC File [/home/miahafiz/NeuroRing_a_4096_10c/_x.hw.NUM_4096.CORE_10.FREQ_300/link/vivado/vpl/prj/prj.gen/my_rm/bd/ulp/ip/ulp_hmss_0_0/bd_0/ip/ip_16/bd_85ad_slice5_12_0/bd_85ad_slice3_8_0_in_context.xdc] for cell 'inst/path_12/slice5_12'
Parsing XDC File [/home/miahafiz/NeuroRing_a_4096_10c/_x.hw.NUM_4096.CORE_10.FREQ_300/link/vivado/vpl/prj/prj.gen/my_rm/bd/ulp/ip/ulp_hmss_0_0/bd_0/ip/ip_18/bd_85ad_interconnect6_13_0/bd_85ad_interconnect6_13_0_in_context.xdc] for cell 'inst/path_13/interconnect6_13'
Finished Parsing XDC File [/home/miahafiz/NeuroRing_a_4096_10c/_x.hw.NUM_4096.CORE_10.FREQ_300/link/vivado/vpl/prj/prj.gen/my_rm/bd/ulp/ip/ulp_hmss_0_0/bd_0/ip/ip_18/bd_85ad_interconnect6_13_0/bd_85ad_interconnect6_13_0_in_context.xdc] for cell 'inst/path_13/interconnect6_13'
Parsing XDC File [/home/miahafiz/NeuroRing_a_4096_10c/_x.hw.NUM_4096.CORE_10.FREQ_300/link/vivado/vpl/prj/prj.gen/my_rm/bd/ulp/ip/ulp_hmss_0_0/bd_0/ip/ip_19/bd_85ad_slice6_13_0/bd_85ad_slice3_8_0_in_context.xdc] for cell 'inst/path_13/slice6_13'
Finished Parsing XDC File [/home/miahafiz/NeuroRing_a_4096_10c/_x.hw.NUM_4096.CORE_10.FREQ_300/link/vivado/vpl/prj/prj.gen/my_rm/bd/ulp/ip/ulp_hmss_0_0/bd_0/ip/ip_19/bd_85ad_slice6_13_0/bd_85ad_slice3_8_0_in_context.xdc] for cell 'inst/path_13/slice6_13'
Parsing XDC File [/home/miahafiz/NeuroRing_a_4096_10c/_x.hw.NUM_4096.CORE_10.FREQ_300/link/vivado/vpl/prj/prj.gen/my_rm/bd/ulp/ip/ulp_hmss_0_0/bd_0/ip/ip_21/bd_85ad_interconnect0_14_0/bd_85ad_interconnect0_14_0_in_context.xdc] for cell 'inst/path_14/interconnect0_14'
Finished Parsing XDC File [/home/miahafiz/NeuroRing_a_4096_10c/_x.hw.NUM_4096.CORE_10.FREQ_300/link/vivado/vpl/prj/prj.gen/my_rm/bd/ulp/ip/ulp_hmss_0_0/bd_0/ip/ip_21/bd_85ad_interconnect0_14_0/bd_85ad_interconnect0_14_0_in_context.xdc] for cell 'inst/path_14/interconnect0_14'
Parsing XDC File [/home/miahafiz/NeuroRing_a_4096_10c/_x.hw.NUM_4096.CORE_10.FREQ_300/link/vivado/vpl/prj/prj.gen/my_rm/bd/ulp/ip/ulp_hmss_0_0/bd_0/ip/ip_22/bd_85ad_slice0_14_0/bd_85ad_slice0_14_0_in_context.xdc] for cell 'inst/path_14/slice0_14'
Finished Parsing XDC File [/home/miahafiz/NeuroRing_a_4096_10c/_x.hw.NUM_4096.CORE_10.FREQ_300/link/vivado/vpl/prj/prj.gen/my_rm/bd/ulp/ip/ulp_hmss_0_0/bd_0/ip/ip_22/bd_85ad_slice0_14_0/bd_85ad_slice0_14_0_in_context.xdc] for cell 'inst/path_14/slice0_14'
Parsing XDC File [/home/miahafiz/NeuroRing_a_4096_10c/_x.hw.NUM_4096.CORE_10.FREQ_300/link/vivado/vpl/prj/prj.gen/my_rm/bd/ulp/ip/ulp_hmss_0_0/bd_0/ip/ip_24/bd_85ad_interconnect7_16_0/bd_85ad_interconnect7_16_0_in_context.xdc] for cell 'inst/path_16/interconnect7_16'
Finished Parsing XDC File [/home/miahafiz/NeuroRing_a_4096_10c/_x.hw.NUM_4096.CORE_10.FREQ_300/link/vivado/vpl/prj/prj.gen/my_rm/bd/ulp/ip/ulp_hmss_0_0/bd_0/ip/ip_24/bd_85ad_interconnect7_16_0/bd_85ad_interconnect7_16_0_in_context.xdc] for cell 'inst/path_16/interconnect7_16'
Parsing XDC File [/home/miahafiz/NeuroRing_a_4096_10c/_x.hw.NUM_4096.CORE_10.FREQ_300/link/vivado/vpl/prj/prj.gen/my_rm/bd/ulp/ip/ulp_hmss_0_0/bd_0/ip/ip_25/bd_85ad_slice7_16_0/bd_85ad_slice3_8_0_in_context.xdc] for cell 'inst/path_16/slice7_16'
Finished Parsing XDC File [/home/miahafiz/NeuroRing_a_4096_10c/_x.hw.NUM_4096.CORE_10.FREQ_300/link/vivado/vpl/prj/prj.gen/my_rm/bd/ulp/ip/ulp_hmss_0_0/bd_0/ip/ip_25/bd_85ad_slice7_16_0/bd_85ad_slice3_8_0_in_context.xdc] for cell 'inst/path_16/slice7_16'
Parsing XDC File [/home/miahafiz/NeuroRing_a_4096_10c/_x.hw.NUM_4096.CORE_10.FREQ_300/link/vivado/vpl/prj/prj.gen/my_rm/bd/ulp/ip/ulp_hmss_0_0/bd_0/ip/ip_27/bd_85ad_interconnect8_17_0/bd_85ad_interconnect8_17_0_in_context.xdc] for cell 'inst/path_17/interconnect8_17'
Finished Parsing XDC File [/home/miahafiz/NeuroRing_a_4096_10c/_x.hw.NUM_4096.CORE_10.FREQ_300/link/vivado/vpl/prj/prj.gen/my_rm/bd/ulp/ip/ulp_hmss_0_0/bd_0/ip/ip_27/bd_85ad_interconnect8_17_0/bd_85ad_interconnect8_17_0_in_context.xdc] for cell 'inst/path_17/interconnect8_17'
Parsing XDC File [/home/miahafiz/NeuroRing_a_4096_10c/_x.hw.NUM_4096.CORE_10.FREQ_300/link/vivado/vpl/prj/prj.gen/my_rm/bd/ulp/ip/ulp_hmss_0_0/bd_0/ip/ip_28/bd_85ad_slice8_17_0/bd_85ad_slice3_8_0_in_context.xdc] for cell 'inst/path_17/slice8_17'
Finished Parsing XDC File [/home/miahafiz/NeuroRing_a_4096_10c/_x.hw.NUM_4096.CORE_10.FREQ_300/link/vivado/vpl/prj/prj.gen/my_rm/bd/ulp/ip/ulp_hmss_0_0/bd_0/ip/ip_28/bd_85ad_slice8_17_0/bd_85ad_slice3_8_0_in_context.xdc] for cell 'inst/path_17/slice8_17'
Parsing XDC File [/home/miahafiz/NeuroRing_a_4096_10c/_x.hw.NUM_4096.CORE_10.FREQ_300/link/vivado/vpl/prj/prj.gen/my_rm/bd/ulp/ip/ulp_hmss_0_0/bd_0/ip/ip_30/bd_85ad_interconnect9_20_0/bd_85ad_interconnect9_20_0_in_context.xdc] for cell 'inst/path_20/interconnect9_20'
Finished Parsing XDC File [/home/miahafiz/NeuroRing_a_4096_10c/_x.hw.NUM_4096.CORE_10.FREQ_300/link/vivado/vpl/prj/prj.gen/my_rm/bd/ulp/ip/ulp_hmss_0_0/bd_0/ip/ip_30/bd_85ad_interconnect9_20_0/bd_85ad_interconnect9_20_0_in_context.xdc] for cell 'inst/path_20/interconnect9_20'
Parsing XDC File [/home/miahafiz/NeuroRing_a_4096_10c/_x.hw.NUM_4096.CORE_10.FREQ_300/link/vivado/vpl/prj/prj.gen/my_rm/bd/ulp/ip/ulp_hmss_0_0/bd_0/ip/ip_31/bd_85ad_slice9_20_0/bd_85ad_slice3_8_0_in_context.xdc] for cell 'inst/path_20/slice9_20'
Finished Parsing XDC File [/home/miahafiz/NeuroRing_a_4096_10c/_x.hw.NUM_4096.CORE_10.FREQ_300/link/vivado/vpl/prj/prj.gen/my_rm/bd/ulp/ip/ulp_hmss_0_0/bd_0/ip/ip_31/bd_85ad_slice9_20_0/bd_85ad_slice3_8_0_in_context.xdc] for cell 'inst/path_20/slice9_20'
Parsing XDC File [/home/miahafiz/NeuroRing_a_4096_10c/_x.hw.NUM_4096.CORE_10.FREQ_300/link/vivado/vpl/prj/prj.gen/my_rm/bd/ulp/ip/ulp_hmss_0_0/bd_0/ip/ip_33/bd_85ad_interconnect10_21_0/bd_85ad_interconnect10_21_0_in_context.xdc] for cell 'inst/path_21/interconnect10_21'
Finished Parsing XDC File [/home/miahafiz/NeuroRing_a_4096_10c/_x.hw.NUM_4096.CORE_10.FREQ_300/link/vivado/vpl/prj/prj.gen/my_rm/bd/ulp/ip/ulp_hmss_0_0/bd_0/ip/ip_33/bd_85ad_interconnect10_21_0/bd_85ad_interconnect10_21_0_in_context.xdc] for cell 'inst/path_21/interconnect10_21'
Parsing XDC File [/home/miahafiz/NeuroRing_a_4096_10c/_x.hw.NUM_4096.CORE_10.FREQ_300/link/vivado/vpl/prj/prj.gen/my_rm/bd/ulp/ip/ulp_hmss_0_0/bd_0/ip/ip_34/bd_85ad_slice10_21_0/bd_85ad_slice3_8_0_in_context.xdc] for cell 'inst/path_21/slice10_21'
Finished Parsing XDC File [/home/miahafiz/NeuroRing_a_4096_10c/_x.hw.NUM_4096.CORE_10.FREQ_300/link/vivado/vpl/prj/prj.gen/my_rm/bd/ulp/ip/ulp_hmss_0_0/bd_0/ip/ip_34/bd_85ad_slice10_21_0/bd_85ad_slice3_8_0_in_context.xdc] for cell 'inst/path_21/slice10_21'
Parsing XDC File [/home/miahafiz/NeuroRing_a_4096_10c/_x.hw.NUM_4096.CORE_10.FREQ_300/link/vivado/vpl/prj/prj.gen/my_rm/bd/ulp/ip/ulp_hmss_0_0/bd_0/ip/ip_38/bd_85ad_init_reduce_0/bd_85ad_init_reduce_0_in_context.xdc] for cell 'inst/init_logic/init_reduce'
Finished Parsing XDC File [/home/miahafiz/NeuroRing_a_4096_10c/_x.hw.NUM_4096.CORE_10.FREQ_300/link/vivado/vpl/prj/prj.gen/my_rm/bd/ulp/ip/ulp_hmss_0_0/bd_0/ip/ip_38/bd_85ad_init_reduce_0/bd_85ad_init_reduce_0_in_context.xdc] for cell 'inst/init_logic/init_reduce'
Parsing XDC File [/home/miahafiz/NeuroRing_a_4096_10c/_x.hw.NUM_4096.CORE_10.FREQ_300/link/vivado/vpl/prj/prj.runs/ulp_hmss_0_0_synth_1/dont_touch.xdc]
Finished Parsing XDC File [/home/miahafiz/NeuroRing_a_4096_10c/_x.hw.NUM_4096.CORE_10.FREQ_300/link/vivado/vpl/prj/prj.runs/ulp_hmss_0_0_synth_1/dont_touch.xdc]
Completed Processing XDC Constraints

Netlist sorting complete. Time (s): cpu = 00:00:00 ; elapsed = 00:00:00 . Memory (MB): peak = 3493.465 ; gain = 0.000 ; free physical = 99296 ; free virtual = 174958
INFO: [Project 1-111] Unisim Transformation Summary:
No Unisim elements were transformed.

Constraint Validation Runtime : Time (s): cpu = 00:00:00.36 ; elapsed = 00:00:00.38 . Memory (MB): peak = 3493.500 ; gain = 0.000 ; free physical = 99204 ; free virtual = 174866
INFO: [Designutils 20-5008] Incremental synthesis strategy off
---------------------------------------------------------------------------------
Finished Constraint Validation : Time (s): cpu = 00:00:20 ; elapsed = 00:00:23 . Memory (MB): peak = 3493.500 ; gain = 443.328 ; free physical = 99006 ; free virtual = 174668
---------------------------------------------------------------------------------
---------------------------------------------------------------------------------
Start Loading Part and Timing Information
---------------------------------------------------------------------------------
Loading part: xcu55c-fsvh2892-2L-e
INFO: [Synth 8-6742] Reading net delay rules and data
---------------------------------------------------------------------------------
Finished Loading Part and Timing Information : Time (s): cpu = 00:00:20 ; elapsed = 00:00:23 . Memory (MB): peak = 3501.469 ; gain = 451.297 ; free physical = 99006 ; free virtual = 174668
---------------------------------------------------------------------------------
---------------------------------------------------------------------------------
Start Applying 'set_property' XDC Constraints
---------------------------------------------------------------------------------
---------------------------------------------------------------------------------
Finished applying 'set_property' XDC Constraints : Time (s): cpu = 00:00:20 ; elapsed = 00:00:23 . Memory (MB): peak = 3501.469 ; gain = 451.297 ; free physical = 99005 ; free virtual = 174668
---------------------------------------------------------------------------------
---------------------------------------------------------------------------------
Finished RTL Optimization Phase 2 : Time (s): cpu = 00:00:21 ; elapsed = 00:00:24 . Memory (MB): peak = 3501.469 ; gain = 451.297 ; free physical = 99009 ; free virtual = 174673
---------------------------------------------------------------------------------
---------------------------------------------------------------------------------
Start RTL Component Statistics 
---------------------------------------------------------------------------------
Detailed RTL Component Info : 
---------------------------------------------------------------------------------
Finished RTL Component Statistics 
---------------------------------------------------------------------------------
---------------------------------------------------------------------------------
Start Part Resource Summary
---------------------------------------------------------------------------------
Part Resources:
DSPs: 9024 (col length:94)
BRAMs: 4032 (col length: RAMB18 288 RAMB36 144)
---------------------------------------------------------------------------------
Finished Part Resource Summary
---------------------------------------------------------------------------------
---------------------------------------------------------------------------------
Start Cross Boundary and Area Optimization
---------------------------------------------------------------------------------
WARNING: [Synth 8-7080] Parallel synthesis criteria is not met
---------------------------------------------------------------------------------
Finished Cross Boundary and Area Optimization : Time (s): cpu = 00:00:23 ; elapsed = 00:00:26 . Memory (MB): peak = 3501.469 ; gain = 451.297 ; free physical = 98943 ; free virtual = 174607
---------------------------------------------------------------------------------
---------------------------------------------------------------------------------
Start Applying XDC Timing Constraints
---------------------------------------------------------------------------------
---------------------------------------------------------------------------------
Finished Applying XDC Timing Constraints : Time (s): cpu = 00:00:31 ; elapsed = 00:00:34 . Memory (MB): peak = 3997.168 ; gain = 946.996 ; free physical = 98125 ; free virtual = 173790
---------------------------------------------------------------------------------
---------------------------------------------------------------------------------
Start Timing Optimization
---------------------------------------------------------------------------------
---------------------------------------------------------------------------------
Finished Timing Optimization : Time (s): cpu = 00:00:31 ; elapsed = 00:00:34 . Memory (MB): peak = 4010.168 ; gain = 959.996 ; free physical = 98098 ; free virtual = 173764
---------------------------------------------------------------------------------
---------------------------------------------------------------------------------
Start Technology Mapping
---------------------------------------------------------------------------------
---------------------------------------------------------------------------------
Finished Technology Mapping : Time (s): cpu = 00:00:31 ; elapsed = 00:00:35 . Memory (MB): peak = 4032.668 ; gain = 982.496 ; free physical = 98040 ; free virtual = 173705
---------------------------------------------------------------------------------
---------------------------------------------------------------------------------
Start IO Insertion
---------------------------------------------------------------------------------
---------------------------------------------------------------------------------
Start Flattening Before IO Insertion
---------------------------------------------------------------------------------
---------------------------------------------------------------------------------
Finished Flattening Before IO Insertion
---------------------------------------------------------------------------------
---------------------------------------------------------------------------------
Start Final Netlist Cleanup
---------------------------------------------------------------------------------
---------------------------------------------------------------------------------
Finished Final Netlist Cleanup
---------------------------------------------------------------------------------
---------------------------------------------------------------------------------
Finished IO Insertion : Time (s): cpu = 00:00:36 ; elapsed = 00:00:40 . Memory (MB): peak = 4187.480 ; gain = 1137.309 ; free physical = 100581 ; free virtual = 176248
---------------------------------------------------------------------------------
---------------------------------------------------------------------------------
Start Renaming Generated Instances
---------------------------------------------------------------------------------
---------------------------------------------------------------------------------
Finished Renaming Generated Instances : Time (s): cpu = 00:00:36 ; elapsed = 00:00:40 . Memory (MB): peak = 4187.480 ; gain = 1137.309 ; free physical = 100580 ; free virtual = 176247
---------------------------------------------------------------------------------
---------------------------------------------------------------------------------
Start Rebuilding User Hierarchy
---------------------------------------------------------------------------------
---------------------------------------------------------------------------------
Finished Rebuilding User Hierarchy : Time (s): cpu = 00:00:36 ; elapsed = 00:00:40 . Memory (MB): peak = 4187.480 ; gain = 1137.309 ; free physical = 100564 ; free virtual = 176231
---------------------------------------------------------------------------------
---------------------------------------------------------------------------------
Start Renaming Generated Ports
---------------------------------------------------------------------------------
---------------------------------------------------------------------------------
Finished Renaming Generated Ports : Time (s): cpu = 00:00:36 ; elapsed = 00:00:40 . Memory (MB): peak = 4187.480 ; gain = 1137.309 ; free physical = 100564 ; free virtual = 176230
---------------------------------------------------------------------------------
---------------------------------------------------------------------------------
Start Handling Custom Attributes
---------------------------------------------------------------------------------
---------------------------------------------------------------------------------
Finished Handling Custom Attributes : Time (s): cpu = 00:00:36 ; elapsed = 00:00:40 . Memory (MB): peak = 4187.480 ; gain = 1137.309 ; free physical = 100560 ; free virtual = 176226
---------------------------------------------------------------------------------
---------------------------------------------------------------------------------
Start Renaming Generated Nets
---------------------------------------------------------------------------------
---------------------------------------------------------------------------------
Finished Renaming Generated Nets : Time (s): cpu = 00:00:36 ; elapsed = 00:00:40 . Memory (MB): peak = 4187.480 ; gain = 1137.309 ; free physical = 100558 ; free virtual = 176224
---------------------------------------------------------------------------------
---------------------------------------------------------------------------------
Start Writing Synthesis Report
---------------------------------------------------------------------------------

Report BlackBoxes: 
+------+------------------------------+----------+
|      |BlackBox name                 |Instances |
+------+------------------------------+----------+
|1     |bd_85ad_axi_apb_bridge_inst_0 |         1|
|2     |bd_85ad_hbm_inst_0            |         1|
|3     |bd_85ad_hbm_reset_sync_SLR0_0 |         1|
|4     |bd_85ad_hbm_reset_sync_SLR2_0 |         1|
|5     |bd_85ad_util_vector_logic_0   |         1|
|6     |bd_85ad_vip_S00_0             |         1|
|7     |bd_85ad_vip_S01_0             |         1|
|8     |bd_85ad_vip_S02_0             |         1|
|9     |bd_85ad_vip_S03_0             |         1|
|10    |bd_85ad_vip_S04_0             |         1|
|11    |bd_85ad_vip_S05_0             |         1|
|12    |bd_85ad_vip_S06_0             |         1|
|13    |bd_85ad_vip_S07_0             |         1|
|14    |bd_85ad_vip_S08_0             |         1|
|15    |bd_85ad_vip_S09_0             |         1|
|16    |bd_85ad_vip_S10_0             |         1|
|17    |bd_85ad_init_reduce_0         |         1|
|18    |bd_85ad_interconnect1_0_0     |         1|
|19    |bd_85ad_slice1_0_0            |         1|
|20    |bd_85ad_interconnect5_12_0    |         1|
|21    |bd_85ad_slice5_12_0           |         1|
|22    |bd_85ad_interconnect6_13_0    |         1|
|23    |bd_85ad_slice6_13_0           |         1|
|24    |bd_85ad_interconnect0_14_0    |         1|
|25    |bd_85ad_slice0_14_0           |         1|
|26    |bd_85ad_interconnect7_16_0    |         1|
|27    |bd_85ad_slice7_16_0           |         1|
|28    |bd_85ad_interconnect8_17_0    |         1|
|29    |bd_85ad_slice8_17_0           |         1|
|30    |bd_85ad_interconnect9_20_0    |         1|
|31    |bd_85ad_slice9_20_0           |         1|
|32    |bd_85ad_interconnect10_21_0   |         1|
|33    |bd_85ad_slice10_21_0          |         1|
|34    |bd_85ad_interconnect2_4_0     |         1|
|35    |bd_85ad_slice2_4_0            |         1|
|36    |bd_85ad_interconnect3_8_0     |         1|
|37    |bd_85ad_slice3_8_0            |         1|
|38    |bd_85ad_interconnect4_9_0     |         1|
|39    |bd_85ad_slice4_9_0            |         1|
+------+------------------------------+----------+

Report Cell Usage: 
+------+----------------------------+------+
|      |Cell                        |Count |
+------+----------------------------+------+
|1     |bd_85ad_axi_apb_bridge_inst |     1|
|2     |bd_85ad_hbm_inst            |     1|
|3     |bd_85ad_hbm_reset_sync_SLR0 |     1|
|4     |bd_85ad_hbm_reset_sync_SLR2 |     1|
|5     |bd_85ad_init_reduce         |     1|
|6     |bd_85ad_interconnect0_14    |     1|
|7     |bd_85ad_interconnect10_21   |     1|
|8     |bd_85ad_interconnect1_0     |     1|
|9     |bd_85ad_interconnect2_4     |     1|
|10    |bd_85ad_interconnect3_8     |     1|
|11    |bd_85ad_interconnect4_9     |     1|
|12    |bd_85ad_interconnect5_12    |     1|
|13    |bd_85ad_interconnect6_13    |     1|
|14    |bd_85ad_interconnect7_16    |     1|
|15    |bd_85ad_interconnect8_17    |     1|
|16    |bd_85ad_interconnect9_20    |     1|
|17    |bd_85ad_slice0_14           |     1|
|18    |bd_85ad_slice10_21          |     1|
|19    |bd_85ad_slice1_0            |     1|
|20    |bd_85ad_slice2_4            |     1|
|21    |bd_85ad_slice3_8            |     1|
|22    |bd_85ad_slice4_9            |     1|
|23    |bd_85ad_slice5_12           |     1|
|24    |bd_85ad_slice6_13           |     1|
|25    |bd_85ad_slice7_16           |     1|
|26    |bd_85ad_slice8_17           |     1|
|27    |bd_85ad_slice9_20           |     1|
|28    |bd_85ad_util_vector_logic   |     1|
|29    |bd_85ad_vip_S00             |     1|
|30    |bd_85ad_vip_S01             |     1|
|31    |bd_85ad_vip_S02             |     1|
|32    |bd_85ad_vip_S03             |     1|
|33    |bd_85ad_vip_S04             |     1|
|34    |bd_85ad_vip_S05             |     1|
|35    |bd_85ad_vip_S06             |     1|
|36    |bd_85ad_vip_S07             |     1|
|37    |bd_85ad_vip_S08             |     1|
|38    |bd_85ad_vip_S09             |     1|
|39    |bd_85ad_vip_S10             |     1|
+------+----------------------------+------+
---------------------------------------------------------------------------------
Finished Writing Synthesis Report : Time (s): cpu = 00:00:36 ; elapsed = 00:00:40 . Memory (MB): peak = 4187.480 ; gain = 1137.309 ; free physical = 100558 ; free virtual = 176224
---------------------------------------------------------------------------------
Synthesis finished with 0 errors, 0 critical warnings and 1 warnings.
Synthesis Optimization Runtime : Time (s): cpu = 00:00:31 ; elapsed = 00:00:34 . Memory (MB): peak = 4187.480 ; gain = 1115.547 ; free physical = 100543 ; free virtual = 176210
Synthesis Optimization Complete : Time (s): cpu = 00:00:36 ; elapsed = 00:00:40 . Memory (MB): peak = 4187.480 ; gain = 1137.309 ; free physical = 100542 ; free virtual = 176209
INFO: [Project 1-571] Translating synthesized netlist
Netlist sorting complete. Time (s): cpu = 00:00:00.17 ; elapsed = 00:00:00.17 . Memory (MB): peak = 4187.480 ; gain = 0.000 ; free physical = 100536 ; free virtual = 176202
INFO: [Project 1-570] Preparing netlist for logic optimization
INFO: [Opt 31-138] Pushed 0 inverter(s) to 0 load pin(s).
Netlist sorting complete. Time (s): cpu = 00:00:00.01 ; elapsed = 00:00:00 . Memory (MB): peak = 4187.480 ; gain = 0.000 ; free physical = 100550 ; free virtual = 176216
INFO: [Project 1-111] Unisim Transformation Summary:
No Unisim elements were transformed.

Synth Design complete | Checksum: 4e1218bd
INFO: [Common 17-83] Releasing license: Synthesis
134 Infos, 230 Warnings, 0 Critical Warnings and 0 Errors encountered.
synth_design completed successfully
synth_design: Time (s): cpu = 00:00:58 ; elapsed = 00:01:02 . Memory (MB): peak = 4187.480 ; gain = 2511.742 ; free physical = 100501 ; free virtual = 176169
INFO: [Common 17-2834] synth_design peak Physical Memory [PSS] (MB): overall = 3146.312; main = 3146.312; forked = 190.236
INFO: [Common 17-2834] synth_design peak Virtual Memory [VSS] (MB): overall = 4733.887; main = 4159.785; forked = 955.207
INFO: [Common 17-1381] The checkpoint '/home/miahafiz/NeuroRing_a_4096_10c/_x.hw.NUM_4096.CORE_10.FREQ_300/link/vivado/vpl/prj/prj.runs/ulp_hmss_0_0_synth_1/ulp_hmss_0_0.dcp' has been generated.
INFO: [Coretcl 2-1648] Added synthesis output to IP cache for IP ulp_hmss_0_0, cache-ID = 5d971b5457f6e5a2
INFO: [Coretcl 2-1174] Renamed 53 cell refs.
INFO: [Common 17-1381] The checkpoint '/home/miahafiz/NeuroRing_a_4096_10c/_x.hw.NUM_4096.CORE_10.FREQ_300/link/vivado/vpl/prj/prj.runs/ulp_hmss_0_0_synth_1/ulp_hmss_0_0.dcp' has been generated.
INFO: [Vivado 12-24828] Executing command : report_utilization -file ulp_hmss_0_0_utilization_synth.rpt -pb ulp_hmss_0_0_utilization_synth.pb
INFO: [Common 17-206] Exiting Vivado at Fri Feb 27 06:10:09 2026...
