
*** Running vivado
    with args -log ulp_NeuroRing_8_0.vds -m64 -product Vivado -mode batch -messageDb vivado.pb -notrace -source ulp_NeuroRing_8_0.tcl


****** Vivado v2025.1 (64-bit)
  **** SW Build 6140274 on Wed May 21 22:58:25 MDT 2025
  **** IP Build 6138677 on Thu May 22 03:10:11 MDT 2025
  **** SharedData Build 6139179 on Tue May 20 17:58:58 MDT 2025
  **** Start of session at: Fri Feb 27 05:48:25 2026
    ** Copyright 1986-2022 Xilinx, Inc. All Rights Reserved.
    ** Copyright 2022-2025 Advanced Micro Devices, Inc. All Rights Reserved.

source ulp_NeuroRing_8_0.tcl -notrace
INFO: Dispatch client connection id - 42901
create_project: Time (s): cpu = 00:00:11 ; elapsed = 00:00:12 . Memory (MB): peak = 1536.016 ; gain = 0.023 ; free physical = 43786 ; free virtual = 129479
INFO: [IP_Flow 19-234] Refreshing IP repositories
INFO: [IP_Flow 19-1700] Loaded user IP repository '/home/miahafiz/NeuroRing_a_4096_10c/_x.hw.NUM_4096.CORE_10.FREQ_300/link/int/xo/ip_repo/xilinx_com_hls_SynapseRouter_1_0'.
INFO: [IP_Flow 19-1700] Loaded user IP repository '/home/miahafiz/NeuroRing_a_4096_10c/_x.hw.NUM_4096.CORE_10.FREQ_300/link/int/xo/ip_repo/xilinx_com_hls_NeuroRing_1_0'.
INFO: [IP_Flow 19-1700] Loaded user IP repository '/home/miahafiz/NeuroRing_a_4096_10c/_x.hw.NUM_4096.CORE_10.FREQ_300/link/vivado/vpl/.local/hw_platform/iprepo'.
INFO: [IP_Flow 19-1700] Loaded user IP repository '/opt/xilinx/2025.1/Vitis/data/cache/xilinx'.
INFO: [IP_Flow 19-1700] Loaded user IP repository '/home/miahafiz/NeuroRing_a_4096_10c/_x.hw.NUM_4096.CORE_10.FREQ_300/link/vivado/vpl/.local/hw_platform/ipcache'.
INFO: [IP_Flow 19-1700] Loaded user IP repository '/opt/xilinx/2025.1/Vitis/data/vitis/ip'.
INFO: [IP_Flow 19-2313] Loaded Vivado IP repository '/opt/xilinx/2025.1/Vivado/data/ip'.
WARNING: [IP_Flow 19-1663] Duplicate IP found for 'xilinx.com:ip:axi_clk_metadata_adapter:1.0'. The one found in IP location '/home/miahafiz/NeuroRing_a_4096_10c/_x.hw.NUM_4096.CORE_10.FREQ_300/link/vivado/vpl/.local/hw_platform/iprepo/ipdefs/other_ipdefs/axi_clk_metadata_adapter_v1_0' will take precedence over the same IP in location /home/miahafiz/NeuroRing_a_4096_10c/_x.hw.NUM_4096.CORE_10.FREQ_300/link/vivado/vpl/.local/hw_platform/iprepo/ipdefs/pxi_ii_infra/axi_clk_metadata_adapter_v1_0
WARNING: [IP_Flow 19-1663] Duplicate IP found for 'xilinx.com:ip:axis_clk_metadata_adapter:1.0'. The one found in IP location '/home/miahafiz/NeuroRing_a_4096_10c/_x.hw.NUM_4096.CORE_10.FREQ_300/link/vivado/vpl/.local/hw_platform/iprepo/ipdefs/other_ipdefs/axis_clk_metadata_adapter_v1_0' will take precedence over the same IP in location /home/miahafiz/NeuroRing_a_4096_10c/_x.hw.NUM_4096.CORE_10.FREQ_300/link/vivado/vpl/.local/hw_platform/iprepo/ipdefs/pxi_ii_infra/axis_clk_metadata_adapter_v1_0
WARNING: [IP_Flow 19-1663] Duplicate IP found for 'xilinx.com:ip:clk_metadata_adapter:1.0'. The one found in IP location '/home/miahafiz/NeuroRing_a_4096_10c/_x.hw.NUM_4096.CORE_10.FREQ_300/link/vivado/vpl/.local/hw_platform/iprepo/ipdefs/other_ipdefs/clk_metadata_adapter_v1_0' will take precedence over the same IP in location /home/miahafiz/NeuroRing_a_4096_10c/_x.hw.NUM_4096.CORE_10.FREQ_300/link/vivado/vpl/.local/hw_platform/iprepo/ipdefs/pxi_ii_infra/clk_metadata_adapter_v1_0
WARNING: [IP_Flow 19-1663] Duplicate IP found for 'xilinx.com:ip:pipeline_reg:1.0'. The one found in IP location '/home/miahafiz/NeuroRing_a_4096_10c/_x.hw.NUM_4096.CORE_10.FREQ_300/link/vivado/vpl/.local/hw_platform/iprepo/ipdefs/other_ipdefs/pipeline_reg_v1_0' will take precedence over the same IP in location /home/miahafiz/NeuroRing_a_4096_10c/_x.hw.NUM_4096.CORE_10.FREQ_300/link/vivado/vpl/.local/hw_platform/iprepo/ipdefs/pxi_ii_infra/pipeline_reg_v1_0
Command: synth_design -top ulp_NeuroRing_8_0 -part xcu55c-fsvh2892-2L-e -directive sdx_optimization_effort_high -incremental_mode off -mode out_of_context
Starting synth_design
Attempting to get a license for feature 'Synthesis' and/or device 'xcu55c'
INFO: [Common 17-349] Got license for feature 'Synthesis' and/or device 'xcu55c'
INFO: [Device 21-403] Loading part xcu55c-fsvh2892-2L-e
INFO: [Synth 8-7079] Multithreading enabled for synth_design using a maximum of 1 processes.
INFO: [Synth 8-7078] Launching helper process for spawning children vivado processes
INFO: [Synth 8-7075] Helper process launched with PID 904584
---------------------------------------------------------------------------------
Starting RTL Elaboration : Time (s): cpu = 00:00:07 ; elapsed = 00:00:07 . Memory (MB): peak = 3239.008 ; gain = 288.777 ; free physical = 5946 ; free virtual = 91706
---------------------------------------------------------------------------------
INFO: [Synth 8-6157] synthesizing module 'ulp_NeuroRing_8_0' [/home/miahafiz/NeuroRing_a_4096_10c/_x.hw.NUM_4096.CORE_10.FREQ_300/link/vivado/vpl/prj/prj.gen/my_rm/bd/ulp/ip/ulp_NeuroRing_8_0/synth/ulp_NeuroRing_8_0.v:53]
INFO: [Synth 8-6157] synthesizing module 'NeuroRing' [/home/miahafiz/NeuroRing_a_4096_10c/_x.hw.NUM_4096.CORE_10.FREQ_300/link/vivado/vpl/prj/prj.gen/my_rm/bd/ulp/ipshared/b1dc/hdl/verilog/NeuroRing.v:9]
INFO: [Synth 8-6157] synthesizing module 'NeuroRing_U_membPot_RAM_2P_BRAM_1R1W' [/home/miahafiz/NeuroRing_a_4096_10c/_x.hw.NUM_4096.CORE_10.FREQ_300/link/vivado/vpl/prj/prj.gen/my_rm/bd/ulp/ipshared/b1dc/hdl/verilog/NeuroRing_U_membPot_RAM_2P_BRAM_1R1W.v:7]
INFO: [Synth 8-6155] done synthesizing module 'NeuroRing_U_membPot_RAM_2P_BRAM_1R1W' (0#1) [/home/miahafiz/NeuroRing_a_4096_10c/_x.hw.NUM_4096.CORE_10.FREQ_300/link/vivado/vpl/prj/prj.gen/my_rm/bd/ulp/ipshared/b1dc/hdl/verilog/NeuroRing_U_membPot_RAM_2P_BRAM_1R1W.v:7]
INFO: [Synth 8-6157] synthesizing module 'NeuroRing_R_RefCnt_RAM_2P_BRAM_1R1W' [/home/miahafiz/NeuroRing_a_4096_10c/_x.hw.NUM_4096.CORE_10.FREQ_300/link/vivado/vpl/prj/prj.gen/my_rm/bd/ulp/ipshared/b1dc/hdl/verilog/NeuroRing_R_RefCnt_RAM_2P_BRAM_1R1W.v:7]
INFO: [Synth 8-6155] done synthesizing module 'NeuroRing_R_RefCnt_RAM_2P_BRAM_1R1W' (0#1) [/home/miahafiz/NeuroRing_a_4096_10c/_x.hw.NUM_4096.CORE_10.FREQ_300/link/vivado/vpl/prj/prj.gen/my_rm/bd/ulp/ipshared/b1dc/hdl/verilog/NeuroRing_R_RefCnt_RAM_2P_BRAM_1R1W.v:7]
INFO: [Synth 8-6157] synthesizing module 'NeuroRing_SynapseSize_RAM_2P_BRAM_1R1W' [/home/miahafiz/NeuroRing_a_4096_10c/_x.hw.NUM_4096.CORE_10.FREQ_300/link/vivado/vpl/prj/prj.gen/my_rm/bd/ulp/ipshared/b1dc/hdl/verilog/NeuroRing_SynapseSize_RAM_2P_BRAM_1R1W.v:7]
INFO: [Synth 8-6155] done synthesizing module 'NeuroRing_SynapseSize_RAM_2P_BRAM_1R1W' (0#1) [/home/miahafiz/NeuroRing_a_4096_10c/_x.hw.NUM_4096.CORE_10.FREQ_300/link/vivado/vpl/prj/prj.gen/my_rm/bd/ulp/ipshared/b1dc/hdl/verilog/NeuroRing_SynapseSize_RAM_2P_BRAM_1R1W.v:7]
INFO: [Synth 8-6157] synthesizing module 'NeuroRing_NeuroRing_Pipeline_VITIS_LOOP_94_1' [/home/miahafiz/NeuroRing_a_4096_10c/_x.hw.NUM_4096.CORE_10.FREQ_300/link/vivado/vpl/prj/prj.gen/my_rm/bd/ulp/ipshared/b1dc/hdl/verilog/NeuroRing_NeuroRing_Pipeline_VITIS_LOOP_94_1.v:9]
INFO: [Synth 8-6157] synthesizing module 'NeuroRing_mac_muladd_14ns_12ns_24ns_27_4_1' [/home/miahafiz/NeuroRing_a_4096_10c/_x.hw.NUM_4096.CORE_10.FREQ_300/link/vivado/vpl/prj/prj.gen/my_rm/bd/ulp/ipshared/b1dc/hdl/verilog/NeuroRing_mac_muladd_14ns_12ns_24ns_27_4_1.v:45]
INFO: [Synth 8-6157] synthesizing module 'NeuroRing_mac_muladd_14ns_12ns_24ns_27_4_1_DSP48_0' [/home/miahafiz/NeuroRing_a_4096_10c/_x.hw.NUM_4096.CORE_10.FREQ_300/link/vivado/vpl/prj/prj.gen/my_rm/bd/ulp/ipshared/b1dc/hdl/verilog/NeuroRing_mac_muladd_14ns_12ns_24ns_27_4_1.v:7]
INFO: [Synth 8-6155] done synthesizing module 'NeuroRing_mac_muladd_14ns_12ns_24ns_27_4_1_DSP48_0' (0#1) [/home/miahafiz/NeuroRing_a_4096_10c/_x.hw.NUM_4096.CORE_10.FREQ_300/link/vivado/vpl/prj/prj.gen/my_rm/bd/ulp/ipshared/b1dc/hdl/verilog/NeuroRing_mac_muladd_14ns_12ns_24ns_27_4_1.v:7]
INFO: [Synth 8-6155] done synthesizing module 'NeuroRing_mac_muladd_14ns_12ns_24ns_27_4_1' (0#1) [/home/miahafiz/NeuroRing_a_4096_10c/_x.hw.NUM_4096.CORE_10.FREQ_300/link/vivado/vpl/prj/prj.gen/my_rm/bd/ulp/ipshared/b1dc/hdl/verilog/NeuroRing_mac_muladd_14ns_12ns_24ns_27_4_1.v:45]
INFO: [Synth 8-6157] synthesizing module 'NeuroRing_flow_control_loop_pipe_sequential_init' [/home/miahafiz/NeuroRing_a_4096_10c/_x.hw.NUM_4096.CORE_10.FREQ_300/link/vivado/vpl/prj/prj.gen/my_rm/bd/ulp/ipshared/b1dc/hdl/verilog/NeuroRing_flow_control_loop_pipe_sequential_init.v:11]
INFO: [Synth 8-6155] done synthesizing module 'NeuroRing_flow_control_loop_pipe_sequential_init' (0#1) [/home/miahafiz/NeuroRing_a_4096_10c/_x.hw.NUM_4096.CORE_10.FREQ_300/link/vivado/vpl/prj/prj.gen/my_rm/bd/ulp/ipshared/b1dc/hdl/verilog/NeuroRing_flow_control_loop_pipe_sequential_init.v:11]
INFO: [Synth 8-6155] done synthesizing module 'NeuroRing_NeuroRing_Pipeline_VITIS_LOOP_94_1' (0#1) [/home/miahafiz/NeuroRing_a_4096_10c/_x.hw.NUM_4096.CORE_10.FREQ_300/link/vivado/vpl/prj/prj.gen/my_rm/bd/ulp/ipshared/b1dc/hdl/verilog/NeuroRing_NeuroRing_Pipeline_VITIS_LOOP_94_1.v:9]
INFO: [Synth 8-6157] synthesizing module 'NeuroRing_NeuroRing_Pipeline_VITIS_LOOP_224_6' [/home/miahafiz/NeuroRing_a_4096_10c/_x.hw.NUM_4096.CORE_10.FREQ_300/link/vivado/vpl/prj/prj.gen/my_rm/bd/ulp/ipshared/b1dc/hdl/verilog/NeuroRing_NeuroRing_Pipeline_VITIS_LOOP_224_6.v:9]
INFO: [Synth 8-6155] done synthesizing module 'NeuroRing_NeuroRing_Pipeline_VITIS_LOOP_224_6' (0#1) [/home/miahafiz/NeuroRing_a_4096_10c/_x.hw.NUM_4096.CORE_10.FREQ_300/link/vivado/vpl/prj/prj.gen/my_rm/bd/ulp/ipshared/b1dc/hdl/verilog/NeuroRing_NeuroRing_Pipeline_VITIS_LOOP_224_6.v:9]
INFO: [Synth 8-6157] synthesizing module 'NeuroRing_NeuroRing_Pipeline_update_membrane_potential' [/home/miahafiz/NeuroRing_a_4096_10c/_x.hw.NUM_4096.CORE_10.FREQ_300/link/vivado/vpl/prj/prj.gen/my_rm/bd/ulp/ipshared/b1dc/hdl/verilog/NeuroRing_NeuroRing_Pipeline_update_membrane_potential.v:9]
INFO: [Synth 8-6157] synthesizing module 'NeuroRing_fadd_32ns_32ns_32_7_full_dsp_1' [/home/miahafiz/NeuroRing_a_4096_10c/_x.hw.NUM_4096.CORE_10.FREQ_300/link/vivado/vpl/prj/prj.gen/my_rm/bd/ulp/ipshared/b1dc/hdl/verilog/NeuroRing_fadd_32ns_32ns_32_7_full_dsp_1.v:9]
INFO: [Synth 8-638] synthesizing module 'NeuroRing_fadd_32ns_32ns_32_7_full_dsp_1_ip' [/home/miahafiz/NeuroRing_a_4096_10c/_x.hw.NUM_4096.CORE_10.FREQ_300/link/vivado/vpl/prj/prj.gen/my_rm/bd/ulp/ip/ulp_NeuroRing_8_0/hdl/ip/NeuroRing_fadd_32ns_32ns_32_7_full_dsp_1_ip/synth/NeuroRing_fadd_32ns_32ns_32_7_full_dsp_1_ip.vhd:72]
	Parameter C_XDEVICEFAMILY bound to: virtexuplusHBM - type: string 
	Parameter C_PART bound to: xcu55c-fsvh2892-2L-e - type: string 
	Parameter C_HAS_ADD bound to: 1 - type: integer 
	Parameter C_HAS_SUBTRACT bound to: 0 - type: integer 
	Parameter C_HAS_MULTIPLY bound to: 0 - type: integer 
	Parameter C_HAS_DIVIDE bound to: 0 - type: integer 
	Parameter C_HAS_SQRT bound to: 0 - type: integer 
	Parameter C_HAS_COMPARE bound to: 0 - type: integer 
	Parameter C_HAS_FIX_TO_FLT bound to: 0 - type: integer 
	Parameter C_HAS_FLT_TO_FIX bound to: 0 - type: integer 
	Parameter C_HAS_FLT_TO_FLT bound to: 0 - type: integer 
	Parameter C_HAS_RECIP bound to: 0 - type: integer 
	Parameter C_HAS_RECIP_SQRT bound to: 0 - type: integer 
	Parameter C_HAS_ABSOLUTE bound to: 0 - type: integer 
	Parameter C_HAS_LOGARITHM bound to: 0 - type: integer 
	Parameter C_HAS_EXPONENTIAL bound to: 0 - type: integer 
	Parameter C_HAS_FMA bound to: 0 - type: integer 
	Parameter C_HAS_FMS bound to: 0 - type: integer 
	Parameter C_HAS_UNFUSED_MULTIPLY_ADD bound to: 0 - type: integer 
	Parameter C_HAS_UNFUSED_MULTIPLY_SUB bound to: 0 - type: integer 
	Parameter C_HAS_UNFUSED_MULTIPLY_ACCUMULATOR_A bound to: 0 - type: integer 
	Parameter C_HAS_UNFUSED_MULTIPLY_ACCUMULATOR_S bound to: 0 - type: integer 
	Parameter C_HAS_ACCUMULATOR_A bound to: 0 - type: integer 
	Parameter C_HAS_ACCUMULATOR_S bound to: 0 - type: integer 
	Parameter C_HAS_ACCUMULATOR_PRIMITIVE_A bound to: 0 - type: integer 
	Parameter C_HAS_ACCUMULATOR_PRIMITIVE_S bound to: 0 - type: integer 
	Parameter C_A_WIDTH bound to: 32 - type: integer 
	Parameter C_A_FRACTION_WIDTH bound to: 24 - type: integer 
	Parameter C_B_WIDTH bound to: 32 - type: integer 
	Parameter C_B_FRACTION_WIDTH bound to: 24 - type: integer 
	Parameter C_C_WIDTH bound to: 32 - type: integer 
	Parameter C_C_FRACTION_WIDTH bound to: 24 - type: integer 
	Parameter C_RESULT_WIDTH bound to: 32 - type: integer 
	Parameter C_RESULT_FRACTION_WIDTH bound to: 24 - type: integer 
	Parameter C_COMPARE_OPERATION bound to: 8 - type: integer 
	Parameter C_LATENCY bound to: 5 - type: integer 
	Parameter C_OPTIMIZATION bound to: 1 - type: integer 
	Parameter C_MULT_USAGE bound to: 2 - type: integer 
	Parameter C_BRAM_USAGE bound to: 0 - type: integer 
	Parameter C_RATE bound to: 1 - type: integer 
	Parameter C_ACCUM_INPUT_MSB bound to: 32 - type: integer 
	Parameter C_ACCUM_MSB bound to: 32 - type: integer 
	Parameter C_ACCUM_LSB bound to: -31 - type: integer 
	Parameter C_HAS_UNDERFLOW bound to: 0 - type: integer 
	Parameter C_HAS_OVERFLOW bound to: 0 - type: integer 
	Parameter C_HAS_INVALID_OP bound to: 0 - type: integer 
	Parameter C_HAS_DIVIDE_BY_ZERO bound to: 0 - type: integer 
	Parameter C_HAS_ACCUM_OVERFLOW bound to: 0 - type: integer 
	Parameter C_HAS_ACCUM_INPUT_OVERFLOW bound to: 0 - type: integer 
	Parameter C_HAS_ACLKEN bound to: 1 - type: integer 
	Parameter C_HAS_ARESETN bound to: 0 - type: integer 
	Parameter C_THROTTLE_SCHEME bound to: 3 - type: integer 
	Parameter C_HAS_A_TUSER bound to: 0 - type: integer 
	Parameter C_HAS_A_TLAST bound to: 0 - type: integer 
	Parameter C_HAS_B bound to: 1 - type: integer 
	Parameter C_HAS_B_TUSER bound to: 0 - type: integer 
	Parameter C_HAS_B_TLAST bound to: 0 - type: integer 
	Parameter C_HAS_C bound to: 0 - type: integer 
	Parameter C_HAS_C_TUSER bound to: 0 - type: integer 
	Parameter C_HAS_C_TLAST bound to: 0 - type: integer 
	Parameter C_HAS_OPERATION bound to: 0 - type: integer 
	Parameter C_HAS_OPERATION_TUSER bound to: 0 - type: integer 
	Parameter C_HAS_OPERATION_TLAST bound to: 0 - type: integer 
	Parameter C_HAS_RESULT_TUSER bound to: 0 - type: integer 
	Parameter C_HAS_RESULT_TLAST bound to: 0 - type: integer 
	Parameter C_TLAST_RESOLUTION bound to: 0 - type: integer 
	Parameter C_A_TDATA_WIDTH bound to: 32 - type: integer 
	Parameter C_A_TUSER_WIDTH bound to: 1 - type: integer 
	Parameter C_B_TDATA_WIDTH bound to: 32 - type: integer 
	Parameter C_B_TUSER_WIDTH bound to: 1 - type: integer 
	Parameter C_C_TDATA_WIDTH bound to: 32 - type: integer 
	Parameter C_C_TUSER_WIDTH bound to: 1 - type: integer 
	Parameter C_OPERATION_TDATA_WIDTH bound to: 8 - type: integer 
	Parameter C_OPERATION_TUSER_WIDTH bound to: 1 - type: integer 
	Parameter C_RESULT_TDATA_WIDTH bound to: 32 - type: integer 
	Parameter C_RESULT_TUSER_WIDTH bound to: 1 - type: integer 
	Parameter C_FIXED_DATA_UNSIGNED bound to: 0 - type: integer 
INFO: [Synth 8-3491] module 'floating_point_v7_1_20' declared at '/home/miahafiz/NeuroRing_a_4096_10c/_x.hw.NUM_4096.CORE_10.FREQ_300/link/vivado/vpl/prj/prj.gen/my_rm/bd/ulp/ip/ulp_NeuroRing_8_0/hdl/ip/NeuroRing_fmul_32ns_32ns_32_4_max_dsp_1_ip/hdl/floating_point_v7_1_vh_rfs.vhd:93266' bound to instance 'U0' of component 'floating_point_v7_1_20' [/home/miahafiz/NeuroRing_a_4096_10c/_x.hw.NUM_4096.CORE_10.FREQ_300/link/vivado/vpl/prj/prj.gen/my_rm/bd/ulp/ip/ulp_NeuroRing_8_0/hdl/ip/NeuroRing_fadd_32ns_32ns_32_7_full_dsp_1_ip/synth/NeuroRing_fadd_32ns_32ns_32_7_full_dsp_1_ip.vhd:217]
INFO: [Synth 8-256] done synthesizing module 'NeuroRing_fadd_32ns_32ns_32_7_full_dsp_1_ip' (0#1) [/home/miahafiz/NeuroRing_a_4096_10c/_x.hw.NUM_4096.CORE_10.FREQ_300/link/vivado/vpl/prj/prj.gen/my_rm/bd/ulp/ip/ulp_NeuroRing_8_0/hdl/ip/NeuroRing_fadd_32ns_32ns_32_7_full_dsp_1_ip/synth/NeuroRing_fadd_32ns_32ns_32_7_full_dsp_1_ip.vhd:72]
INFO: [Synth 8-6155] done synthesizing module 'NeuroRing_fadd_32ns_32ns_32_7_full_dsp_1' (0#1) [/home/miahafiz/NeuroRing_a_4096_10c/_x.hw.NUM_4096.CORE_10.FREQ_300/link/vivado/vpl/prj/prj.gen/my_rm/bd/ulp/ipshared/b1dc/hdl/verilog/NeuroRing_fadd_32ns_32ns_32_7_full_dsp_1.v:9]
INFO: [Synth 8-6157] synthesizing module 'NeuroRing_fmul_32ns_32ns_32_4_max_dsp_1' [/home/miahafiz/NeuroRing_a_4096_10c/_x.hw.NUM_4096.CORE_10.FREQ_300/link/vivado/vpl/prj/prj.gen/my_rm/bd/ulp/ipshared/b1dc/hdl/verilog/NeuroRing_fmul_32ns_32ns_32_4_max_dsp_1.v:9]
INFO: [Synth 8-638] synthesizing module 'NeuroRing_fmul_32ns_32ns_32_4_max_dsp_1_ip' [/home/miahafiz/NeuroRing_a_4096_10c/_x.hw.NUM_4096.CORE_10.FREQ_300/link/vivado/vpl/prj/prj.gen/my_rm/bd/ulp/ip/ulp_NeuroRing_8_0/hdl/ip/NeuroRing_fmul_32ns_32ns_32_4_max_dsp_1_ip/synth/NeuroRing_fmul_32ns_32ns_32_4_max_dsp_1_ip.vhd:72]
	Parameter C_XDEVICEFAMILY bound to: virtexuplusHBM - type: string 
	Parameter C_PART bound to: xcu55c-fsvh2892-2L-e - type: string 
	Parameter C_HAS_ADD bound to: 0 - type: integer 
	Parameter C_HAS_SUBTRACT bound to: 0 - type: integer 
	Parameter C_HAS_MULTIPLY bound to: 1 - type: integer 
	Parameter C_HAS_DIVIDE bound to: 0 - type: integer 
	Parameter C_HAS_SQRT bound to: 0 - type: integer 
	Parameter C_HAS_COMPARE bound to: 0 - type: integer 
	Parameter C_HAS_FIX_TO_FLT bound to: 0 - type: integer 
	Parameter C_HAS_FLT_TO_FIX bound to: 0 - type: integer 
	Parameter C_HAS_FLT_TO_FLT bound to: 0 - type: integer 
	Parameter C_HAS_RECIP bound to: 0 - type: integer 
	Parameter C_HAS_RECIP_SQRT bound to: 0 - type: integer 
	Parameter C_HAS_ABSOLUTE bound to: 0 - type: integer 
	Parameter C_HAS_LOGARITHM bound to: 0 - type: integer 
	Parameter C_HAS_EXPONENTIAL bound to: 0 - type: integer 
	Parameter C_HAS_FMA bound to: 0 - type: integer 
	Parameter C_HAS_FMS bound to: 0 - type: integer 
	Parameter C_HAS_UNFUSED_MULTIPLY_ADD bound to: 0 - type: integer 
	Parameter C_HAS_UNFUSED_MULTIPLY_SUB bound to: 0 - type: integer 
	Parameter C_HAS_UNFUSED_MULTIPLY_ACCUMULATOR_A bound to: 0 - type: integer 
	Parameter C_HAS_UNFUSED_MULTIPLY_ACCUMULATOR_S bound to: 0 - type: integer 
	Parameter C_HAS_ACCUMULATOR_A bound to: 0 - type: integer 
	Parameter C_HAS_ACCUMULATOR_S bound to: 0 - type: integer 
	Parameter C_HAS_ACCUMULATOR_PRIMITIVE_A bound to: 0 - type: integer 
	Parameter C_HAS_ACCUMULATOR_PRIMITIVE_S bound to: 0 - type: integer 
	Parameter C_A_WIDTH bound to: 32 - type: integer 
	Parameter C_A_FRACTION_WIDTH bound to: 24 - type: integer 
	Parameter C_B_WIDTH bound to: 32 - type: integer 
	Parameter C_B_FRACTION_WIDTH bound to: 24 - type: integer 
	Parameter C_C_WIDTH bound to: 32 - type: integer 
	Parameter C_C_FRACTION_WIDTH bound to: 24 - type: integer 
	Parameter C_RESULT_WIDTH bound to: 32 - type: integer 
	Parameter C_RESULT_FRACTION_WIDTH bound to: 24 - type: integer 
	Parameter C_COMPARE_OPERATION bound to: 8 - type: integer 
	Parameter C_LATENCY bound to: 2 - type: integer 
	Parameter C_OPTIMIZATION bound to: 1 - type: integer 
	Parameter C_MULT_USAGE bound to: 3 - type: integer 
	Parameter C_BRAM_USAGE bound to: 0 - type: integer 
	Parameter C_RATE bound to: 1 - type: integer 
	Parameter C_ACCUM_INPUT_MSB bound to: 32 - type: integer 
	Parameter C_ACCUM_MSB bound to: 32 - type: integer 
	Parameter C_ACCUM_LSB bound to: -31 - type: integer 
	Parameter C_HAS_UNDERFLOW bound to: 0 - type: integer 
	Parameter C_HAS_OVERFLOW bound to: 0 - type: integer 
	Parameter C_HAS_INVALID_OP bound to: 0 - type: integer 
	Parameter C_HAS_DIVIDE_BY_ZERO bound to: 0 - type: integer 
	Parameter C_HAS_ACCUM_OVERFLOW bound to: 0 - type: integer 
	Parameter C_HAS_ACCUM_INPUT_OVERFLOW bound to: 0 - type: integer 
	Parameter C_HAS_ACLKEN bound to: 1 - type: integer 
	Parameter C_HAS_ARESETN bound to: 0 - type: integer 
	Parameter C_THROTTLE_SCHEME bound to: 3 - type: integer 
	Parameter C_HAS_A_TUSER bound to: 0 - type: integer 
	Parameter C_HAS_A_TLAST bound to: 0 - type: integer 
	Parameter C_HAS_B bound to: 1 - type: integer 
	Parameter C_HAS_B_TUSER bound to: 0 - type: integer 
	Parameter C_HAS_B_TLAST bound to: 0 - type: integer 
	Parameter C_HAS_C bound to: 0 - type: integer 
	Parameter C_HAS_C_TUSER bound to: 0 - type: integer 
	Parameter C_HAS_C_TLAST bound to: 0 - type: integer 
	Parameter C_HAS_OPERATION bound to: 0 - type: integer 
	Parameter C_HAS_OPERATION_TUSER bound to: 0 - type: integer 
	Parameter C_HAS_OPERATION_TLAST bound to: 0 - type: integer 
	Parameter C_HAS_RESULT_TUSER bound to: 0 - type: integer 
	Parameter C_HAS_RESULT_TLAST bound to: 0 - type: integer 
	Parameter C_TLAST_RESOLUTION bound to: 0 - type: integer 
	Parameter C_A_TDATA_WIDTH bound to: 32 - type: integer 
	Parameter C_A_TUSER_WIDTH bound to: 1 - type: integer 
	Parameter C_B_TDATA_WIDTH bound to: 32 - type: integer 
	Parameter C_B_TUSER_WIDTH bound to: 1 - type: integer 
	Parameter C_C_TDATA_WIDTH bound to: 32 - type: integer 
	Parameter C_C_TUSER_WIDTH bound to: 1 - type: integer 
	Parameter C_OPERATION_TDATA_WIDTH bound to: 8 - type: integer 
	Parameter C_OPERATION_TUSER_WIDTH bound to: 1 - type: integer 
	Parameter C_RESULT_TDATA_WIDTH bound to: 32 - type: integer 
	Parameter C_RESULT_TUSER_WIDTH bound to: 1 - type: integer 
	Parameter C_FIXED_DATA_UNSIGNED bound to: 0 - type: integer 
INFO: [Synth 8-3491] module 'floating_point_v7_1_20' declared at '/home/miahafiz/NeuroRing_a_4096_10c/_x.hw.NUM_4096.CORE_10.FREQ_300/link/vivado/vpl/prj/prj.gen/my_rm/bd/ulp/ip/ulp_NeuroRing_8_0/hdl/ip/NeuroRing_fmul_32ns_32ns_32_4_max_dsp_1_ip/hdl/floating_point_v7_1_vh_rfs.vhd:93266' bound to instance 'U0' of component 'floating_point_v7_1_20' [/home/miahafiz/NeuroRing_a_4096_10c/_x.hw.NUM_4096.CORE_10.FREQ_300/link/vivado/vpl/prj/prj.gen/my_rm/bd/ulp/ip/ulp_NeuroRing_8_0/hdl/ip/NeuroRing_fmul_32ns_32ns_32_4_max_dsp_1_ip/synth/NeuroRing_fmul_32ns_32ns_32_4_max_dsp_1_ip.vhd:217]
INFO: [Synth 8-256] done synthesizing module 'NeuroRing_fmul_32ns_32ns_32_4_max_dsp_1_ip' (0#1) [/home/miahafiz/NeuroRing_a_4096_10c/_x.hw.NUM_4096.CORE_10.FREQ_300/link/vivado/vpl/prj/prj.gen/my_rm/bd/ulp/ip/ulp_NeuroRing_8_0/hdl/ip/NeuroRing_fmul_32ns_32ns_32_4_max_dsp_1_ip/synth/NeuroRing_fmul_32ns_32ns_32_4_max_dsp_1_ip.vhd:72]
INFO: [Synth 8-6155] done synthesizing module 'NeuroRing_fmul_32ns_32ns_32_4_max_dsp_1' (0#1) [/home/miahafiz/NeuroRing_a_4096_10c/_x.hw.NUM_4096.CORE_10.FREQ_300/link/vivado/vpl/prj/prj.gen/my_rm/bd/ulp/ipshared/b1dc/hdl/verilog/NeuroRing_fmul_32ns_32ns_32_4_max_dsp_1.v:9]
INFO: [Synth 8-6157] synthesizing module 'NeuroRing_fcmp_32ns_32ns_1_2_no_dsp_1' [/home/miahafiz/NeuroRing_a_4096_10c/_x.hw.NUM_4096.CORE_10.FREQ_300/link/vivado/vpl/prj/prj.gen/my_rm/bd/ulp/ipshared/b1dc/hdl/verilog/NeuroRing_fcmp_32ns_32ns_1_2_no_dsp_1.v:9]
INFO: [Synth 8-638] synthesizing module 'NeuroRing_fcmp_32ns_32ns_1_2_no_dsp_1_ip' [/home/miahafiz/NeuroRing_a_4096_10c/_x.hw.NUM_4096.CORE_10.FREQ_300/link/vivado/vpl/prj/prj.gen/my_rm/bd/ulp/ip/ulp_NeuroRing_8_0/hdl/ip/NeuroRing_fcmp_32ns_32ns_1_2_no_dsp_1_ip/synth/NeuroRing_fcmp_32ns_32ns_1_2_no_dsp_1_ip.vhd:72]
	Parameter C_XDEVICEFAMILY bound to: virtexuplusHBM - type: string 
	Parameter C_PART bound to: xcu55c-fsvh2892-2L-e - type: string 
	Parameter C_HAS_ADD bound to: 0 - type: integer 
	Parameter C_HAS_SUBTRACT bound to: 0 - type: integer 
	Parameter C_HAS_MULTIPLY bound to: 0 - type: integer 
	Parameter C_HAS_DIVIDE bound to: 0 - type: integer 
	Parameter C_HAS_SQRT bound to: 0 - type: integer 
	Parameter C_HAS_COMPARE bound to: 1 - type: integer 
	Parameter C_HAS_FIX_TO_FLT bound to: 0 - type: integer 
	Parameter C_HAS_FLT_TO_FIX bound to: 0 - type: integer 
	Parameter C_HAS_FLT_TO_FLT bound to: 0 - type: integer 
	Parameter C_HAS_RECIP bound to: 0 - type: integer 
	Parameter C_HAS_RECIP_SQRT bound to: 0 - type: integer 
	Parameter C_HAS_ABSOLUTE bound to: 0 - type: integer 
	Parameter C_HAS_LOGARITHM bound to: 0 - type: integer 
	Parameter C_HAS_EXPONENTIAL bound to: 0 - type: integer 
	Parameter C_HAS_FMA bound to: 0 - type: integer 
	Parameter C_HAS_FMS bound to: 0 - type: integer 
	Parameter C_HAS_UNFUSED_MULTIPLY_ADD bound to: 0 - type: integer 
	Parameter C_HAS_UNFUSED_MULTIPLY_SUB bound to: 0 - type: integer 
	Parameter C_HAS_UNFUSED_MULTIPLY_ACCUMULATOR_A bound to: 0 - type: integer 
	Parameter C_HAS_UNFUSED_MULTIPLY_ACCUMULATOR_S bound to: 0 - type: integer 
	Parameter C_HAS_ACCUMULATOR_A bound to: 0 - type: integer 
	Parameter C_HAS_ACCUMULATOR_S bound to: 0 - type: integer 
	Parameter C_HAS_ACCUMULATOR_PRIMITIVE_A bound to: 0 - type: integer 
	Parameter C_HAS_ACCUMULATOR_PRIMITIVE_S bound to: 0 - type: integer 
	Parameter C_A_WIDTH bound to: 32 - type: integer 
	Parameter C_A_FRACTION_WIDTH bound to: 24 - type: integer 
	Parameter C_B_WIDTH bound to: 32 - type: integer 
	Parameter C_B_FRACTION_WIDTH bound to: 24 - type: integer 
	Parameter C_C_WIDTH bound to: 32 - type: integer 
	Parameter C_C_FRACTION_WIDTH bound to: 24 - type: integer 
	Parameter C_RESULT_WIDTH bound to: 1 - type: integer 
	Parameter C_RESULT_FRACTION_WIDTH bound to: 0 - type: integer 
	Parameter C_COMPARE_OPERATION bound to: 8 - type: integer 
	Parameter C_LATENCY bound to: 0 - type: integer 
	Parameter C_OPTIMIZATION bound to: 1 - type: integer 
	Parameter C_MULT_USAGE bound to: 0 - type: integer 
	Parameter C_BRAM_USAGE bound to: 0 - type: integer 
	Parameter C_RATE bound to: 1 - type: integer 
	Parameter C_ACCUM_INPUT_MSB bound to: 32 - type: integer 
	Parameter C_ACCUM_MSB bound to: 32 - type: integer 
	Parameter C_ACCUM_LSB bound to: -31 - type: integer 
	Parameter C_HAS_UNDERFLOW bound to: 0 - type: integer 
	Parameter C_HAS_OVERFLOW bound to: 0 - type: integer 
	Parameter C_HAS_INVALID_OP bound to: 0 - type: integer 
	Parameter C_HAS_DIVIDE_BY_ZERO bound to: 0 - type: integer 
	Parameter C_HAS_ACCUM_OVERFLOW bound to: 0 - type: integer 
	Parameter C_HAS_ACCUM_INPUT_OVERFLOW bound to: 0 - type: integer 
	Parameter C_HAS_ACLKEN bound to: 0 - type: integer 
	Parameter C_HAS_ARESETN bound to: 0 - type: integer 
	Parameter C_THROTTLE_SCHEME bound to: 3 - type: integer 
	Parameter C_HAS_A_TUSER bound to: 0 - type: integer 
	Parameter C_HAS_A_TLAST bound to: 0 - type: integer 
	Parameter C_HAS_B bound to: 1 - type: integer 
	Parameter C_HAS_B_TUSER bound to: 0 - type: integer 
	Parameter C_HAS_B_TLAST bound to: 0 - type: integer 
	Parameter C_HAS_C bound to: 0 - type: integer 
	Parameter C_HAS_C_TUSER bound to: 0 - type: integer 
	Parameter C_HAS_C_TLAST bound to: 0 - type: integer 
	Parameter C_HAS_OPERATION bound to: 1 - type: integer 
	Parameter C_HAS_OPERATION_TUSER bound to: 0 - type: integer 
	Parameter C_HAS_OPERATION_TLAST bound to: 0 - type: integer 
	Parameter C_HAS_RESULT_TUSER bound to: 0 - type: integer 
	Parameter C_HAS_RESULT_TLAST bound to: 0 - type: integer 
	Parameter C_TLAST_RESOLUTION bound to: 0 - type: integer 
	Parameter C_A_TDATA_WIDTH bound to: 32 - type: integer 
	Parameter C_A_TUSER_WIDTH bound to: 1 - type: integer 
	Parameter C_B_TDATA_WIDTH bound to: 32 - type: integer 
	Parameter C_B_TUSER_WIDTH bound to: 1 - type: integer 
	Parameter C_C_TDATA_WIDTH bound to: 32 - type: integer 
	Parameter C_C_TUSER_WIDTH bound to: 1 - type: integer 
	Parameter C_OPERATION_TDATA_WIDTH bound to: 8 - type: integer 
	Parameter C_OPERATION_TUSER_WIDTH bound to: 1 - type: integer 
	Parameter C_RESULT_TDATA_WIDTH bound to: 8 - type: integer 
	Parameter C_RESULT_TUSER_WIDTH bound to: 1 - type: integer 
	Parameter C_FIXED_DATA_UNSIGNED bound to: 0 - type: integer 
INFO: [Synth 8-3491] module 'floating_point_v7_1_20' declared at '/home/miahafiz/NeuroRing_a_4096_10c/_x.hw.NUM_4096.CORE_10.FREQ_300/link/vivado/vpl/prj/prj.gen/my_rm/bd/ulp/ip/ulp_NeuroRing_8_0/hdl/ip/NeuroRing_fmul_32ns_32ns_32_4_max_dsp_1_ip/hdl/floating_point_v7_1_vh_rfs.vhd:93266' bound to instance 'U0' of component 'floating_point_v7_1_20' [/home/miahafiz/NeuroRing_a_4096_10c/_x.hw.NUM_4096.CORE_10.FREQ_300/link/vivado/vpl/prj/prj.gen/my_rm/bd/ulp/ip/ulp_NeuroRing_8_0/hdl/ip/NeuroRing_fcmp_32ns_32ns_1_2_no_dsp_1_ip/synth/NeuroRing_fcmp_32ns_32ns_1_2_no_dsp_1_ip.vhd:215]
INFO: [Synth 8-256] done synthesizing module 'NeuroRing_fcmp_32ns_32ns_1_2_no_dsp_1_ip' (0#1) [/home/miahafiz/NeuroRing_a_4096_10c/_x.hw.NUM_4096.CORE_10.FREQ_300/link/vivado/vpl/prj/prj.gen/my_rm/bd/ulp/ip/ulp_NeuroRing_8_0/hdl/ip/NeuroRing_fcmp_32ns_32ns_1_2_no_dsp_1_ip/synth/NeuroRing_fcmp_32ns_32ns_1_2_no_dsp_1_ip.vhd:72]
INFO: [Synth 8-6155] done synthesizing module 'NeuroRing_fcmp_32ns_32ns_1_2_no_dsp_1' (0#1) [/home/miahafiz/NeuroRing_a_4096_10c/_x.hw.NUM_4096.CORE_10.FREQ_300/link/vivado/vpl/prj/prj.gen/my_rm/bd/ulp/ipshared/b1dc/hdl/verilog/NeuroRing_fcmp_32ns_32ns_1_2_no_dsp_1.v:9]
INFO: [Synth 8-6157] synthesizing module 'NeuroRing_mul_9ns_11ns_19_1_1' [/home/miahafiz/NeuroRing_a_4096_10c/_x.hw.NUM_4096.CORE_10.FREQ_300/link/vivado/vpl/prj/prj.gen/my_rm/bd/ulp/ipshared/b1dc/hdl/verilog/NeuroRing_mul_9ns_11ns_19_1_1.v:5]
INFO: [Synth 8-6155] done synthesizing module 'NeuroRing_mul_9ns_11ns_19_1_1' (0#1) [/home/miahafiz/NeuroRing_a_4096_10c/_x.hw.NUM_4096.CORE_10.FREQ_300/link/vivado/vpl/prj/prj.gen/my_rm/bd/ulp/ipshared/b1dc/hdl/verilog/NeuroRing_mul_9ns_11ns_19_1_1.v:5]
INFO: [Synth 8-6157] synthesizing module 'NeuroRing_mul_10ns_12ns_21_1_1' [/home/miahafiz/NeuroRing_a_4096_10c/_x.hw.NUM_4096.CORE_10.FREQ_300/link/vivado/vpl/prj/prj.gen/my_rm/bd/ulp/ipshared/b1dc/hdl/verilog/NeuroRing_mul_10ns_12ns_21_1_1.v:5]
INFO: [Synth 8-6155] done synthesizing module 'NeuroRing_mul_10ns_12ns_21_1_1' (0#1) [/home/miahafiz/NeuroRing_a_4096_10c/_x.hw.NUM_4096.CORE_10.FREQ_300/link/vivado/vpl/prj/prj.gen/my_rm/bd/ulp/ipshared/b1dc/hdl/verilog/NeuroRing_mul_10ns_12ns_21_1_1.v:5]
INFO: [Synth 8-6157] synthesizing module 'NeuroRing_mul_11ns_13ns_23_1_1' [/home/miahafiz/NeuroRing_a_4096_10c/_x.hw.NUM_4096.CORE_10.FREQ_300/link/vivado/vpl/prj/prj.gen/my_rm/bd/ulp/ipshared/b1dc/hdl/verilog/NeuroRing_mul_11ns_13ns_23_1_1.v:5]
INFO: [Synth 8-6155] done synthesizing module 'NeuroRing_mul_11ns_13ns_23_1_1' (0#1) [/home/miahafiz/NeuroRing_a_4096_10c/_x.hw.NUM_4096.CORE_10.FREQ_300/link/vivado/vpl/prj/prj.gen/my_rm/bd/ulp/ipshared/b1dc/hdl/verilog/NeuroRing_mul_11ns_13ns_23_1_1.v:5]
INFO: [Synth 8-6157] synthesizing module 'NeuroRing_mul_12ns_14ns_25_1_1' [/home/miahafiz/NeuroRing_a_4096_10c/_x.hw.NUM_4096.CORE_10.FREQ_300/link/vivado/vpl/prj/prj.gen/my_rm/bd/ulp/ipshared/b1dc/hdl/verilog/NeuroRing_mul_12ns_14ns_25_1_1.v:5]
INFO: [Synth 8-6155] done synthesizing module 'NeuroRing_mul_12ns_14ns_25_1_1' (0#1) [/home/miahafiz/NeuroRing_a_4096_10c/_x.hw.NUM_4096.CORE_10.FREQ_300/link/vivado/vpl/prj/prj.gen/my_rm/bd/ulp/ipshared/b1dc/hdl/verilog/NeuroRing_mul_12ns_14ns_25_1_1.v:5]
INFO: [Synth 8-6157] synthesizing module 'NeuroRing_sparsemux_19_4_32_1_1' [/home/miahafiz/NeuroRing_a_4096_10c/_x.hw.NUM_4096.CORE_10.FREQ_300/link/vivado/vpl/prj/prj.gen/my_rm/bd/ulp/ipshared/b1dc/hdl/verilog/NeuroRing_sparsemux_19_4_32_1_1.v:8]
INFO: [Synth 8-6155] done synthesizing module 'NeuroRing_sparsemux_19_4_32_1_1' (0#1) [/home/miahafiz/NeuroRing_a_4096_10c/_x.hw.NUM_4096.CORE_10.FREQ_300/link/vivado/vpl/prj/prj.gen/my_rm/bd/ulp/ipshared/b1dc/hdl/verilog/NeuroRing_sparsemux_19_4_32_1_1.v:8]
INFO: [Synth 8-6157] synthesizing module 'NeuroRing_sparsemux_19_4_32_1_1__parameterized0' [/home/miahafiz/NeuroRing_a_4096_10c/_x.hw.NUM_4096.CORE_10.FREQ_300/link/vivado/vpl/prj/prj.gen/my_rm/bd/ulp/ipshared/b1dc/hdl/verilog/NeuroRing_sparsemux_19_4_32_1_1.v:8]
INFO: [Synth 8-6155] done synthesizing module 'NeuroRing_sparsemux_19_4_32_1_1__parameterized0' (0#1) [/home/miahafiz/NeuroRing_a_4096_10c/_x.hw.NUM_4096.CORE_10.FREQ_300/link/vivado/vpl/prj/prj.gen/my_rm/bd/ulp/ipshared/b1dc/hdl/verilog/NeuroRing_sparsemux_19_4_32_1_1.v:8]
INFO: [Synth 8-6157] synthesizing module 'NeuroRing_sparsemux_19_4_32_1_1__parameterized1' [/home/miahafiz/NeuroRing_a_4096_10c/_x.hw.NUM_4096.CORE_10.FREQ_300/link/vivado/vpl/prj/prj.gen/my_rm/bd/ulp/ipshared/b1dc/hdl/verilog/NeuroRing_sparsemux_19_4_32_1_1.v:8]
INFO: [Synth 8-6155] done synthesizing module 'NeuroRing_sparsemux_19_4_32_1_1__parameterized1' (0#1) [/home/miahafiz/NeuroRing_a_4096_10c/_x.hw.NUM_4096.CORE_10.FREQ_300/link/vivado/vpl/prj/prj.gen/my_rm/bd/ulp/ipshared/b1dc/hdl/verilog/NeuroRing_sparsemux_19_4_32_1_1.v:8]
INFO: [Synth 8-6157] synthesizing module 'NeuroRing_sparsemux_19_4_32_1_1__parameterized2' [/home/miahafiz/NeuroRing_a_4096_10c/_x.hw.NUM_4096.CORE_10.FREQ_300/link/vivado/vpl/prj/prj.gen/my_rm/bd/ulp/ipshared/b1dc/hdl/verilog/NeuroRing_sparsemux_19_4_32_1_1.v:8]
INFO: [Synth 8-6155] done synthesizing module 'NeuroRing_sparsemux_19_4_32_1_1__parameterized2' (0#1) [/home/miahafiz/NeuroRing_a_4096_10c/_x.hw.NUM_4096.CORE_10.FREQ_300/link/vivado/vpl/prj/prj.gen/my_rm/bd/ulp/ipshared/b1dc/hdl/verilog/NeuroRing_sparsemux_19_4_32_1_1.v:8]
INFO: [Synth 8-6157] synthesizing module 'NeuroRing_sparsemux_19_4_32_1_1__parameterized3' [/home/miahafiz/NeuroRing_a_4096_10c/_x.hw.NUM_4096.CORE_10.FREQ_300/link/vivado/vpl/prj/prj.gen/my_rm/bd/ulp/ipshared/b1dc/hdl/verilog/NeuroRing_sparsemux_19_4_32_1_1.v:8]
INFO: [Synth 8-6155] done synthesizing module 'NeuroRing_sparsemux_19_4_32_1_1__parameterized3' (0#1) [/home/miahafiz/NeuroRing_a_4096_10c/_x.hw.NUM_4096.CORE_10.FREQ_300/link/vivado/vpl/prj/prj.gen/my_rm/bd/ulp/ipshared/b1dc/hdl/verilog/NeuroRing_sparsemux_19_4_32_1_1.v:8]
INFO: [Synth 8-6157] synthesizing module 'NeuroRing_sparsemux_19_4_32_1_1__parameterized4' [/home/miahafiz/NeuroRing_a_4096_10c/_x.hw.NUM_4096.CORE_10.FREQ_300/link/vivado/vpl/prj/prj.gen/my_rm/bd/ulp/ipshared/b1dc/hdl/verilog/NeuroRing_sparsemux_19_4_32_1_1.v:8]
INFO: [Synth 8-6155] done synthesizing module 'NeuroRing_sparsemux_19_4_32_1_1__parameterized4' (0#1) [/home/miahafiz/NeuroRing_a_4096_10c/_x.hw.NUM_4096.CORE_10.FREQ_300/link/vivado/vpl/prj/prj.gen/my_rm/bd/ulp/ipshared/b1dc/hdl/verilog/NeuroRing_sparsemux_19_4_32_1_1.v:8]
INFO: [Synth 8-6157] synthesizing module 'NeuroRing_sparsemux_19_4_32_1_1__parameterized5' [/home/miahafiz/NeuroRing_a_4096_10c/_x.hw.NUM_4096.CORE_10.FREQ_300/link/vivado/vpl/prj/prj.gen/my_rm/bd/ulp/ipshared/b1dc/hdl/verilog/NeuroRing_sparsemux_19_4_32_1_1.v:8]
INFO: [Synth 8-6155] done synthesizing module 'NeuroRing_sparsemux_19_4_32_1_1__parameterized5' (0#1) [/home/miahafiz/NeuroRing_a_4096_10c/_x.hw.NUM_4096.CORE_10.FREQ_300/link/vivado/vpl/prj/prj.gen/my_rm/bd/ulp/ipshared/b1dc/hdl/verilog/NeuroRing_sparsemux_19_4_32_1_1.v:8]
INFO: [Synth 8-6157] synthesizing module 'NeuroRing_sparsemux_19_4_32_1_1__parameterized6' [/home/miahafiz/NeuroRing_a_4096_10c/_x.hw.NUM_4096.CORE_10.FREQ_300/link/vivado/vpl/prj/prj.gen/my_rm/bd/ulp/ipshared/b1dc/hdl/verilog/NeuroRing_sparsemux_19_4_32_1_1.v:8]
INFO: [Synth 8-6155] done synthesizing module 'NeuroRing_sparsemux_19_4_32_1_1__parameterized6' (0#1) [/home/miahafiz/NeuroRing_a_4096_10c/_x.hw.NUM_4096.CORE_10.FREQ_300/link/vivado/vpl/prj/prj.gen/my_rm/bd/ulp/ipshared/b1dc/hdl/verilog/NeuroRing_sparsemux_19_4_32_1_1.v:8]
INFO: [Synth 8-6157] synthesizing module 'NeuroRing_sparsemux_19_4_16_1_1' [/home/miahafiz/NeuroRing_a_4096_10c/_x.hw.NUM_4096.CORE_10.FREQ_300/link/vivado/vpl/prj/prj.gen/my_rm/bd/ulp/ipshared/b1dc/hdl/verilog/NeuroRing_sparsemux_19_4_16_1_1.v:8]
INFO: [Synth 8-6155] done synthesizing module 'NeuroRing_sparsemux_19_4_16_1_1' (0#1) [/home/miahafiz/NeuroRing_a_4096_10c/_x.hw.NUM_4096.CORE_10.FREQ_300/link/vivado/vpl/prj/prj.gen/my_rm/bd/ulp/ipshared/b1dc/hdl/verilog/NeuroRing_sparsemux_19_4_16_1_1.v:8]
INFO: [Synth 8-6157] synthesizing module 'NeuroRing_sparsemux_19_4_16_1_1__parameterized0' [/home/miahafiz/NeuroRing_a_4096_10c/_x.hw.NUM_4096.CORE_10.FREQ_300/link/vivado/vpl/prj/prj.gen/my_rm/bd/ulp/ipshared/b1dc/hdl/verilog/NeuroRing_sparsemux_19_4_16_1_1.v:8]
INFO: [Synth 8-6155] done synthesizing module 'NeuroRing_sparsemux_19_4_16_1_1__parameterized0' (0#1) [/home/miahafiz/NeuroRing_a_4096_10c/_x.hw.NUM_4096.CORE_10.FREQ_300/link/vivado/vpl/prj/prj.gen/my_rm/bd/ulp/ipshared/b1dc/hdl/verilog/NeuroRing_sparsemux_19_4_16_1_1.v:8]
INFO: [Synth 8-6157] synthesizing module 'NeuroRing_sparsemux_19_4_16_1_1__parameterized1' [/home/miahafiz/NeuroRing_a_4096_10c/_x.hw.NUM_4096.CORE_10.FREQ_300/link/vivado/vpl/prj/prj.gen/my_rm/bd/ulp/ipshared/b1dc/hdl/verilog/NeuroRing_sparsemux_19_4_16_1_1.v:8]
INFO: [Synth 8-6155] done synthesizing module 'NeuroRing_sparsemux_19_4_16_1_1__parameterized1' (0#1) [/home/miahafiz/NeuroRing_a_4096_10c/_x.hw.NUM_4096.CORE_10.FREQ_300/link/vivado/vpl/prj/prj.gen/my_rm/bd/ulp/ipshared/b1dc/hdl/verilog/NeuroRing_sparsemux_19_4_16_1_1.v:8]
INFO: [Synth 8-6157] synthesizing module 'NeuroRing_sparsemux_19_4_16_1_1__parameterized2' [/home/miahafiz/NeuroRing_a_4096_10c/_x.hw.NUM_4096.CORE_10.FREQ_300/link/vivado/vpl/prj/prj.gen/my_rm/bd/ulp/ipshared/b1dc/hdl/verilog/NeuroRing_sparsemux_19_4_16_1_1.v:8]
INFO: [Synth 8-6155] done synthesizing module 'NeuroRing_sparsemux_19_4_16_1_1__parameterized2' (0#1) [/home/miahafiz/NeuroRing_a_4096_10c/_x.hw.NUM_4096.CORE_10.FREQ_300/link/vivado/vpl/prj/prj.gen/my_rm/bd/ulp/ipshared/b1dc/hdl/verilog/NeuroRing_sparsemux_19_4_16_1_1.v:8]
INFO: [Synth 8-6157] synthesizing module 'NeuroRing_sparsemux_19_4_16_1_1__parameterized3' [/home/miahafiz/NeuroRing_a_4096_10c/_x.hw.NUM_4096.CORE_10.FREQ_300/link/vivado/vpl/prj/prj.gen/my_rm/bd/ulp/ipshared/b1dc/hdl/verilog/NeuroRing_sparsemux_19_4_16_1_1.v:8]
INFO: [Synth 8-6155] done synthesizing module 'NeuroRing_sparsemux_19_4_16_1_1__parameterized3' (0#1) [/home/miahafiz/NeuroRing_a_4096_10c/_x.hw.NUM_4096.CORE_10.FREQ_300/link/vivado/vpl/prj/prj.gen/my_rm/bd/ulp/ipshared/b1dc/hdl/verilog/NeuroRing_sparsemux_19_4_16_1_1.v:8]
INFO: [Synth 8-6157] synthesizing module 'NeuroRing_sparsemux_19_4_16_1_1__parameterized4' [/home/miahafiz/NeuroRing_a_4096_10c/_x.hw.NUM_4096.CORE_10.FREQ_300/link/vivado/vpl/prj/prj.gen/my_rm/bd/ulp/ipshared/b1dc/hdl/verilog/NeuroRing_sparsemux_19_4_16_1_1.v:8]
INFO: [Synth 8-6155] done synthesizing module 'NeuroRing_sparsemux_19_4_16_1_1__parameterized4' (0#1) [/home/miahafiz/NeuroRing_a_4096_10c/_x.hw.NUM_4096.CORE_10.FREQ_300/link/vivado/vpl/prj/prj.gen/my_rm/bd/ulp/ipshared/b1dc/hdl/verilog/NeuroRing_sparsemux_19_4_16_1_1.v:8]
INFO: [Synth 8-6157] synthesizing module 'NeuroRing_sparsemux_19_4_16_1_1__parameterized5' [/home/miahafiz/NeuroRing_a_4096_10c/_x.hw.NUM_4096.CORE_10.FREQ_300/link/vivado/vpl/prj/prj.gen/my_rm/bd/ulp/ipshared/b1dc/hdl/verilog/NeuroRing_sparsemux_19_4_16_1_1.v:8]
INFO: [Synth 8-6155] done synthesizing module 'NeuroRing_sparsemux_19_4_16_1_1__parameterized5' (0#1) [/home/miahafiz/NeuroRing_a_4096_10c/_x.hw.NUM_4096.CORE_10.FREQ_300/link/vivado/vpl/prj/prj.gen/my_rm/bd/ulp/ipshared/b1dc/hdl/verilog/NeuroRing_sparsemux_19_4_16_1_1.v:8]
INFO: [Synth 8-6157] synthesizing module 'NeuroRing_sparsemux_19_4_16_1_1__parameterized6' [/home/miahafiz/NeuroRing_a_4096_10c/_x.hw.NUM_4096.CORE_10.FREQ_300/link/vivado/vpl/prj/prj.gen/my_rm/bd/ulp/ipshared/b1dc/hdl/verilog/NeuroRing_sparsemux_19_4_16_1_1.v:8]
INFO: [Synth 8-6155] done synthesizing module 'NeuroRing_sparsemux_19_4_16_1_1__parameterized6' (0#1) [/home/miahafiz/NeuroRing_a_4096_10c/_x.hw.NUM_4096.CORE_10.FREQ_300/link/vivado/vpl/prj/prj.gen/my_rm/bd/ulp/ipshared/b1dc/hdl/verilog/NeuroRing_sparsemux_19_4_16_1_1.v:8]
INFO: [Synth 8-6157] synthesizing module 'NeuroRing_sparsemux_33_4_32_1_1' [/home/miahafiz/NeuroRing_a_4096_10c/_x.hw.NUM_4096.CORE_10.FREQ_300/link/vivado/vpl/prj/prj.gen/my_rm/bd/ulp/ipshared/b1dc/hdl/verilog/NeuroRing_sparsemux_33_4_32_1_1.v:8]
INFO: [Synth 8-226] default block is never used [/home/miahafiz/NeuroRing_a_4096_10c/_x.hw.NUM_4096.CORE_10.FREQ_300/link/vivado/vpl/prj/prj.gen/my_rm/bd/ulp/ipshared/b1dc/hdl/verilog/NeuroRing_sparsemux_33_4_32_1_1.v:126]
INFO: [Synth 8-6155] done synthesizing module 'NeuroRing_sparsemux_33_4_32_1_1' (0#1) [/home/miahafiz/NeuroRing_a_4096_10c/_x.hw.NUM_4096.CORE_10.FREQ_300/link/vivado/vpl/prj/prj.gen/my_rm/bd/ulp/ipshared/b1dc/hdl/verilog/NeuroRing_sparsemux_33_4_32_1_1.v:8]
INFO: [Synth 8-6157] synthesizing module 'NeuroRing_sparsemux_33_5_32_1_1' [/home/miahafiz/NeuroRing_a_4096_10c/_x.hw.NUM_4096.CORE_10.FREQ_300/link/vivado/vpl/prj/prj.gen/my_rm/bd/ulp/ipshared/b1dc/hdl/verilog/NeuroRing_sparsemux_33_5_32_1_1.v:8]
INFO: [Synth 8-6155] done synthesizing module 'NeuroRing_sparsemux_33_5_32_1_1' (0#1) [/home/miahafiz/NeuroRing_a_4096_10c/_x.hw.NUM_4096.CORE_10.FREQ_300/link/vivado/vpl/prj/prj.gen/my_rm/bd/ulp/ipshared/b1dc/hdl/verilog/NeuroRing_sparsemux_33_5_32_1_1.v:8]
INFO: [Synth 8-6157] synthesizing module 'NeuroRing_sparsemux_33_6_32_1_1' [/home/miahafiz/NeuroRing_a_4096_10c/_x.hw.NUM_4096.CORE_10.FREQ_300/link/vivado/vpl/prj/prj.gen/my_rm/bd/ulp/ipshared/b1dc/hdl/verilog/NeuroRing_sparsemux_33_6_32_1_1.v:8]
INFO: [Synth 8-6155] done synthesizing module 'NeuroRing_sparsemux_33_6_32_1_1' (0#1) [/home/miahafiz/NeuroRing_a_4096_10c/_x.hw.NUM_4096.CORE_10.FREQ_300/link/vivado/vpl/prj/prj.gen/my_rm/bd/ulp/ipshared/b1dc/hdl/verilog/NeuroRing_sparsemux_33_6_32_1_1.v:8]
INFO: [Synth 8-6157] synthesizing module 'NeuroRing_sparsemux_33_7_32_1_1' [/home/miahafiz/NeuroRing_a_4096_10c/_x.hw.NUM_4096.CORE_10.FREQ_300/link/vivado/vpl/prj/prj.gen/my_rm/bd/ulp/ipshared/b1dc/hdl/verilog/NeuroRing_sparsemux_33_7_32_1_1.v:8]
INFO: [Synth 8-6155] done synthesizing module 'NeuroRing_sparsemux_33_7_32_1_1' (0#1) [/home/miahafiz/NeuroRing_a_4096_10c/_x.hw.NUM_4096.CORE_10.FREQ_300/link/vivado/vpl/prj/prj.gen/my_rm/bd/ulp/ipshared/b1dc/hdl/verilog/NeuroRing_sparsemux_33_7_32_1_1.v:8]
INFO: [Synth 8-6157] synthesizing module 'NeuroRing_sparsemux_33_7_32_1_1__parameterized0' [/home/miahafiz/NeuroRing_a_4096_10c/_x.hw.NUM_4096.CORE_10.FREQ_300/link/vivado/vpl/prj/prj.gen/my_rm/bd/ulp/ipshared/b1dc/hdl/verilog/NeuroRing_sparsemux_33_7_32_1_1.v:8]
INFO: [Synth 8-6155] done synthesizing module 'NeuroRing_sparsemux_33_7_32_1_1__parameterized0' (0#1) [/home/miahafiz/NeuroRing_a_4096_10c/_x.hw.NUM_4096.CORE_10.FREQ_300/link/vivado/vpl/prj/prj.gen/my_rm/bd/ulp/ipshared/b1dc/hdl/verilog/NeuroRing_sparsemux_33_7_32_1_1.v:8]
INFO: [Synth 8-6155] done synthesizing module 'NeuroRing_NeuroRing_Pipeline_update_membrane_potential' (0#1) [/home/miahafiz/NeuroRing_a_4096_10c/_x.hw.NUM_4096.CORE_10.FREQ_300/link/vivado/vpl/prj/prj.gen/my_rm/bd/ulp/ipshared/b1dc/hdl/verilog/NeuroRing_NeuroRing_Pipeline_update_membrane_potential.v:9]
INFO: [Synth 8-6157] synthesizing module 'NeuroRing_NeuroRing_Pipeline_write_spike_status' [/home/miahafiz/NeuroRing_a_4096_10c/_x.hw.NUM_4096.CORE_10.FREQ_300/link/vivado/vpl/prj/prj.gen/my_rm/bd/ulp/ipshared/b1dc/hdl/verilog/NeuroRing_NeuroRing_Pipeline_write_spike_status.v:9]
INFO: [Synth 8-6157] synthesizing module 'NeuroRing_sparsemux_33_7_32_1_1_x' [/home/miahafiz/NeuroRing_a_4096_10c/_x.hw.NUM_4096.CORE_10.FREQ_300/link/vivado/vpl/prj/prj.gen/my_rm/bd/ulp/ipshared/b1dc/hdl/verilog/NeuroRing_sparsemux_33_7_32_1_1_x.v:8]
INFO: [Synth 8-6155] done synthesizing module 'NeuroRing_sparsemux_33_7_32_1_1_x' (0#1) [/home/miahafiz/NeuroRing_a_4096_10c/_x.hw.NUM_4096.CORE_10.FREQ_300/link/vivado/vpl/prj/prj.gen/my_rm/bd/ulp/ipshared/b1dc/hdl/verilog/NeuroRing_sparsemux_33_7_32_1_1_x.v:8]
INFO: [Synth 8-6155] done synthesizing module 'NeuroRing_NeuroRing_Pipeline_write_spike_status' (0#1) [/home/miahafiz/NeuroRing_a_4096_10c/_x.hw.NUM_4096.CORE_10.FREQ_300/link/vivado/vpl/prj/prj.gen/my_rm/bd/ulp/ipshared/b1dc/hdl/verilog/NeuroRing_NeuroRing_Pipeline_write_spike_status.v:9]
INFO: [Synth 8-6157] synthesizing module 'NeuroRing_control_s_axi' [/home/miahafiz/NeuroRing_a_4096_10c/_x.hw.NUM_4096.CORE_10.FREQ_300/link/vivado/vpl/prj/prj.gen/my_rm/bd/ulp/ipshared/b1dc/hdl/verilog/NeuroRing_control_s_axi.v:9]
INFO: [Synth 8-155] case statement is not full and has no default [/home/miahafiz/NeuroRing_a_4096_10c/_x.hw.NUM_4096.CORE_10.FREQ_300/link/vivado/vpl/prj/prj.gen/my_rm/bd/ulp/ipshared/b1dc/hdl/verilog/NeuroRing_control_s_axi.v:308]
INFO: [Synth 8-6155] done synthesizing module 'NeuroRing_control_s_axi' (0#1) [/home/miahafiz/NeuroRing_a_4096_10c/_x.hw.NUM_4096.CORE_10.FREQ_300/link/vivado/vpl/prj/prj.gen/my_rm/bd/ulp/ipshared/b1dc/hdl/verilog/NeuroRing_control_s_axi.v:9]
INFO: [Synth 8-6157] synthesizing module 'NeuroRing_gmem_syn_m_axi' [/home/miahafiz/NeuroRing_a_4096_10c/_x.hw.NUM_4096.CORE_10.FREQ_300/link/vivado/vpl/prj/prj.gen/my_rm/bd/ulp/ipshared/b1dc/hdl/verilog/NeuroRing_gmem_syn_m_axi.v:9]
INFO: [Synth 8-6157] synthesizing module 'NeuroRing_gmem_syn_m_axi_store' [/home/miahafiz/NeuroRing_a_4096_10c/_x.hw.NUM_4096.CORE_10.FREQ_300/link/vivado/vpl/prj/prj.gen/my_rm/bd/ulp/ipshared/b1dc/hdl/verilog/NeuroRing_gmem_syn_m_axi.v:903]
INFO: [Synth 8-6157] synthesizing module 'NeuroRing_gmem_syn_m_axi_fifo' [/home/miahafiz/NeuroRing_a_4096_10c/_x.hw.NUM_4096.CORE_10.FREQ_300/link/vivado/vpl/prj/prj.gen/my_rm/bd/ulp/ipshared/b1dc/hdl/verilog/NeuroRing_gmem_syn_m_axi.v:3561]
INFO: [Synth 8-6157] synthesizing module 'NeuroRing_gmem_syn_m_axi_srl' [/home/miahafiz/NeuroRing_a_4096_10c/_x.hw.NUM_4096.CORE_10.FREQ_300/link/vivado/vpl/prj/prj.gen/my_rm/bd/ulp/ipshared/b1dc/hdl/verilog/NeuroRing_gmem_syn_m_axi.v:3774]
INFO: [Synth 8-6155] done synthesizing module 'NeuroRing_gmem_syn_m_axi_srl' (0#1) [/home/miahafiz/NeuroRing_a_4096_10c/_x.hw.NUM_4096.CORE_10.FREQ_300/link/vivado/vpl/prj/prj.gen/my_rm/bd/ulp/ipshared/b1dc/hdl/verilog/NeuroRing_gmem_syn_m_axi.v:3774]
INFO: [Synth 8-6155] done synthesizing module 'NeuroRing_gmem_syn_m_axi_fifo' (0#1) [/home/miahafiz/NeuroRing_a_4096_10c/_x.hw.NUM_4096.CORE_10.FREQ_300/link/vivado/vpl/prj/prj.gen/my_rm/bd/ulp/ipshared/b1dc/hdl/verilog/NeuroRing_gmem_syn_m_axi.v:3561]
INFO: [Synth 8-6157] synthesizing module 'NeuroRing_gmem_syn_m_axi_fifo__parameterized0' [/home/miahafiz/NeuroRing_a_4096_10c/_x.hw.NUM_4096.CORE_10.FREQ_300/link/vivado/vpl/prj/prj.gen/my_rm/bd/ulp/ipshared/b1dc/hdl/verilog/NeuroRing_gmem_syn_m_axi.v:3561]
INFO: [Synth 8-6157] synthesizing module 'NeuroRing_gmem_syn_m_axi_srl__parameterized0' [/home/miahafiz/NeuroRing_a_4096_10c/_x.hw.NUM_4096.CORE_10.FREQ_300/link/vivado/vpl/prj/prj.gen/my_rm/bd/ulp/ipshared/b1dc/hdl/verilog/NeuroRing_gmem_syn_m_axi.v:3774]
INFO: [Synth 8-6155] done synthesizing module 'NeuroRing_gmem_syn_m_axi_srl__parameterized0' (0#1) [/home/miahafiz/NeuroRing_a_4096_10c/_x.hw.NUM_4096.CORE_10.FREQ_300/link/vivado/vpl/prj/prj.gen/my_rm/bd/ulp/ipshared/b1dc/hdl/verilog/NeuroRing_gmem_syn_m_axi.v:3774]
INFO: [Synth 8-6155] done synthesizing module 'NeuroRing_gmem_syn_m_axi_fifo__parameterized0' (0#1) [/home/miahafiz/NeuroRing_a_4096_10c/_x.hw.NUM_4096.CORE_10.FREQ_300/link/vivado/vpl/prj/prj.gen/my_rm/bd/ulp/ipshared/b1dc/hdl/verilog/NeuroRing_gmem_syn_m_axi.v:3561]
INFO: [Synth 8-6157] synthesizing module 'NeuroRing_gmem_syn_m_axi_fifo__parameterized1' [/home/miahafiz/NeuroRing_a_4096_10c/_x.hw.NUM_4096.CORE_10.FREQ_300/link/vivado/vpl/prj/prj.gen/my_rm/bd/ulp/ipshared/b1dc/hdl/verilog/NeuroRing_gmem_syn_m_axi.v:3561]
INFO: [Synth 8-6157] synthesizing module 'NeuroRing_gmem_syn_m_axi_srl__parameterized1' [/home/miahafiz/NeuroRing_a_4096_10c/_x.hw.NUM_4096.CORE_10.FREQ_300/link/vivado/vpl/prj/prj.gen/my_rm/bd/ulp/ipshared/b1dc/hdl/verilog/NeuroRing_gmem_syn_m_axi.v:3774]
INFO: [Synth 8-6155] done synthesizing module 'NeuroRing_gmem_syn_m_axi_srl__parameterized1' (0#1) [/home/miahafiz/NeuroRing_a_4096_10c/_x.hw.NUM_4096.CORE_10.FREQ_300/link/vivado/vpl/prj/prj.gen/my_rm/bd/ulp/ipshared/b1dc/hdl/verilog/NeuroRing_gmem_syn_m_axi.v:3774]
INFO: [Synth 8-6155] done synthesizing module 'NeuroRing_gmem_syn_m_axi_fifo__parameterized1' (0#1) [/home/miahafiz/NeuroRing_a_4096_10c/_x.hw.NUM_4096.CORE_10.FREQ_300/link/vivado/vpl/prj/prj.gen/my_rm/bd/ulp/ipshared/b1dc/hdl/verilog/NeuroRing_gmem_syn_m_axi.v:3561]
INFO: [Synth 8-6157] synthesizing module 'NeuroRing_gmem_syn_m_axi_fifo__parameterized2' [/home/miahafiz/NeuroRing_a_4096_10c/_x.hw.NUM_4096.CORE_10.FREQ_300/link/vivado/vpl/prj/prj.gen/my_rm/bd/ulp/ipshared/b1dc/hdl/verilog/NeuroRing_gmem_syn_m_axi.v:3561]
INFO: [Synth 8-6157] synthesizing module 'NeuroRing_gmem_syn_m_axi_srl__parameterized2' [/home/miahafiz/NeuroRing_a_4096_10c/_x.hw.NUM_4096.CORE_10.FREQ_300/link/vivado/vpl/prj/prj.gen/my_rm/bd/ulp/ipshared/b1dc/hdl/verilog/NeuroRing_gmem_syn_m_axi.v:3774]
INFO: [Synth 8-6155] done synthesizing module 'NeuroRing_gmem_syn_m_axi_srl__parameterized2' (0#1) [/home/miahafiz/NeuroRing_a_4096_10c/_x.hw.NUM_4096.CORE_10.FREQ_300/link/vivado/vpl/prj/prj.gen/my_rm/bd/ulp/ipshared/b1dc/hdl/verilog/NeuroRing_gmem_syn_m_axi.v:3774]
INFO: [Synth 8-6155] done synthesizing module 'NeuroRing_gmem_syn_m_axi_fifo__parameterized2' (0#1) [/home/miahafiz/NeuroRing_a_4096_10c/_x.hw.NUM_4096.CORE_10.FREQ_300/link/vivado/vpl/prj/prj.gen/my_rm/bd/ulp/ipshared/b1dc/hdl/verilog/NeuroRing_gmem_syn_m_axi.v:3561]
INFO: [Synth 8-6157] synthesizing module 'NeuroRing_gmem_syn_m_axi_fifo__parameterized3' [/home/miahafiz/NeuroRing_a_4096_10c/_x.hw.NUM_4096.CORE_10.FREQ_300/link/vivado/vpl/prj/prj.gen/my_rm/bd/ulp/ipshared/b1dc/hdl/verilog/NeuroRing_gmem_syn_m_axi.v:3561]
INFO: [Synth 8-6157] synthesizing module 'NeuroRing_gmem_syn_m_axi_srl__parameterized3' [/home/miahafiz/NeuroRing_a_4096_10c/_x.hw.NUM_4096.CORE_10.FREQ_300/link/vivado/vpl/prj/prj.gen/my_rm/bd/ulp/ipshared/b1dc/hdl/verilog/NeuroRing_gmem_syn_m_axi.v:3774]
INFO: [Synth 8-6155] done synthesizing module 'NeuroRing_gmem_syn_m_axi_srl__parameterized3' (0#1) [/home/miahafiz/NeuroRing_a_4096_10c/_x.hw.NUM_4096.CORE_10.FREQ_300/link/vivado/vpl/prj/prj.gen/my_rm/bd/ulp/ipshared/b1dc/hdl/verilog/NeuroRing_gmem_syn_m_axi.v:3774]
INFO: [Synth 8-6155] done synthesizing module 'NeuroRing_gmem_syn_m_axi_fifo__parameterized3' (0#1) [/home/miahafiz/NeuroRing_a_4096_10c/_x.hw.NUM_4096.CORE_10.FREQ_300/link/vivado/vpl/prj/prj.gen/my_rm/bd/ulp/ipshared/b1dc/hdl/verilog/NeuroRing_gmem_syn_m_axi.v:3561]
INFO: [Synth 8-6155] done synthesizing module 'NeuroRing_gmem_syn_m_axi_store' (0#1) [/home/miahafiz/NeuroRing_a_4096_10c/_x.hw.NUM_4096.CORE_10.FREQ_300/link/vivado/vpl/prj/prj.gen/my_rm/bd/ulp/ipshared/b1dc/hdl/verilog/NeuroRing_gmem_syn_m_axi.v:903]
INFO: [Synth 8-6157] synthesizing module 'NeuroRing_gmem_syn_m_axi_load' [/home/miahafiz/NeuroRing_a_4096_10c/_x.hw.NUM_4096.CORE_10.FREQ_300/link/vivado/vpl/prj/prj.gen/my_rm/bd/ulp/ipshared/b1dc/hdl/verilog/NeuroRing_gmem_syn_m_axi.v:413]
INFO: [Synth 8-6157] synthesizing module 'NeuroRing_gmem_syn_m_axi_fifo__parameterized4' [/home/miahafiz/NeuroRing_a_4096_10c/_x.hw.NUM_4096.CORE_10.FREQ_300/link/vivado/vpl/prj/prj.gen/my_rm/bd/ulp/ipshared/b1dc/hdl/verilog/NeuroRing_gmem_syn_m_axi.v:3561]
INFO: [Synth 8-6157] synthesizing module 'NeuroRing_gmem_syn_m_axi_mem' [/home/miahafiz/NeuroRing_a_4096_10c/_x.hw.NUM_4096.CORE_10.FREQ_300/link/vivado/vpl/prj/prj.gen/my_rm/bd/ulp/ipshared/b1dc/hdl/verilog/NeuroRing_gmem_syn_m_axi.v:3814]
INFO: [Synth 8-6155] done synthesizing module 'NeuroRing_gmem_syn_m_axi_mem' (0#1) [/home/miahafiz/NeuroRing_a_4096_10c/_x.hw.NUM_4096.CORE_10.FREQ_300/link/vivado/vpl/prj/prj.gen/my_rm/bd/ulp/ipshared/b1dc/hdl/verilog/NeuroRing_gmem_syn_m_axi.v:3814]
INFO: [Synth 8-6155] done synthesizing module 'NeuroRing_gmem_syn_m_axi_fifo__parameterized4' (0#1) [/home/miahafiz/NeuroRing_a_4096_10c/_x.hw.NUM_4096.CORE_10.FREQ_300/link/vivado/vpl/prj/prj.gen/my_rm/bd/ulp/ipshared/b1dc/hdl/verilog/NeuroRing_gmem_syn_m_axi.v:3561]
INFO: [Synth 8-6155] done synthesizing module 'NeuroRing_gmem_syn_m_axi_load' (0#1) [/home/miahafiz/NeuroRing_a_4096_10c/_x.hw.NUM_4096.CORE_10.FREQ_300/link/vivado/vpl/prj/prj.gen/my_rm/bd/ulp/ipshared/b1dc/hdl/verilog/NeuroRing_gmem_syn_m_axi.v:413]
INFO: [Synth 8-6157] synthesizing module 'NeuroRing_gmem_syn_m_axi_write' [/home/miahafiz/NeuroRing_a_4096_10c/_x.hw.NUM_4096.CORE_10.FREQ_300/link/vivado/vpl/prj/prj.gen/my_rm/bd/ulp/ipshared/b1dc/hdl/verilog/NeuroRing_gmem_syn_m_axi.v:1934]
INFO: [Synth 8-6157] synthesizing module 'NeuroRing_gmem_syn_m_axi_burst_converter' [/home/miahafiz/NeuroRing_a_4096_10c/_x.hw.NUM_4096.CORE_10.FREQ_300/link/vivado/vpl/prj/prj.gen/my_rm/bd/ulp/ipshared/b1dc/hdl/verilog/NeuroRing_gmem_syn_m_axi.v:2229]
INFO: [Synth 8-6157] synthesizing module 'NeuroRing_gmem_syn_m_axi_burst_sequential' [/home/miahafiz/NeuroRing_a_4096_10c/_x.hw.NUM_4096.CORE_10.FREQ_300/link/vivado/vpl/prj/prj.gen/my_rm/bd/ulp/ipshared/b1dc/hdl/verilog/NeuroRing_gmem_syn_m_axi.v:2835]
INFO: [Synth 8-6157] synthesizing module 'NeuroRing_gmem_syn_m_axi_reg_slice' [/home/miahafiz/NeuroRing_a_4096_10c/_x.hw.NUM_4096.CORE_10.FREQ_300/link/vivado/vpl/prj/prj.gen/my_rm/bd/ulp/ipshared/b1dc/hdl/verilog/NeuroRing_gmem_syn_m_axi.v:3457]
INFO: [Synth 8-6155] done synthesizing module 'NeuroRing_gmem_syn_m_axi_reg_slice' (0#1) [/home/miahafiz/NeuroRing_a_4096_10c/_x.hw.NUM_4096.CORE_10.FREQ_300/link/vivado/vpl/prj/prj.gen/my_rm/bd/ulp/ipshared/b1dc/hdl/verilog/NeuroRing_gmem_syn_m_axi.v:3457]
INFO: [Synth 8-6155] done synthesizing module 'NeuroRing_gmem_syn_m_axi_burst_sequential' (0#1) [/home/miahafiz/NeuroRing_a_4096_10c/_x.hw.NUM_4096.CORE_10.FREQ_300/link/vivado/vpl/prj/prj.gen/my_rm/bd/ulp/ipshared/b1dc/hdl/verilog/NeuroRing_gmem_syn_m_axi.v:2835]
INFO: [Synth 8-6155] done synthesizing module 'NeuroRing_gmem_syn_m_axi_burst_converter' (0#1) [/home/miahafiz/NeuroRing_a_4096_10c/_x.hw.NUM_4096.CORE_10.FREQ_300/link/vivado/vpl/prj/prj.gen/my_rm/bd/ulp/ipshared/b1dc/hdl/verilog/NeuroRing_gmem_syn_m_axi.v:2229]
INFO: [Synth 8-6157] synthesizing module 'NeuroRing_gmem_syn_m_axi_throttle' [/home/miahafiz/NeuroRing_a_4096_10c/_x.hw.NUM_4096.CORE_10.FREQ_300/link/vivado/vpl/prj/prj.gen/my_rm/bd/ulp/ipshared/b1dc/hdl/verilog/NeuroRing_gmem_syn_m_axi.v:3188]
INFO: [Synth 8-6157] synthesizing module 'NeuroRing_gmem_syn_m_axi_fifo__parameterized5' [/home/miahafiz/NeuroRing_a_4096_10c/_x.hw.NUM_4096.CORE_10.FREQ_300/link/vivado/vpl/prj/prj.gen/my_rm/bd/ulp/ipshared/b1dc/hdl/verilog/NeuroRing_gmem_syn_m_axi.v:3561]
INFO: [Synth 8-6157] synthesizing module 'NeuroRing_gmem_syn_m_axi_srl__parameterized4' [/home/miahafiz/NeuroRing_a_4096_10c/_x.hw.NUM_4096.CORE_10.FREQ_300/link/vivado/vpl/prj/prj.gen/my_rm/bd/ulp/ipshared/b1dc/hdl/verilog/NeuroRing_gmem_syn_m_axi.v:3774]
INFO: [Synth 8-6155] done synthesizing module 'NeuroRing_gmem_syn_m_axi_srl__parameterized4' (0#1) [/home/miahafiz/NeuroRing_a_4096_10c/_x.hw.NUM_4096.CORE_10.FREQ_300/link/vivado/vpl/prj/prj.gen/my_rm/bd/ulp/ipshared/b1dc/hdl/verilog/NeuroRing_gmem_syn_m_axi.v:3774]
INFO: [Synth 8-6155] done synthesizing module 'NeuroRing_gmem_syn_m_axi_fifo__parameterized5' (0#1) [/home/miahafiz/NeuroRing_a_4096_10c/_x.hw.NUM_4096.CORE_10.FREQ_300/link/vivado/vpl/prj/prj.gen/my_rm/bd/ulp/ipshared/b1dc/hdl/verilog/NeuroRing_gmem_syn_m_axi.v:3561]
INFO: [Synth 8-6157] synthesizing module 'NeuroRing_gmem_syn_m_axi_reg_slice__parameterized0' [/home/miahafiz/NeuroRing_a_4096_10c/_x.hw.NUM_4096.CORE_10.FREQ_300/link/vivado/vpl/prj/prj.gen/my_rm/bd/ulp/ipshared/b1dc/hdl/verilog/NeuroRing_gmem_syn_m_axi.v:3457]
INFO: [Synth 8-6155] done synthesizing module 'NeuroRing_gmem_syn_m_axi_reg_slice__parameterized0' (0#1) [/home/miahafiz/NeuroRing_a_4096_10c/_x.hw.NUM_4096.CORE_10.FREQ_300/link/vivado/vpl/prj/prj.gen/my_rm/bd/ulp/ipshared/b1dc/hdl/verilog/NeuroRing_gmem_syn_m_axi.v:3457]
INFO: [Synth 8-6157] synthesizing module 'NeuroRing_gmem_syn_m_axi_reg_slice__parameterized1' [/home/miahafiz/NeuroRing_a_4096_10c/_x.hw.NUM_4096.CORE_10.FREQ_300/link/vivado/vpl/prj/prj.gen/my_rm/bd/ulp/ipshared/b1dc/hdl/verilog/NeuroRing_gmem_syn_m_axi.v:3457]
INFO: [Synth 8-6155] done synthesizing module 'NeuroRing_gmem_syn_m_axi_reg_slice__parameterized1' (0#1) [/home/miahafiz/NeuroRing_a_4096_10c/_x.hw.NUM_4096.CORE_10.FREQ_300/link/vivado/vpl/prj/prj.gen/my_rm/bd/ulp/ipshared/b1dc/hdl/verilog/NeuroRing_gmem_syn_m_axi.v:3457]
INFO: [Synth 8-6155] done synthesizing module 'NeuroRing_gmem_syn_m_axi_throttle' (0#1) [/home/miahafiz/NeuroRing_a_4096_10c/_x.hw.NUM_4096.CORE_10.FREQ_300/link/vivado/vpl/prj/prj.gen/my_rm/bd/ulp/ipshared/b1dc/hdl/verilog/NeuroRing_gmem_syn_m_axi.v:3188]
INFO: [Synth 8-6157] synthesizing module 'NeuroRing_gmem_syn_m_axi_reg_slice__parameterized2' [/home/miahafiz/NeuroRing_a_4096_10c/_x.hw.NUM_4096.CORE_10.FREQ_300/link/vivado/vpl/prj/prj.gen/my_rm/bd/ulp/ipshared/b1dc/hdl/verilog/NeuroRing_gmem_syn_m_axi.v:3457]
INFO: [Synth 8-6155] done synthesizing module 'NeuroRing_gmem_syn_m_axi_reg_slice__parameterized2' (0#1) [/home/miahafiz/NeuroRing_a_4096_10c/_x.hw.NUM_4096.CORE_10.FREQ_300/link/vivado/vpl/prj/prj.gen/my_rm/bd/ulp/ipshared/b1dc/hdl/verilog/NeuroRing_gmem_syn_m_axi.v:3457]
INFO: [Synth 8-6155] done synthesizing module 'NeuroRing_gmem_syn_m_axi_write' (0#1) [/home/miahafiz/NeuroRing_a_4096_10c/_x.hw.NUM_4096.CORE_10.FREQ_300/link/vivado/vpl/prj/prj.gen/my_rm/bd/ulp/ipshared/b1dc/hdl/verilog/NeuroRing_gmem_syn_m_axi.v:1934]
INFO: [Synth 8-6157] synthesizing module 'NeuroRing_gmem_syn_m_axi_read' [/home/miahafiz/NeuroRing_a_4096_10c/_x.hw.NUM_4096.CORE_10.FREQ_300/link/vivado/vpl/prj/prj.gen/my_rm/bd/ulp/ipshared/b1dc/hdl/verilog/NeuroRing_gmem_syn_m_axi.v:1682]
INFO: [Synth 8-6157] synthesizing module 'NeuroRing_gmem_syn_m_axi_reg_slice__parameterized3' [/home/miahafiz/NeuroRing_a_4096_10c/_x.hw.NUM_4096.CORE_10.FREQ_300/link/vivado/vpl/prj/prj.gen/my_rm/bd/ulp/ipshared/b1dc/hdl/verilog/NeuroRing_gmem_syn_m_axi.v:3457]
INFO: [Synth 8-6155] done synthesizing module 'NeuroRing_gmem_syn_m_axi_reg_slice__parameterized3' (0#1) [/home/miahafiz/NeuroRing_a_4096_10c/_x.hw.NUM_4096.CORE_10.FREQ_300/link/vivado/vpl/prj/prj.gen/my_rm/bd/ulp/ipshared/b1dc/hdl/verilog/NeuroRing_gmem_syn_m_axi.v:3457]
INFO: [Synth 8-6155] done synthesizing module 'NeuroRing_gmem_syn_m_axi_read' (0#1) [/home/miahafiz/NeuroRing_a_4096_10c/_x.hw.NUM_4096.CORE_10.FREQ_300/link/vivado/vpl/prj/prj.gen/my_rm/bd/ulp/ipshared/b1dc/hdl/verilog/NeuroRing_gmem_syn_m_axi.v:1682]
INFO: [Synth 8-6155] done synthesizing module 'NeuroRing_gmem_syn_m_axi' (0#1) [/home/miahafiz/NeuroRing_a_4096_10c/_x.hw.NUM_4096.CORE_10.FREQ_300/link/vivado/vpl/prj/prj.gen/my_rm/bd/ulp/ipshared/b1dc/hdl/verilog/NeuroRing_gmem_syn_m_axi.v:9]
INFO: [Synth 8-6157] synthesizing module 'NeuroRing_sparsemux_257_7_32_1_1' [/home/miahafiz/NeuroRing_a_4096_10c/_x.hw.NUM_4096.CORE_10.FREQ_300/link/vivado/vpl/prj/prj.gen/my_rm/bd/ulp/ipshared/b1dc/hdl/verilog/NeuroRing_sparsemux_257_7_32_1_1.v:8]
INFO: [Synth 8-226] default block is never used [/home/miahafiz/NeuroRing_a_4096_10c/_x.hw.NUM_4096.CORE_10.FREQ_300/link/vivado/vpl/prj/prj.gen/my_rm/bd/ulp/ipshared/b1dc/hdl/verilog/NeuroRing_sparsemux_257_7_32_1_1.v:798]
INFO: [Synth 8-6155] done synthesizing module 'NeuroRing_sparsemux_257_7_32_1_1' (0#1) [/home/miahafiz/NeuroRing_a_4096_10c/_x.hw.NUM_4096.CORE_10.FREQ_300/link/vivado/vpl/prj/prj.gen/my_rm/bd/ulp/ipshared/b1dc/hdl/verilog/NeuroRing_sparsemux_257_7_32_1_1.v:8]
INFO: [Synth 8-6157] synthesizing module 'NeuroRing_mul_12ns_15ns_26_1_1' [/home/miahafiz/NeuroRing_a_4096_10c/_x.hw.NUM_4096.CORE_10.FREQ_300/link/vivado/vpl/prj/prj.gen/my_rm/bd/ulp/ipshared/b1dc/hdl/verilog/NeuroRing_mul_12ns_15ns_26_1_1.v:5]
INFO: [Synth 8-6155] done synthesizing module 'NeuroRing_mul_12ns_15ns_26_1_1' (0#1) [/home/miahafiz/NeuroRing_a_4096_10c/_x.hw.NUM_4096.CORE_10.FREQ_300/link/vivado/vpl/prj/prj.gen/my_rm/bd/ulp/ipshared/b1dc/hdl/verilog/NeuroRing_mul_12ns_15ns_26_1_1.v:5]
INFO: [Synth 8-6157] synthesizing module 'NeuroRing_urem_32ns_32ns_32_36_1' [/home/miahafiz/NeuroRing_a_4096_10c/_x.hw.NUM_4096.CORE_10.FREQ_300/link/vivado/vpl/prj/prj.gen/my_rm/bd/ulp/ipshared/b1dc/hdl/verilog/NeuroRing_urem_32ns_32ns_32_36_1.v:68]
INFO: [Synth 8-6157] synthesizing module 'NeuroRing_urem_32ns_32ns_32_36_1_divider' [/home/miahafiz/NeuroRing_a_4096_10c/_x.hw.NUM_4096.CORE_10.FREQ_300/link/vivado/vpl/prj/prj.gen/my_rm/bd/ulp/ipshared/b1dc/hdl/verilog/NeuroRing_urem_32ns_32ns_32_36_1.v:8]
INFO: [Synth 8-6155] done synthesizing module 'NeuroRing_urem_32ns_32ns_32_36_1_divider' (0#1) [/home/miahafiz/NeuroRing_a_4096_10c/_x.hw.NUM_4096.CORE_10.FREQ_300/link/vivado/vpl/prj/prj.gen/my_rm/bd/ulp/ipshared/b1dc/hdl/verilog/NeuroRing_urem_32ns_32ns_32_36_1.v:8]
INFO: [Synth 8-6155] done synthesizing module 'NeuroRing_urem_32ns_32ns_32_36_1' (0#1) [/home/miahafiz/NeuroRing_a_4096_10c/_x.hw.NUM_4096.CORE_10.FREQ_300/link/vivado/vpl/prj/prj.gen/my_rm/bd/ulp/ipshared/b1dc/hdl/verilog/NeuroRing_urem_32ns_32ns_32_36_1.v:68]
INFO: [Synth 8-6157] synthesizing module 'NeuroRing_regslice_both' [/home/miahafiz/NeuroRing_a_4096_10c/_x.hw.NUM_4096.CORE_10.FREQ_300/link/vivado/vpl/prj/prj.gen/my_rm/bd/ulp/ipshared/b1dc/hdl/verilog/NeuroRing_regslice_both.v:8]
INFO: [Synth 8-6155] done synthesizing module 'NeuroRing_regslice_both' (0#1) [/home/miahafiz/NeuroRing_a_4096_10c/_x.hw.NUM_4096.CORE_10.FREQ_300/link/vivado/vpl/prj/prj.gen/my_rm/bd/ulp/ipshared/b1dc/hdl/verilog/NeuroRing_regslice_both.v:8]
INFO: [Synth 8-6157] synthesizing module 'NeuroRing_regslice_both__parameterized0' [/home/miahafiz/NeuroRing_a_4096_10c/_x.hw.NUM_4096.CORE_10.FREQ_300/link/vivado/vpl/prj/prj.gen/my_rm/bd/ulp/ipshared/b1dc/hdl/verilog/NeuroRing_regslice_both.v:8]
INFO: [Synth 8-6155] done synthesizing module 'NeuroRing_regslice_both__parameterized0' (0#1) [/home/miahafiz/NeuroRing_a_4096_10c/_x.hw.NUM_4096.CORE_10.FREQ_300/link/vivado/vpl/prj/prj.gen/my_rm/bd/ulp/ipshared/b1dc/hdl/verilog/NeuroRing_regslice_both.v:8]
INFO: [Synth 8-6157] synthesizing module 'NeuroRing_regslice_both__parameterized1' [/home/miahafiz/NeuroRing_a_4096_10c/_x.hw.NUM_4096.CORE_10.FREQ_300/link/vivado/vpl/prj/prj.gen/my_rm/bd/ulp/ipshared/b1dc/hdl/verilog/NeuroRing_regslice_both.v:8]
INFO: [Synth 8-6155] done synthesizing module 'NeuroRing_regslice_both__parameterized1' (0#1) [/home/miahafiz/NeuroRing_a_4096_10c/_x.hw.NUM_4096.CORE_10.FREQ_300/link/vivado/vpl/prj/prj.gen/my_rm/bd/ulp/ipshared/b1dc/hdl/verilog/NeuroRing_regslice_both.v:8]
INFO: [Synth 8-6155] done synthesizing module 'NeuroRing' (0#1) [/home/miahafiz/NeuroRing_a_4096_10c/_x.hw.NUM_4096.CORE_10.FREQ_300/link/vivado/vpl/prj/prj.gen/my_rm/bd/ulp/ipshared/b1dc/hdl/verilog/NeuroRing.v:9]
INFO: [Synth 8-6155] done synthesizing module 'ulp_NeuroRing_8_0' (0#1) [/home/miahafiz/NeuroRing_a_4096_10c/_x.hw.NUM_4096.CORE_10.FREQ_300/link/vivado/vpl/prj/prj.gen/my_rm/bd/ulp/ip/ulp_NeuroRing_8_0/synth/ulp_NeuroRing_8_0.v:53]
WARNING: [Synth 8-6014] Unused sequential element int_ap_done_reg was removed.  [/home/miahafiz/NeuroRing_a_4096_10c/_x.hw.NUM_4096.CORE_10.FREQ_300/link/vivado/vpl/prj/prj.gen/my_rm/bd/ulp/ipshared/b1dc/hdl/verilog/NeuroRing_control_s_axi.v:429]
WARNING: [Synth 8-6014] Unused sequential element loop[31].divisor_tmp_reg[32] was removed.  [/home/miahafiz/NeuroRing_a_4096_10c/_x.hw.NUM_4096.CORE_10.FREQ_300/link/vivado/vpl/prj/prj.gen/my_rm/bd/ulp/ipshared/b1dc/hdl/verilog/NeuroRing_urem_32ns_32ns_32_36_1.v:52]
WARNING: [Synth 8-6014] Unused sequential element quot_reg was removed.  [/home/miahafiz/NeuroRing_a_4096_10c/_x.hw.NUM_4096.CORE_10.FREQ_300/link/vivado/vpl/prj/prj.gen/my_rm/bd/ulp/ipshared/b1dc/hdl/verilog/NeuroRing_urem_32ns_32ns_32_36_1.v:122]
INFO: [Synth 8-4490] FSM extraction disabled for register 'ap_CS_fsm_reg' through user attribute
WARNING: [Synth 8-7129] Port CLK in module xbip_pipe_v3_0_10_viv__parameterized3 is either unconnected or has no load
WARNING: [Synth 8-7129] Port CE in module xbip_pipe_v3_0_10_viv__parameterized3 is either unconnected or has no load
WARNING: [Synth 8-7129] Port SCLR in module xbip_pipe_v3_0_10_viv__parameterized3 is either unconnected or has no load
WARNING: [Synth 8-7129] Port SSET in module xbip_pipe_v3_0_10_viv__parameterized3 is either unconnected or has no load
WARNING: [Synth 8-7129] Port SINIT in module xbip_pipe_v3_0_10_viv__parameterized3 is either unconnected or has no load
WARNING: [Synth 8-7129] Port CLK in module xbip_pipe_v3_0_10_viv__parameterized61 is either unconnected or has no load
WARNING: [Synth 8-7129] Port CE in module xbip_pipe_v3_0_10_viv__parameterized61 is either unconnected or has no load
WARNING: [Synth 8-7129] Port SCLR in module xbip_pipe_v3_0_10_viv__parameterized61 is either unconnected or has no load
WARNING: [Synth 8-7129] Port SSET in module xbip_pipe_v3_0_10_viv__parameterized61 is either unconnected or has no load
WARNING: [Synth 8-7129] Port SINIT in module xbip_pipe_v3_0_10_viv__parameterized61 is either unconnected or has no load
WARNING: [Synth 8-7129] Port SCLR in module xbip_pipe_v3_0_10_viv__parameterized11 is either unconnected or has no load
WARNING: [Synth 8-7129] Port SSET in module xbip_pipe_v3_0_10_viv__parameterized11 is either unconnected or has no load
WARNING: [Synth 8-7129] Port SINIT in module xbip_pipe_v3_0_10_viv__parameterized11 is either unconnected or has no load
WARNING: [Synth 8-7129] Port DEC_OP_STATE[11] in module flt_dec_op is either unconnected or has no load
WARNING: [Synth 8-7129] Port DEC_OP_STATE[10] in module flt_dec_op is either unconnected or has no load
WARNING: [Synth 8-7129] Port DEC_OP_STATE[9] in module flt_dec_op is either unconnected or has no load
WARNING: [Synth 8-7129] Port DEC_OP_STATE[8] in module flt_dec_op is either unconnected or has no load
WARNING: [Synth 8-7129] Port DIVIDE_BY_ZERO_IN in module flt_dec_op is either unconnected or has no load
WARNING: [Synth 8-7129] Port SCLR in module xbip_pipe_v3_0_10_viv__parameterized49 is either unconnected or has no load
WARNING: [Synth 8-7129] Port SSET in module xbip_pipe_v3_0_10_viv__parameterized49 is either unconnected or has no load
WARNING: [Synth 8-7129] Port SINIT in module xbip_pipe_v3_0_10_viv__parameterized49 is either unconnected or has no load
WARNING: [Synth 8-7129] Port CLK in module xbip_pipe_v3_0_10_viv__parameterized39 is either unconnected or has no load
WARNING: [Synth 8-7129] Port CE in module xbip_pipe_v3_0_10_viv__parameterized39 is either unconnected or has no load
WARNING: [Synth 8-7129] Port SCLR in module xbip_pipe_v3_0_10_viv__parameterized39 is either unconnected or has no load
WARNING: [Synth 8-7129] Port SSET in module xbip_pipe_v3_0_10_viv__parameterized39 is either unconnected or has no load
WARNING: [Synth 8-7129] Port SINIT in module xbip_pipe_v3_0_10_viv__parameterized39 is either unconnected or has no load
WARNING: [Synth 8-7129] Port B[8] in module carry_chain__parameterized3 is either unconnected or has no load
WARNING: [Synth 8-7129] Port CLK in module xbip_pipe_v3_0_10_viv__parameterized47 is either unconnected or has no load
WARNING: [Synth 8-7129] Port CE in module xbip_pipe_v3_0_10_viv__parameterized47 is either unconnected or has no load
WARNING: [Synth 8-7129] Port SCLR in module xbip_pipe_v3_0_10_viv__parameterized47 is either unconnected or has no load
WARNING: [Synth 8-7129] Port SSET in module xbip_pipe_v3_0_10_viv__parameterized47 is either unconnected or has no load
WARNING: [Synth 8-7129] Port SINIT in module xbip_pipe_v3_0_10_viv__parameterized47 is either unconnected or has no load
WARNING: [Synth 8-7129] Port CLK in module xbip_pipe_v3_0_10_viv__parameterized59 is either unconnected or has no load
WARNING: [Synth 8-7129] Port CE in module xbip_pipe_v3_0_10_viv__parameterized59 is either unconnected or has no load
WARNING: [Synth 8-7129] Port SCLR in module xbip_pipe_v3_0_10_viv__parameterized59 is either unconnected or has no load
WARNING: [Synth 8-7129] Port SSET in module xbip_pipe_v3_0_10_viv__parameterized59 is either unconnected or has no load
WARNING: [Synth 8-7129] Port SINIT in module xbip_pipe_v3_0_10_viv__parameterized59 is either unconnected or has no load
WARNING: [Synth 8-7129] Port CLK in module xbip_pipe_v3_0_10_viv__parameterized57 is either unconnected or has no load
WARNING: [Synth 8-7129] Port CE in module xbip_pipe_v3_0_10_viv__parameterized57 is either unconnected or has no load
WARNING: [Synth 8-7129] Port SCLR in module xbip_pipe_v3_0_10_viv__parameterized57 is either unconnected or has no load
WARNING: [Synth 8-7129] Port SSET in module xbip_pipe_v3_0_10_viv__parameterized57 is either unconnected or has no load
WARNING: [Synth 8-7129] Port SINIT in module xbip_pipe_v3_0_10_viv__parameterized57 is either unconnected or has no load
WARNING: [Synth 8-7129] Port CLK in module xbip_pipe_v3_0_10_viv__parameterized55 is either unconnected or has no load
WARNING: [Synth 8-7129] Port CE in module xbip_pipe_v3_0_10_viv__parameterized55 is either unconnected or has no load
WARNING: [Synth 8-7129] Port SCLR in module xbip_pipe_v3_0_10_viv__parameterized55 is either unconnected or has no load
WARNING: [Synth 8-7129] Port SSET in module xbip_pipe_v3_0_10_viv__parameterized55 is either unconnected or has no load
WARNING: [Synth 8-7129] Port SINIT in module xbip_pipe_v3_0_10_viv__parameterized55 is either unconnected or has no load
WARNING: [Synth 8-7129] Port CLK in module xbip_pipe_v3_0_10_viv__parameterized53 is either unconnected or has no load
WARNING: [Synth 8-7129] Port CE in module xbip_pipe_v3_0_10_viv__parameterized53 is either unconnected or has no load
WARNING: [Synth 8-7129] Port SCLR in module xbip_pipe_v3_0_10_viv__parameterized53 is either unconnected or has no load
WARNING: [Synth 8-7129] Port SSET in module xbip_pipe_v3_0_10_viv__parameterized53 is either unconnected or has no load
WARNING: [Synth 8-7129] Port SINIT in module xbip_pipe_v3_0_10_viv__parameterized53 is either unconnected or has no load
WARNING: [Synth 8-7129] Port SCLR in module xbip_pipe_v3_0_10_viv__parameterized35 is either unconnected or has no load
WARNING: [Synth 8-7129] Port SSET in module xbip_pipe_v3_0_10_viv__parameterized35 is either unconnected or has no load
WARNING: [Synth 8-7129] Port SINIT in module xbip_pipe_v3_0_10_viv__parameterized35 is either unconnected or has no load
WARNING: [Synth 8-7129] Port SCLR in module xbip_pipe_v3_0_10_viv__parameterized51 is either unconnected or has no load
WARNING: [Synth 8-7129] Port SSET in module xbip_pipe_v3_0_10_viv__parameterized51 is either unconnected or has no load
WARNING: [Synth 8-7129] Port SINIT in module xbip_pipe_v3_0_10_viv__parameterized51 is either unconnected or has no load
WARNING: [Synth 8-7129] Port SCLR in module xbip_pipe_v3_0_10_viv__parameterized45 is either unconnected or has no load
WARNING: [Synth 8-7129] Port SSET in module xbip_pipe_v3_0_10_viv__parameterized45 is either unconnected or has no load
WARNING: [Synth 8-7129] Port SINIT in module xbip_pipe_v3_0_10_viv__parameterized45 is either unconnected or has no load
WARNING: [Synth 8-7129] Port SCLR in module xbip_pipe_v3_0_10_viv__parameterized43 is either unconnected or has no load
WARNING: [Synth 8-7129] Port SSET in module xbip_pipe_v3_0_10_viv__parameterized43 is either unconnected or has no load
WARNING: [Synth 8-7129] Port SINIT in module xbip_pipe_v3_0_10_viv__parameterized43 is either unconnected or has no load
WARNING: [Synth 8-7129] Port SCLR in module xbip_pipe_v3_0_10_viv__parameterized41 is either unconnected or has no load
WARNING: [Synth 8-7129] Port SSET in module xbip_pipe_v3_0_10_viv__parameterized41 is either unconnected or has no load
WARNING: [Synth 8-7129] Port SINIT in module xbip_pipe_v3_0_10_viv__parameterized41 is either unconnected or has no load
WARNING: [Synth 8-7129] Port SCLR in module xbip_pipe_v3_0_10_viv__parameterized37 is either unconnected or has no load
WARNING: [Synth 8-7129] Port SSET in module xbip_pipe_v3_0_10_viv__parameterized37 is either unconnected or has no load
WARNING: [Synth 8-7129] Port SINIT in module xbip_pipe_v3_0_10_viv__parameterized37 is either unconnected or has no load
WARNING: [Synth 8-7129] Port CLK in module xbip_pipe_v3_0_10_viv__parameterized9 is either unconnected or has no load
WARNING: [Synth 8-7129] Port CE in module xbip_pipe_v3_0_10_viv__parameterized9 is either unconnected or has no load
WARNING: [Synth 8-7129] Port SCLR in module xbip_pipe_v3_0_10_viv__parameterized9 is either unconnected or has no load
WARNING: [Synth 8-7129] Port SSET in module xbip_pipe_v3_0_10_viv__parameterized9 is either unconnected or has no load
WARNING: [Synth 8-7129] Port SINIT in module xbip_pipe_v3_0_10_viv__parameterized9 is either unconnected or has no load
WARNING: [Synth 8-7129] Port CARRYS_OUT[14] in module carry_chain__parameterized2 is either unconnected or has no load
WARNING: [Synth 8-7129] Port CARRYS_OUT[13] in module carry_chain__parameterized2 is either unconnected or has no load
WARNING: [Synth 8-7129] Port CARRYS_OUT[12] in module carry_chain__parameterized2 is either unconnected or has no load
WARNING: [Synth 8-7129] Port CARRYS_OUT[11] in module carry_chain__parameterized2 is either unconnected or has no load
WARNING: [Synth 8-7129] Port CARRYS_OUT[10] in module carry_chain__parameterized2 is either unconnected or has no load
WARNING: [Synth 8-7129] Port CARRYS_OUT[9] in module carry_chain__parameterized2 is either unconnected or has no load
WARNING: [Synth 8-7129] Port CARRYS_OUT[8] in module carry_chain__parameterized2 is either unconnected or has no load
WARNING: [Synth 8-7129] Port CARRYS_OUT[7] in module carry_chain__parameterized2 is either unconnected or has no load
WARNING: [Synth 8-7129] Port CARRYS_OUT[6] in module carry_chain__parameterized2 is either unconnected or has no load
WARNING: [Synth 8-7129] Port CARRYS_OUT[5] in module carry_chain__parameterized2 is either unconnected or has no load
WARNING: [Synth 8-7129] Port CARRYS_OUT[4] in module carry_chain__parameterized2 is either unconnected or has no load
WARNING: [Synth 8-7129] Port CARRYS_OUT[3] in module carry_chain__parameterized2 is either unconnected or has no load
WARNING: [Synth 8-7129] Port CARRYS_OUT[2] in module carry_chain__parameterized2 is either unconnected or has no load
WARNING: [Synth 8-7129] Port CARRYS_OUT[1] in module carry_chain__parameterized2 is either unconnected or has no load
WARNING: [Synth 8-7129] Port CARRYS_OUT[0] in module carry_chain__parameterized2 is either unconnected or has no load
WARNING: [Synth 8-7129] Port CLK in module xbip_pipe_v3_0_10_viv__parameterized13 is either unconnected or has no load
WARNING: [Synth 8-7129] Port CE in module xbip_pipe_v3_0_10_viv__parameterized13 is either unconnected or has no load
WARNING: [Synth 8-7129] Port SCLR in module xbip_pipe_v3_0_10_viv__parameterized13 is either unconnected or has no load
WARNING: [Synth 8-7129] Port SSET in module xbip_pipe_v3_0_10_viv__parameterized13 is either unconnected or has no load
WARNING: [Synth 8-7129] Port SINIT in module xbip_pipe_v3_0_10_viv__parameterized13 is either unconnected or has no load
WARNING: [Synth 8-7129] Port CARRYS_OUT[2] in module carry_chain__parameterized1 is either unconnected or has no load
WARNING: [Synth 8-7129] Port CARRYS_OUT[1] in module carry_chain__parameterized1 is either unconnected or has no load
WARNING: [Synth 8-7129] Port CARRYS_OUT[0] in module carry_chain__parameterized1 is either unconnected or has no load
WARNING: [Synth 8-7129] Port CARRYS_OUT[0] in module compare_eq_im__parameterized0 is either unconnected or has no load
WARNING: [Synth 8-7129] Port A[31] in module special_detect is either unconnected or has no load
INFO: [Common 17-14] Message 'Synth 8-7129' appears 100 times and further instances of the messages will be disabled.
---------------------------------------------------------------------------------
Finished RTL Elaboration : Time (s): cpu = 00:00:22 ; elapsed = 00:00:25 . Memory (MB): peak = 3758.945 ; gain = 808.715 ; free physical = 1747 ; free virtual = 85191
---------------------------------------------------------------------------------
---------------------------------------------------------------------------------
Start Handling Custom Attributes
---------------------------------------------------------------------------------
---------------------------------------------------------------------------------
Finished Handling Custom Attributes : Time (s): cpu = 00:00:23 ; elapsed = 00:00:26 . Memory (MB): peak = 3758.945 ; gain = 808.715 ; free physical = 1889 ; free virtual = 84681
---------------------------------------------------------------------------------
---------------------------------------------------------------------------------
Finished RTL Optimization Phase 1 : Time (s): cpu = 00:00:23 ; elapsed = 00:00:26 . Memory (MB): peak = 3758.945 ; gain = 808.715 ; free physical = 1889 ; free virtual = 84681
---------------------------------------------------------------------------------
Netlist sorting complete. Time (s): cpu = 00:00:02 ; elapsed = 00:00:02 . Memory (MB): peak = 3758.945 ; gain = 0.000 ; free physical = 3498 ; free virtual = 86009
INFO: [Netlist 29-17] Analyzing 3192 Unisim elements for replacement
INFO: [Netlist 29-28] Unisim Transformation completed in 2 CPU seconds
INFO: [Project 1-570] Preparing netlist for logic optimization

Processing XDC Constraints
Initializing timing engine
Parsing XDC File [/home/miahafiz/NeuroRing_a_4096_10c/_x.hw.NUM_4096.CORE_10.FREQ_300/link/vivado/vpl/prj/prj.gen/my_rm/bd/ulp/ip/ulp_NeuroRing_8_0/constraints/NeuroRing_ooc.xdc] for cell 'inst'
create_clock: Time (s): cpu = 00:00:06 ; elapsed = 00:00:06 . Memory (MB): peak = 4057.445 ; gain = 31.688 ; free physical = 1965 ; free virtual = 75238
Finished Parsing XDC File [/home/miahafiz/NeuroRing_a_4096_10c/_x.hw.NUM_4096.CORE_10.FREQ_300/link/vivado/vpl/prj/prj.gen/my_rm/bd/ulp/ip/ulp_NeuroRing_8_0/constraints/NeuroRing_ooc.xdc] for cell 'inst'
Parsing XDC File [/home/miahafiz/NeuroRing_a_4096_10c/_x.hw.NUM_4096.CORE_10.FREQ_300/link/vivado/vpl/prj/prj.runs/ulp_NeuroRing_8_0_synth_1/dont_touch.xdc]
Finished Parsing XDC File [/home/miahafiz/NeuroRing_a_4096_10c/_x.hw.NUM_4096.CORE_10.FREQ_300/link/vivado/vpl/prj/prj.runs/ulp_NeuroRing_8_0_synth_1/dont_touch.xdc]
Completed Processing XDC Constraints

Netlist sorting complete. Time (s): cpu = 00:00:00.1 ; elapsed = 00:00:00.09 . Memory (MB): peak = 4057.445 ; gain = 0.000 ; free physical = 2002 ; free virtual = 74821
INFO: [Project 1-111] Unisim Transformation Summary:
  A total of 216 instances were transformed.
  DSP48E1 => DSP48E2 (DSP_ALU, DSP_A_B_DATA, DSP_C_DATA, DSP_MULTIPLIER, DSP_M_DATA, DSP_OUTPUT, DSP_PREADD, DSP_PREADD_DATA): 144 instances
  FDE => FDRE: 72 instances

Constraint Validation Runtime : Time (s): cpu = 00:00:02 ; elapsed = 00:00:03 . Memory (MB): peak = 4089.367 ; gain = 20.000 ; free physical = 7545 ; free virtual = 79630
INFO: [Designutils 20-5008] Incremental synthesis strategy off
---------------------------------------------------------------------------------
Finished Constraint Validation : Time (s): cpu = 00:01:04 ; elapsed = 00:01:12 . Memory (MB): peak = 4093.453 ; gain = 1143.223 ; free physical = 5022 ; free virtual = 77056
---------------------------------------------------------------------------------
---------------------------------------------------------------------------------
Start Loading Part and Timing Information
---------------------------------------------------------------------------------
Loading part: xcu55c-fsvh2892-2L-e
INFO: [Synth 8-6742] Reading net delay rules and data
---------------------------------------------------------------------------------
Finished Loading Part and Timing Information : Time (s): cpu = 00:01:04 ; elapsed = 00:01:12 . Memory (MB): peak = 4101.457 ; gain = 1151.227 ; free physical = 5009 ; free virtual = 77043
---------------------------------------------------------------------------------
---------------------------------------------------------------------------------
Start Applying 'set_property' XDC Constraints
---------------------------------------------------------------------------------
---------------------------------------------------------------------------------
Finished applying 'set_property' XDC Constraints : Time (s): cpu = 00:01:05 ; elapsed = 00:01:13 . Memory (MB): peak = 4101.457 ; gain = 1151.227 ; free physical = 7234 ; free virtual = 79266
---------------------------------------------------------------------------------
WARNING: [Synth 8-3936] Found unconnected internal register 'zext_ln94_2_reg_1182_pp0_iter82_reg_reg' and it is trimmed from '13' to '9' bits. [/home/miahafiz/NeuroRing_a_4096_10c/_x.hw.NUM_4096.CORE_10.FREQ_300/link/vivado/vpl/prj/prj.gen/my_rm/bd/ulp/ipshared/b1dc/hdl/verilog/NeuroRing_NeuroRing_Pipeline_VITIS_LOOP_94_1.v:2093]
WARNING: [Synth 8-3936] Found unconnected internal register 'zext_ln94_2_reg_1182_pp0_iter81_reg_reg' and it is trimmed from '13' to '9' bits. [/home/miahafiz/NeuroRing_a_4096_10c/_x.hw.NUM_4096.CORE_10.FREQ_300/link/vivado/vpl/prj/prj.gen/my_rm/bd/ulp/ipshared/b1dc/hdl/verilog/NeuroRing_NeuroRing_Pipeline_VITIS_LOOP_94_1.v:2092]
WARNING: [Synth 8-3936] Found unconnected internal register 'zext_ln94_2_reg_1182_pp0_iter80_reg_reg' and it is trimmed from '13' to '9' bits. [/home/miahafiz/NeuroRing_a_4096_10c/_x.hw.NUM_4096.CORE_10.FREQ_300/link/vivado/vpl/prj/prj.gen/my_rm/bd/ulp/ipshared/b1dc/hdl/verilog/NeuroRing_NeuroRing_Pipeline_VITIS_LOOP_94_1.v:2091]
WARNING: [Synth 8-3936] Found unconnected internal register 'zext_ln94_2_reg_1182_pp0_iter79_reg_reg' and it is trimmed from '13' to '9' bits. [/home/miahafiz/NeuroRing_a_4096_10c/_x.hw.NUM_4096.CORE_10.FREQ_300/link/vivado/vpl/prj/prj.gen/my_rm/bd/ulp/ipshared/b1dc/hdl/verilog/NeuroRing_NeuroRing_Pipeline_VITIS_LOOP_94_1.v:2089]
WARNING: [Synth 8-3936] Found unconnected internal register 'zext_ln94_2_reg_1182_pp0_iter78_reg_reg' and it is trimmed from '13' to '9' bits. [/home/miahafiz/NeuroRing_a_4096_10c/_x.hw.NUM_4096.CORE_10.FREQ_300/link/vivado/vpl/prj/prj.gen/my_rm/bd/ulp/ipshared/b1dc/hdl/verilog/NeuroRing_NeuroRing_Pipeline_VITIS_LOOP_94_1.v:2088]
WARNING: [Synth 8-3936] Found unconnected internal register 'zext_ln94_2_reg_1182_pp0_iter77_reg_reg' and it is trimmed from '13' to '9' bits. [/home/miahafiz/NeuroRing_a_4096_10c/_x.hw.NUM_4096.CORE_10.FREQ_300/link/vivado/vpl/prj/prj.gen/my_rm/bd/ulp/ipshared/b1dc/hdl/verilog/NeuroRing_NeuroRing_Pipeline_VITIS_LOOP_94_1.v:2087]
WARNING: [Synth 8-3936] Found unconnected internal register 'zext_ln94_2_reg_1182_pp0_iter76_reg_reg' and it is trimmed from '13' to '9' bits. [/home/miahafiz/NeuroRing_a_4096_10c/_x.hw.NUM_4096.CORE_10.FREQ_300/link/vivado/vpl/prj/prj.gen/my_rm/bd/ulp/ipshared/b1dc/hdl/verilog/NeuroRing_NeuroRing_Pipeline_VITIS_LOOP_94_1.v:2086]
WARNING: [Synth 8-3936] Found unconnected internal register 'zext_ln94_2_reg_1182_pp0_iter75_reg_reg' and it is trimmed from '13' to '9' bits. [/home/miahafiz/NeuroRing_a_4096_10c/_x.hw.NUM_4096.CORE_10.FREQ_300/link/vivado/vpl/prj/prj.gen/my_rm/bd/ulp/ipshared/b1dc/hdl/verilog/NeuroRing_NeuroRing_Pipeline_VITIS_LOOP_94_1.v:2085]
WARNING: [Synth 8-3936] Found unconnected internal register 'zext_ln94_2_reg_1182_pp0_iter74_reg_reg' and it is trimmed from '13' to '9' bits. [/home/miahafiz/NeuroRing_a_4096_10c/_x.hw.NUM_4096.CORE_10.FREQ_300/link/vivado/vpl/prj/prj.gen/my_rm/bd/ulp/ipshared/b1dc/hdl/verilog/NeuroRing_NeuroRing_Pipeline_VITIS_LOOP_94_1.v:2084]
WARNING: [Synth 8-3936] Found unconnected internal register 'zext_ln94_2_reg_1182_pp0_iter73_reg_reg' and it is trimmed from '13' to '9' bits. [/home/miahafiz/NeuroRing_a_4096_10c/_x.hw.NUM_4096.CORE_10.FREQ_300/link/vivado/vpl/prj/prj.gen/my_rm/bd/ulp/ipshared/b1dc/hdl/verilog/NeuroRing_NeuroRing_Pipeline_VITIS_LOOP_94_1.v:2083]
WARNING: [Synth 8-3936] Found unconnected internal register 'zext_ln94_2_reg_1182_pp0_iter72_reg_reg' and it is trimmed from '13' to '9' bits. [/home/miahafiz/NeuroRing_a_4096_10c/_x.hw.NUM_4096.CORE_10.FREQ_300/link/vivado/vpl/prj/prj.gen/my_rm/bd/ulp/ipshared/b1dc/hdl/verilog/NeuroRing_NeuroRing_Pipeline_VITIS_LOOP_94_1.v:2082]
WARNING: [Synth 8-3936] Found unconnected internal register 'zext_ln94_2_reg_1182_pp0_iter71_reg_reg' and it is trimmed from '13' to '9' bits. [/home/miahafiz/NeuroRing_a_4096_10c/_x.hw.NUM_4096.CORE_10.FREQ_300/link/vivado/vpl/prj/prj.gen/my_rm/bd/ulp/ipshared/b1dc/hdl/verilog/NeuroRing_NeuroRing_Pipeline_VITIS_LOOP_94_1.v:2081]
WARNING: [Synth 8-3936] Found unconnected internal register 'zext_ln94_2_reg_1182_pp0_iter70_reg_reg' and it is trimmed from '13' to '9' bits. [/home/miahafiz/NeuroRing_a_4096_10c/_x.hw.NUM_4096.CORE_10.FREQ_300/link/vivado/vpl/prj/prj.gen/my_rm/bd/ulp/ipshared/b1dc/hdl/verilog/NeuroRing_NeuroRing_Pipeline_VITIS_LOOP_94_1.v:2080]
WARNING: [Synth 8-3936] Found unconnected internal register 'zext_ln94_2_reg_1182_pp0_iter69_reg_reg' and it is trimmed from '13' to '9' bits. [/home/miahafiz/NeuroRing_a_4096_10c/_x.hw.NUM_4096.CORE_10.FREQ_300/link/vivado/vpl/prj/prj.gen/my_rm/bd/ulp/ipshared/b1dc/hdl/verilog/NeuroRing_NeuroRing_Pipeline_VITIS_LOOP_94_1.v:2078]
WARNING: [Synth 8-3936] Found unconnected internal register 'zext_ln94_2_reg_1182_pp0_iter68_reg_reg' and it is trimmed from '13' to '9' bits. [/home/miahafiz/NeuroRing_a_4096_10c/_x.hw.NUM_4096.CORE_10.FREQ_300/link/vivado/vpl/prj/prj.gen/my_rm/bd/ulp/ipshared/b1dc/hdl/verilog/NeuroRing_NeuroRing_Pipeline_VITIS_LOOP_94_1.v:2077]
WARNING: [Synth 8-3936] Found unconnected internal register 'zext_ln94_2_reg_1182_pp0_iter67_reg_reg' and it is trimmed from '13' to '9' bits. [/home/miahafiz/NeuroRing_a_4096_10c/_x.hw.NUM_4096.CORE_10.FREQ_300/link/vivado/vpl/prj/prj.gen/my_rm/bd/ulp/ipshared/b1dc/hdl/verilog/NeuroRing_NeuroRing_Pipeline_VITIS_LOOP_94_1.v:2076]
WARNING: [Synth 8-3936] Found unconnected internal register 'zext_ln94_2_reg_1182_pp0_iter66_reg_reg' and it is trimmed from '13' to '9' bits. [/home/miahafiz/NeuroRing_a_4096_10c/_x.hw.NUM_4096.CORE_10.FREQ_300/link/vivado/vpl/prj/prj.gen/my_rm/bd/ulp/ipshared/b1dc/hdl/verilog/NeuroRing_NeuroRing_Pipeline_VITIS_LOOP_94_1.v:2075]
WARNING: [Synth 8-3936] Found unconnected internal register 'zext_ln94_2_reg_1182_pp0_iter65_reg_reg' and it is trimmed from '13' to '9' bits. [/home/miahafiz/NeuroRing_a_4096_10c/_x.hw.NUM_4096.CORE_10.FREQ_300/link/vivado/vpl/prj/prj.gen/my_rm/bd/ulp/ipshared/b1dc/hdl/verilog/NeuroRing_NeuroRing_Pipeline_VITIS_LOOP_94_1.v:2074]
WARNING: [Synth 8-3936] Found unconnected internal register 'zext_ln94_2_reg_1182_pp0_iter64_reg_reg' and it is trimmed from '13' to '9' bits. [/home/miahafiz/NeuroRing_a_4096_10c/_x.hw.NUM_4096.CORE_10.FREQ_300/link/vivado/vpl/prj/prj.gen/my_rm/bd/ulp/ipshared/b1dc/hdl/verilog/NeuroRing_NeuroRing_Pipeline_VITIS_LOOP_94_1.v:2073]
WARNING: [Synth 8-3936] Found unconnected internal register 'zext_ln94_2_reg_1182_pp0_iter63_reg_reg' and it is trimmed from '13' to '9' bits. [/home/miahafiz/NeuroRing_a_4096_10c/_x.hw.NUM_4096.CORE_10.FREQ_300/link/vivado/vpl/prj/prj.gen/my_rm/bd/ulp/ipshared/b1dc/hdl/verilog/NeuroRing_NeuroRing_Pipeline_VITIS_LOOP_94_1.v:2072]
WARNING: [Synth 8-3936] Found unconnected internal register 'zext_ln94_2_reg_1182_pp0_iter62_reg_reg' and it is trimmed from '13' to '9' bits. [/home/miahafiz/NeuroRing_a_4096_10c/_x.hw.NUM_4096.CORE_10.FREQ_300/link/vivado/vpl/prj/prj.gen/my_rm/bd/ulp/ipshared/b1dc/hdl/verilog/NeuroRing_NeuroRing_Pipeline_VITIS_LOOP_94_1.v:2071]
WARNING: [Synth 8-3936] Found unconnected internal register 'zext_ln94_2_reg_1182_pp0_iter61_reg_reg' and it is trimmed from '13' to '9' bits. [/home/miahafiz/NeuroRing_a_4096_10c/_x.hw.NUM_4096.CORE_10.FREQ_300/link/vivado/vpl/prj/prj.gen/my_rm/bd/ulp/ipshared/b1dc/hdl/verilog/NeuroRing_NeuroRing_Pipeline_VITIS_LOOP_94_1.v:2070]
WARNING: [Synth 8-3936] Found unconnected internal register 'zext_ln94_2_reg_1182_pp0_iter60_reg_reg' and it is trimmed from '13' to '9' bits. [/home/miahafiz/NeuroRing_a_4096_10c/_x.hw.NUM_4096.CORE_10.FREQ_300/link/vivado/vpl/prj/prj.gen/my_rm/bd/ulp/ipshared/b1dc/hdl/verilog/NeuroRing_NeuroRing_Pipeline_VITIS_LOOP_94_1.v:2069]
WARNING: [Synth 8-3936] Found unconnected internal register 'zext_ln94_2_reg_1182_pp0_iter59_reg_reg' and it is trimmed from '13' to '9' bits. [/home/miahafiz/NeuroRing_a_4096_10c/_x.hw.NUM_4096.CORE_10.FREQ_300/link/vivado/vpl/prj/prj.gen/my_rm/bd/ulp/ipshared/b1dc/hdl/verilog/NeuroRing_NeuroRing_Pipeline_VITIS_LOOP_94_1.v:2067]
WARNING: [Synth 8-3936] Found unconnected internal register 'zext_ln94_2_reg_1182_pp0_iter58_reg_reg' and it is trimmed from '13' to '9' bits. [/home/miahafiz/NeuroRing_a_4096_10c/_x.hw.NUM_4096.CORE_10.FREQ_300/link/vivado/vpl/prj/prj.gen/my_rm/bd/ulp/ipshared/b1dc/hdl/verilog/NeuroRing_NeuroRing_Pipeline_VITIS_LOOP_94_1.v:2066]
WARNING: [Synth 8-3936] Found unconnected internal register 'zext_ln94_2_reg_1182_pp0_iter57_reg_reg' and it is trimmed from '13' to '9' bits. [/home/miahafiz/NeuroRing_a_4096_10c/_x.hw.NUM_4096.CORE_10.FREQ_300/link/vivado/vpl/prj/prj.gen/my_rm/bd/ulp/ipshared/b1dc/hdl/verilog/NeuroRing_NeuroRing_Pipeline_VITIS_LOOP_94_1.v:2065]
WARNING: [Synth 8-3936] Found unconnected internal register 'zext_ln94_2_reg_1182_pp0_iter56_reg_reg' and it is trimmed from '13' to '9' bits. [/home/miahafiz/NeuroRing_a_4096_10c/_x.hw.NUM_4096.CORE_10.FREQ_300/link/vivado/vpl/prj/prj.gen/my_rm/bd/ulp/ipshared/b1dc/hdl/verilog/NeuroRing_NeuroRing_Pipeline_VITIS_LOOP_94_1.v:2064]
WARNING: [Synth 8-3936] Found unconnected internal register 'zext_ln94_2_reg_1182_pp0_iter55_reg_reg' and it is trimmed from '13' to '9' bits. [/home/miahafiz/NeuroRing_a_4096_10c/_x.hw.NUM_4096.CORE_10.FREQ_300/link/vivado/vpl/prj/prj.gen/my_rm/bd/ulp/ipshared/b1dc/hdl/verilog/NeuroRing_NeuroRing_Pipeline_VITIS_LOOP_94_1.v:2063]
WARNING: [Synth 8-3936] Found unconnected internal register 'zext_ln94_2_reg_1182_pp0_iter54_reg_reg' and it is trimmed from '13' to '9' bits. [/home/miahafiz/NeuroRing_a_4096_10c/_x.hw.NUM_4096.CORE_10.FREQ_300/link/vivado/vpl/prj/prj.gen/my_rm/bd/ulp/ipshared/b1dc/hdl/verilog/NeuroRing_NeuroRing_Pipeline_VITIS_LOOP_94_1.v:2062]
WARNING: [Synth 8-3936] Found unconnected internal register 'zext_ln94_2_reg_1182_pp0_iter53_reg_reg' and it is trimmed from '13' to '9' bits. [/home/miahafiz/NeuroRing_a_4096_10c/_x.hw.NUM_4096.CORE_10.FREQ_300/link/vivado/vpl/prj/prj.gen/my_rm/bd/ulp/ipshared/b1dc/hdl/verilog/NeuroRing_NeuroRing_Pipeline_VITIS_LOOP_94_1.v:2061]
WARNING: [Synth 8-3936] Found unconnected internal register 'zext_ln94_2_reg_1182_pp0_iter52_reg_reg' and it is trimmed from '13' to '9' bits. [/home/miahafiz/NeuroRing_a_4096_10c/_x.hw.NUM_4096.CORE_10.FREQ_300/link/vivado/vpl/prj/prj.gen/my_rm/bd/ulp/ipshared/b1dc/hdl/verilog/NeuroRing_NeuroRing_Pipeline_VITIS_LOOP_94_1.v:2060]
WARNING: [Synth 8-3936] Found unconnected internal register 'zext_ln94_2_reg_1182_pp0_iter51_reg_reg' and it is trimmed from '13' to '9' bits. [/home/miahafiz/NeuroRing_a_4096_10c/_x.hw.NUM_4096.CORE_10.FREQ_300/link/vivado/vpl/prj/prj.gen/my_rm/bd/ulp/ipshared/b1dc/hdl/verilog/NeuroRing_NeuroRing_Pipeline_VITIS_LOOP_94_1.v:2059]
WARNING: [Synth 8-3936] Found unconnected internal register 'zext_ln94_2_reg_1182_pp0_iter50_reg_reg' and it is trimmed from '13' to '9' bits. [/home/miahafiz/NeuroRing_a_4096_10c/_x.hw.NUM_4096.CORE_10.FREQ_300/link/vivado/vpl/prj/prj.gen/my_rm/bd/ulp/ipshared/b1dc/hdl/verilog/NeuroRing_NeuroRing_Pipeline_VITIS_LOOP_94_1.v:2058]
WARNING: [Synth 8-3936] Found unconnected internal register 'zext_ln94_2_reg_1182_pp0_iter49_reg_reg' and it is trimmed from '13' to '9' bits. [/home/miahafiz/NeuroRing_a_4096_10c/_x.hw.NUM_4096.CORE_10.FREQ_300/link/vivado/vpl/prj/prj.gen/my_rm/bd/ulp/ipshared/b1dc/hdl/verilog/NeuroRing_NeuroRing_Pipeline_VITIS_LOOP_94_1.v:2056]
WARNING: [Synth 8-3936] Found unconnected internal register 'zext_ln94_2_reg_1182_pp0_iter48_reg_reg' and it is trimmed from '13' to '9' bits. [/home/miahafiz/NeuroRing_a_4096_10c/_x.hw.NUM_4096.CORE_10.FREQ_300/link/vivado/vpl/prj/prj.gen/my_rm/bd/ulp/ipshared/b1dc/hdl/verilog/NeuroRing_NeuroRing_Pipeline_VITIS_LOOP_94_1.v:2055]
WARNING: [Synth 8-3936] Found unconnected internal register 'zext_ln94_2_reg_1182_pp0_iter47_reg_reg' and it is trimmed from '13' to '9' bits. [/home/miahafiz/NeuroRing_a_4096_10c/_x.hw.NUM_4096.CORE_10.FREQ_300/link/vivado/vpl/prj/prj.gen/my_rm/bd/ulp/ipshared/b1dc/hdl/verilog/NeuroRing_NeuroRing_Pipeline_VITIS_LOOP_94_1.v:2054]
WARNING: [Synth 8-3936] Found unconnected internal register 'zext_ln94_2_reg_1182_pp0_iter46_reg_reg' and it is trimmed from '13' to '9' bits. [/home/miahafiz/NeuroRing_a_4096_10c/_x.hw.NUM_4096.CORE_10.FREQ_300/link/vivado/vpl/prj/prj.gen/my_rm/bd/ulp/ipshared/b1dc/hdl/verilog/NeuroRing_NeuroRing_Pipeline_VITIS_LOOP_94_1.v:2053]
WARNING: [Synth 8-3936] Found unconnected internal register 'zext_ln94_2_reg_1182_pp0_iter45_reg_reg' and it is trimmed from '13' to '9' bits. [/home/miahafiz/NeuroRing_a_4096_10c/_x.hw.NUM_4096.CORE_10.FREQ_300/link/vivado/vpl/prj/prj.gen/my_rm/bd/ulp/ipshared/b1dc/hdl/verilog/NeuroRing_NeuroRing_Pipeline_VITIS_LOOP_94_1.v:2052]
WARNING: [Synth 8-3936] Found unconnected internal register 'zext_ln94_2_reg_1182_pp0_iter44_reg_reg' and it is trimmed from '13' to '9' bits. [/home/miahafiz/NeuroRing_a_4096_10c/_x.hw.NUM_4096.CORE_10.FREQ_300/link/vivado/vpl/prj/prj.gen/my_rm/bd/ulp/ipshared/b1dc/hdl/verilog/NeuroRing_NeuroRing_Pipeline_VITIS_LOOP_94_1.v:2051]
WARNING: [Synth 8-3936] Found unconnected internal register 'zext_ln94_2_reg_1182_pp0_iter43_reg_reg' and it is trimmed from '13' to '9' bits. [/home/miahafiz/NeuroRing_a_4096_10c/_x.hw.NUM_4096.CORE_10.FREQ_300/link/vivado/vpl/prj/prj.gen/my_rm/bd/ulp/ipshared/b1dc/hdl/verilog/NeuroRing_NeuroRing_Pipeline_VITIS_LOOP_94_1.v:2050]
WARNING: [Synth 8-3936] Found unconnected internal register 'zext_ln94_2_reg_1182_pp0_iter42_reg_reg' and it is trimmed from '13' to '9' bits. [/home/miahafiz/NeuroRing_a_4096_10c/_x.hw.NUM_4096.CORE_10.FREQ_300/link/vivado/vpl/prj/prj.gen/my_rm/bd/ulp/ipshared/b1dc/hdl/verilog/NeuroRing_NeuroRing_Pipeline_VITIS_LOOP_94_1.v:2049]
WARNING: [Synth 8-3936] Found unconnected internal register 'zext_ln94_2_reg_1182_pp0_iter41_reg_reg' and it is trimmed from '13' to '9' bits. [/home/miahafiz/NeuroRing_a_4096_10c/_x.hw.NUM_4096.CORE_10.FREQ_300/link/vivado/vpl/prj/prj.gen/my_rm/bd/ulp/ipshared/b1dc/hdl/verilog/NeuroRing_NeuroRing_Pipeline_VITIS_LOOP_94_1.v:2048]
WARNING: [Synth 8-3936] Found unconnected internal register 'zext_ln94_2_reg_1182_pp0_iter40_reg_reg' and it is trimmed from '13' to '9' bits. [/home/miahafiz/NeuroRing_a_4096_10c/_x.hw.NUM_4096.CORE_10.FREQ_300/link/vivado/vpl/prj/prj.gen/my_rm/bd/ulp/ipshared/b1dc/hdl/verilog/NeuroRing_NeuroRing_Pipeline_VITIS_LOOP_94_1.v:2047]
WARNING: [Synth 8-3936] Found unconnected internal register 'zext_ln94_2_reg_1182_pp0_iter39_reg_reg' and it is trimmed from '13' to '9' bits. [/home/miahafiz/NeuroRing_a_4096_10c/_x.hw.NUM_4096.CORE_10.FREQ_300/link/vivado/vpl/prj/prj.gen/my_rm/bd/ulp/ipshared/b1dc/hdl/verilog/NeuroRing_NeuroRing_Pipeline_VITIS_LOOP_94_1.v:2045]
WARNING: [Synth 8-3936] Found unconnected internal register 'zext_ln94_2_reg_1182_pp0_iter38_reg_reg' and it is trimmed from '13' to '9' bits. [/home/miahafiz/NeuroRing_a_4096_10c/_x.hw.NUM_4096.CORE_10.FREQ_300/link/vivado/vpl/prj/prj.gen/my_rm/bd/ulp/ipshared/b1dc/hdl/verilog/NeuroRing_NeuroRing_Pipeline_VITIS_LOOP_94_1.v:2044]
WARNING: [Synth 8-3936] Found unconnected internal register 'zext_ln94_2_reg_1182_pp0_iter37_reg_reg' and it is trimmed from '13' to '9' bits. [/home/miahafiz/NeuroRing_a_4096_10c/_x.hw.NUM_4096.CORE_10.FREQ_300/link/vivado/vpl/prj/prj.gen/my_rm/bd/ulp/ipshared/b1dc/hdl/verilog/NeuroRing_NeuroRing_Pipeline_VITIS_LOOP_94_1.v:2043]
WARNING: [Synth 8-3936] Found unconnected internal register 'zext_ln94_2_reg_1182_pp0_iter36_reg_reg' and it is trimmed from '13' to '9' bits. [/home/miahafiz/NeuroRing_a_4096_10c/_x.hw.NUM_4096.CORE_10.FREQ_300/link/vivado/vpl/prj/prj.gen/my_rm/bd/ulp/ipshared/b1dc/hdl/verilog/NeuroRing_NeuroRing_Pipeline_VITIS_LOOP_94_1.v:2042]
WARNING: [Synth 8-3936] Found unconnected internal register 'zext_ln94_2_reg_1182_pp0_iter35_reg_reg' and it is trimmed from '13' to '9' bits. [/home/miahafiz/NeuroRing_a_4096_10c/_x.hw.NUM_4096.CORE_10.FREQ_300/link/vivado/vpl/prj/prj.gen/my_rm/bd/ulp/ipshared/b1dc/hdl/verilog/NeuroRing_NeuroRing_Pipeline_VITIS_LOOP_94_1.v:2041]
WARNING: [Synth 8-3936] Found unconnected internal register 'zext_ln94_2_reg_1182_pp0_iter34_reg_reg' and it is trimmed from '13' to '9' bits. [/home/miahafiz/NeuroRing_a_4096_10c/_x.hw.NUM_4096.CORE_10.FREQ_300/link/vivado/vpl/prj/prj.gen/my_rm/bd/ulp/ipshared/b1dc/hdl/verilog/NeuroRing_NeuroRing_Pipeline_VITIS_LOOP_94_1.v:2040]
WARNING: [Synth 8-3936] Found unconnected internal register 'zext_ln94_2_reg_1182_pp0_iter33_reg_reg' and it is trimmed from '13' to '9' bits. [/home/miahafiz/NeuroRing_a_4096_10c/_x.hw.NUM_4096.CORE_10.FREQ_300/link/vivado/vpl/prj/prj.gen/my_rm/bd/ulp/ipshared/b1dc/hdl/verilog/NeuroRing_NeuroRing_Pipeline_VITIS_LOOP_94_1.v:2039]
WARNING: [Synth 8-3936] Found unconnected internal register 'zext_ln94_2_reg_1182_pp0_iter32_reg_reg' and it is trimmed from '13' to '9' bits. [/home/miahafiz/NeuroRing_a_4096_10c/_x.hw.NUM_4096.CORE_10.FREQ_300/link/vivado/vpl/prj/prj.gen/my_rm/bd/ulp/ipshared/b1dc/hdl/verilog/NeuroRing_NeuroRing_Pipeline_VITIS_LOOP_94_1.v:2038]
WARNING: [Synth 8-3936] Found unconnected internal register 'zext_ln94_2_reg_1182_pp0_iter31_reg_reg' and it is trimmed from '13' to '9' bits. [/home/miahafiz/NeuroRing_a_4096_10c/_x.hw.NUM_4096.CORE_10.FREQ_300/link/vivado/vpl/prj/prj.gen/my_rm/bd/ulp/ipshared/b1dc/hdl/verilog/NeuroRing_NeuroRing_Pipeline_VITIS_LOOP_94_1.v:2037]
WARNING: [Synth 8-3936] Found unconnected internal register 'zext_ln94_2_reg_1182_pp0_iter30_reg_reg' and it is trimmed from '13' to '9' bits. [/home/miahafiz/NeuroRing_a_4096_10c/_x.hw.NUM_4096.CORE_10.FREQ_300/link/vivado/vpl/prj/prj.gen/my_rm/bd/ulp/ipshared/b1dc/hdl/verilog/NeuroRing_NeuroRing_Pipeline_VITIS_LOOP_94_1.v:2036]
WARNING: [Synth 8-3936] Found unconnected internal register 'zext_ln94_2_reg_1182_pp0_iter29_reg_reg' and it is trimmed from '13' to '9' bits. [/home/miahafiz/NeuroRing_a_4096_10c/_x.hw.NUM_4096.CORE_10.FREQ_300/link/vivado/vpl/prj/prj.gen/my_rm/bd/ulp/ipshared/b1dc/hdl/verilog/NeuroRing_NeuroRing_Pipeline_VITIS_LOOP_94_1.v:2034]
WARNING: [Synth 8-3936] Found unconnected internal register 'zext_ln94_2_reg_1182_pp0_iter28_reg_reg' and it is trimmed from '13' to '9' bits. [/home/miahafiz/NeuroRing_a_4096_10c/_x.hw.NUM_4096.CORE_10.FREQ_300/link/vivado/vpl/prj/prj.gen/my_rm/bd/ulp/ipshared/b1dc/hdl/verilog/NeuroRing_NeuroRing_Pipeline_VITIS_LOOP_94_1.v:2033]
WARNING: [Synth 8-3936] Found unconnected internal register 'zext_ln94_2_reg_1182_pp0_iter27_reg_reg' and it is trimmed from '13' to '9' bits. [/home/miahafiz/NeuroRing_a_4096_10c/_x.hw.NUM_4096.CORE_10.FREQ_300/link/vivado/vpl/prj/prj.gen/my_rm/bd/ulp/ipshared/b1dc/hdl/verilog/NeuroRing_NeuroRing_Pipeline_VITIS_LOOP_94_1.v:2032]
WARNING: [Synth 8-3936] Found unconnected internal register 'zext_ln94_2_reg_1182_pp0_iter26_reg_reg' and it is trimmed from '13' to '9' bits. [/home/miahafiz/NeuroRing_a_4096_10c/_x.hw.NUM_4096.CORE_10.FREQ_300/link/vivado/vpl/prj/prj.gen/my_rm/bd/ulp/ipshared/b1dc/hdl/verilog/NeuroRing_NeuroRing_Pipeline_VITIS_LOOP_94_1.v:2031]
WARNING: [Synth 8-3936] Found unconnected internal register 'zext_ln94_2_reg_1182_pp0_iter25_reg_reg' and it is trimmed from '13' to '9' bits. [/home/miahafiz/NeuroRing_a_4096_10c/_x.hw.NUM_4096.CORE_10.FREQ_300/link/vivado/vpl/prj/prj.gen/my_rm/bd/ulp/ipshared/b1dc/hdl/verilog/NeuroRing_NeuroRing_Pipeline_VITIS_LOOP_94_1.v:2030]
WARNING: [Synth 8-3936] Found unconnected internal register 'zext_ln94_2_reg_1182_pp0_iter24_reg_reg' and it is trimmed from '13' to '9' bits. [/home/miahafiz/NeuroRing_a_4096_10c/_x.hw.NUM_4096.CORE_10.FREQ_300/link/vivado/vpl/prj/prj.gen/my_rm/bd/ulp/ipshared/b1dc/hdl/verilog/NeuroRing_NeuroRing_Pipeline_VITIS_LOOP_94_1.v:2029]
WARNING: [Synth 8-3936] Found unconnected internal register 'zext_ln94_2_reg_1182_pp0_iter23_reg_reg' and it is trimmed from '13' to '9' bits. [/home/miahafiz/NeuroRing_a_4096_10c/_x.hw.NUM_4096.CORE_10.FREQ_300/link/vivado/vpl/prj/prj.gen/my_rm/bd/ulp/ipshared/b1dc/hdl/verilog/NeuroRing_NeuroRing_Pipeline_VITIS_LOOP_94_1.v:2028]
WARNING: [Synth 8-3936] Found unconnected internal register 'zext_ln94_2_reg_1182_pp0_iter22_reg_reg' and it is trimmed from '13' to '9' bits. [/home/miahafiz/NeuroRing_a_4096_10c/_x.hw.NUM_4096.CORE_10.FREQ_300/link/vivado/vpl/prj/prj.gen/my_rm/bd/ulp/ipshared/b1dc/hdl/verilog/NeuroRing_NeuroRing_Pipeline_VITIS_LOOP_94_1.v:2027]
WARNING: [Synth 8-3936] Found unconnected internal register 'zext_ln94_2_reg_1182_pp0_iter21_reg_reg' and it is trimmed from '13' to '9' bits. [/home/miahafiz/NeuroRing_a_4096_10c/_x.hw.NUM_4096.CORE_10.FREQ_300/link/vivado/vpl/prj/prj.gen/my_rm/bd/ulp/ipshared/b1dc/hdl/verilog/NeuroRing_NeuroRing_Pipeline_VITIS_LOOP_94_1.v:2026]
WARNING: [Synth 8-3936] Found unconnected internal register 'zext_ln94_2_reg_1182_pp0_iter20_reg_reg' and it is trimmed from '13' to '9' bits. [/home/miahafiz/NeuroRing_a_4096_10c/_x.hw.NUM_4096.CORE_10.FREQ_300/link/vivado/vpl/prj/prj.gen/my_rm/bd/ulp/ipshared/b1dc/hdl/verilog/NeuroRing_NeuroRing_Pipeline_VITIS_LOOP_94_1.v:2025]
WARNING: [Synth 8-3936] Found unconnected internal register 'zext_ln94_2_reg_1182_pp0_iter19_reg_reg' and it is trimmed from '13' to '9' bits. [/home/miahafiz/NeuroRing_a_4096_10c/_x.hw.NUM_4096.CORE_10.FREQ_300/link/vivado/vpl/prj/prj.gen/my_rm/bd/ulp/ipshared/b1dc/hdl/verilog/NeuroRing_NeuroRing_Pipeline_VITIS_LOOP_94_1.v:2024]
WARNING: [Synth 8-3936] Found unconnected internal register 'zext_ln94_2_reg_1182_pp0_iter18_reg_reg' and it is trimmed from '13' to '9' bits. [/home/miahafiz/NeuroRing_a_4096_10c/_x.hw.NUM_4096.CORE_10.FREQ_300/link/vivado/vpl/prj/prj.gen/my_rm/bd/ulp/ipshared/b1dc/hdl/verilog/NeuroRing_NeuroRing_Pipeline_VITIS_LOOP_94_1.v:2023]
WARNING: [Synth 8-3936] Found unconnected internal register 'zext_ln94_2_reg_1182_pp0_iter17_reg_reg' and it is trimmed from '13' to '9' bits. [/home/miahafiz/NeuroRing_a_4096_10c/_x.hw.NUM_4096.CORE_10.FREQ_300/link/vivado/vpl/prj/prj.gen/my_rm/bd/ulp/ipshared/b1dc/hdl/verilog/NeuroRing_NeuroRing_Pipeline_VITIS_LOOP_94_1.v:2022]
WARNING: [Synth 8-3936] Found unconnected internal register 'zext_ln94_2_reg_1182_pp0_iter16_reg_reg' and it is trimmed from '13' to '9' bits. [/home/miahafiz/NeuroRing_a_4096_10c/_x.hw.NUM_4096.CORE_10.FREQ_300/link/vivado/vpl/prj/prj.gen/my_rm/bd/ulp/ipshared/b1dc/hdl/verilog/NeuroRing_NeuroRing_Pipeline_VITIS_LOOP_94_1.v:2021]
WARNING: [Synth 8-3936] Found unconnected internal register 'zext_ln94_2_reg_1182_pp0_iter15_reg_reg' and it is trimmed from '13' to '9' bits. [/home/miahafiz/NeuroRing_a_4096_10c/_x.hw.NUM_4096.CORE_10.FREQ_300/link/vivado/vpl/prj/prj.gen/my_rm/bd/ulp/ipshared/b1dc/hdl/verilog/NeuroRing_NeuroRing_Pipeline_VITIS_LOOP_94_1.v:2020]
WARNING: [Synth 8-3936] Found unconnected internal register 'zext_ln94_2_reg_1182_pp0_iter14_reg_reg' and it is trimmed from '13' to '9' bits. [/home/miahafiz/NeuroRing_a_4096_10c/_x.hw.NUM_4096.CORE_10.FREQ_300/link/vivado/vpl/prj/prj.gen/my_rm/bd/ulp/ipshared/b1dc/hdl/verilog/NeuroRing_NeuroRing_Pipeline_VITIS_LOOP_94_1.v:2019]
WARNING: [Synth 8-3936] Found unconnected internal register 'zext_ln94_2_reg_1182_pp0_iter13_reg_reg' and it is trimmed from '13' to '9' bits. [/home/miahafiz/NeuroRing_a_4096_10c/_x.hw.NUM_4096.CORE_10.FREQ_300/link/vivado/vpl/prj/prj.gen/my_rm/bd/ulp/ipshared/b1dc/hdl/verilog/NeuroRing_NeuroRing_Pipeline_VITIS_LOOP_94_1.v:2018]
WARNING: [Synth 8-3936] Found unconnected internal register 'zext_ln94_2_reg_1182_pp0_iter12_reg_reg' and it is trimmed from '13' to '9' bits. [/home/miahafiz/NeuroRing_a_4096_10c/_x.hw.NUM_4096.CORE_10.FREQ_300/link/vivado/vpl/prj/prj.gen/my_rm/bd/ulp/ipshared/b1dc/hdl/verilog/NeuroRing_NeuroRing_Pipeline_VITIS_LOOP_94_1.v:2017]
WARNING: [Synth 8-3936] Found unconnected internal register 'zext_ln94_2_reg_1182_pp0_iter11_reg_reg' and it is trimmed from '13' to '9' bits. [/home/miahafiz/NeuroRing_a_4096_10c/_x.hw.NUM_4096.CORE_10.FREQ_300/link/vivado/vpl/prj/prj.gen/my_rm/bd/ulp/ipshared/b1dc/hdl/verilog/NeuroRing_NeuroRing_Pipeline_VITIS_LOOP_94_1.v:2016]
WARNING: [Synth 8-3936] Found unconnected internal register 'zext_ln94_2_reg_1182_pp0_iter10_reg_reg' and it is trimmed from '13' to '9' bits. [/home/miahafiz/NeuroRing_a_4096_10c/_x.hw.NUM_4096.CORE_10.FREQ_300/link/vivado/vpl/prj/prj.gen/my_rm/bd/ulp/ipshared/b1dc/hdl/verilog/NeuroRing_NeuroRing_Pipeline_VITIS_LOOP_94_1.v:2015]
WARNING: [Synth 8-3936] Found unconnected internal register 'zext_ln94_2_reg_1182_pp0_iter9_reg_reg' and it is trimmed from '13' to '9' bits. [/home/miahafiz/NeuroRing_a_4096_10c/_x.hw.NUM_4096.CORE_10.FREQ_300/link/vivado/vpl/prj/prj.gen/my_rm/bd/ulp/ipshared/b1dc/hdl/verilog/NeuroRing_NeuroRing_Pipeline_VITIS_LOOP_94_1.v:2015]
WARNING: [Synth 8-3936] Found unconnected internal register 'zext_ln94_2_reg_1182_pp0_iter8_reg_reg' and it is trimmed from '13' to '9' bits. [/home/miahafiz/NeuroRing_a_4096_10c/_x.hw.NUM_4096.CORE_10.FREQ_300/link/vivado/vpl/prj/prj.gen/my_rm/bd/ulp/ipshared/b1dc/hdl/verilog/NeuroRing_NeuroRing_Pipeline_VITIS_LOOP_94_1.v:2094]
WARNING: [Synth 8-3936] Found unconnected internal register 'zext_ln94_2_reg_1182_pp0_iter7_reg_reg' and it is trimmed from '13' to '9' bits. [/home/miahafiz/NeuroRing_a_4096_10c/_x.hw.NUM_4096.CORE_10.FREQ_300/link/vivado/vpl/prj/prj.gen/my_rm/bd/ulp/ipshared/b1dc/hdl/verilog/NeuroRing_NeuroRing_Pipeline_VITIS_LOOP_94_1.v:2090]
WARNING: [Synth 8-3936] Found unconnected internal register 'zext_ln94_2_reg_1182_pp0_iter6_reg_reg' and it is trimmed from '13' to '9' bits. [/home/miahafiz/NeuroRing_a_4096_10c/_x.hw.NUM_4096.CORE_10.FREQ_300/link/vivado/vpl/prj/prj.gen/my_rm/bd/ulp/ipshared/b1dc/hdl/verilog/NeuroRing_NeuroRing_Pipeline_VITIS_LOOP_94_1.v:2079]
WARNING: [Synth 8-3936] Found unconnected internal register 'zext_ln94_2_reg_1182_pp0_iter5_reg_reg' and it is trimmed from '13' to '9' bits. [/home/miahafiz/NeuroRing_a_4096_10c/_x.hw.NUM_4096.CORE_10.FREQ_300/link/vivado/vpl/prj/prj.gen/my_rm/bd/ulp/ipshared/b1dc/hdl/verilog/NeuroRing_NeuroRing_Pipeline_VITIS_LOOP_94_1.v:2068]
WARNING: [Synth 8-3936] Found unconnected internal register 'zext_ln94_2_reg_1182_pp0_iter4_reg_reg' and it is trimmed from '13' to '9' bits. [/home/miahafiz/NeuroRing_a_4096_10c/_x.hw.NUM_4096.CORE_10.FREQ_300/link/vivado/vpl/prj/prj.gen/my_rm/bd/ulp/ipshared/b1dc/hdl/verilog/NeuroRing_NeuroRing_Pipeline_VITIS_LOOP_94_1.v:2057]
WARNING: [Synth 8-3936] Found unconnected internal register 'zext_ln94_2_reg_1182_pp0_iter3_reg_reg' and it is trimmed from '13' to '9' bits. [/home/miahafiz/NeuroRing_a_4096_10c/_x.hw.NUM_4096.CORE_10.FREQ_300/link/vivado/vpl/prj/prj.gen/my_rm/bd/ulp/ipshared/b1dc/hdl/verilog/NeuroRing_NeuroRing_Pipeline_VITIS_LOOP_94_1.v:2046]
WARNING: [Synth 8-3936] Found unconnected internal register 'zext_ln94_2_reg_1182_pp0_iter2_reg_reg' and it is trimmed from '13' to '9' bits. [/home/miahafiz/NeuroRing_a_4096_10c/_x.hw.NUM_4096.CORE_10.FREQ_300/link/vivado/vpl/prj/prj.gen/my_rm/bd/ulp/ipshared/b1dc/hdl/verilog/NeuroRing_NeuroRing_Pipeline_VITIS_LOOP_94_1.v:2035]
WARNING: [Synth 8-3936] Found unconnected internal register 'zext_ln94_2_reg_1182_reg' and it is trimmed from '13' to '9' bits. [/home/miahafiz/NeuroRing_a_4096_10c/_x.hw.NUM_4096.CORE_10.FREQ_300/link/vivado/vpl/prj/prj.gen/my_rm/bd/ulp/ipshared/b1dc/hdl/verilog/NeuroRing_NeuroRing_Pipeline_VITIS_LOOP_94_1.v:2353]
WARNING: [Synth 8-3936] Found unconnected internal register 'i_3_reg_1164_pp0_iter75_reg_reg' and it is trimmed from '13' to '12' bits. [/home/miahafiz/NeuroRing_a_4096_10c/_x.hw.NUM_4096.CORE_10.FREQ_300/link/vivado/vpl/prj/prj.gen/my_rm/bd/ulp/ipshared/b1dc/hdl/verilog/NeuroRing_NeuroRing_Pipeline_VITIS_LOOP_94_1.v:2251]
WARNING: [Synth 8-3936] Found unconnected internal register 'i_3_reg_1164_pp0_iter74_reg_reg' and it is trimmed from '13' to '12' bits. [/home/miahafiz/NeuroRing_a_4096_10c/_x.hw.NUM_4096.CORE_10.FREQ_300/link/vivado/vpl/prj/prj.gen/my_rm/bd/ulp/ipshared/b1dc/hdl/verilog/NeuroRing_NeuroRing_Pipeline_VITIS_LOOP_94_1.v:2250]
WARNING: [Synth 8-3936] Found unconnected internal register 'i_3_reg_1164_pp0_iter73_reg_reg' and it is trimmed from '13' to '12' bits. [/home/miahafiz/NeuroRing_a_4096_10c/_x.hw.NUM_4096.CORE_10.FREQ_300/link/vivado/vpl/prj/prj.gen/my_rm/bd/ulp/ipshared/b1dc/hdl/verilog/NeuroRing_NeuroRing_Pipeline_VITIS_LOOP_94_1.v:2249]
WARNING: [Synth 8-3936] Found unconnected internal register 'i_3_reg_1164_pp0_iter72_reg_reg' and it is trimmed from '13' to '12' bits. [/home/miahafiz/NeuroRing_a_4096_10c/_x.hw.NUM_4096.CORE_10.FREQ_300/link/vivado/vpl/prj/prj.gen/my_rm/bd/ulp/ipshared/b1dc/hdl/verilog/NeuroRing_NeuroRing_Pipeline_VITIS_LOOP_94_1.v:2248]
WARNING: [Synth 8-3936] Found unconnected internal register 'i_3_reg_1164_pp0_iter71_reg_reg' and it is trimmed from '13' to '12' bits. [/home/miahafiz/NeuroRing_a_4096_10c/_x.hw.NUM_4096.CORE_10.FREQ_300/link/vivado/vpl/prj/prj.gen/my_rm/bd/ulp/ipshared/b1dc/hdl/verilog/NeuroRing_NeuroRing_Pipeline_VITIS_LOOP_94_1.v:2247]
WARNING: [Synth 8-3936] Found unconnected internal register 'i_3_reg_1164_pp0_iter70_reg_reg' and it is trimmed from '13' to '12' bits. [/home/miahafiz/NeuroRing_a_4096_10c/_x.hw.NUM_4096.CORE_10.FREQ_300/link/vivado/vpl/prj/prj.gen/my_rm/bd/ulp/ipshared/b1dc/hdl/verilog/NeuroRing_NeuroRing_Pipeline_VITIS_LOOP_94_1.v:2246]
WARNING: [Synth 8-3936] Found unconnected internal register 'i_3_reg_1164_pp0_iter69_reg_reg' and it is trimmed from '13' to '12' bits. [/home/miahafiz/NeuroRing_a_4096_10c/_x.hw.NUM_4096.CORE_10.FREQ_300/link/vivado/vpl/prj/prj.gen/my_rm/bd/ulp/ipshared/b1dc/hdl/verilog/NeuroRing_NeuroRing_Pipeline_VITIS_LOOP_94_1.v:2244]
WARNING: [Synth 8-3936] Found unconnected internal register 'i_3_reg_1164_pp0_iter68_reg_reg' and it is trimmed from '13' to '12' bits. [/home/miahafiz/NeuroRing_a_4096_10c/_x.hw.NUM_4096.CORE_10.FREQ_300/link/vivado/vpl/prj/prj.gen/my_rm/bd/ulp/ipshared/b1dc/hdl/verilog/NeuroRing_NeuroRing_Pipeline_VITIS_LOOP_94_1.v:2243]
WARNING: [Synth 8-3936] Found unconnected internal register 'i_3_reg_1164_pp0_iter67_reg_reg' and it is trimmed from '13' to '12' bits. [/home/miahafiz/NeuroRing_a_4096_10c/_x.hw.NUM_4096.CORE_10.FREQ_300/link/vivado/vpl/prj/prj.gen/my_rm/bd/ulp/ipshared/b1dc/hdl/verilog/NeuroRing_NeuroRing_Pipeline_VITIS_LOOP_94_1.v:2242]
WARNING: [Synth 8-3936] Found unconnected internal register 'i_3_reg_1164_pp0_iter66_reg_reg' and it is trimmed from '13' to '12' bits. [/home/miahafiz/NeuroRing_a_4096_10c/_x.hw.NUM_4096.CORE_10.FREQ_300/link/vivado/vpl/prj/prj.gen/my_rm/bd/ulp/ipshared/b1dc/hdl/verilog/NeuroRing_NeuroRing_Pipeline_VITIS_LOOP_94_1.v:2241]
WARNING: [Synth 8-3936] Found unconnected internal register 'i_3_reg_1164_pp0_iter65_reg_reg' and it is trimmed from '13' to '12' bits. [/home/miahafiz/NeuroRing_a_4096_10c/_x.hw.NUM_4096.CORE_10.FREQ_300/link/vivado/vpl/prj/prj.gen/my_rm/bd/ulp/ipshared/b1dc/hdl/verilog/NeuroRing_NeuroRing_Pipeline_VITIS_LOOP_94_1.v:2240]
WARNING: [Synth 8-3936] Found unconnected internal register 'i_3_reg_1164_pp0_iter64_reg_reg' and it is trimmed from '13' to '12' bits. [/home/miahafiz/NeuroRing_a_4096_10c/_x.hw.NUM_4096.CORE_10.FREQ_300/link/vivado/vpl/prj/prj.gen/my_rm/bd/ulp/ipshared/b1dc/hdl/verilog/NeuroRing_NeuroRing_Pipeline_VITIS_LOOP_94_1.v:2239]
WARNING: [Synth 8-3936] Found unconnected internal register 'i_3_reg_1164_pp0_iter63_reg_reg' and it is trimmed from '13' to '12' bits. [/home/miahafiz/NeuroRing_a_4096_10c/_x.hw.NUM_4096.CORE_10.FREQ_300/link/vivado/vpl/prj/prj.gen/my_rm/bd/ulp/ipshared/b1dc/hdl/verilog/NeuroRing_NeuroRing_Pipeline_VITIS_LOOP_94_1.v:2238]
WARNING: [Synth 8-3936] Found unconnected internal register 'i_3_reg_1164_pp0_iter62_reg_reg' and it is trimmed from '13' to '12' bits. [/home/miahafiz/NeuroRing_a_4096_10c/_x.hw.NUM_4096.CORE_10.FREQ_300/link/vivado/vpl/prj/prj.gen/my_rm/bd/ulp/ipshared/b1dc/hdl/verilog/NeuroRing_NeuroRing_Pipeline_VITIS_LOOP_94_1.v:2237]
WARNING: [Synth 8-3936] Found unconnected internal register 'i_3_reg_1164_pp0_iter61_reg_reg' and it is trimmed from '13' to '12' bits. [/home/miahafiz/NeuroRing_a_4096_10c/_x.hw.NUM_4096.CORE_10.FREQ_300/link/vivado/vpl/prj/prj.gen/my_rm/bd/ulp/ipshared/b1dc/hdl/verilog/NeuroRing_NeuroRing_Pipeline_VITIS_LOOP_94_1.v:2236]
WARNING: [Synth 8-3936] Found unconnected internal register 'i_3_reg_1164_pp0_iter60_reg_reg' and it is trimmed from '13' to '12' bits. [/home/miahafiz/NeuroRing_a_4096_10c/_x.hw.NUM_4096.CORE_10.FREQ_300/link/vivado/vpl/prj/prj.gen/my_rm/bd/ulp/ipshared/b1dc/hdl/verilog/NeuroRing_NeuroRing_Pipeline_VITIS_LOOP_94_1.v:2235]
WARNING: [Synth 8-3936] Found unconnected internal register 'i_3_reg_1164_pp0_iter59_reg_reg' and it is trimmed from '13' to '12' bits. [/home/miahafiz/NeuroRing_a_4096_10c/_x.hw.NUM_4096.CORE_10.FREQ_300/link/vivado/vpl/prj/prj.gen/my_rm/bd/ulp/ipshared/b1dc/hdl/verilog/NeuroRing_NeuroRing_Pipeline_VITIS_LOOP_94_1.v:2233]
WARNING: [Synth 8-3936] Found unconnected internal register 'i_3_reg_1164_pp0_iter58_reg_reg' and it is trimmed from '13' to '12' bits. [/home/miahafiz/NeuroRing_a_4096_10c/_x.hw.NUM_4096.CORE_10.FREQ_300/link/vivado/vpl/prj/prj.gen/my_rm/bd/ulp/ipshared/b1dc/hdl/verilog/NeuroRing_NeuroRing_Pipeline_VITIS_LOOP_94_1.v:2232]
INFO: [Common 17-14] Message 'Synth 8-3936' appears 100 times and further instances of the messages will be disabled.
INFO: [Synth 8-802] inferred FSM for state register 'wstate_reg' in module 'NeuroRing_control_s_axi'
INFO: [Synth 8-802] inferred FSM for state register 'rstate_reg' in module 'NeuroRing_control_s_axi'
INFO: [Synth 8-802] inferred FSM for state register 'state_reg' in module 'NeuroRing_gmem_syn_m_axi_reg_slice'
INFO: [Synth 8-802] inferred FSM for state register 'state_reg' in module 'NeuroRing_gmem_syn_m_axi_reg_slice__parameterized0'
INFO: [Synth 8-802] inferred FSM for state register 'state_reg' in module 'NeuroRing_gmem_syn_m_axi_reg_slice__parameterized1'
INFO: [Synth 8-802] inferred FSM for state register 'state_reg' in module 'NeuroRing_gmem_syn_m_axi_reg_slice__parameterized2'
INFO: [Synth 8-802] inferred FSM for state register 'state_reg' in module 'NeuroRing_gmem_syn_m_axi_reg_slice__parameterized3'
INFO: [Synth 8-802] inferred FSM for state register 'state_reg' in module 'NeuroRing_regslice_both'
INFO: [Synth 8-802] inferred FSM for state register 'state_reg' in module 'NeuroRing_regslice_both__parameterized0'
INFO: [Synth 8-802] inferred FSM for state register 'state_reg' in module 'NeuroRing_regslice_both__parameterized1'
INFO: [Synth 8-4490] FSM extraction disabled for register 'ap_CS_fsm_reg' through user attribute
INFO: [Synth 8-4490] FSM extraction disabled for register 'ap_CS_fsm_reg' through user attribute
---------------------------------------------------------------------------------------------------
                   State |                     New Encoding |                Previous Encoding 
---------------------------------------------------------------------------------------------------
                  iSTATE |                             0001 |                               11
*
                  WRIDLE |                             0010 |                               00
                  WRDATA |                             0100 |                               01
                  WRRESP |                             1000 |                               10
---------------------------------------------------------------------------------------------------
INFO: [Synth 8-3354] encoded FSM with state register 'wstate_reg' using encoding 'one-hot' in module 'NeuroRing_control_s_axi'
---------------------------------------------------------------------------------------------------
                   State |                     New Encoding |                Previous Encoding 
---------------------------------------------------------------------------------------------------
                  iSTATE |                              001 |                               10
*
                  RDIDLE |                              010 |                               00
                  RDDATA |                              100 |                               01
---------------------------------------------------------------------------------------------------
INFO: [Synth 8-3354] encoded FSM with state register 'rstate_reg' using encoding 'one-hot' in module 'NeuroRing_control_s_axi'
---------------------------------------------------------------------------------------------------
                   State |                     New Encoding |                Previous Encoding 
---------------------------------------------------------------------------------------------------
                    ZERO |                               00 |                               10
                     ONE |                               10 |                               11
                     TWO |                               01 |                               01
---------------------------------------------------------------------------------------------------
INFO: [Synth 8-3354] encoded FSM with state register 'state_reg' using encoding 'sequential' in module 'NeuroRing_gmem_syn_m_axi_reg_slice'
---------------------------------------------------------------------------------------------------
                   State |                     New Encoding |                Previous Encoding 
---------------------------------------------------------------------------------------------------
                    ZERO |                               00 |                               10
                     ONE |                               10 |                               11
                     TWO |                               01 |                               01
---------------------------------------------------------------------------------------------------
INFO: [Synth 8-3354] encoded FSM with state register 'state_reg' using encoding 'sequential' in module 'NeuroRing_gmem_syn_m_axi_reg_slice__parameterized0'
---------------------------------------------------------------------------------------------------
                   State |                     New Encoding |                Previous Encoding 
---------------------------------------------------------------------------------------------------
                    ZERO |                               00 |                               10
                     ONE |                               10 |                               11
                     TWO |                               01 |                               01
---------------------------------------------------------------------------------------------------
INFO: [Synth 8-3354] encoded FSM with state register 'state_reg' using encoding 'sequential' in module 'NeuroRing_gmem_syn_m_axi_reg_slice__parameterized1'
---------------------------------------------------------------------------------------------------
                   State |                     New Encoding |                Previous Encoding 
---------------------------------------------------------------------------------------------------
                    ZERO |                               00 |                               10
                     ONE |                               10 |                               11
                     TWO |                               01 |                               01
---------------------------------------------------------------------------------------------------
INFO: [Synth 8-3354] encoded FSM with state register 'state_reg' using encoding 'sequential' in module 'NeuroRing_gmem_syn_m_axi_reg_slice__parameterized2'
---------------------------------------------------------------------------------------------------
                   State |                     New Encoding |                Previous Encoding 
---------------------------------------------------------------------------------------------------
                    ZERO |                               00 |                               10
                     ONE |                               10 |                               11
                     TWO |                               01 |                               01
---------------------------------------------------------------------------------------------------
INFO: [Synth 8-3354] encoded FSM with state register 'state_reg' using encoding 'sequential' in module 'NeuroRing_gmem_syn_m_axi_reg_slice__parameterized3'
---------------------------------------------------------------------------------------------------
                   State |                     New Encoding |                Previous Encoding 
---------------------------------------------------------------------------------------------------
                  iSTATE |                               00 |                               00
*
                    ZERO |                               01 |                               10
                     ONE |                               11 |                               11
                     TWO |                               10 |                               01
---------------------------------------------------------------------------------------------------
INFO: [Synth 8-3354] encoded FSM with state register 'state_reg' using encoding 'sequential' in module 'NeuroRing_regslice_both'
---------------------------------------------------------------------------------------------------
                   State |                     New Encoding |                Previous Encoding 
---------------------------------------------------------------------------------------------------
                  iSTATE |                               00 |                               00
*
                    ZERO |                               01 |                               10
                     ONE |                               11 |                               11
                     TWO |                               10 |                               01
---------------------------------------------------------------------------------------------------
INFO: [Synth 8-3354] encoded FSM with state register 'state_reg' using encoding 'sequential' in module 'NeuroRing_regslice_both__parameterized0'
---------------------------------------------------------------------------------------------------
                   State |                     New Encoding |                Previous Encoding 
---------------------------------------------------------------------------------------------------
                  iSTATE |                               00 |                               00
*
                    ZERO |                               01 |                               10
                     ONE |                               11 |                               11
                     TWO |                               10 |                               01
---------------------------------------------------------------------------------------------------
INFO: [Synth 8-3354] encoded FSM with state register 'state_reg' using encoding 'sequential' in module 'NeuroRing_regslice_both__parameterized1'
---------------------------------------------------------------------------------
Finished RTL Optimization Phase 2 : Time (s): cpu = 00:01:21 ; elapsed = 00:01:31 . Memory (MB): peak = 4101.457 ; gain = 1151.227 ; free physical = 36513 ; free virtual = 108569
---------------------------------------------------------------------------------
INFO: [Synth 8-223] decloning instance 'NeuroRing_fadd_32ns_32ns_32_7_full_dsp_1_ip:/U0/i_synth/DELAY_DIVIDE_BY_ZERO' (delay__parameterized0) to 'NeuroRing_fadd_32ns_32ns_32_7_full_dsp_1_ip:/U0/i_synth/DELAY_ACCUM_OVERFLOW'
INFO: [Synth 8-223] decloning instance 'NeuroRing_fadd_32ns_32ns_32_7_full_dsp_1_ip:/U0/i_synth/DELAY_DIVIDE_BY_ZERO' (delay__parameterized0) to 'NeuroRing_fadd_32ns_32ns_32_7_full_dsp_1_ip:/U0/i_synth/DELAY_ACCUM_INPUT_OVERFLOW'
INFO: [Synth 8-223] decloning instance 'NeuroRing_fmul_32ns_32ns_32_4_max_dsp_1_ip:/U0/i_synth/DELAY_DIVIDE_BY_ZERO' (delay__parameterized0) to 'NeuroRing_fmul_32ns_32ns_32_4_max_dsp_1_ip:/U0/i_synth/DELAY_ACCUM_OVERFLOW'
INFO: [Synth 8-223] decloning instance 'NeuroRing_fmul_32ns_32ns_32_4_max_dsp_1_ip:/U0/i_synth/DELAY_DIVIDE_BY_ZERO' (delay__parameterized0) to 'NeuroRing_fmul_32ns_32ns_32_4_max_dsp_1_ip:/U0/i_synth/DELAY_ACCUM_INPUT_OVERFLOW'
INFO: [Synth 8-223] decloning instance 'NeuroRing_fcmp_32ns_32ns_1_2_no_dsp_1_ip:/U0/i_synth/DELAY_DIVIDE_BY_ZERO' (delay__parameterized0) to 'NeuroRing_fcmp_32ns_32ns_1_2_no_dsp_1_ip:/U0/i_synth/DELAY_OVERFLOW'
INFO: [Synth 8-223] decloning instance 'NeuroRing_fcmp_32ns_32ns_1_2_no_dsp_1_ip:/U0/i_synth/DELAY_DIVIDE_BY_ZERO' (delay__parameterized0) to 'NeuroRing_fcmp_32ns_32ns_1_2_no_dsp_1_ip:/U0/i_synth/DELAY_UNDERFLOW'
INFO: [Synth 8-223] decloning instance 'NeuroRing_fcmp_32ns_32ns_1_2_no_dsp_1_ip:/U0/i_synth/DELAY_DIVIDE_BY_ZERO' (delay__parameterized0) to 'NeuroRing_fcmp_32ns_32ns_1_2_no_dsp_1_ip:/U0/i_synth/DELAY_ACCUM_OVERFLOW'
INFO: [Synth 8-223] decloning instance 'NeuroRing_fcmp_32ns_32ns_1_2_no_dsp_1_ip:/U0/i_synth/DELAY_DIVIDE_BY_ZERO' (delay__parameterized0) to 'NeuroRing_fcmp_32ns_32ns_1_2_no_dsp_1_ip:/U0/i_synth/DELAY_ACCUM_INPUT_OVERFLOW'
INFO: [Synth 8-223] decloning instance 'inst/regslice_both_SynapseStreamRight_V_keep_V_U' (NeuroRing_regslice_both__parameterized0) to 'inst/regslice_both_SynapseStreamRight_V_strb_V_U'
INFO: [Synth 8-223] decloning instance 'inst/regslice_both_SynapseStreamLeft_V_keep_V_U' (NeuroRing_regslice_both__parameterized0) to 'inst/regslice_both_SynapseStreamLeft_V_strb_V_U'
---------------------------------------------------------------------------------
Start RTL Component Statistics 
---------------------------------------------------------------------------------
---------------------------------------------------------------------------------
Finished RTL Component Statistics 
---------------------------------------------------------------------------------
---------------------------------------------------------------------------------
Start Part Resource Summary
---------------------------------------------------------------------------------
Part Resources:
DSPs: 9024 (col length:94)
BRAMs: 4032 (col length: RAMB18 288 RAMB36 144)
---------------------------------------------------------------------------------
Finished Part Resource Summary
---------------------------------------------------------------------------------
---------------------------------------------------------------------------------
Start Cross Boundary and Area Optimization
---------------------------------------------------------------------------------
INFO: [Synth 8-5544] ROM "ADDSUB_OP.ADDSUB/DSP.OP/DSP48E1_BODY.ALIGN_ADD/SHIFT_TABLE[0]" won't be mapped to Block RAM because address size (6) smaller than threshold (8)
INFO: [Synth 8-5544] ROM "ADDSUB_OP.ADDSUB/DSP.OP/DSP48E1_BODY.ALIGN_ADD/SHIFT_TABLE[0]" won't be mapped to Block RAM because address size (6) smaller than threshold (8)
INFO: [Synth 8-5544] ROM "ADDSUB_OP.ADDSUB/DSP.OP/DSP48E1_BODY.ALIGN_ADD/SHIFT_TABLE[0]" won't be mapped to Block RAM because address size (6) smaller than threshold (8)
INFO: [Synth 8-5544] ROM "ADDSUB_OP.ADDSUB/DSP.OP/DSP48E1_BODY.ALIGN_ADD/SHIFT_TABLE[0]" won't be mapped to Block RAM because address size (6) smaller than threshold (8)
INFO: [Synth 8-5544] ROM "ADDSUB_OP.ADDSUB/DSP.OP/DSP48E1_BODY.ALIGN_ADD/SHIFT_TABLE[0]" won't be mapped to Block RAM because address size (6) smaller than threshold (8)
INFO: [Synth 8-5544] ROM "ADDSUB_OP.ADDSUB/DSP.OP/DSP48E1_BODY.ALIGN_ADD/SHIFT_TABLE[0]" won't be mapped to Block RAM because address size (6) smaller than threshold (8)
INFO: [Synth 8-5544] ROM "ADDSUB_OP.ADDSUB/DSP.OP/DSP48E1_BODY.ALIGN_ADD/SHIFT_TABLE[0]" won't be mapped to Block RAM because address size (6) smaller than threshold (8)
INFO: [Synth 8-5544] ROM "ADDSUB_OP.ADDSUB/DSP.OP/DSP48E1_BODY.ALIGN_ADD/SHIFT_TABLE[0]" won't be mapped to Block RAM because address size (6) smaller than threshold (8)
INFO: [Synth 8-5544] ROM "ADDSUB_OP.ADDSUB/DSP.OP/DSP48E1_BODY.ALIGN_ADD/SHIFT_TABLE[0]" won't be mapped to Block RAM because address size (6) smaller than threshold (8)
INFO: [Synth 8-5544] ROM "ADDSUB_OP.ADDSUB/DSP.OP/DSP48E1_BODY.ALIGN_ADD/SHIFT_TABLE[0]" won't be mapped to Block RAM because address size (6) smaller than threshold (8)
INFO: [Common 17-14] Message 'Synth 8-7129' appears 100 times and further instances of the messages will be disabled.
INFO: [Synth 8-3886] merging instance 'fadd_32ns_32ns_32_7_full_dsp_1_U52/NeuroRing_fadd_32ns_32ns_32_7_full_dsp_1_ip_u/U0/i_synth/ADDSUB_OP.ADDSUB/DSP.OP/DSP48E1_BODY.EXP/NOT_LOW_LATENCY_NORM_DIST.NORM_EXP_DELAY/i_pipe/opt_has_pipe.first_q_reg[8]' (FDE) to 'fadd_32ns_32ns_32_7_full_dsp_1_U52/NeuroRing_fadd_32ns_32ns_32_7_full_dsp_1_ip_u/U0/i_synth/ADDSUB_OP.ADDSUB/DSP.OP/DSP48E1_BODY.EXP/NOT_LOW_LATENCY_NORM_DIST.NORM_EXP_DELAY/i_pipe/opt_has_pipe.first_q_reg[9]'
INFO: [Synth 8-3886] merging instance 'fadd_32ns_32ns_32_7_full_dsp_1_U51/NeuroRing_fadd_32ns_32ns_32_7_full_dsp_1_ip_u/U0/i_synth/ADDSUB_OP.ADDSUB/DSP.OP/DSP48E1_BODY.EXP/NOT_LOW_LATENCY_NORM_DIST.NORM_EXP_DELAY/i_pipe/opt_has_pipe.first_q_reg[8]' (FDE) to 'fadd_32ns_32ns_32_7_full_dsp_1_U51/NeuroRing_fadd_32ns_32ns_32_7_full_dsp_1_ip_u/U0/i_synth/ADDSUB_OP.ADDSUB/DSP.OP/DSP48E1_BODY.EXP/NOT_LOW_LATENCY_NORM_DIST.NORM_EXP_DELAY/i_pipe/opt_has_pipe.first_q_reg[9]'
INFO: [Synth 8-3886] merging instance 'fadd_32ns_32ns_32_7_full_dsp_1_U50/NeuroRing_fadd_32ns_32ns_32_7_full_dsp_1_ip_u/U0/i_synth/ADDSUB_OP.ADDSUB/DSP.OP/DSP48E1_BODY.EXP/NOT_LOW_LATENCY_NORM_DIST.NORM_EXP_DELAY/i_pipe/opt_has_pipe.first_q_reg[8]' (FDE) to 'fadd_32ns_32ns_32_7_full_dsp_1_U50/NeuroRing_fadd_32ns_32ns_32_7_full_dsp_1_ip_u/U0/i_synth/ADDSUB_OP.ADDSUB/DSP.OP/DSP48E1_BODY.EXP/NOT_LOW_LATENCY_NORM_DIST.NORM_EXP_DELAY/i_pipe/opt_has_pipe.first_q_reg[9]'
INFO: [Synth 8-3886] merging instance 'fadd_32ns_32ns_32_7_full_dsp_1_U49/NeuroRing_fadd_32ns_32ns_32_7_full_dsp_1_ip_u/U0/i_synth/ADDSUB_OP.ADDSUB/DSP.OP/DSP48E1_BODY.EXP/NOT_LOW_LATENCY_NORM_DIST.NORM_EXP_DELAY/i_pipe/opt_has_pipe.first_q_reg[8]' (FDE) to 'fadd_32ns_32ns_32_7_full_dsp_1_U49/NeuroRing_fadd_32ns_32ns_32_7_full_dsp_1_ip_u/U0/i_synth/ADDSUB_OP.ADDSUB/DSP.OP/DSP48E1_BODY.EXP/NOT_LOW_LATENCY_NORM_DIST.NORM_EXP_DELAY/i_pipe/opt_has_pipe.first_q_reg[9]'
INFO: [Synth 8-3886] merging instance 'fadd_32ns_32ns_32_7_full_dsp_1_U48/NeuroRing_fadd_32ns_32ns_32_7_full_dsp_1_ip_u/U0/i_synth/ADDSUB_OP.ADDSUB/DSP.OP/DSP48E1_BODY.EXP/NOT_LOW_LATENCY_NORM_DIST.NORM_EXP_DELAY/i_pipe/opt_has_pipe.first_q_reg[8]' (FDE) to 'fadd_32ns_32ns_32_7_full_dsp_1_U48/NeuroRing_fadd_32ns_32ns_32_7_full_dsp_1_ip_u/U0/i_synth/ADDSUB_OP.ADDSUB/DSP.OP/DSP48E1_BODY.EXP/NOT_LOW_LATENCY_NORM_DIST.NORM_EXP_DELAY/i_pipe/opt_has_pipe.first_q_reg[9]'
INFO: [Synth 8-3886] merging instance 'fadd_32ns_32ns_32_7_full_dsp_1_U47/NeuroRing_fadd_32ns_32ns_32_7_full_dsp_1_ip_u/U0/i_synth/ADDSUB_OP.ADDSUB/DSP.OP/DSP48E1_BODY.EXP/NOT_LOW_LATENCY_NORM_DIST.NORM_EXP_DELAY/i_pipe/opt_has_pipe.first_q_reg[8]' (FDE) to 'fadd_32ns_32ns_32_7_full_dsp_1_U47/NeuroRing_fadd_32ns_32ns_32_7_full_dsp_1_ip_u/U0/i_synth/ADDSUB_OP.ADDSUB/DSP.OP/DSP48E1_BODY.EXP/NOT_LOW_LATENCY_NORM_DIST.NORM_EXP_DELAY/i_pipe/opt_has_pipe.first_q_reg[9]'
INFO: [Synth 8-3886] merging instance 'fadd_32ns_32ns_32_7_full_dsp_1_U46/NeuroRing_fadd_32ns_32ns_32_7_full_dsp_1_ip_u/U0/i_synth/ADDSUB_OP.ADDSUB/DSP.OP/DSP48E1_BODY.EXP/NOT_LOW_LATENCY_NORM_DIST.NORM_EXP_DELAY/i_pipe/opt_has_pipe.first_q_reg[8]' (FDE) to 'fadd_32ns_32ns_32_7_full_dsp_1_U46/NeuroRing_fadd_32ns_32ns_32_7_full_dsp_1_ip_u/U0/i_synth/ADDSUB_OP.ADDSUB/DSP.OP/DSP48E1_BODY.EXP/NOT_LOW_LATENCY_NORM_DIST.NORM_EXP_DELAY/i_pipe/opt_has_pipe.first_q_reg[9]'
INFO: [Synth 8-3886] merging instance 'fadd_32ns_32ns_32_7_full_dsp_1_U58/NeuroRing_fadd_32ns_32ns_32_7_full_dsp_1_ip_u/U0/i_synth/ADDSUB_OP.ADDSUB/DSP.OP/DSP48E1_BODY.EXP/NOT_LOW_LATENCY_NORM_DIST.NORM_EXP_DELAY/i_pipe/opt_has_pipe.first_q_reg[8]' (FDE) to 'fadd_32ns_32ns_32_7_full_dsp_1_U58/NeuroRing_fadd_32ns_32ns_32_7_full_dsp_1_ip_u/U0/i_synth/ADDSUB_OP.ADDSUB/DSP.OP/DSP48E1_BODY.EXP/NOT_LOW_LATENCY_NORM_DIST.NORM_EXP_DELAY/i_pipe/opt_has_pipe.first_q_reg[9]'
INFO: [Synth 8-3886] merging instance 'fadd_32ns_32ns_32_7_full_dsp_1_U56/NeuroRing_fadd_32ns_32ns_32_7_full_dsp_1_ip_u/U0/i_synth/ADDSUB_OP.ADDSUB/DSP.OP/DSP48E1_BODY.EXP/NOT_LOW_LATENCY_NORM_DIST.NORM_EXP_DELAY/i_pipe/opt_has_pipe.first_q_reg[8]' (FDE) to 'fadd_32ns_32ns_32_7_full_dsp_1_U56/NeuroRing_fadd_32ns_32ns_32_7_full_dsp_1_ip_u/U0/i_synth/ADDSUB_OP.ADDSUB/DSP.OP/DSP48E1_BODY.EXP/NOT_LOW_LATENCY_NORM_DIST.NORM_EXP_DELAY/i_pipe/opt_has_pipe.first_q_reg[9]'
INFO: [Synth 8-3886] merging instance 'fadd_32ns_32ns_32_7_full_dsp_1_U53/NeuroRing_fadd_32ns_32ns_32_7_full_dsp_1_ip_u/U0/i_synth/ADDSUB_OP.ADDSUB/DSP.OP/DSP48E1_BODY.EXP/NOT_LOW_LATENCY_NORM_DIST.NORM_EXP_DELAY/i_pipe/opt_has_pipe.first_q_reg[8]' (FDE) to 'fadd_32ns_32ns_32_7_full_dsp_1_U53/NeuroRing_fadd_32ns_32ns_32_7_full_dsp_1_ip_u/U0/i_synth/ADDSUB_OP.ADDSUB/DSP.OP/DSP48E1_BODY.EXP/NOT_LOW_LATENCY_NORM_DIST.NORM_EXP_DELAY/i_pipe/opt_has_pipe.first_q_reg[9]'
INFO: [Synth 8-5544] ROM "ADDSUB_OP.ADDSUB/DSP.OP/DSP48E1_BODY.ALIGN_ADD/SHIFT_TABLE[0]" won't be mapped to Block RAM because address size (6) smaller than threshold (8)
INFO: [Synth 8-5544] ROM "ADDSUB_OP.ADDSUB/DSP.OP/DSP48E1_BODY.ALIGN_ADD/SHIFT_TABLE[0]" won't be mapped to Block RAM because address size (6) smaller than threshold (8)
INFO: [Synth 8-5544] ROM "ADDSUB_OP.ADDSUB/DSP.OP/DSP48E1_BODY.ALIGN_ADD/SHIFT_TABLE[0]" won't be mapped to Block RAM because address size (6) smaller than threshold (8)
INFO: [Synth 8-5544] ROM "ADDSUB_OP.ADDSUB/DSP.OP/DSP48E1_BODY.ALIGN_ADD/SHIFT_TABLE[0]" won't be mapped to Block RAM because address size (6) smaller than threshold (8)
INFO: [Synth 8-5544] ROM "ADDSUB_OP.ADDSUB/DSP.OP/DSP48E1_BODY.ALIGN_ADD/SHIFT_TABLE[0]" won't be mapped to Block RAM because address size (6) smaller than threshold (8)
INFO: [Synth 8-5544] ROM "ADDSUB_OP.ADDSUB/DSP.OP/DSP48E1_BODY.ALIGN_ADD/SHIFT_TABLE[0]" won't be mapped to Block RAM because address size (6) smaller than threshold (8)
INFO: [Synth 8-5544] ROM "ADDSUB_OP.ADDSUB/DSP.OP/DSP48E1_BODY.ALIGN_ADD/SHIFT_TABLE[0]" won't be mapped to Block RAM because address size (6) smaller than threshold (8)
INFO: [Synth 8-5544] ROM "ADDSUB_OP.ADDSUB/DSP.OP/DSP48E1_BODY.ALIGN_ADD/SHIFT_TABLE[0]" won't be mapped to Block RAM because address size (6) smaller than threshold (8)
INFO: [Synth 8-5544] ROM "ADDSUB_OP.ADDSUB/DSP.OP/DSP48E1_BODY.ALIGN_ADD/SHIFT_TABLE[0]" won't be mapped to Block RAM because address size (6) smaller than threshold (8)
INFO: [Synth 8-5544] ROM "ADDSUB_OP.ADDSUB/DSP.OP/DSP48E1_BODY.ALIGN_ADD/SHIFT_TABLE[0]" won't be mapped to Block RAM because address size (6) smaller than threshold (8)
INFO: [Synth 8-4471] merging register 'fcmp_32ns_32ns_1_2_no_dsp_1_U108/din0_buf1_reg[31:0]' into 'v_new_3_7_reg_13877_pp0_iter33_reg_reg[31:0]' [/home/miahafiz/NeuroRing_a_4096_10c/_x.hw.NUM_4096.CORE_10.FREQ_300/link/vivado/vpl/prj/prj.gen/my_rm/bd/ulp/ipshared/b1dc/hdl/verilog/NeuroRing_fcmp_32ns_32ns_1_2_no_dsp_1.v:72]
INFO: [Synth 8-4471] merging register 'fcmp_32ns_32ns_1_2_no_dsp_1_U107/ce_r_reg' into 'fcmp_32ns_32ns_1_2_no_dsp_1_U108/ce_r_reg' [/home/miahafiz/NeuroRing_a_4096_10c/_x.hw.NUM_4096.CORE_10.FREQ_300/link/vivado/vpl/prj/prj.gen/my_rm/bd/ulp/ipshared/b1dc/hdl/verilog/NeuroRing_fcmp_32ns_32ns_1_2_no_dsp_1.v:100]
INFO: [Synth 8-4471] merging register 'fcmp_32ns_32ns_1_2_no_dsp_1_U107/din0_buf1_reg[31:0]' into 'v_new_3_6_reg_13871_pp0_iter33_reg_reg[31:0]' [/home/miahafiz/NeuroRing_a_4096_10c/_x.hw.NUM_4096.CORE_10.FREQ_300/link/vivado/vpl/prj/prj.gen/my_rm/bd/ulp/ipshared/b1dc/hdl/verilog/NeuroRing_fcmp_32ns_32ns_1_2_no_dsp_1.v:72]
INFO: [Synth 8-4471] merging register 'fcmp_32ns_32ns_1_2_no_dsp_1_U107/din1_buf1_reg[31:0]' into 'fcmp_32ns_32ns_1_2_no_dsp_1_U108/din1_buf1_reg[31:0]' [/home/miahafiz/NeuroRing_a_4096_10c/_x.hw.NUM_4096.CORE_10.FREQ_300/link/vivado/vpl/prj/prj.gen/my_rm/bd/ulp/ipshared/b1dc/hdl/verilog/NeuroRing_fcmp_32ns_32ns_1_2_no_dsp_1.v:74]
INFO: [Synth 8-4471] merging register 'fcmp_32ns_32ns_1_2_no_dsp_1_U107/opcode_buf1_reg[4:0]' into 'fcmp_32ns_32ns_1_2_no_dsp_1_U108/opcode_buf1_reg[4:0]' [/home/miahafiz/NeuroRing_a_4096_10c/_x.hw.NUM_4096.CORE_10.FREQ_300/link/vivado/vpl/prj/prj.gen/my_rm/bd/ulp/ipshared/b1dc/hdl/verilog/NeuroRing_fcmp_32ns_32ns_1_2_no_dsp_1.v:95]
INFO: [Synth 8-4471] merging register 'fcmp_32ns_32ns_1_2_no_dsp_1_U105/ce_r_reg' into 'fcmp_32ns_32ns_1_2_no_dsp_1_U108/ce_r_reg' [/home/miahafiz/NeuroRing_a_4096_10c/_x.hw.NUM_4096.CORE_10.FREQ_300/link/vivado/vpl/prj/prj.gen/my_rm/bd/ulp/ipshared/b1dc/hdl/verilog/NeuroRing_fcmp_32ns_32ns_1_2_no_dsp_1.v:100]
INFO: [Synth 8-4471] merging register 'fcmp_32ns_32ns_1_2_no_dsp_1_U105/din0_buf1_reg[31:0]' into 'v_new_3_4_reg_13859_pp0_iter33_reg_reg[31:0]' [/home/miahafiz/NeuroRing_a_4096_10c/_x.hw.NUM_4096.CORE_10.FREQ_300/link/vivado/vpl/prj/prj.gen/my_rm/bd/ulp/ipshared/b1dc/hdl/verilog/NeuroRing_fcmp_32ns_32ns_1_2_no_dsp_1.v:72]
INFO: [Synth 8-4471] merging register 'fcmp_32ns_32ns_1_2_no_dsp_1_U105/din1_buf1_reg[31:0]' into 'fcmp_32ns_32ns_1_2_no_dsp_1_U108/din1_buf1_reg[31:0]' [/home/miahafiz/NeuroRing_a_4096_10c/_x.hw.NUM_4096.CORE_10.FREQ_300/link/vivado/vpl/prj/prj.gen/my_rm/bd/ulp/ipshared/b1dc/hdl/verilog/NeuroRing_fcmp_32ns_32ns_1_2_no_dsp_1.v:74]
INFO: [Synth 8-4471] merging register 'fcmp_32ns_32ns_1_2_no_dsp_1_U105/opcode_buf1_reg[4:0]' into 'fcmp_32ns_32ns_1_2_no_dsp_1_U108/opcode_buf1_reg[4:0]' [/home/miahafiz/NeuroRing_a_4096_10c/_x.hw.NUM_4096.CORE_10.FREQ_300/link/vivado/vpl/prj/prj.gen/my_rm/bd/ulp/ipshared/b1dc/hdl/verilog/NeuroRing_fcmp_32ns_32ns_1_2_no_dsp_1.v:95]
INFO: [Synth 8-4471] merging register 'fcmp_32ns_32ns_1_2_no_dsp_1_U104/ce_r_reg' into 'fcmp_32ns_32ns_1_2_no_dsp_1_U108/ce_r_reg' [/home/miahafiz/NeuroRing_a_4096_10c/_x.hw.NUM_4096.CORE_10.FREQ_300/link/vivado/vpl/prj/prj.gen/my_rm/bd/ulp/ipshared/b1dc/hdl/verilog/NeuroRing_fcmp_32ns_32ns_1_2_no_dsp_1.v:100]
INFO: [Synth 8-4471] merging register 'fcmp_32ns_32ns_1_2_no_dsp_1_U104/din0_buf1_reg[31:0]' into 'v_new_3_3_reg_13853_pp0_iter33_reg_reg[31:0]' [/home/miahafiz/NeuroRing_a_4096_10c/_x.hw.NUM_4096.CORE_10.FREQ_300/link/vivado/vpl/prj/prj.gen/my_rm/bd/ulp/ipshared/b1dc/hdl/verilog/NeuroRing_fcmp_32ns_32ns_1_2_no_dsp_1.v:72]
INFO: [Synth 8-4471] merging register 'fcmp_32ns_32ns_1_2_no_dsp_1_U104/din1_buf1_reg[31:0]' into 'fcmp_32ns_32ns_1_2_no_dsp_1_U108/din1_buf1_reg[31:0]' [/home/miahafiz/NeuroRing_a_4096_10c/_x.hw.NUM_4096.CORE_10.FREQ_300/link/vivado/vpl/prj/prj.gen/my_rm/bd/ulp/ipshared/b1dc/hdl/verilog/NeuroRing_fcmp_32ns_32ns_1_2_no_dsp_1.v:74]
INFO: [Synth 8-4471] merging register 'fcmp_32ns_32ns_1_2_no_dsp_1_U104/opcode_buf1_reg[4:0]' into 'fcmp_32ns_32ns_1_2_no_dsp_1_U108/opcode_buf1_reg[4:0]' [/home/miahafiz/NeuroRing_a_4096_10c/_x.hw.NUM_4096.CORE_10.FREQ_300/link/vivado/vpl/prj/prj.gen/my_rm/bd/ulp/ipshared/b1dc/hdl/verilog/NeuroRing_fcmp_32ns_32ns_1_2_no_dsp_1.v:95]
INFO: [Synth 8-4471] merging register 'fcmp_32ns_32ns_1_2_no_dsp_1_U102/ce_r_reg' into 'fcmp_32ns_32ns_1_2_no_dsp_1_U108/ce_r_reg' [/home/miahafiz/NeuroRing_a_4096_10c/_x.hw.NUM_4096.CORE_10.FREQ_300/link/vivado/vpl/prj/prj.gen/my_rm/bd/ulp/ipshared/b1dc/hdl/verilog/NeuroRing_fcmp_32ns_32ns_1_2_no_dsp_1.v:100]
INFO: [Synth 8-4471] merging register 'fcmp_32ns_32ns_1_2_no_dsp_1_U102/din0_buf1_reg[31:0]' into 'v_new_3_1_reg_13841_pp0_iter33_reg_reg[31:0]' [/home/miahafiz/NeuroRing_a_4096_10c/_x.hw.NUM_4096.CORE_10.FREQ_300/link/vivado/vpl/prj/prj.gen/my_rm/bd/ulp/ipshared/b1dc/hdl/verilog/NeuroRing_fcmp_32ns_32ns_1_2_no_dsp_1.v:72]
INFO: [Synth 8-4471] merging register 'fcmp_32ns_32ns_1_2_no_dsp_1_U102/din1_buf1_reg[31:0]' into 'fcmp_32ns_32ns_1_2_no_dsp_1_U108/din1_buf1_reg[31:0]' [/home/miahafiz/NeuroRing_a_4096_10c/_x.hw.NUM_4096.CORE_10.FREQ_300/link/vivado/vpl/prj/prj.gen/my_rm/bd/ulp/ipshared/b1dc/hdl/verilog/NeuroRing_fcmp_32ns_32ns_1_2_no_dsp_1.v:74]
INFO: [Synth 8-4471] merging register 'fcmp_32ns_32ns_1_2_no_dsp_1_U102/opcode_buf1_reg[4:0]' into 'fcmp_32ns_32ns_1_2_no_dsp_1_U108/opcode_buf1_reg[4:0]' [/home/miahafiz/NeuroRing_a_4096_10c/_x.hw.NUM_4096.CORE_10.FREQ_300/link/vivado/vpl/prj/prj.gen/my_rm/bd/ulp/ipshared/b1dc/hdl/verilog/NeuroRing_fcmp_32ns_32ns_1_2_no_dsp_1.v:95]
INFO: [Synth 8-4471] merging register 'fcmp_32ns_32ns_1_2_no_dsp_1_U101/ce_r_reg' into 'fcmp_32ns_32ns_1_2_no_dsp_1_U108/ce_r_reg' [/home/miahafiz/NeuroRing_a_4096_10c/_x.hw.NUM_4096.CORE_10.FREQ_300/link/vivado/vpl/prj/prj.gen/my_rm/bd/ulp/ipshared/b1dc/hdl/verilog/NeuroRing_fcmp_32ns_32ns_1_2_no_dsp_1.v:100]
INFO: [Synth 8-4471] merging register 'fcmp_32ns_32ns_1_2_no_dsp_1_U101/din0_buf1_reg[31:0]' into 'v_new_3_reg_13835_pp0_iter33_reg_reg[31:0]' [/home/miahafiz/NeuroRing_a_4096_10c/_x.hw.NUM_4096.CORE_10.FREQ_300/link/vivado/vpl/prj/prj.gen/my_rm/bd/ulp/ipshared/b1dc/hdl/verilog/NeuroRing_fcmp_32ns_32ns_1_2_no_dsp_1.v:72]
INFO: [Synth 8-4471] merging register 'fcmp_32ns_32ns_1_2_no_dsp_1_U101/din1_buf1_reg[31:0]' into 'fcmp_32ns_32ns_1_2_no_dsp_1_U108/din1_buf1_reg[31:0]' [/home/miahafiz/NeuroRing_a_4096_10c/_x.hw.NUM_4096.CORE_10.FREQ_300/link/vivado/vpl/prj/prj.gen/my_rm/bd/ulp/ipshared/b1dc/hdl/verilog/NeuroRing_fcmp_32ns_32ns_1_2_no_dsp_1.v:74]
INFO: [Synth 8-4471] merging register 'fcmp_32ns_32ns_1_2_no_dsp_1_U101/opcode_buf1_reg[4:0]' into 'fcmp_32ns_32ns_1_2_no_dsp_1_U108/opcode_buf1_reg[4:0]' [/home/miahafiz/NeuroRing_a_4096_10c/_x.hw.NUM_4096.CORE_10.FREQ_300/link/vivado/vpl/prj/prj.gen/my_rm/bd/ulp/ipshared/b1dc/hdl/verilog/NeuroRing_fcmp_32ns_32ns_1_2_no_dsp_1.v:95]
INFO: [Synth 8-4471] merging register 'zext_ln141_reg_11976_pp0_iter13_reg_reg[6:0]' into 'I_PreSynCurr_addr_1_reg_12007_pp0_iter13_reg_reg[6:0]' [/home/miahafiz/NeuroRing_a_4096_10c/_x.hw.NUM_4096.CORE_10.FREQ_300/link/vivado/vpl/prj/prj.gen/my_rm/bd/ulp/ipshared/b1dc/hdl/verilog/NeuroRing_NeuroRing_Pipeline_update_membrane_potential.v:10849]
INFO: [Synth 8-4471] merging register 'zext_ln141_1_reg_12061_pp0_iter13_reg_reg[7:0]' into 'I_PreSynCurr_addr_2_reg_12092_pp0_iter13_reg_reg[7:0]' [/home/miahafiz/NeuroRing_a_4096_10c/_x.hw.NUM_4096.CORE_10.FREQ_300/link/vivado/vpl/prj/prj.gen/my_rm/bd/ulp/ipshared/b1dc/hdl/verilog/NeuroRing_NeuroRing_Pipeline_update_membrane_potential.v:10663]
INFO: [Synth 8-4471] merging register 'zext_ln141_2_reg_12146_pp0_iter13_reg_reg[7:0]' into 'I_PreSynCurr_addr_3_reg_12177_pp0_iter13_reg_reg[7:0]' [/home/miahafiz/NeuroRing_a_4096_10c/_x.hw.NUM_4096.CORE_10.FREQ_300/link/vivado/vpl/prj/prj.gen/my_rm/bd/ulp/ipshared/b1dc/hdl/verilog/NeuroRing_NeuroRing_Pipeline_update_membrane_potential.v:10694]
INFO: [Synth 8-4471] merging register 'zext_ln118_reg_11891_pp0_iter13_reg_reg[5:0]' into 'I_PreSynCurr_addr_reg_11922_pp0_iter13_reg_reg[5:0]' [/home/miahafiz/NeuroRing_a_4096_10c/_x.hw.NUM_4096.CORE_10.FREQ_300/link/vivado/vpl/prj/prj.gen/my_rm/bd/ulp/ipshared/b1dc/hdl/verilog/NeuroRing_NeuroRing_Pipeline_update_membrane_potential.v:10632]
INFO: [Synth 8-4471] merging register 'zext_ln141_reg_11976_pp0_iter14_reg_reg[6:0]' into 'I_PreSynCurr_addr_1_reg_12007_pp0_iter14_reg_reg[6:0]' [/home/miahafiz/NeuroRing_a_4096_10c/_x.hw.NUM_4096.CORE_10.FREQ_300/link/vivado/vpl/prj/prj.gen/my_rm/bd/ulp/ipshared/b1dc/hdl/verilog/NeuroRing_NeuroRing_Pipeline_update_membrane_potential.v:10850]
INFO: [Synth 8-4471] merging register 'zext_ln141_1_reg_12061_pp0_iter14_reg_reg[7:0]' into 'I_PreSynCurr_addr_2_reg_12092_pp0_iter14_reg_reg[7:0]' [/home/miahafiz/NeuroRing_a_4096_10c/_x.hw.NUM_4096.CORE_10.FREQ_300/link/vivado/vpl/prj/prj.gen/my_rm/bd/ulp/ipshared/b1dc/hdl/verilog/NeuroRing_NeuroRing_Pipeline_update_membrane_potential.v:10664]
INFO: [Synth 8-4471] merging register 'zext_ln141_2_reg_12146_pp0_iter14_reg_reg[7:0]' into 'I_PreSynCurr_addr_3_reg_12177_pp0_iter14_reg_reg[7:0]' [/home/miahafiz/NeuroRing_a_4096_10c/_x.hw.NUM_4096.CORE_10.FREQ_300/link/vivado/vpl/prj/prj.gen/my_rm/bd/ulp/ipshared/b1dc/hdl/verilog/NeuroRing_NeuroRing_Pipeline_update_membrane_potential.v:10695]
INFO: [Synth 8-4471] merging register 'zext_ln118_reg_11891_pp0_iter14_reg_reg[5:0]' into 'I_PreSynCurr_addr_reg_11922_pp0_iter14_reg_reg[5:0]' [/home/miahafiz/NeuroRing_a_4096_10c/_x.hw.NUM_4096.CORE_10.FREQ_300/link/vivado/vpl/prj/prj.gen/my_rm/bd/ulp/ipshared/b1dc/hdl/verilog/NeuroRing_NeuroRing_Pipeline_update_membrane_potential.v:10633]
INFO: [Synth 8-5544] ROM "ADDSUB_OP.ADDSUB/DSP.OP/DSP48E1_BODY.ALIGN_ADD/SHIFT_TABLE[0]" won't be mapped to Block RAM because address size (6) smaller than threshold (8)
INFO: [Synth 8-5544] ROM "ADDSUB_OP.ADDSUB/DSP.OP/DSP48E1_BODY.ALIGN_ADD/SHIFT_TABLE[0]" won't be mapped to Block RAM because address size (6) smaller than threshold (8)
INFO: [Synth 8-5544] ROM "ADDSUB_OP.ADDSUB/DSP.OP/DSP48E1_BODY.ALIGN_ADD/SHIFT_TABLE[0]" won't be mapped to Block RAM because address size (6) smaller than threshold (8)
INFO: [Synth 8-4471] merging register 'fcmp_32ns_32ns_1_2_no_dsp_1_U103/ce_r_reg' into 'fcmp_32ns_32ns_1_2_no_dsp_1_U106/ce_r_reg' [/home/miahafiz/NeuroRing_a_4096_10c/_x.hw.NUM_4096.CORE_10.FREQ_300/link/vivado/vpl/prj/prj.gen/my_rm/bd/ulp/ipshared/b1dc/hdl/verilog/NeuroRing_fcmp_32ns_32ns_1_2_no_dsp_1.v:100]
INFO: [Synth 8-4471] merging register 'fcmp_32ns_32ns_1_2_no_dsp_1_U103/din1_buf1_reg[31:0]' into 'fcmp_32ns_32ns_1_2_no_dsp_1_U106/din1_buf1_reg[31:0]' [/home/miahafiz/NeuroRing_a_4096_10c/_x.hw.NUM_4096.CORE_10.FREQ_300/link/vivado/vpl/prj/prj.gen/my_rm/bd/ulp/ipshared/b1dc/hdl/verilog/NeuroRing_fcmp_32ns_32ns_1_2_no_dsp_1.v:74]
INFO: [Synth 8-4471] merging register 'fcmp_32ns_32ns_1_2_no_dsp_1_U103/opcode_buf1_reg[4:0]' into 'fcmp_32ns_32ns_1_2_no_dsp_1_U106/opcode_buf1_reg[4:0]' [/home/miahafiz/NeuroRing_a_4096_10c/_x.hw.NUM_4096.CORE_10.FREQ_300/link/vivado/vpl/prj/prj.gen/my_rm/bd/ulp/ipshared/b1dc/hdl/verilog/NeuroRing_fcmp_32ns_32ns_1_2_no_dsp_1.v:95]
INFO: [Synth 8-4471] merging register 'v_new_3_2_reg_13847_pp0_iter33_reg_reg[31:0]' into 'fcmp_32ns_32ns_1_2_no_dsp_1_U103/din0_buf1_reg[31:0]' [/home/miahafiz/NeuroRing_a_4096_10c/_x.hw.NUM_4096.CORE_10.FREQ_300/link/vivado/vpl/prj/prj.gen/my_rm/bd/ulp/ipshared/b1dc/hdl/verilog/NeuroRing_NeuroRing_Pipeline_update_membrane_potential.v:12223]
INFO: [Synth 8-4471] merging register 'v_new_3_5_reg_13865_pp0_iter33_reg_reg[31:0]' into 'fcmp_32ns_32ns_1_2_no_dsp_1_U106/din0_buf1_reg[31:0]' [/home/miahafiz/NeuroRing_a_4096_10c/_x.hw.NUM_4096.CORE_10.FREQ_300/link/vivado/vpl/prj/prj.gen/my_rm/bd/ulp/ipshared/b1dc/hdl/verilog/NeuroRing_NeuroRing_Pipeline_update_membrane_potential.v:12232]
DSP Report: Generating DSP tmp_2_reg_11846_reg, operation Mode is: ((A:0x38f)*B2)'.
DSP Report: register tmp_2_reg_11846_reg is absorbed into DSP tmp_2_reg_11846_reg.
DSP Report: register tmp_2_reg_11846_reg is absorbed into DSP tmp_2_reg_11846_reg.
DSP Report: operator mul_9ns_11ns_19_1_1_U109/tmp_product is absorbed into DSP tmp_2_reg_11846_reg.
DSP Report: Generating DSP tmp_51_reg_11886_reg, operation Mode is: ((A:0x1c72)*B)'.
DSP Report: register tmp_51_reg_11886_reg is absorbed into DSP tmp_51_reg_11886_reg.
DSP Report: operator mul_12ns_14ns_25_1_1_U116/tmp_product is absorbed into DSP tmp_51_reg_11886_reg.
DSP Report: Generating DSP tmp_50_reg_11881_reg, operation Mode is: ((A:0x1c72)*B)'.
DSP Report: register tmp_50_reg_11881_reg is absorbed into DSP tmp_50_reg_11881_reg.
DSP Report: operator mul_12ns_14ns_25_1_1_U115/tmp_product is absorbed into DSP tmp_50_reg_11881_reg.
DSP Report: Generating DSP tmp_49_reg_11871_reg, operation Mode is: ((A:0x1c72)*B2)'.
DSP Report: register tmp_49_reg_11871_reg is absorbed into DSP tmp_49_reg_11871_reg.
DSP Report: register tmp_49_reg_11871_reg is absorbed into DSP tmp_49_reg_11871_reg.
DSP Report: operator mul_12ns_14ns_25_1_1_U114/tmp_product is absorbed into DSP tmp_49_reg_11871_reg.
DSP Report: Generating DSP tmp_28_reg_11866_reg, operation Mode is: ((A:0x1c72)*B)'.
DSP Report: register tmp_28_reg_11866_reg is absorbed into DSP tmp_28_reg_11866_reg.
DSP Report: operator mul_12ns_14ns_25_1_1_U113/tmp_product is absorbed into DSP tmp_28_reg_11866_reg.
DSP Report: Generating DSP tmp_22_reg_11861_reg, operation Mode is: ((A:0xe39)*B)'.
DSP Report: register tmp_22_reg_11861_reg is absorbed into DSP tmp_22_reg_11861_reg.
DSP Report: operator mul_11ns_13ns_23_1_1_U112/tmp_product is absorbed into DSP tmp_22_reg_11861_reg.
DSP Report: Generating DSP tmp_15_reg_11856_reg, operation Mode is: ((A:0xe39)*B)'.
DSP Report: register tmp_15_reg_11856_reg is absorbed into DSP tmp_15_reg_11856_reg.
DSP Report: operator mul_11ns_13ns_23_1_1_U111/tmp_product is absorbed into DSP tmp_15_reg_11856_reg.
DSP Report: Generating DSP tmp_4_reg_11851_reg, operation Mode is: ((A:0x71d)*B)'.
DSP Report: register tmp_4_reg_11851_reg is absorbed into DSP tmp_4_reg_11851_reg.
DSP Report: operator mul_10ns_12ns_21_1_1_U110/tmp_product is absorbed into DSP tmp_4_reg_11851_reg.
INFO: [Synth 8-4471] merging register 'i_3_reg_1164_reg[11:0]' into 'mac_muladd_14ns_12ns_24ns_27_4_1_U2/NeuroRing_mac_muladd_14ns_12ns_24ns_27_4_1_DSP48_0_U/b_reg_reg[11:0]' [/home/miahafiz/NeuroRing_a_4096_10c/_x.hw.NUM_4096.CORE_10.FREQ_300/link/vivado/vpl/prj/prj.gen/my_rm/bd/ulp/ipshared/b1dc/hdl/verilog/NeuroRing_NeuroRing_Pipeline_VITIS_LOOP_94_1.v:2344]
DSP Report: Generating DSP mac_muladd_14ns_12ns_24ns_27_4_1_U2/NeuroRing_mac_muladd_14ns_12ns_24ns_27_4_1_DSP48_0_U/p_reg_reg, operation Mode is: (C:0xc35000)+((A:0x36b0)'*B2)'.
DSP Report: register mac_muladd_14ns_12ns_24ns_27_4_1_U2/NeuroRing_mac_muladd_14ns_12ns_24ns_27_4_1_DSP48_0_U/p_reg_reg is absorbed into DSP mac_muladd_14ns_12ns_24ns_27_4_1_U2/NeuroRing_mac_muladd_14ns_12ns_24ns_27_4_1_DSP48_0_U/p_reg_reg.
DSP Report: register mac_muladd_14ns_12ns_24ns_27_4_1_U2/NeuroRing_mac_muladd_14ns_12ns_24ns_27_4_1_DSP48_0_U/a_reg_reg is absorbed into DSP mac_muladd_14ns_12ns_24ns_27_4_1_U2/NeuroRing_mac_muladd_14ns_12ns_24ns_27_4_1_DSP48_0_U/p_reg_reg.
DSP Report: register mac_muladd_14ns_12ns_24ns_27_4_1_U2/NeuroRing_mac_muladd_14ns_12ns_24ns_27_4_1_DSP48_0_U/p_reg_reg is absorbed into DSP mac_muladd_14ns_12ns_24ns_27_4_1_U2/NeuroRing_mac_muladd_14ns_12ns_24ns_27_4_1_DSP48_0_U/p_reg_reg.
DSP Report: register mac_muladd_14ns_12ns_24ns_27_4_1_U2/NeuroRing_mac_muladd_14ns_12ns_24ns_27_4_1_DSP48_0_U/m_reg_reg is absorbed into DSP mac_muladd_14ns_12ns_24ns_27_4_1_U2/NeuroRing_mac_muladd_14ns_12ns_24ns_27_4_1_DSP48_0_U/p_reg_reg.
DSP Report: operator mac_muladd_14ns_12ns_24ns_27_4_1_U2/NeuroRing_mac_muladd_14ns_12ns_24ns_27_4_1_DSP48_0_U/p is absorbed into DSP mac_muladd_14ns_12ns_24ns_27_4_1_U2/NeuroRing_mac_muladd_14ns_12ns_24ns_27_4_1_DSP48_0_U/p_reg_reg.
DSP Report: operator mac_muladd_14ns_12ns_24ns_27_4_1_U2/NeuroRing_mac_muladd_14ns_12ns_24ns_27_4_1_DSP48_0_U/m is absorbed into DSP mac_muladd_14ns_12ns_24ns_27_4_1_U2/NeuroRing_mac_muladd_14ns_12ns_24ns_27_4_1_DSP48_0_U/p_reg_reg.
INFO: [Synth 8-5544] ROM "ADDSUB_OP.ADDSUB/DSP.OP/DSP48E1_BODY.ALIGN_ADD/SHIFT_TABLE[0]" won't be mapped to Block RAM because address size (6) smaller than threshold (8)
DSP Report: Generating DSP zext_ln170_reg_4133_reg, operation Mode is: ((A:0x36b0)*B2)'.
DSP Report: register zext_ln170_reg_4133_reg is absorbed into DSP zext_ln170_reg_4133_reg.
DSP Report: register zext_ln170_reg_4133_reg is absorbed into DSP zext_ln170_reg_4133_reg.
DSP Report: operator mul_12ns_15ns_26_1_1_U503/tmp_product is absorbed into DSP zext_ln170_reg_4133_reg.
INFO: [Synth 8-5784] Optimized 1 bits of RAM "SynapseSize_U/ram_reg" due to constant propagation. Old ram width 32 bits, new ram width 31 bits.
INFO: [Synth 8-3886] merging instance 'val_temp_reg_4158_reg[8]' (FDE) to 'tmp_49_reg_4164_reg[0]'
INFO: [Synth 8-3886] merging instance 'val_temp_reg_4158_reg[9]' (FDE) to 'tmp_49_reg_4164_reg[1]'
INFO: [Synth 8-3886] merging instance 'val_temp_reg_4158_reg[10]' (FDE) to 'tmp_49_reg_4164_reg[2]'
INFO: [Synth 8-3886] merging instance 'val_temp_reg_4158_reg[11]' (FDE) to 'tmp_49_reg_4164_reg[3]'
INFO: [Synth 8-3886] merging instance 'val_temp_reg_4158_reg[12]' (FDE) to 'tmp_49_reg_4164_reg[4]'
INFO: [Synth 8-3886] merging instance 'val_temp_reg_4158_reg[13]' (FDE) to 'tmp_49_reg_4164_reg[5]'
INFO: [Synth 8-3886] merging instance 'val_temp_reg_4158_reg[14]' (FDE) to 'tmp_49_reg_4164_reg[6]'
INFO: [Synth 8-3886] merging instance 'val_temp_reg_4158_reg[15]' (FDE) to 'tmp_49_reg_4164_reg[7]'
INFO: [Synth 8-3886] merging instance 'val_temp_reg_4158_reg[16]' (FDE) to 'tmp_49_reg_4164_reg[8]'
INFO: [Synth 8-3886] merging instance 'val_temp_reg_4158_reg[17]' (FDE) to 'tmp_49_reg_4164_reg[9]'
INFO: [Synth 8-3886] merging instance 'val_temp_reg_4158_reg[18]' (FDE) to 'tmp_49_reg_4164_reg[10]'
INFO: [Synth 8-3886] merging instance 'val_temp_reg_4158_reg[19]' (FDE) to 'tmp_49_reg_4164_reg[11]'
INFO: [Synth 8-3886] merging instance 'val_temp_reg_4158_reg[20]' (FDE) to 'tmp_49_reg_4164_reg[12]'
INFO: [Synth 8-3886] merging instance 'val_temp_reg_4158_reg[21]' (FDE) to 'tmp_49_reg_4164_reg[13]'
INFO: [Synth 8-3886] merging instance 'val_temp_reg_4158_reg[22]' (FDE) to 'tmp_49_reg_4164_reg[14]'
INFO: [Synth 8-3886] merging instance 'val_temp_reg_4158_reg[23]' (FDE) to 'tmp_49_reg_4164_reg[15]'
INFO: [Synth 8-3886] merging instance 'val_temp_reg_4158_reg[24]' (FDE) to 'tmp_49_reg_4164_reg[16]'
INFO: [Synth 8-3886] merging instance 'val_temp_reg_4158_reg[25]' (FDE) to 'tmp_49_reg_4164_reg[17]'
INFO: [Synth 8-3886] merging instance 'val_temp_reg_4158_reg[26]' (FDE) to 'tmp_49_reg_4164_reg[18]'
INFO: [Synth 8-3886] merging instance 'val_temp_reg_4158_reg[27]' (FDE) to 'tmp_49_reg_4164_reg[19]'
INFO: [Synth 8-3886] merging instance 'val_temp_reg_4158_reg[28]' (FDE) to 'tmp_49_reg_4164_reg[20]'
INFO: [Synth 8-3886] merging instance 'val_temp_reg_4158_reg[29]' (FDE) to 'tmp_49_reg_4164_reg[21]'
INFO: [Synth 8-3886] merging instance 'val_temp_reg_4158_reg[30]' (FDE) to 'tmp_49_reg_4164_reg[22]'
INFO: [Synth 8-3886] merging instance 'val_temp_reg_4158_reg[31]' (FDE) to 'tmp_49_reg_4164_reg[23]'
INFO: [Synth 8-3886] merging instance 'control_s_axi_U/waddr_reg[0]' (FDE) to 'control_s_axi_U/waddr_reg[1]'
INFO: [Synth 8-3333] propagating constant 0 across sequential element (control_s_axi_U/\waddr_reg[1] )
INFO: [Synth 8-3333] propagating constant 0 across sequential element (\current_synapse_count_reg_4128_reg[0] )
INFO: [Synth 8-3333] propagating constant 0 across sequential element (grp_NeuroRing_Pipeline_VITIS_LOOP_224_6_fu_1445/ap_done_reg_reg)
INFO: [Synth 8-3333] propagating constant 0 across sequential element (grp_NeuroRing_Pipeline_VITIS_LOOP_94_1_fu_1359/ap_done_reg_reg)
INFO: [Synth 8-3333] propagating constant 0 across sequential element (\zext_ln170_reg_4133_reg[31] )
INFO: [Synth 8-3333] propagating constant 0 across sequential element (\zext_ln170_reg_4133_reg[26] )
INFO: [Synth 8-3333] propagating constant 0 across sequential element (\zext_ln170_reg_4133_reg[27] )
INFO: [Synth 8-3333] propagating constant 0 across sequential element (\zext_ln170_reg_4133_reg[28] )
INFO: [Synth 8-3333] propagating constant 0 across sequential element (\zext_ln170_reg_4133_reg[29] )
INFO: [Synth 8-3333] propagating constant 0 across sequential element (\zext_ln170_reg_4133_reg[30] )
INFO: [Synth 8-3333] propagating constant 0 across sequential element (regslice_both_SynapseStreamLeft_V_last_V_U/\data_p2_reg[0] )
INFO: [Synth 8-3333] propagating constant 0 across sequential element (regslice_both_SynapseStreamRight_V_last_V_U/\data_p2_reg[0] )
INFO: [Synth 8-3333] propagating constant 0 across sequential element (\sync_packet_data_cast_cast_cast_cast_reg_3697_reg[0] )
INFO: [Synth 8-3333] propagating constant 0 across sequential element (\sync_packet_data_cast_cast_cast_cast_reg_3697_reg[1] )
INFO: [Synth 8-3333] propagating constant 0 across sequential element (\sync_packet_data_cast_cast_cast_cast_reg_3697_reg[2] )
INFO: [Synth 8-3333] propagating constant 0 across sequential element (\sync_packet_data_cast_cast_cast_cast_reg_3697_reg[3] )
INFO: [Synth 8-3333] propagating constant 0 across sequential element (\sync_packet_data_cast_cast_cast_cast_reg_3697_reg[4] )
INFO: [Synth 8-3333] propagating constant 0 across sequential element (\sync_packet_data_cast_cast_cast_cast_reg_3697_reg[5] )
INFO: [Synth 8-3333] propagating constant 0 across sequential element (\sync_packet_data_cast_cast_cast_cast_reg_3697_reg[6] )
INFO: [Synth 8-3333] propagating constant 0 across sequential element (\sync_packet_data_cast_cast_cast_cast_reg_3697_reg[7] )
INFO: [Synth 8-3886] merging instance 'sync_packet_data_cast_cast_cast_cast_reg_3697_reg[8]' (FDE) to 'empty_378_reg_3674_reg[3]'
INFO: [Synth 8-3886] merging instance 'empty_380_reg_3688_reg[0]' (FDE) to 'empty_378_reg_3674_reg[3]'
INFO: [Synth 8-3886] merging instance 'sync_packet_data_cast_cast_cast_cast_reg_3697_reg[9]' (FDE) to 'empty_378_reg_3674_reg[4]'
INFO: [Synth 8-3886] merging instance 'empty_380_reg_3688_reg[1]' (FDE) to 'empty_378_reg_3674_reg[4]'
INFO: [Synth 8-3886] merging instance 'sync_packet_data_cast_cast_cast_cast_reg_3697_reg[10]' (FDE) to 'empty_378_reg_3674_reg[5]'
INFO: [Synth 8-3886] merging instance 'empty_380_reg_3688_reg[2]' (FDE) to 'empty_378_reg_3674_reg[5]'
INFO: [Synth 8-3886] merging instance 'sync_packet_data_cast_cast_cast_cast_reg_3697_reg[11]' (FDE) to 'empty_378_reg_3674_reg[6]'
INFO: [Synth 8-3886] merging instance 'empty_380_reg_3688_reg[3]' (FDE) to 'empty_378_reg_3674_reg[6]'
INFO: [Synth 8-3886] merging instance 'sync_packet_data_cast_cast_cast_cast_reg_3697_reg[12]' (FDE) to 'empty_378_reg_3674_reg[7]'
INFO: [Synth 8-3886] merging instance 'empty_380_reg_3688_reg[4]' (FDE) to 'empty_378_reg_3674_reg[7]'
INFO: [Synth 8-3886] merging instance 'sync_packet_data_cast_cast_cast_cast_reg_3697_reg[13]' (FDE) to 'empty_378_reg_3674_reg[8]'
INFO: [Synth 8-3886] merging instance 'empty_380_reg_3688_reg[5]' (FDE) to 'empty_378_reg_3674_reg[8]'
INFO: [Synth 8-3886] merging instance 'sync_packet_data_cast_cast_cast_cast_reg_3697_reg[14]' (FDE) to 'empty_378_reg_3674_reg[9]'
INFO: [Synth 8-3886] merging instance 'empty_380_reg_3688_reg[6]' (FDE) to 'empty_378_reg_3674_reg[9]'
INFO: [Synth 8-3886] merging instance 'sync_packet_data_cast_cast_cast_cast_reg_3697_reg[15]' (FDE) to 'empty_378_reg_3674_reg[10]'
INFO: [Synth 8-3886] merging instance 'empty_380_reg_3688_reg[7]' (FDE) to 'empty_378_reg_3674_reg[10]'
INFO: [Synth 8-3886] merging instance 'sync_packet_data_cast_cast_cast_cast_reg_3697_reg[16]' (FDE) to 'empty_378_reg_3674_reg[11]'
INFO: [Synth 8-3886] merging instance 'empty_380_reg_3688_reg[8]' (FDE) to 'empty_378_reg_3674_reg[11]'
INFO: [Synth 8-3886] merging instance 'sync_packet_data_cast_cast_cast_cast_reg_3697_reg[17]' (FDE) to 'empty_378_reg_3674_reg[12]'
INFO: [Synth 8-3886] merging instance 'empty_380_reg_3688_reg[9]' (FDE) to 'empty_378_reg_3674_reg[12]'
INFO: [Synth 8-3886] merging instance 'sync_packet_data_cast_cast_cast_cast_reg_3697_reg[18]' (FDE) to 'empty_378_reg_3674_reg[13]'
INFO: [Synth 8-3886] merging instance 'empty_380_reg_3688_reg[10]' (FDE) to 'empty_378_reg_3674_reg[13]'
INFO: [Synth 8-3886] merging instance 'sync_packet_data_cast_cast_cast_cast_reg_3697_reg[19]' (FDE) to 'empty_378_reg_3674_reg[14]'
INFO: [Synth 8-3886] merging instance 'empty_380_reg_3688_reg[11]' (FDE) to 'empty_378_reg_3674_reg[14]'
INFO: [Synth 8-3886] merging instance 'sync_packet_data_cast_cast_cast_cast_reg_3697_reg[20]' (FDE) to 'empty_378_reg_3674_reg[15]'
INFO: [Synth 8-3886] merging instance 'empty_380_reg_3688_reg[12]' (FDE) to 'empty_378_reg_3674_reg[15]'
INFO: [Synth 8-3886] merging instance 'sync_packet_data_cast_cast_cast_cast_reg_3697_reg[21]' (FDE) to 'empty_378_reg_3674_reg[16]'
INFO: [Synth 8-3886] merging instance 'empty_380_reg_3688_reg[13]' (FDE) to 'empty_378_reg_3674_reg[16]'
INFO: [Synth 8-3886] merging instance 'sync_packet_data_cast_cast_cast_cast_reg_3697_reg[22]' (FDE) to 'empty_378_reg_3674_reg[17]'
INFO: [Synth 8-3886] merging instance 'empty_380_reg_3688_reg[14]' (FDE) to 'empty_378_reg_3674_reg[17]'
INFO: [Synth 8-3886] merging instance 'sync_packet_data_cast_cast_cast_cast_reg_3697_reg[23]' (FDE) to 'empty_378_reg_3674_reg[18]'
INFO: [Synth 8-3886] merging instance 'empty_380_reg_3688_reg[15]' (FDE) to 'empty_378_reg_3674_reg[18]'
INFO: [Synth 8-3886] merging instance 'sync_packet_data_cast_cast_cast_cast_reg_3697_reg[24]' (FDE) to 'empty_378_reg_3674_reg[19]'
INFO: [Synth 8-3886] merging instance 'empty_380_reg_3688_reg[16]' (FDE) to 'empty_378_reg_3674_reg[19]'
INFO: [Synth 8-3886] merging instance 'sync_packet_data_cast_cast_cast_cast_reg_3697_reg[25]' (FDE) to 'empty_378_reg_3674_reg[20]'
INFO: [Synth 8-3886] merging instance 'empty_380_reg_3688_reg[17]' (FDE) to 'empty_378_reg_3674_reg[20]'
INFO: [Synth 8-3886] merging instance 'sync_packet_data_cast_cast_cast_cast_reg_3697_reg[26]' (FDE) to 'empty_378_reg_3674_reg[21]'
INFO: [Synth 8-3886] merging instance 'empty_380_reg_3688_reg[18]' (FDE) to 'empty_378_reg_3674_reg[21]'
INFO: [Synth 8-3886] merging instance 'sync_packet_data_cast_cast_cast_cast_reg_3697_reg[27]' (FDE) to 'empty_378_reg_3674_reg[22]'
INFO: [Synth 8-3886] merging instance 'empty_380_reg_3688_reg[19]' (FDE) to 'empty_378_reg_3674_reg[22]'
INFO: [Synth 8-3886] merging instance 'sync_packet_data_cast_cast_cast_cast_reg_3697_reg[28]' (FDE) to 'empty_378_reg_3674_reg[23]'
INFO: [Synth 8-3886] merging instance 'empty_380_reg_3688_reg[20]' (FDE) to 'empty_378_reg_3674_reg[23]'
INFO: [Synth 8-3886] merging instance 'sync_packet_data_cast_cast_cast_cast_reg_3697_reg[29]' (FDE) to 'empty_378_reg_3674_reg[24]'
INFO: [Synth 8-3886] merging instance 'empty_380_reg_3688_reg[21]' (FDE) to 'empty_378_reg_3674_reg[24]'
INFO: [Synth 8-3333] propagating constant 0 across sequential element (\sync_packet_data_cast_cast_cast_cast_reg_3697_reg[30] )
INFO: [Synth 8-3333] propagating constant 1 across sequential element (\sync_packet_data_cast_cast_cast_cast_reg_3697_reg[31] )
INFO: [Synth 8-3333] propagating constant 0 across sequential element (\sync_packet_data_cast_cast_cast_cast_reg_3697_reg[32] )
INFO: [Synth 8-3333] propagating constant 0 across sequential element (\sync_packet_data_cast_cast_cast_cast_reg_3697_reg[33] )
INFO: [Synth 8-3333] propagating constant 0 across sequential element (\sync_packet_data_cast_cast_cast_cast_reg_3697_reg[34] )
INFO: [Synth 8-3333] propagating constant 0 across sequential element (\sync_packet_data_cast_cast_cast_cast_reg_3697_reg[35] )
INFO: [Synth 8-3333] propagating constant 0 across sequential element (\sync_packet_data_cast_cast_cast_cast_reg_3697_reg[36] )
INFO: [Synth 8-3333] propagating constant 0 across sequential element (\sync_packet_data_cast_cast_cast_cast_reg_3697_reg[37] )
INFO: [Synth 8-3333] propagating constant 0 across sequential element (\sync_packet_data_cast_cast_cast_cast_reg_3697_reg[38] )
INFO: [Synth 8-3333] propagating constant 0 across sequential element (\sync_packet_data_cast_cast_cast_cast_reg_3697_reg[39] )
INFO: [Synth 8-3333] propagating constant 0 across sequential element (\sync_packet_data_cast_cast_cast_cast_reg_3697_reg[40] )
INFO: [Synth 8-3333] propagating constant 0 across sequential element (\sync_packet_data_cast_cast_cast_cast_reg_3697_reg[41] )
INFO: [Synth 8-3333] propagating constant 0 across sequential element (\sync_packet_data_cast_cast_cast_cast_reg_3697_reg[42] )
INFO: [Synth 8-3333] propagating constant 0 across sequential element (\sync_packet_data_cast_cast_cast_cast_reg_3697_reg[43] )
INFO: [Synth 8-3333] propagating constant 0 across sequential element (\sync_packet_data_cast_cast_cast_cast_reg_3697_reg[44] )
INFO: [Synth 8-3333] propagating constant 0 across sequential element (\sync_packet_data_cast_cast_cast_cast_reg_3697_reg[45] )
INFO: [Synth 8-3333] propagating constant 0 across sequential element (\sync_packet_data_cast_cast_cast_cast_reg_3697_reg[46] )
INFO: [Synth 8-3333] propagating constant 0 across sequential element (\sync_packet_data_cast_cast_cast_cast_reg_3697_reg[47] )
INFO: [Synth 8-3333] propagating constant 0 across sequential element (\sync_packet_data_cast_cast_cast_cast_reg_3697_reg[48] )
INFO: [Synth 8-3333] propagating constant 0 across sequential element (\sync_packet_data_cast_cast_cast_cast_reg_3697_reg[49] )
INFO: [Synth 8-3333] propagating constant 0 across sequential element (\sync_packet_data_cast_cast_cast_cast_reg_3697_reg[50] )
INFO: [Synth 8-3333] propagating constant 0 across sequential element (\sync_packet_data_cast_cast_cast_cast_reg_3697_reg[51] )
INFO: [Synth 8-3333] propagating constant 0 across sequential element (\sync_packet_data_cast_cast_cast_cast_reg_3697_reg[52] )
INFO: [Synth 8-3333] propagating constant 0 across sequential element (\sync_packet_data_cast_cast_cast_cast_reg_3697_reg[53] )
INFO: [Synth 8-3333] propagating constant 0 across sequential element (\sync_packet_data_cast_cast_cast_cast_reg_3697_reg[54] )
INFO: [Synth 8-3333] propagating constant 0 across sequential element (\sync_packet_data_cast_cast_cast_cast_reg_3697_reg[55] )
INFO: [Synth 8-3333] propagating constant 0 across sequential element (\sync_packet_data_cast_cast_cast_cast_reg_3697_reg[56] )
INFO: [Synth 8-3333] propagating constant 0 across sequential element (\sync_packet_data_cast_cast_cast_cast_reg_3697_reg[57] )
INFO: [Synth 8-3333] propagating constant 0 across sequential element (\sync_packet_data_cast_cast_cast_cast_reg_3697_reg[58] )
INFO: [Synth 8-3333] propagating constant 0 across sequential element (\sync_packet_data_cast_cast_cast_cast_reg_3697_reg[59] )
INFO: [Synth 8-3333] propagating constant 0 across sequential element (\sync_packet_data_cast_cast_cast_cast_reg_3697_reg[60] )
INFO: [Synth 8-3333] propagating constant 0 across sequential element (\sync_packet_data_cast_cast_cast_cast_reg_3697_reg[61] )
INFO: [Synth 8-3333] propagating constant 0 across sequential element (\sync_packet_data_cast_cast_cast_cast_reg_3697_reg[62] )
INFO: [Synth 8-3333] propagating constant 0 across sequential element (\sync_packet_data_cast_cast_cast_cast_reg_3697_reg[63] )
INFO: [Synth 8-3333] propagating constant 0 across sequential element (\sync_packet_data_cast_cast_cast_cast_reg_3697_reg[64] )
INFO: [Synth 8-3333] propagating constant 0 across sequential element (\sync_packet_data_cast_cast_cast_cast_reg_3697_reg[65] )
INFO: [Synth 8-3333] propagating constant 0 across sequential element (\sync_packet_data_cast_cast_cast_cast_reg_3697_reg[66] )
INFO: [Synth 8-3333] propagating constant 0 across sequential element (\sync_packet_data_cast_cast_cast_cast_reg_3697_reg[67] )
INFO: [Synth 8-3333] propagating constant 0 across sequential element (\sync_packet_data_cast_cast_cast_cast_reg_3697_reg[68] )
INFO: [Synth 8-3333] propagating constant 0 across sequential element (\sync_packet_data_cast_cast_cast_cast_reg_3697_reg[69] )
INFO: [Synth 8-3333] propagating constant 0 across sequential element (\sync_packet_data_cast_cast_cast_cast_reg_3697_reg[70] )
INFO: [Synth 8-3333] propagating constant 0 across sequential element (\sync_packet_data_cast_cast_cast_cast_reg_3697_reg[71] )
INFO: [Synth 8-3333] propagating constant 0 across sequential element (\sync_packet_data_cast_cast_cast_cast_reg_3697_reg[72] )
INFO: [Synth 8-3333] propagating constant 0 across sequential element (\sync_packet_data_cast_cast_cast_cast_reg_3697_reg[73] )
INFO: [Synth 8-3333] propagating constant 0 across sequential element (\sync_packet_data_cast_cast_cast_cast_reg_3697_reg[74] )
INFO: [Synth 8-3333] propagating constant 0 across sequential element (\sync_packet_data_cast_cast_cast_cast_reg_3697_reg[75] )
INFO: [Synth 8-3333] propagating constant 0 across sequential element (\sync_packet_data_cast_cast_cast_cast_reg_3697_reg[76] )
INFO: [Synth 8-3333] propagating constant 0 across sequential element (\sync_packet_data_cast_cast_cast_cast_reg_3697_reg[77] )
INFO: [Synth 8-3333] propagating constant 0 across sequential element (\sync_packet_data_cast_cast_cast_cast_reg_3697_reg[78] )
INFO: [Synth 8-3333] propagating constant 0 across sequential element (\sync_packet_data_cast_cast_cast_cast_reg_3697_reg[79] )
INFO: [Synth 8-3333] propagating constant 0 across sequential element (\sync_packet_data_cast_cast_cast_cast_reg_3697_reg[80] )
INFO: [Synth 8-3333] propagating constant 0 across sequential element (\sync_packet_data_cast_cast_cast_cast_reg_3697_reg[81] )
INFO: [Synth 8-3333] propagating constant 0 across sequential element (\sync_packet_data_cast_cast_cast_cast_reg_3697_reg[82] )
INFO: [Synth 8-3333] propagating constant 0 across sequential element (\sync_packet_data_cast_cast_cast_cast_reg_3697_reg[83] )
INFO: [Synth 8-3333] propagating constant 0 across sequential element (\sync_packet_data_cast_cast_cast_cast_reg_3697_reg[84] )
INFO: [Synth 8-3333] propagating constant 0 across sequential element (\sync_packet_data_cast_cast_cast_cast_reg_3697_reg[85] )
INFO: [Synth 8-3333] propagating constant 0 across sequential element (\sync_packet_data_cast_cast_cast_cast_reg_3697_reg[86] )
INFO: [Synth 8-3333] propagating constant 0 across sequential element (\sync_packet_data_cast_cast_cast_cast_reg_3697_reg[87] )
INFO: [Synth 8-3333] propagating constant 0 across sequential element (\sync_packet_data_cast_cast_cast_cast_reg_3697_reg[88] )
INFO: [Synth 8-3333] propagating constant 0 across sequential element (\sync_packet_data_cast_cast_cast_cast_reg_3697_reg[89] )
INFO: [Synth 8-3333] propagating constant 0 across sequential element (\sync_packet_data_cast_cast_cast_cast_reg_3697_reg[90] )
INFO: [Synth 8-3333] propagating constant 0 across sequential element (\sync_packet_data_cast_cast_cast_cast_reg_3697_reg[91] )
INFO: [Synth 8-3333] propagating constant 0 across sequential element (\sync_packet_data_cast_cast_cast_cast_reg_3697_reg[92] )
INFO: [Synth 8-3333] propagating constant 0 across sequential element (\sync_packet_data_cast_cast_cast_cast_reg_3697_reg[93] )
INFO: [Synth 8-3333] propagating constant 0 across sequential element (\sync_packet_data_cast_cast_cast_cast_reg_3697_reg[94] )
INFO: [Synth 8-3333] propagating constant 0 across sequential element (\sync_packet_data_cast_cast_cast_cast_reg_3697_reg[95] )
INFO: [Synth 8-3333] propagating constant 0 across sequential element (\sync_packet_data_cast_cast_cast_cast_reg_3697_reg[96] )
INFO: [Synth 8-3333] propagating constant 0 across sequential element (\sync_packet_data_cast_cast_cast_cast_reg_3697_reg[97] )
INFO: [Synth 8-3333] propagating constant 0 across sequential element (\sync_packet_data_cast_cast_cast_cast_reg_3697_reg[98] )
INFO: [Synth 8-3333] propagating constant 0 across sequential element (\sync_packet_data_cast_cast_cast_cast_reg_3697_reg[99] )
INFO: [Synth 8-3333] propagating constant 0 across sequential element (\sync_packet_data_cast_cast_cast_cast_reg_3697_reg[100] )
INFO: [Synth 8-3333] propagating constant 0 across sequential element (\sync_packet_data_cast_cast_cast_cast_reg_3697_reg[101] )
INFO: [Synth 8-3333] propagating constant 0 across sequential element (\sync_packet_data_cast_cast_cast_cast_reg_3697_reg[102] )
INFO: [Synth 8-3333] propagating constant 0 across sequential element (\sync_packet_data_cast_cast_cast_cast_reg_3697_reg[103] )
INFO: [Synth 8-3333] propagating constant 0 across sequential element (\sync_packet_data_cast_cast_cast_cast_reg_3697_reg[104] )
INFO: [Synth 8-3333] propagating constant 0 across sequential element (\sync_packet_data_cast_cast_cast_cast_reg_3697_reg[105] )
INFO: [Synth 8-3333] propagating constant 0 across sequential element (\sync_packet_data_cast_cast_cast_cast_reg_3697_reg[106] )
INFO: [Synth 8-3333] propagating constant 0 across sequential element (\sync_packet_data_cast_cast_cast_cast_reg_3697_reg[107] )
INFO: [Synth 8-3333] propagating constant 0 across sequential element (\sync_packet_data_cast_cast_cast_cast_reg_3697_reg[108] )
INFO: [Synth 8-3333] propagating constant 0 across sequential element (\sync_packet_data_cast_cast_cast_cast_reg_3697_reg[109] )
INFO: [Common 17-14] Message 'Synth 8-3333' appears 100 times and further instances of the messages will be disabled.
INFO: [Common 17-14] Message 'Synth 8-3333' appears 100 times and further instances of the messages will be disabled.
INFO: [Synth 8-3886] merging instance 'fadd_32ns_32ns_32_7_full_dsp_1_U506/NeuroRing_fadd_32ns_32ns_32_7_full_dsp_1_ip_u/U0/i_synth/ADDSUB_OP.ADDSUB/DSP.OP/DSP48E1_BODY.EXP/NOT_LOW_LATENCY_NORM_DIST.NORM_EXP_DELAY/i_pipe/opt_has_pipe.first_q_reg[8]' (FDE) to 'fadd_32ns_32ns_32_7_full_dsp_1_U506/NeuroRing_fadd_32ns_32ns_32_7_full_dsp_1_ip_u/U0/i_synth/ADDSUB_OP.ADDSUB/DSP.OP/DSP48E1_BODY.EXP/NOT_LOW_LATENCY_NORM_DIST.NORM_EXP_DELAY/i_pipe/opt_has_pipe.first_q_reg[9]'
INFO: [Synth 8-3886] merging instance 'empty_378_reg_3674_reg[0]' (FDE) to 'empty_378_reg_3674_reg[1]'
INFO: [Synth 8-3886] merging instance 'empty_378_reg_3674_reg[1]' (FDE) to 'empty_378_reg_3674_reg[2]'
INFO: [Synth 8-3886] merging instance 'empty_378_reg_3674_reg[2]' (FDE) to 'empty_379_reg_3680_reg[0]'
INFO: [Synth 8-3886] merging instance 'empty_379_reg_3680_reg[0]' (FDE) to 'empty_379_reg_3680_reg[1]'
INFO: [Synth 8-3886] merging instance 'empty_379_reg_3680_reg[1]' (FDE) to 'empty_379_reg_3680_reg[2]'
WARNING: [Synth 8-3332] Sequential element (FSM_onehot_wstate_reg[0]) is unused and will be removed from module NeuroRing_control_s_axi.
WARNING: [Synth 8-3332] Sequential element (FSM_onehot_rstate_reg[0]) is unused and will be removed from module NeuroRing_control_s_axi.
WARNING: [Synth 8-3332] Sequential element (FSM_sequential_state_reg[1]) is unused and will be removed from module NeuroRing_regslice_both__parameterized1__2.
WARNING: [Synth 8-3332] Sequential element (FSM_sequential_state_reg[0]) is unused and will be removed from module NeuroRing_regslice_both__parameterized1__2.
WARNING: [Synth 8-3332] Sequential element (FSM_sequential_state_reg[1]) is unused and will be removed from module NeuroRing_regslice_both__parameterized1.
WARNING: [Synth 8-3332] Sequential element (FSM_sequential_state_reg[0]) is unused and will be removed from module NeuroRing_regslice_both__parameterized1.
INFO: [Synth 8-3886] merging instance 'gmem_syn_m_axi_U/bus_write/wreq_burst_conv/burst_sequential/start_addr_reg[4]' (FDRE) to 'gmem_syn_m_axi_U/bus_write/wreq_burst_conv/burst_sequential/start_addr_reg[3]'
INFO: [Synth 8-3886] merging instance 'gmem_syn_m_axi_U/bus_write/wreq_burst_conv/burst_sequential/start_addr_reg[3]' (FDRE) to 'gmem_syn_m_axi_U/bus_write/wreq_burst_conv/burst_sequential/start_addr_reg[2]'
INFO: [Synth 8-3886] merging instance 'gmem_syn_m_axi_U/bus_write/wreq_burst_conv/burst_sequential/start_addr_reg[2]' (FDRE) to 'gmem_syn_m_axi_U/bus_write/wreq_burst_conv/burst_sequential/start_addr_reg[1]'
INFO: [Synth 8-3886] merging instance 'gmem_syn_m_axi_U/bus_write/wreq_burst_conv/burst_sequential/start_addr_reg[1]' (FDRE) to 'gmem_syn_m_axi_U/bus_write/wreq_burst_conv/burst_sequential/start_addr_reg[0]'
INFO: [Synth 8-3886] merging instance 'gmem_syn_m_axi_U/bus_write/wreq_burst_conv/burst_sequential/could_multi_bursts.burst_len_reg[4]' (FDRE) to 'gmem_syn_m_axi_U/bus_write/wreq_burst_conv/burst_sequential/could_multi_bursts.burst_len_plus1_reg[5]'
INFO: [Synth 8-3886] merging instance 'gmem_syn_m_axi_U/bus_write/wreq_burst_conv/burst_sequential/could_multi_bursts.burst_len_reg[5]' (FDRE) to 'gmem_syn_m_axi_U/bus_write/wreq_burst_conv/burst_sequential/could_multi_bursts.burst_len_reg[6]'
INFO: [Synth 8-3886] merging instance 'gmem_syn_m_axi_U/bus_write/wreq_burst_conv/burst_sequential/could_multi_bursts.burst_len_reg[6]' (FDRE) to 'gmem_syn_m_axi_U/bus_write/wreq_burst_conv/burst_sequential/could_multi_bursts.burst_len_reg[7]'
INFO: [Synth 8-3886] merging instance 'gmem_syn_m_axi_U/store_unit_0/tmp_len_reg[0]' (FDRE) to 'gmem_syn_m_axi_U/store_unit_0/tmp_len_reg[4]'
INFO: [Synth 8-3886] merging instance 'gmem_syn_m_axi_U/bus_write/wreq_burst_conv/burst_sequential/rs_req/data_p2_reg[64]' (FDE) to 'gmem_syn_m_axi_U/bus_write/wreq_burst_conv/burst_sequential/rs_req/data_p2_reg[68]'
INFO: [Synth 8-3886] merging instance 'gmem_syn_m_axi_U/store_unit_0/tmp_addr_reg[0]' (FDRE) to 'gmem_syn_m_axi_U/store_unit_0/tmp_addr_reg[4]'
INFO: [Synth 8-3886] merging instance 'gmem_syn_m_axi_U/bus_write/wreq_burst_conv/burst_sequential/rs_req/data_p2_reg[0]' (FDE) to 'gmem_syn_m_axi_U/bus_write/wreq_burst_conv/burst_sequential/rs_req/data_p2_reg[4]'
INFO: [Synth 8-3886] merging instance 'gmem_syn_m_axi_U/store_unit_0/tmp_len_reg[1]' (FDRE) to 'gmem_syn_m_axi_U/store_unit_0/tmp_len_reg[4]'
INFO: [Synth 8-3886] merging instance 'gmem_syn_m_axi_U/bus_write/wreq_burst_conv/burst_sequential/rs_req/data_p2_reg[65]' (FDE) to 'gmem_syn_m_axi_U/bus_write/wreq_burst_conv/burst_sequential/rs_req/data_p2_reg[68]'
INFO: [Synth 8-3886] merging instance 'gmem_syn_m_axi_U/store_unit_0/tmp_addr_reg[1]' (FDRE) to 'gmem_syn_m_axi_U/store_unit_0/tmp_addr_reg[4]'
INFO: [Synth 8-3886] merging instance 'gmem_syn_m_axi_U/bus_write/wreq_burst_conv/burst_sequential/rs_req/data_p2_reg[1]' (FDE) to 'gmem_syn_m_axi_U/bus_write/wreq_burst_conv/burst_sequential/rs_req/data_p2_reg[4]'
INFO: [Common 17-14] Message 'Synth 8-3886' appears 100 times and further instances of the messages will be disabled.
INFO: [Common 17-14] Message 'Synth 8-3886' appears 100 times and further instances of the messages will be disabled.
WARNING: [Synth 8-3332] Sequential element (FSM_sequential_state_reg[1]) is unused and will be removed from module NeuroRing_regslice_both__parameterized0__3.
WARNING: [Synth 8-3332] Sequential element (FSM_sequential_state_reg[0]) is unused and will be removed from module NeuroRing_regslice_both__parameterized0__3.
WARNING: [Synth 8-3332] Sequential element (FSM_sequential_state_reg[1]) is unused and will be removed from module NeuroRing_regslice_both__parameterized0.
WARNING: [Synth 8-3332] Sequential element (FSM_sequential_state_reg[0]) is unused and will be removed from module NeuroRing_regslice_both__parameterized0.
---------------------------------------------------------------------------------
Finished Cross Boundary and Area Optimization : Time (s): cpu = 00:03:02 ; elapsed = 00:03:41 . Memory (MB): peak = 4113.383 ; gain = 1163.152 ; free physical = 33516 ; free virtual = 106161
---------------------------------------------------------------------------------
 Sort Area is NeuroRing__GCB0 mac_muladd_14ns_12ns_24ns_27_4_1_U2/NeuroRing_mac_muladd_14ns_12ns_24ns_27_4_1_DSP48_0_U/p_reg_reg_0 : 0 0 : 2641 2641 : Used 1 time 0
 Sort Area is NeuroRing__GCB0 zext_ln170_reg_4133_reg_2 : 0 0 : 727 727 : Used 1 time 0
 Sort Area is NeuroRing_NeuroRing_Pipeline_update_membrane_potential__GB4 tmp_49_reg_11871_reg_9 : 0 0 : 539 539 : Used 1 time 0
 Sort Area is NeuroRing_NeuroRing_Pipeline_update_membrane_potential__GB4 tmp_28_reg_11866_reg_7 : 0 0 : 526 526 : Used 1 time 0
 Sort Area is NeuroRing_NeuroRing_Pipeline_update_membrane_potential__GB4 tmp_50_reg_11881_reg_b : 0 0 : 526 526 : Used 1 time 0
 Sort Area is NeuroRing_NeuroRing_Pipeline_update_membrane_potential__GB4 tmp_51_reg_11886_reg_c : 0 0 : 526 526 : Used 1 time 0
 Sort Area is NeuroRing_NeuroRing_Pipeline_update_membrane_potential__GB4 tmp_4_reg_11851_reg_2 : 0 0 : 493 493 : Used 1 time 0
 Sort Area is NeuroRing_NeuroRing_Pipeline_update_membrane_potential__GB4 tmp_2_reg_11846_reg_0 : 0 0 : 372 372 : Used 1 time 0
 Sort Area is NeuroRing_NeuroRing_Pipeline_update_membrane_potential__GB4 tmp_15_reg_11856_reg_4 : 0 0 : 359 359 : Used 1 time 0
 Sort Area is NeuroRing_NeuroRing_Pipeline_update_membrane_potential__GB4 tmp_22_reg_11861_reg_6 : 0 0 : 359 359 : Used 1 time 0
---------------------------------------------------------------------------------
Start Applying XDC Timing Constraints
---------------------------------------------------------------------------------
---------------------------------------------------------------------------------
Finished Applying XDC Timing Constraints : Time (s): cpu = 00:03:11 ; elapsed = 00:03:51 . Memory (MB): peak = 4174.160 ; gain = 1223.930 ; free physical = 35715 ; free virtual = 108456
---------------------------------------------------------------------------------
---------------------------------------------------------------------------------
Start Timing Optimization
---------------------------------------------------------------------------------
WARNING: [Synth 8-3332] Sequential element (FSM_sequential_state_reg[1]) is unused and will be removed from module NeuroRing_regslice_both__parameterized0__1.
WARNING: [Synth 8-3332] Sequential element (FSM_sequential_state_reg[0]) is unused and will be removed from module NeuroRing_regslice_both__parameterized0__1.
WARNING: [Synth 8-3332] Sequential element (FSM_sequential_state_reg[1]) is unused and will be removed from module NeuroRing_regslice_both__parameterized0__2.
WARNING: [Synth 8-3332] Sequential element (FSM_sequential_state_reg[0]) is unused and will be removed from module NeuroRing_regslice_both__parameterized0__2.
WARNING: [Synth 8-3332] Sequential element (FSM_sequential_state_reg[1]) is unused and will be removed from module NeuroRing_regslice_both__parameterized1__1.
WARNING: [Synth 8-3332] Sequential element (FSM_sequential_state_reg[0]) is unused and will be removed from module NeuroRing_regslice_both__parameterized1__1.
INFO: [Synth 8-5784] Optimized 1 bits of RAM "SynapseSize_U/ram_reg" due to constant propagation. Old ram width 32 bits, new ram width 31 bits.
INFO: [Synth 8-5556] The block RAM "inst/SynapseSize_U/ram_reg" may be mapped as a cascade chain, because it is not timing critical.
---------------------------------------------------------------------------------
Finished Timing Optimization : Time (s): cpu = 00:04:25 ; elapsed = 00:05:12 . Memory (MB): peak = 4539.840 ; gain = 1589.609 ; free physical = 32281 ; free virtual = 105588
---------------------------------------------------------------------------------
---------------------------------------------------------------------------------
Start Technology Mapping
---------------------------------------------------------------------------------
INFO: [Synth 8-7052] The timing for the instance inst/i_5_6/gmem_syn_m_axi_U/load_unit_0/buff_rdata/U_fifo_mem/mem_reg_0 (implemented as a Block RAM) might be sub-optimal as no optional output register could be merged into the ram block. Providing additional output register may help in improving timing.
INFO: [Synth 8-7052] The timing for the instance inst/i_5_6/gmem_syn_m_axi_U/load_unit_0/buff_rdata/U_fifo_mem/mem_reg_1 (implemented as a Block RAM) might be sub-optimal as no optional output register could be merged into the ram block. Providing additional output register may help in improving timing.
INFO: [Synth 8-7052] The timing for the instance inst/i_5_6/gmem_syn_m_axi_U/load_unit_0/buff_rdata/U_fifo_mem/mem_reg_2 (implemented as a Block RAM) might be sub-optimal as no optional output register could be merged into the ram block. Providing additional output register may help in improving timing.
INFO: [Synth 8-7052] The timing for the instance inst/i_5_6/gmem_syn_m_axi_U/load_unit_0/buff_rdata/U_fifo_mem/mem_reg_3 (implemented as a Block RAM) might be sub-optimal as no optional output register could be merged into the ram block. Providing additional output register may help in improving timing.
INFO: [Synth 8-7052] The timing for the instance inst/i_5_4/U_membPot_3_U/ram_reg (implemented as a Block RAM) might be sub-optimal as no optional output register could be merged into the ram block. Providing additional output register may help in improving timing.
INFO: [Synth 8-7052] The timing for the instance inst/i_5_4/U_membPot_4_U/ram_reg (implemented as a Block RAM) might be sub-optimal as no optional output register could be merged into the ram block. Providing additional output register may help in improving timing.
INFO: [Synth 8-7052] The timing for the instance inst/i_5_4/U_membPot_U/ram_reg (implemented as a Block RAM) might be sub-optimal as no optional output register could be merged into the ram block. Providing additional output register may help in improving timing.
INFO: [Synth 8-7052] The timing for the instance inst/i_5_4/U_membPot_1_U/ram_reg (implemented as a Block RAM) might be sub-optimal as no optional output register could be merged into the ram block. Providing additional output register may help in improving timing.
INFO: [Synth 8-7052] The timing for the instance inst/i_5_4/U_membPot_2_U/ram_reg (implemented as a Block RAM) might be sub-optimal as no optional output register could be merged into the ram block. Providing additional output register may help in improving timing.
INFO: [Synth 8-7052] The timing for the instance inst/i_5_4/U_membPot_5_U/ram_reg (implemented as a Block RAM) might be sub-optimal as no optional output register could be merged into the ram block. Providing additional output register may help in improving timing.
INFO: [Synth 8-7052] The timing for the instance inst/i_5_4/U_membPot_6_U/ram_reg (implemented as a Block RAM) might be sub-optimal as no optional output register could be merged into the ram block. Providing additional output register may help in improving timing.
INFO: [Synth 8-7052] The timing for the instance inst/i_5_4/U_membPot_7_U/ram_reg (implemented as a Block RAM) might be sub-optimal as no optional output register could be merged into the ram block. Providing additional output register may help in improving timing.
INFO: [Synth 8-7052] The timing for the instance inst/i_5_4/U_membPot_8_U/ram_reg (implemented as a Block RAM) might be sub-optimal as no optional output register could be merged into the ram block. Providing additional output register may help in improving timing.
INFO: [Synth 8-7052] The timing for the instance inst/i_5_4/I_PreSynCurr_U/ram_reg (implemented as a Block RAM) might be sub-optimal as no optional output register could be merged into the ram block. Providing additional output register may help in improving timing.
INFO: [Synth 8-7052] The timing for the instance inst/i_5_4/I_PreSynCurr_1_U/ram_reg (implemented as a Block RAM) might be sub-optimal as no optional output register could be merged into the ram block. Providing additional output register may help in improving timing.
INFO: [Synth 8-7052] The timing for the instance inst/i_5_4/I_PreSynCurr_2_U/ram_reg (implemented as a Block RAM) might be sub-optimal as no optional output register could be merged into the ram block. Providing additional output register may help in improving timing.
INFO: [Synth 8-7052] The timing for the instance inst/i_5_4/I_PreSynCurr_3_U/ram_reg (implemented as a Block RAM) might be sub-optimal as no optional output register could be merged into the ram block. Providing additional output register may help in improving timing.
INFO: [Synth 8-7052] The timing for the instance inst/i_5_4/I_PreSynCurr_4_U/ram_reg (implemented as a Block RAM) might be sub-optimal as no optional output register could be merged into the ram block. Providing additional output register may help in improving timing.
INFO: [Synth 8-7052] The timing for the instance inst/i_5_4/I_PreSynCurr_5_U/ram_reg (implemented as a Block RAM) might be sub-optimal as no optional output register could be merged into the ram block. Providing additional output register may help in improving timing.
INFO: [Synth 8-7052] The timing for the instance inst/i_5_4/I_PreSynCurr_6_U/ram_reg (implemented as a Block RAM) might be sub-optimal as no optional output register could be merged into the ram block. Providing additional output register may help in improving timing.
INFO: [Synth 8-7052] The timing for the instance inst/i_5_4/I_PreSynCurr_7_U/ram_reg (implemented as a Block RAM) might be sub-optimal as no optional output register could be merged into the ram block. Providing additional output register may help in improving timing.
INFO: [Synth 8-7052] The timing for the instance inst/i_5_4/I_PreSynCurr_8_U/ram_reg (implemented as a Block RAM) might be sub-optimal as no optional output register could be merged into the ram block. Providing additional output register may help in improving timing.
INFO: [Synth 8-7052] The timing for the instance inst/i_5_4/R_RefCnt_U/ram_reg_bram_0 (implemented as a Block RAM) might be sub-optimal as no optional output register could be merged into the ram block. Providing additional output register may help in improving timing.
INFO: [Synth 8-7052] The timing for the instance inst/i_5_4/R_RefCnt_1_U/ram_reg_bram_0 (implemented as a Block RAM) might be sub-optimal as no optional output register could be merged into the ram block. Providing additional output register may help in improving timing.
INFO: [Synth 8-7052] The timing for the instance inst/i_5_4/R_RefCnt_2_U/ram_reg_bram_0 (implemented as a Block RAM) might be sub-optimal as no optional output register could be merged into the ram block. Providing additional output register may help in improving timing.
INFO: [Synth 8-7052] The timing for the instance inst/i_5_4/R_RefCnt_3_U/ram_reg_bram_0 (implemented as a Block RAM) might be sub-optimal as no optional output register could be merged into the ram block. Providing additional output register may help in improving timing.
INFO: [Synth 8-7052] The timing for the instance inst/i_5_4/R_RefCnt_4_U/ram_reg_bram_0 (implemented as a Block RAM) might be sub-optimal as no optional output register could be merged into the ram block. Providing additional output register may help in improving timing.
INFO: [Synth 8-7052] The timing for the instance inst/i_5_4/R_RefCnt_5_U/ram_reg_bram_0 (implemented as a Block RAM) might be sub-optimal as no optional output register could be merged into the ram block. Providing additional output register may help in improving timing.
INFO: [Synth 8-7052] The timing for the instance inst/i_5_4/R_RefCnt_6_U/ram_reg_bram_0 (implemented as a Block RAM) might be sub-optimal as no optional output register could be merged into the ram block. Providing additional output register may help in improving timing.
INFO: [Synth 8-7052] The timing for the instance inst/i_5_4/R_RefCnt_7_U/ram_reg_bram_0 (implemented as a Block RAM) might be sub-optimal as no optional output register could be merged into the ram block. Providing additional output register may help in improving timing.
INFO: [Synth 8-7052] The timing for the instance inst/i_5_4/R_RefCnt_8_U/ram_reg_bram_0 (implemented as a Block RAM) might be sub-optimal as no optional output register could be merged into the ram block. Providing additional output register may help in improving timing.
INFO: [Synth 8-7052] The timing for the instance inst/i_5_4/I_bias_U/ram_reg (implemented as a Block RAM) might be sub-optimal as no optional output register could be merged into the ram block. Providing additional output register may help in improving timing.
INFO: [Synth 8-7052] The timing for the instance inst/i_5_4/I_bias_1_U/ram_reg (implemented as a Block RAM) might be sub-optimal as no optional output register could be merged into the ram block. Providing additional output register may help in improving timing.
INFO: [Synth 8-7052] The timing for the instance inst/i_5_4/I_bias_2_U/ram_reg (implemented as a Block RAM) might be sub-optimal as no optional output register could be merged into the ram block. Providing additional output register may help in improving timing.
INFO: [Synth 8-7052] The timing for the instance inst/i_5_4/I_bias_3_U/ram_reg (implemented as a Block RAM) might be sub-optimal as no optional output register could be merged into the ram block. Providing additional output register may help in improving timing.
INFO: [Synth 8-7052] The timing for the instance inst/i_5_4/I_bias_4_U/ram_reg (implemented as a Block RAM) might be sub-optimal as no optional output register could be merged into the ram block. Providing additional output register may help in improving timing.
INFO: [Synth 8-7052] The timing for the instance inst/i_5_4/I_bias_5_U/ram_reg (implemented as a Block RAM) might be sub-optimal as no optional output register could be merged into the ram block. Providing additional output register may help in improving timing.
INFO: [Synth 8-7052] The timing for the instance inst/i_5_4/I_bias_6_U/ram_reg (implemented as a Block RAM) might be sub-optimal as no optional output register could be merged into the ram block. Providing additional output register may help in improving timing.
INFO: [Synth 8-7052] The timing for the instance inst/i_5_4/I_bias_7_U/ram_reg (implemented as a Block RAM) might be sub-optimal as no optional output register could be merged into the ram block. Providing additional output register may help in improving timing.
INFO: [Synth 8-7052] The timing for the instance inst/i_5_4/I_bias_8_U/ram_reg (implemented as a Block RAM) might be sub-optimal as no optional output register could be merged into the ram block. Providing additional output register may help in improving timing.
---------------------------------------------------------------------------------
Finished Technology Mapping : Time (s): cpu = 00:04:57 ; elapsed = 00:05:56 . Memory (MB): peak = 4551.766 ; gain = 1601.535 ; free physical = 31190 ; free virtual = 104995
---------------------------------------------------------------------------------
---------------------------------------------------------------------------------
Start IO Insertion
---------------------------------------------------------------------------------
---------------------------------------------------------------------------------
Start Flattening Before IO Insertion
---------------------------------------------------------------------------------
---------------------------------------------------------------------------------
Finished Flattening Before IO Insertion
---------------------------------------------------------------------------------
---------------------------------------------------------------------------------
Start Final Netlist Cleanup
---------------------------------------------------------------------------------
INFO: [Synth 8-7052] The timing for the instance inst/gmem_syn_m_axi_U/load_unit_0/buff_rdata/U_fifo_mem/mem_reg_0 (implemented as a Block RAM) might be sub-optimal as no optional output register could be merged into the ram block. Providing additional output register may help in improving timing.
INFO: [Synth 8-7052] The timing for the instance inst/gmem_syn_m_axi_U/load_unit_0/buff_rdata/U_fifo_mem/mem_reg_1 (implemented as a Block RAM) might be sub-optimal as no optional output register could be merged into the ram block. Providing additional output register may help in improving timing.
INFO: [Synth 8-7052] The timing for the instance inst/gmem_syn_m_axi_U/load_unit_0/buff_rdata/U_fifo_mem/mem_reg_2 (implemented as a Block RAM) might be sub-optimal as no optional output register could be merged into the ram block. Providing additional output register may help in improving timing.
INFO: [Synth 8-7052] The timing for the instance inst/gmem_syn_m_axi_U/load_unit_0/buff_rdata/U_fifo_mem/mem_reg_3 (implemented as a Block RAM) might be sub-optimal as no optional output register could be merged into the ram block. Providing additional output register may help in improving timing.
INFO: [Synth 8-7052] The timing for the instance inst/U_membPot_3_U/ram_reg (implemented as a Block RAM) might be sub-optimal as no optional output register could be merged into the ram block. Providing additional output register may help in improving timing.
INFO: [Synth 8-7052] The timing for the instance inst/U_membPot_4_U/ram_reg (implemented as a Block RAM) might be sub-optimal as no optional output register could be merged into the ram block. Providing additional output register may help in improving timing.
INFO: [Synth 8-7052] The timing for the instance inst/U_membPot_U/ram_reg (implemented as a Block RAM) might be sub-optimal as no optional output register could be merged into the ram block. Providing additional output register may help in improving timing.
INFO: [Synth 8-7052] The timing for the instance inst/U_membPot_1_U/ram_reg (implemented as a Block RAM) might be sub-optimal as no optional output register could be merged into the ram block. Providing additional output register may help in improving timing.
INFO: [Synth 8-7052] The timing for the instance inst/U_membPot_2_U/ram_reg (implemented as a Block RAM) might be sub-optimal as no optional output register could be merged into the ram block. Providing additional output register may help in improving timing.
INFO: [Synth 8-7052] The timing for the instance inst/U_membPot_5_U/ram_reg (implemented as a Block RAM) might be sub-optimal as no optional output register could be merged into the ram block. Providing additional output register may help in improving timing.
INFO: [Synth 8-7052] The timing for the instance inst/U_membPot_6_U/ram_reg (implemented as a Block RAM) might be sub-optimal as no optional output register could be merged into the ram block. Providing additional output register may help in improving timing.
INFO: [Synth 8-7052] The timing for the instance inst/U_membPot_7_U/ram_reg (implemented as a Block RAM) might be sub-optimal as no optional output register could be merged into the ram block. Providing additional output register may help in improving timing.
INFO: [Synth 8-7052] The timing for the instance inst/U_membPot_8_U/ram_reg (implemented as a Block RAM) might be sub-optimal as no optional output register could be merged into the ram block. Providing additional output register may help in improving timing.
INFO: [Synth 8-7052] The timing for the instance inst/I_PreSynCurr_U/ram_reg (implemented as a Block RAM) might be sub-optimal as no optional output register could be merged into the ram block. Providing additional output register may help in improving timing.
INFO: [Synth 8-7052] The timing for the instance inst/I_PreSynCurr_1_U/ram_reg (implemented as a Block RAM) might be sub-optimal as no optional output register could be merged into the ram block. Providing additional output register may help in improving timing.
INFO: [Synth 8-7052] The timing for the instance inst/I_PreSynCurr_2_U/ram_reg (implemented as a Block RAM) might be sub-optimal as no optional output register could be merged into the ram block. Providing additional output register may help in improving timing.
INFO: [Synth 8-7052] The timing for the instance inst/I_PreSynCurr_3_U/ram_reg (implemented as a Block RAM) might be sub-optimal as no optional output register could be merged into the ram block. Providing additional output register may help in improving timing.
INFO: [Synth 8-7052] The timing for the instance inst/I_PreSynCurr_4_U/ram_reg (implemented as a Block RAM) might be sub-optimal as no optional output register could be merged into the ram block. Providing additional output register may help in improving timing.
INFO: [Synth 8-7052] The timing for the instance inst/I_PreSynCurr_5_U/ram_reg (implemented as a Block RAM) might be sub-optimal as no optional output register could be merged into the ram block. Providing additional output register may help in improving timing.
INFO: [Synth 8-7052] The timing for the instance inst/I_PreSynCurr_6_U/ram_reg (implemented as a Block RAM) might be sub-optimal as no optional output register could be merged into the ram block. Providing additional output register may help in improving timing.
INFO: [Synth 8-7052] The timing for the instance inst/I_PreSynCurr_7_U/ram_reg (implemented as a Block RAM) might be sub-optimal as no optional output register could be merged into the ram block. Providing additional output register may help in improving timing.
INFO: [Synth 8-7052] The timing for the instance inst/I_PreSynCurr_8_U/ram_reg (implemented as a Block RAM) might be sub-optimal as no optional output register could be merged into the ram block. Providing additional output register may help in improving timing.
INFO: [Synth 8-7052] The timing for the instance inst/R_RefCnt_U/ram_reg_bram_0 (implemented as a Block RAM) might be sub-optimal as no optional output register could be merged into the ram block. Providing additional output register may help in improving timing.
INFO: [Synth 8-7052] The timing for the instance inst/R_RefCnt_1_U/ram_reg_bram_0 (implemented as a Block RAM) might be sub-optimal as no optional output register could be merged into the ram block. Providing additional output register may help in improving timing.
INFO: [Synth 8-7052] The timing for the instance inst/R_RefCnt_2_U/ram_reg_bram_0 (implemented as a Block RAM) might be sub-optimal as no optional output register could be merged into the ram block. Providing additional output register may help in improving timing.
INFO: [Synth 8-7052] The timing for the instance inst/R_RefCnt_3_U/ram_reg_bram_0 (implemented as a Block RAM) might be sub-optimal as no optional output register could be merged into the ram block. Providing additional output register may help in improving timing.
INFO: [Synth 8-7052] The timing for the instance inst/R_RefCnt_4_U/ram_reg_bram_0 (implemented as a Block RAM) might be sub-optimal as no optional output register could be merged into the ram block. Providing additional output register may help in improving timing.
INFO: [Synth 8-7052] The timing for the instance inst/R_RefCnt_5_U/ram_reg_bram_0 (implemented as a Block RAM) might be sub-optimal as no optional output register could be merged into the ram block. Providing additional output register may help in improving timing.
INFO: [Synth 8-7052] The timing for the instance inst/R_RefCnt_6_U/ram_reg_bram_0 (implemented as a Block RAM) might be sub-optimal as no optional output register could be merged into the ram block. Providing additional output register may help in improving timing.
INFO: [Synth 8-7052] The timing for the instance inst/R_RefCnt_7_U/ram_reg_bram_0 (implemented as a Block RAM) might be sub-optimal as no optional output register could be merged into the ram block. Providing additional output register may help in improving timing.
INFO: [Synth 8-7052] The timing for the instance inst/R_RefCnt_8_U/ram_reg_bram_0 (implemented as a Block RAM) might be sub-optimal as no optional output register could be merged into the ram block. Providing additional output register may help in improving timing.
INFO: [Synth 8-7052] The timing for the instance inst/I_bias_U/ram_reg (implemented as a Block RAM) might be sub-optimal as no optional output register could be merged into the ram block. Providing additional output register may help in improving timing.
INFO: [Synth 8-7052] The timing for the instance inst/I_bias_1_U/ram_reg (implemented as a Block RAM) might be sub-optimal as no optional output register could be merged into the ram block. Providing additional output register may help in improving timing.
INFO: [Synth 8-7052] The timing for the instance inst/I_bias_2_U/ram_reg (implemented as a Block RAM) might be sub-optimal as no optional output register could be merged into the ram block. Providing additional output register may help in improving timing.
INFO: [Synth 8-7052] The timing for the instance inst/I_bias_3_U/ram_reg (implemented as a Block RAM) might be sub-optimal as no optional output register could be merged into the ram block. Providing additional output register may help in improving timing.
INFO: [Synth 8-7052] The timing for the instance inst/I_bias_4_U/ram_reg (implemented as a Block RAM) might be sub-optimal as no optional output register could be merged into the ram block. Providing additional output register may help in improving timing.
INFO: [Synth 8-7052] The timing for the instance inst/I_bias_5_U/ram_reg (implemented as a Block RAM) might be sub-optimal as no optional output register could be merged into the ram block. Providing additional output register may help in improving timing.
INFO: [Synth 8-7052] The timing for the instance inst/I_bias_6_U/ram_reg (implemented as a Block RAM) might be sub-optimal as no optional output register could be merged into the ram block. Providing additional output register may help in improving timing.
INFO: [Synth 8-7052] The timing for the instance inst/I_bias_7_U/ram_reg (implemented as a Block RAM) might be sub-optimal as no optional output register could be merged into the ram block. Providing additional output register may help in improving timing.
INFO: [Synth 8-7052] The timing for the instance inst/I_bias_8_U/ram_reg (implemented as a Block RAM) might be sub-optimal as no optional output register could be merged into the ram block. Providing additional output register may help in improving timing.
---------------------------------------------------------------------------------
Finished Final Netlist Cleanup
---------------------------------------------------------------------------------
---------------------------------------------------------------------------------
Finished IO Insertion : Time (s): cpu = 00:05:11 ; elapsed = 00:06:10 . Memory (MB): peak = 4551.766 ; gain = 1601.535 ; free physical = 29264 ; free virtual = 103146
---------------------------------------------------------------------------------
---------------------------------------------------------------------------------
Start Renaming Generated Instances
---------------------------------------------------------------------------------
---------------------------------------------------------------------------------
Finished Renaming Generated Instances : Time (s): cpu = 00:05:11 ; elapsed = 00:06:10 . Memory (MB): peak = 4551.766 ; gain = 1601.535 ; free physical = 29212 ; free virtual = 103092
---------------------------------------------------------------------------------
---------------------------------------------------------------------------------
Start Rebuilding User Hierarchy
---------------------------------------------------------------------------------
---------------------------------------------------------------------------------
Finished Rebuilding User Hierarchy : Time (s): cpu = 00:05:17 ; elapsed = 00:06:16 . Memory (MB): peak = 4551.766 ; gain = 1601.535 ; free physical = 28785 ; free virtual = 102715
---------------------------------------------------------------------------------
---------------------------------------------------------------------------------
Start Renaming Generated Ports
---------------------------------------------------------------------------------
---------------------------------------------------------------------------------
Finished Renaming Generated Ports : Time (s): cpu = 00:05:17 ; elapsed = 00:06:17 . Memory (MB): peak = 4551.766 ; gain = 1601.535 ; free physical = 28279 ; free virtual = 102215
---------------------------------------------------------------------------------
---------------------------------------------------------------------------------
Start Handling Custom Attributes
---------------------------------------------------------------------------------
---------------------------------------------------------------------------------
Finished Handling Custom Attributes : Time (s): cpu = 00:05:19 ; elapsed = 00:06:19 . Memory (MB): peak = 4551.766 ; gain = 1601.535 ; free physical = 26506 ; free virtual = 100476
---------------------------------------------------------------------------------
---------------------------------------------------------------------------------
Start Renaming Generated Nets
---------------------------------------------------------------------------------
---------------------------------------------------------------------------------
Finished Renaming Generated Nets : Time (s): cpu = 00:05:19 ; elapsed = 00:06:19 . Memory (MB): peak = 4551.766 ; gain = 1601.535 ; free physical = 26347 ; free virtual = 100333
---------------------------------------------------------------------------------
---------------------------------------------------------------------------------
Start Writing Synthesis Report
---------------------------------------------------------------------------------

DSP Final Report (the ' indicates corresponding REG is set)
+------------------------------------------------------------+-----------------+--------+--------+--------+--------+--------+------+------+------+------+-------+------+------+
|Module Name                                                 | DSP Mapping     | A Size | B Size | C Size | D Size | P Size | AREG | BREG | CREG | DREG | ADREG | MREG | PREG | 
+------------------------------------------------------------+-----------------+--------+--------+--------+--------+--------+------+------+------+------+-------+------+------+
|NeuroRing__GCB0                                             | (A'*B)'         | 12     | 14     | -      | -      | 26     | 1    | 0    | -    | -    | -     | 0    | 1    | 
|dsp48e1_wrapper_2933                                        | Dynamic         | -      | -      | -      | -      | 40     | -    | -    | -    | -    | 1     | 0    | 0    | 
|dsp48e1_wrapper__parameterized0_2886                        | C+A'*B'         | 24     | 16     | 35     | -      | 35     | 1    | 1    | 0    | -    | -     | 0    | 0    | 
|NeuroRing_NeuroRing_Pipeline_VITIS_LOOP_94_1                | (C+(A'*B')')'   | 14     | 12     | 24     | -      | 27     | 1    | 1    | 0    | -    | -     | 1    | 1    | 
|NeuroRing_NeuroRing_Pipeline_update_membrane_potential__GB4 | (A*B)'          | 10     | 11     | -      | -      | 21     | 0    | 0    | -    | -    | -     | 0    | 1    | 
|NeuroRing_NeuroRing_Pipeline_update_membrane_potential__GB4 | (A'*B)'         | 9      | 10     | -      | -      | 19     | 1    | 0    | -    | -    | -     | 0    | 1    | 
|NeuroRing_NeuroRing_Pipeline_update_membrane_potential__GB4 | (A*B)'          | 12     | 13     | -      | -      | 25     | 0    | 0    | -    | -    | -     | 0    | 1    | 
|NeuroRing_NeuroRing_Pipeline_update_membrane_potential__GB4 | (A*B)'          | 12     | 13     | -      | -      | 25     | 0    | 0    | -    | -    | -     | 0    | 1    | 
|NeuroRing_NeuroRing_Pipeline_update_membrane_potential__GB4 | (A'*B)'         | 12     | 13     | -      | -      | 25     | 1    | 0    | -    | -    | -     | 0    | 1    | 
|NeuroRing_NeuroRing_Pipeline_update_membrane_potential__GB4 | (A*B)'          | 12     | 13     | -      | -      | 25     | 0    | 0    | -    | -    | -     | 0    | 1    | 
|NeuroRing_NeuroRing_Pipeline_update_membrane_potential__GB4 | (A*B)'          | 11     | 12     | -      | -      | 23     | 0    | 0    | -    | -    | -     | 0    | 1    | 
|NeuroRing_NeuroRing_Pipeline_update_membrane_potential__GB4 | (A*B)'          | 11     | 12     | -      | -      | 23     | 0    | 0    | -    | -    | -     | 0    | 1    | 
|dsp48e1_wrapper_2839                                        | Dynamic         | -      | -      | -      | -      | 40     | -    | -    | -    | -    | 1     | 0    | 0    | 
|dsp48e1_wrapper__parameterized0_2792                        | C+A'*B'         | 24     | 16     | 35     | -      | 35     | 1    | 1    | 0    | -    | -     | 0    | 0    | 
|dsp48e1_wrapper_2757                                        | Dynamic         | -      | -      | -      | -      | 40     | -    | -    | -    | -    | 1     | 0    | 0    | 
|dsp48e1_wrapper__parameterized0_2710                        | C+A'*B'         | 24     | 16     | 35     | -      | 35     | 1    | 1    | 0    | -    | -     | 0    | 0    | 
|dsp48e1_wrapper_2675                                        | Dynamic         | -      | -      | -      | -      | 40     | -    | -    | -    | -    | 1     | 0    | 0    | 
|dsp48e1_wrapper__parameterized0_2628                        | C+A'*B'         | 24     | 16     | 35     | -      | 35     | 1    | 1    | 0    | -    | -     | 0    | 0    | 
|dsp48e1_wrapper_2593                                        | Dynamic         | -      | -      | -      | -      | 40     | -    | -    | -    | -    | 1     | 0    | 0    | 
|dsp48e1_wrapper__parameterized0_2546                        | C+A'*B'         | 24     | 16     | 35     | -      | 35     | 1    | 1    | 0    | -    | -     | 0    | 0    | 
|dsp48e1_wrapper_2511                                        | Dynamic         | -      | -      | -      | -      | 40     | -    | -    | -    | -    | 1     | 0    | 0    | 
|dsp48e1_wrapper__parameterized0_2464                        | C+A'*B'         | 24     | 16     | 35     | -      | 35     | 1    | 1    | 0    | -    | -     | 0    | 0    | 
|dsp48e1_wrapper_2429                                        | Dynamic         | -      | -      | -      | -      | 40     | -    | -    | -    | -    | 1     | 0    | 0    | 
|dsp48e1_wrapper__parameterized0_2382                        | C+A'*B'         | 24     | 16     | 35     | -      | 35     | 1    | 1    | 0    | -    | -     | 0    | 0    | 
|dsp48e1_wrapper_2347                                        | Dynamic         | -      | -      | -      | -      | 40     | -    | -    | -    | -    | 1     | 0    | 0    | 
|dsp48e1_wrapper__parameterized0_2300                        | C+A'*B'         | 24     | 16     | 35     | -      | 35     | 1    | 1    | 0    | -    | -     | 0    | 0    | 
|dsp48e1_wrapper_2265                                        | Dynamic         | -      | -      | -      | -      | 40     | -    | -    | -    | -    | 1     | 0    | 0    | 
|dsp48e1_wrapper__parameterized0_2218                        | C+A'*B'         | 24     | 16     | 35     | -      | 35     | 1    | 1    | 0    | -    | -     | 0    | 0    | 
|dsp48e1_wrapper_2183                                        | Dynamic         | -      | -      | -      | -      | 40     | -    | -    | -    | -    | 1     | 0    | 0    | 
|dsp48e1_wrapper__parameterized0_2136                        | C+A'*B'         | 24     | 16     | 35     | -      | 35     | 1    | 1    | 0    | -    | -     | 0    | 0    | 
|dsp48e1_wrapper_2101                                        | Dynamic         | -      | -      | -      | -      | 40     | -    | -    | -    | -    | 1     | 0    | 0    | 
|dsp48e1_wrapper__parameterized0_2054                        | C+A'*B'         | 24     | 16     | 35     | -      | 35     | 1    | 1    | 0    | -    | -     | 0    | 0    | 
|dsp48e1_wrapper_2019                                        | Dynamic         | -      | -      | -      | -      | 40     | -    | -    | -    | -    | 1     | 0    | 0    | 
|dsp48e1_wrapper__parameterized0_1972                        | C+A'*B'         | 24     | 16     | 35     | -      | 35     | 1    | 1    | 0    | -    | -     | 0    | 0    | 
|dsp48e1_wrapper_1937                                        | Dynamic         | -      | -      | -      | -      | 40     | -    | -    | -    | -    | 1     | 0    | 0    | 
|dsp48e1_wrapper__parameterized0_1890                        | C+A'*B'         | 24     | 16     | 35     | -      | 35     | 1    | 1    | 0    | -    | -     | 0    | 0    | 
|dsp48e1_wrapper_1855                                        | Dynamic         | -      | -      | -      | -      | 40     | -    | -    | -    | -    | 1     | 0    | 0    | 
|dsp48e1_wrapper__parameterized0_1808                        | C+A'*B'         | 24     | 16     | 35     | -      | 35     | 1    | 1    | 0    | -    | -     | 0    | 0    | 
|dsp48e1_wrapper_1773                                        | Dynamic         | -      | -      | -      | -      | 40     | -    | -    | -    | -    | 1     | 0    | 0    | 
|dsp48e1_wrapper__parameterized0_1726                        | C+A'*B'         | 24     | 16     | 35     | -      | 35     | 1    | 1    | 0    | -    | -     | 0    | 0    | 
|dsp48e1_wrapper_1691                                        | Dynamic         | -      | -      | -      | -      | 40     | -    | -    | -    | -    | 1     | 0    | 0    | 
|dsp48e1_wrapper__parameterized0_1644                        | C+A'*B'         | 24     | 16     | 35     | -      | 35     | 1    | 1    | 0    | -    | -     | 0    | 0    | 
|dsp48e1_wrapper_1609                                        | Dynamic         | -      | -      | -      | -      | 40     | -    | -    | -    | -    | 1     | 0    | 0    | 
|dsp48e1_wrapper__parameterized0_1562                        | C+A'*B'         | 24     | 16     | 35     | -      | 35     | 1    | 1    | 0    | -    | -     | 0    | 0    | 
|dsp48e1_wrapper_1527                                        | Dynamic         | -      | -      | -      | -      | 40     | -    | -    | -    | -    | 1     | 0    | 0    | 
|dsp48e1_wrapper__parameterized0_1480                        | C+A'*B'         | 24     | 16     | 35     | -      | 35     | 1    | 1    | 0    | -    | -     | 0    | 0    | 
|dsp48e1_wrapper_1445                                        | Dynamic         | -      | -      | -      | -      | 40     | -    | -    | -    | -    | 1     | 0    | 0    | 
|dsp48e1_wrapper__parameterized0_1398                        | C+A'*B'         | 24     | 16     | 35     | -      | 35     | 1    | 1    | 0    | -    | -     | 0    | 0    | 
|dsp48e1_wrapper_1363                                        | Dynamic         | -      | -      | -      | -      | 40     | -    | -    | -    | -    | 1     | 0    | 0    | 
|dsp48e1_wrapper__parameterized0_1316                        | C+A'*B'         | 24     | 16     | 35     | -      | 35     | 1    | 1    | 0    | -    | -     | 0    | 0    | 
|dsp48e1_wrapper_1281                                        | Dynamic         | -      | -      | -      | -      | 40     | -    | -    | -    | -    | 1     | 0    | 0    | 
|dsp48e1_wrapper__parameterized0_1234                        | C+A'*B'         | 24     | 16     | 35     | -      | 35     | 1    | 1    | 0    | -    | -     | 0    | 0    | 
|dsp48e1_wrapper_1199                                        | Dynamic         | -      | -      | -      | -      | 40     | -    | -    | -    | -    | 1     | 0    | 0    | 
|dsp48e1_wrapper__parameterized0_1152                        | C+A'*B'         | 24     | 16     | 35     | -      | 35     | 1    | 1    | 0    | -    | -     | 0    | 0    | 
|dsp48e1_wrapper_1117                                        | Dynamic         | -      | -      | -      | -      | 40     | -    | -    | -    | -    | 1     | 0    | 0    | 
|dsp48e1_wrapper__parameterized0_1070                        | C+A'*B'         | 24     | 16     | 35     | -      | 35     | 1    | 1    | 0    | -    | -     | 0    | 0    | 
|dsp48e1_wrapper                                             | Dynamic         | -      | -      | -      | -      | 40     | -    | -    | -    | -    | 1     | 0    | 0    | 
|dsp48e1_wrapper__parameterized0                             | C+A'*B'         | 24     | 16     | 35     | -      | 35     | 1    | 1    | 0    | -    | -     | 0    | 0    | 
|dsp48e1_wrapper__parameterized1_893                         | (A*B)'          | 24     | 17     | -      | -      | 41     | 0    | 0    | -    | -    | -     | 0    | 1    | 
|dsp48e1_wrapper__parameterized2_894                         | PCIN>>17+(A*B)' | 0      | 7      | -      | -      | 31     | 0    | 0    | -    | -    | -     | 1    | 0    | 
|dsp48e1_wrapper__parameterized3_891                         | PCIN+A:B+C      | 22     | 0      | -      | -      | 48     | 0    | 0    | -    | -    | -     | 0    | 0    | 
|dsp48e1_wrapper__parameterized1_865                         | (A*B)'          | 24     | 17     | -      | -      | 41     | 0    | 0    | -    | -    | -     | 0    | 1    | 
|dsp48e1_wrapper__parameterized2_866                         | PCIN>>17+(A*B)' | 0      | 7      | -      | -      | 31     | 0    | 0    | -    | -    | -     | 1    | 0    | 
|dsp48e1_wrapper__parameterized3_863                         | PCIN+A:B+C      | 22     | 0      | -      | -      | 48     | 0    | 0    | -    | -    | -     | 0    | 0    | 
|dsp48e1_wrapper__parameterized1_837                         | (A*B)'          | 24     | 17     | -      | -      | 41     | 0    | 0    | -    | -    | -     | 0    | 1    | 
|dsp48e1_wrapper__parameterized2_838                         | PCIN>>17+(A*B)' | 0      | 7      | -      | -      | 31     | 0    | 0    | -    | -    | -     | 1    | 0    | 
|dsp48e1_wrapper__parameterized3_835                         | PCIN+A:B+C      | 22     | 0      | -      | -      | 48     | 0    | 0    | -    | -    | -     | 0    | 0    | 
|dsp48e1_wrapper__parameterized1_809                         | (A*B)'          | 24     | 17     | -      | -      | 41     | 0    | 0    | -    | -    | -     | 0    | 1    | 
|dsp48e1_wrapper__parameterized2_810                         | PCIN>>17+(A*B)' | 0      | 7      | -      | -      | 31     | 0    | 0    | -    | -    | -     | 1    | 0    | 
|dsp48e1_wrapper__parameterized3_807                         | PCIN+A:B+C      | 22     | 0      | -      | -      | 48     | 0    | 0    | -    | -    | -     | 0    | 0    | 
|dsp48e1_wrapper__parameterized1_781                         | (A*B)'          | 24     | 17     | -      | -      | 41     | 0    | 0    | -    | -    | -     | 0    | 1    | 
|dsp48e1_wrapper__parameterized2_782                         | PCIN>>17+(A*B)' | 0      | 7      | -      | -      | 31     | 0    | 0    | -    | -    | -     | 1    | 0    | 
|dsp48e1_wrapper__parameterized3_779                         | PCIN+A:B+C      | 22     | 0      | -      | -      | 48     | 0    | 0    | -    | -    | -     | 0    | 0    | 
|dsp48e1_wrapper__parameterized1_753                         | (A*B)'          | 24     | 17     | -      | -      | 41     | 0    | 0    | -    | -    | -     | 0    | 1    | 
|dsp48e1_wrapper__parameterized2_754                         | PCIN>>17+(A*B)' | 0      | 7      | -      | -      | 31     | 0    | 0    | -    | -    | -     | 1    | 0    | 
|dsp48e1_wrapper__parameterized3_751                         | PCIN+A:B+C      | 22     | 0      | -      | -      | 48     | 0    | 0    | -    | -    | -     | 0    | 0    | 
|dsp48e1_wrapper__parameterized1_725                         | (A*B)'          | 24     | 17     | -      | -      | 41     | 0    | 0    | -    | -    | -     | 0    | 1    | 
|dsp48e1_wrapper__parameterized2_726                         | PCIN>>17+(A*B)' | 0      | 7      | -      | -      | 31     | 0    | 0    | -    | -    | -     | 1    | 0    | 
|dsp48e1_wrapper__parameterized3_723                         | PCIN+A:B+C      | 22     | 0      | -      | -      | 48     | 0    | 0    | -    | -    | -     | 0    | 0    | 
|dsp48e1_wrapper__parameterized1_697                         | (A*B)'          | 24     | 17     | -      | -      | 41     | 0    | 0    | -    | -    | -     | 0    | 1    | 
|dsp48e1_wrapper__parameterized2_698                         | PCIN>>17+(A*B)' | 0      | 7      | -      | -      | 31     | 0    | 0    | -    | -    | -     | 1    | 0    | 
|dsp48e1_wrapper__parameterized3_695                         | PCIN+A:B+C      | 22     | 0      | -      | -      | 48     | 0    | 0    | -    | -    | -     | 0    | 0    | 
|dsp48e1_wrapper__parameterized1_669                         | (A*B)'          | 24     | 17     | -      | -      | 41     | 0    | 0    | -    | -    | -     | 0    | 1    | 
|dsp48e1_wrapper__parameterized2_670                         | PCIN>>17+(A*B)' | 0      | 7      | -      | -      | 31     | 0    | 0    | -    | -    | -     | 1    | 0    | 
|dsp48e1_wrapper__parameterized3_667                         | PCIN+A:B+C      | 22     | 0      | -      | -      | 48     | 0    | 0    | -    | -    | -     | 0    | 0    | 
|dsp48e1_wrapper__parameterized1_641                         | (A*B)'          | 24     | 17     | -      | -      | 41     | 0    | 0    | -    | -    | -     | 0    | 1    | 
|dsp48e1_wrapper__parameterized2_642                         | PCIN>>17+(A*B)' | 0      | 7      | -      | -      | 31     | 0    | 0    | -    | -    | -     | 1    | 0    | 
|dsp48e1_wrapper__parameterized3_639                         | PCIN+A:B+C      | 22     | 0      | -      | -      | 48     | 0    | 0    | -    | -    | -     | 0    | 0    | 
|dsp48e1_wrapper__parameterized1_613                         | (A*B)'          | 24     | 17     | -      | -      | 41     | 0    | 0    | -    | -    | -     | 0    | 1    | 
|dsp48e1_wrapper__parameterized2_614                         | PCIN>>17+(A*B)' | 0      | 7      | -      | -      | 31     | 0    | 0    | -    | -    | -     | 1    | 0    | 
|dsp48e1_wrapper__parameterized3_611                         | PCIN+A:B+C      | 22     | 0      | -      | -      | 48     | 0    | 0    | -    | -    | -     | 0    | 0    | 
|dsp48e1_wrapper__parameterized1_585                         | (A*B)'          | 24     | 17     | -      | -      | 41     | 0    | 0    | -    | -    | -     | 0    | 1    | 
|dsp48e1_wrapper__parameterized2_586                         | PCIN>>17+(A*B)' | 0      | 7      | -      | -      | 31     | 0    | 0    | -    | -    | -     | 1    | 0    | 
|dsp48e1_wrapper__parameterized3_583                         | PCIN+A:B+C      | 22     | 0      | -      | -      | 48     | 0    | 0    | -    | -    | -     | 0    | 0    | 
|dsp48e1_wrapper__parameterized1_557                         | (A*B)'          | 24     | 17     | -      | -      | 41     | 0    | 0    | -    | -    | -     | 0    | 1    | 
|dsp48e1_wrapper__parameterized2_558                         | PCIN>>17+(A*B)' | 0      | 7      | -      | -      | 31     | 0    | 0    | -    | -    | -     | 1    | 0    | 
|dsp48e1_wrapper__parameterized3_555                         | PCIN+A:B+C      | 22     | 0      | -      | -      | 48     | 0    | 0    | -    | -    | -     | 0    | 0    | 
|dsp48e1_wrapper__parameterized1_529                         | (A*B)'          | 24     | 17     | -      | -      | 41     | 0    | 0    | -    | -    | -     | 0    | 1    | 
|dsp48e1_wrapper__parameterized2_530                         | PCIN>>17+(A*B)' | 0      | 7      | -      | -      | 31     | 0    | 0    | -    | -    | -     | 1    | 0    | 
|dsp48e1_wrapper__parameterized3_527                         | PCIN+A:B+C      | 22     | 0      | -      | -      | 48     | 0    | 0    | -    | -    | -     | 0    | 0    | 
|dsp48e1_wrapper__parameterized1_501                         | (A*B)'          | 24     | 17     | -      | -      | 41     | 0    | 0    | -    | -    | -     | 0    | 1    | 
|dsp48e1_wrapper__parameterized2_502                         | PCIN>>17+(A*B)' | 0      | 7      | -      | -      | 31     | 0    | 0    | -    | -    | -     | 1    | 0    | 
|dsp48e1_wrapper__parameterized3_499                         | PCIN+A:B+C      | 22     | 0      | -      | -      | 48     | 0    | 0    | -    | -    | -     | 0    | 0    | 
|dsp48e1_wrapper__parameterized1_473                         | (A*B)'          | 24     | 17     | -      | -      | 41     | 0    | 0    | -    | -    | -     | 0    | 1    | 
|dsp48e1_wrapper__parameterized2_474                         | PCIN>>17+(A*B)' | 0      | 7      | -      | -      | 31     | 0    | 0    | -    | -    | -     | 1    | 0    | 
|dsp48e1_wrapper__parameterized3_471                         | PCIN+A:B+C      | 22     | 0      | -      | -      | 48     | 0    | 0    | -    | -    | -     | 0    | 0    | 
|dsp48e1_wrapper__parameterized1_445                         | (A*B)'          | 24     | 17     | -      | -      | 41     | 0    | 0    | -    | -    | -     | 0    | 1    | 
|dsp48e1_wrapper__parameterized2_446                         | PCIN>>17+(A*B)' | 0      | 7      | -      | -      | 31     | 0    | 0    | -    | -    | -     | 1    | 0    | 
|dsp48e1_wrapper__parameterized3_443                         | PCIN+A:B+C      | 22     | 0      | -      | -      | 48     | 0    | 0    | -    | -    | -     | 0    | 0    | 
|dsp48e1_wrapper__parameterized1_417                         | (A*B)'          | 24     | 17     | -      | -      | 41     | 0    | 0    | -    | -    | -     | 0    | 1    | 
|dsp48e1_wrapper__parameterized2_418                         | PCIN>>17+(A*B)' | 0      | 7      | -      | -      | 31     | 0    | 0    | -    | -    | -     | 1    | 0    | 
|dsp48e1_wrapper__parameterized3_415                         | PCIN+A:B+C      | 22     | 0      | -      | -      | 48     | 0    | 0    | -    | -    | -     | 0    | 0    | 
|dsp48e1_wrapper__parameterized1_389                         | (A*B)'          | 24     | 17     | -      | -      | 41     | 0    | 0    | -    | -    | -     | 0    | 1    | 
|dsp48e1_wrapper__parameterized2_390                         | PCIN>>17+(A*B)' | 0      | 7      | -      | -      | 31     | 0    | 0    | -    | -    | -     | 1    | 0    | 
|dsp48e1_wrapper__parameterized3_387                         | PCIN+A:B+C      | 22     | 0      | -      | -      | 48     | 0    | 0    | -    | -    | -     | 0    | 0    | 
|dsp48e1_wrapper__parameterized1_361                         | (A*B)'          | 24     | 17     | -      | -      | 41     | 0    | 0    | -    | -    | -     | 0    | 1    | 
|dsp48e1_wrapper__parameterized2_362                         | PCIN>>17+(A*B)' | 0      | 7      | -      | -      | 31     | 0    | 0    | -    | -    | -     | 1    | 0    | 
|dsp48e1_wrapper__parameterized3_359                         | PCIN+A:B+C      | 22     | 0      | -      | -      | 48     | 0    | 0    | -    | -    | -     | 0    | 0    | 
|dsp48e1_wrapper__parameterized1_333                         | (A*B)'          | 24     | 17     | -      | -      | 41     | 0    | 0    | -    | -    | -     | 0    | 1    | 
|dsp48e1_wrapper__parameterized2_334                         | PCIN>>17+(A*B)' | 0      | 7      | -      | -      | 31     | 0    | 0    | -    | -    | -     | 1    | 0    | 
|dsp48e1_wrapper__parameterized3_331                         | PCIN+A:B+C      | 22     | 0      | -      | -      | 48     | 0    | 0    | -    | -    | -     | 0    | 0    | 
|dsp48e1_wrapper__parameterized1_305                         | (A*B)'          | 24     | 17     | -      | -      | 41     | 0    | 0    | -    | -    | -     | 0    | 1    | 
|dsp48e1_wrapper__parameterized2_306                         | PCIN>>17+(A*B)' | 0      | 7      | -      | -      | 31     | 0    | 0    | -    | -    | -     | 1    | 0    | 
|dsp48e1_wrapper__parameterized3_303                         | PCIN+A:B+C      | 22     | 0      | -      | -      | 48     | 0    | 0    | -    | -    | -     | 0    | 0    | 
|dsp48e1_wrapper__parameterized1_277                         | (A*B)'          | 24     | 17     | -      | -      | 41     | 0    | 0    | -    | -    | -     | 0    | 1    | 
|dsp48e1_wrapper__parameterized2_278                         | PCIN>>17+(A*B)' | 0      | 7      | -      | -      | 31     | 0    | 0    | -    | -    | -     | 1    | 0    | 
|dsp48e1_wrapper__parameterized3_275                         | PCIN+A:B+C      | 22     | 0      | -      | -      | 48     | 0    | 0    | -    | -    | -     | 0    | 0    | 
|dsp48e1_wrapper__parameterized1_249                         | (A*B)'          | 24     | 17     | -      | -      | 41     | 0    | 0    | -    | -    | -     | 0    | 1    | 
|dsp48e1_wrapper__parameterized2_250                         | PCIN>>17+(A*B)' | 0      | 7      | -      | -      | 31     | 0    | 0    | -    | -    | -     | 1    | 0    | 
|dsp48e1_wrapper__parameterized3_247                         | PCIN+A:B+C      | 22     | 0      | -      | -      | 48     | 0    | 0    | -    | -    | -     | 0    | 0    | 
|dsp48e1_wrapper__parameterized1_221                         | (A*B)'          | 24     | 17     | -      | -      | 41     | 0    | 0    | -    | -    | -     | 0    | 1    | 
|dsp48e1_wrapper__parameterized2_222                         | PCIN>>17+(A*B)' | 0      | 7      | -      | -      | 31     | 0    | 0    | -    | -    | -     | 1    | 0    | 
|dsp48e1_wrapper__parameterized3_219                         | PCIN+A:B+C      | 22     | 0      | -      | -      | 48     | 0    | 0    | -    | -    | -     | 0    | 0    | 
|dsp48e1_wrapper__parameterized1_193                         | (A*B)'          | 24     | 17     | -      | -      | 41     | 0    | 0    | -    | -    | -     | 0    | 1    | 
|dsp48e1_wrapper__parameterized2_194                         | PCIN>>17+(A*B)' | 0      | 7      | -      | -      | 31     | 0    | 0    | -    | -    | -     | 1    | 0    | 
|dsp48e1_wrapper__parameterized3_191                         | PCIN+A:B+C      | 22     | 0      | -      | -      | 48     | 0    | 0    | -    | -    | -     | 0    | 0    | 
|dsp48e1_wrapper__parameterized1_165                         | (A*B)'          | 24     | 17     | -      | -      | 41     | 0    | 0    | -    | -    | -     | 0    | 1    | 
|dsp48e1_wrapper__parameterized2_166                         | PCIN>>17+(A*B)' | 0      | 7      | -      | -      | 31     | 0    | 0    | -    | -    | -     | 1    | 0    | 
|dsp48e1_wrapper__parameterized3_163                         | PCIN+A:B+C      | 22     | 0      | -      | -      | 48     | 0    | 0    | -    | -    | -     | 0    | 0    | 
|dsp48e1_wrapper__parameterized1_137                         | (A*B)'          | 24     | 17     | -      | -      | 41     | 0    | 0    | -    | -    | -     | 0    | 1    | 
|dsp48e1_wrapper__parameterized2_138                         | PCIN>>17+(A*B)' | 0      | 7      | -      | -      | 31     | 0    | 0    | -    | -    | -     | 1    | 0    | 
|dsp48e1_wrapper__parameterized3_135                         | PCIN+A:B+C      | 22     | 0      | -      | -      | 48     | 0    | 0    | -    | -    | -     | 0    | 0    | 
|dsp48e1_wrapper__parameterized1_109                         | (A*B)'          | 24     | 17     | -      | -      | 41     | 0    | 0    | -    | -    | -     | 0    | 1    | 
|dsp48e1_wrapper__parameterized2_110                         | PCIN>>17+(A*B)' | 0      | 7      | -      | -      | 31     | 0    | 0    | -    | -    | -     | 1    | 0    | 
|dsp48e1_wrapper__parameterized3_107                         | PCIN+A:B+C      | 22     | 0      | -      | -      | 48     | 0    | 0    | -    | -    | -     | 0    | 0    | 
|dsp48e1_wrapper__parameterized1_81                          | (A*B)'          | 24     | 17     | -      | -      | 41     | 0    | 0    | -    | -    | -     | 0    | 1    | 
|dsp48e1_wrapper__parameterized2_82                          | PCIN>>17+(A*B)' | 0      | 7      | -      | -      | 31     | 0    | 0    | -    | -    | -     | 1    | 0    | 
|dsp48e1_wrapper__parameterized3_79                          | PCIN+A:B+C      | 22     | 0      | -      | -      | 48     | 0    | 0    | -    | -    | -     | 0    | 0    | 
|dsp48e1_wrapper__parameterized1_53                          | (A*B)'          | 24     | 17     | -      | -      | 41     | 0    | 0    | -    | -    | -     | 0    | 1    | 
|dsp48e1_wrapper__parameterized2_54                          | PCIN>>17+(A*B)' | 0      | 7      | -      | -      | 31     | 0    | 0    | -    | -    | -     | 1    | 0    | 
|dsp48e1_wrapper__parameterized3_51                          | PCIN+A:B+C      | 22     | 0      | -      | -      | 48     | 0    | 0    | -    | -    | -     | 0    | 0    | 
|dsp48e1_wrapper__parameterized1                             | (A*B)'          | 24     | 17     | -      | -      | 41     | 0    | 0    | -    | -    | -     | 0    | 1    | 
|dsp48e1_wrapper__parameterized2                             | PCIN>>17+(A*B)' | 0      | 7      | -      | -      | 31     | 0    | 0    | -    | -    | -     | 1    | 0    | 
|dsp48e1_wrapper__parameterized3                             | PCIN+A:B+C      | 22     | 0      | -      | -      | 48     | 0    | 0    | -    | -    | -     | 0    | 0    | 
+------------------------------------------------------------+-----------------+--------+--------+--------+--------+--------+------+------+------+------+-------+------+------+


Report BlackBoxes: 
+-+--------------+----------+
| |BlackBox name |Instances |
+-+--------------+----------+
+-+--------------+----------+

Report Cell Usage: 
+------+----------------+------+
|      |Cell            |Count |
+------+----------------+------+
|1     |CARRY8          |   442|
|2     |DSP48E1         |   144|
|3     |DSP_ALU         |    10|
|5     |DSP_A_B_DATA    |    10|
|8     |DSP_C_DATA      |    10|
|9     |DSP_MULTIPLIER  |    10|
|10    |DSP_M_DATA      |    10|
|12    |DSP_OUTPUT      |    10|
|13    |DSP_PREADD      |    10|
|14    |DSP_PREADD_DATA |    10|
|15    |LUT1            |   394|
|16    |LUT2            |  3857|
|17    |LUT3            |  6994|
|18    |LUT4            |  4008|
|19    |LUT5            |  4509|
|20    |LUT6            | 10155|
|21    |MUXCY           |  2240|
|22    |MUXF7           |  1959|
|23    |MUXF8           |   514|
|24    |RAMB18E2        |    37|
|27    |RAMB36E2        |     7|
|31    |SRL16E          |   386|
|32    |SRLC32E         |  1395|
|33    |XORCY           |   664|
|34    |FDE             |    72|
|35    |FDRE            | 29526|
|36    |FDSE            |    40|
+------+----------------+------+
---------------------------------------------------------------------------------
Finished Writing Synthesis Report : Time (s): cpu = 00:05:19 ; elapsed = 00:06:19 . Memory (MB): peak = 4551.766 ; gain = 1601.535 ; free physical = 26071 ; free virtual = 100061
---------------------------------------------------------------------------------
Synthesis finished with 0 errors, 0 critical warnings and 309 warnings.
Synthesis Optimization Runtime : Time (s): cpu = 00:04:51 ; elapsed = 00:05:47 . Memory (MB): peak = 4551.766 ; gain = 1271.113 ; free physical = 29296 ; free virtual = 103316
Synthesis Optimization Complete : Time (s): cpu = 00:05:25 ; elapsed = 00:06:23 . Memory (MB): peak = 4551.766 ; gain = 1601.535 ; free physical = 28788 ; free virtual = 102793
INFO: [Project 1-571] Translating synthesized netlist
Netlist sorting complete. Time (s): cpu = 00:00:01 ; elapsed = 00:00:01 . Memory (MB): peak = 4551.766 ; gain = 0.000 ; free physical = 25921 ; free virtual = 99917
INFO: [Netlist 29-17] Analyzing 6045 Unisim elements for replacement
INFO: [Netlist 29-28] Unisim Transformation completed in 3 CPU seconds
INFO: [Project 1-570] Preparing netlist for logic optimization
INFO: [Opt 31-138] Pushed 0 inverter(s) to 0 load pin(s).
Netlist sorting complete. Time (s): cpu = 00:00:00.02 ; elapsed = 00:00:00.03 . Memory (MB): peak = 4551.766 ; gain = 0.000 ; free physical = 21773 ; free virtual = 95829
INFO: [Project 1-111] Unisim Transformation Summary:
  A total of 618 instances were transformed.
  (CARRY4) => CARRY8: 392 instances
  DSP48E1 => DSP48E2 (DSP_ALU, DSP_A_B_DATA, DSP_C_DATA, DSP_MULTIPLIER, DSP_M_DATA, DSP_OUTPUT, DSP_PREADD, DSP_PREADD_DATA): 144 instances
  DSP48E2 => DSP48E2 (DSP_ALU, DSP_A_B_DATA, DSP_C_DATA, DSP_MULTIPLIER, DSP_M_DATA, DSP_OUTPUT, DSP_PREADD, DSP_PREADD_DATA): 10 instances
  FDE => FDRE: 72 instances

Synth Design complete | Checksum: 67e4b0c6
INFO: [Common 17-83] Releasing license: Synthesis
572 Infos, 223 Warnings, 0 Critical Warnings and 0 Errors encountered.
synth_design completed successfully
synth_design: Time (s): cpu = 00:06:07 ; elapsed = 00:07:10 . Memory (MB): peak = 4551.766 ; gain = 2974.000 ; free physical = 18931 ; free virtual = 93043
INFO: [Common 17-2834] synth_design peak Physical Memory [PSS] (MB): overall = 6813.431; main = 3464.426; forked = 3349.005
INFO: [Common 17-2834] synth_design peak Virtual Memory [VSS] (MB): overall = 9785.281; main = 4547.852; forked = 5237.434
Write ShapeDB Complete: Time (s): cpu = 00:00:00.11 ; elapsed = 00:00:00.11 . Memory (MB): peak = 4551.766 ; gain = 0.000 ; free physical = 18756 ; free virtual = 92880
INFO: [Common 17-1381] The checkpoint '/home/miahafiz/NeuroRing_a_4096_10c/_x.hw.NUM_4096.CORE_10.FREQ_300/link/vivado/vpl/prj/prj.runs/ulp_NeuroRing_8_0_synth_1/ulp_NeuroRing_8_0.dcp' has been generated.
write_checkpoint: Time (s): cpu = 00:00:06 ; elapsed = 00:00:10 . Memory (MB): peak = 4551.766 ; gain = 0.000 ; free physical = 26291 ; free virtual = 100387
INFO: [Coretcl 2-1648] Added synthesis output to IP cache for IP ulp_NeuroRing_8_0, cache-ID = 1bdd86093f391a22
INFO: [Coretcl 2-1174] Renamed 3332 cell refs.
Write ShapeDB Complete: Time (s): cpu = 00:00:00.11 ; elapsed = 00:00:00.13 . Memory (MB): peak = 4551.766 ; gain = 0.000 ; free physical = 25900 ; free virtual = 100125
INFO: [Common 17-1381] The checkpoint '/home/miahafiz/NeuroRing_a_4096_10c/_x.hw.NUM_4096.CORE_10.FREQ_300/link/vivado/vpl/prj/prj.runs/ulp_NeuroRing_8_0_synth_1/ulp_NeuroRing_8_0.dcp' has been generated.
write_checkpoint: Time (s): cpu = 00:00:07 ; elapsed = 00:00:13 . Memory (MB): peak = 4551.766 ; gain = 0.000 ; free physical = 24802 ; free virtual = 99146
INFO: [Vivado 12-24828] Executing command : report_utilization -file ulp_NeuroRing_8_0_utilization_synth.rpt -pb ulp_NeuroRing_8_0_utilization_synth.pb
INFO: [Common 17-206] Exiting Vivado at Fri Feb 27 05:56:40 2026...
