
*** Running vivado
    with args -log level0_wrapper.vdi -applog -m64 -product Vivado -messageDb vivado.pb -mode batch -source level0_wrapper.tcl -notrace


****** Vivado v2025.1 (64-bit)
  **** SW Build 6140274 on Wed May 21 22:58:25 MDT 2025
  **** IP Build 6138677 on Thu May 22 03:10:11 MDT 2025
  **** SharedData Build 6139179 on Tue May 20 17:58:58 MDT 2025
  **** Start of session at: Wed Feb 25 13:10:00 2026
    ** Copyright 1986-2022 Xilinx, Inc. All Rights Reserved.
    ** Copyright 2022-2025 Advanced Micro Devices, Inc. All Rights Reserved.

source level0_wrapper.tcl -notrace
INFO: Dispatch client connection id - 42293
source /home/miahafiz/NeuroRing_a_sudoku_v2/_x.hw.NUM_4096.CORE_10.FREQ_300/link/vivado/vpl/scripts/impl_1/_full_init_pre.tcl
INFO: [IP_Flow 19-234] Refreshing IP repositories
INFO: [IP_Flow 19-1700] Loaded user IP repository '/home/miahafiz/NeuroRing_a_sudoku_v2/_x.hw.NUM_4096.CORE_10.FREQ_300/link/int/xo/ip_repo/xilinx_com_hls_SynapseRouter_1_0'.
INFO: [IP_Flow 19-1700] Loaded user IP repository '/home/miahafiz/NeuroRing_a_sudoku_v2/_x.hw.NUM_4096.CORE_10.FREQ_300/link/int/xo/ip_repo/xilinx_com_hls_NeuroRing_Poisson_1_0'.
INFO: [IP_Flow 19-1700] Loaded user IP repository '/home/miahafiz/NeuroRing_a_sudoku_v2/_x.hw.NUM_4096.CORE_10.FREQ_300/link/int/xo/ip_repo/xilinx_com_hls_NeuroRing_1_0'.
INFO: [IP_Flow 19-1700] Loaded user IP repository '/home/miahafiz/NeuroRing_a_sudoku_v2/_x.hw.NUM_4096.CORE_10.FREQ_300/link/vivado/vpl/.local/hw_platform/iprepo'.
INFO: [IP_Flow 19-1700] Loaded user IP repository '/opt/xilinx/2025.1/Vitis/data/cache/xilinx'.
INFO: [IP_Flow 19-1700] Loaded user IP repository '/home/miahafiz/NeuroRing_a_sudoku_v2/_x.hw.NUM_4096.CORE_10.FREQ_300/link/vivado/vpl/.local/hw_platform/ipcache'.
INFO: [IP_Flow 19-1700] Loaded user IP repository '/opt/xilinx/2025.1/Vitis/data/vitis/ip'.
INFO: [IP_Flow 19-2313] Loaded Vivado IP repository '/opt/xilinx/2025.1/Vivado/data/ip'.
WARNING: [IP_Flow 19-1663] Duplicate IP found for 'xilinx.com:ip:axi_clk_metadata_adapter:1.0'. The one found in IP location '/home/miahafiz/NeuroRing_a_sudoku_v2/_x.hw.NUM_4096.CORE_10.FREQ_300/link/vivado/vpl/.local/hw_platform/iprepo/ipdefs/other_ipdefs/axi_clk_metadata_adapter_v1_0' will take precedence over the same IP in location /home/miahafiz/NeuroRing_a_sudoku_v2/_x.hw.NUM_4096.CORE_10.FREQ_300/link/vivado/vpl/.local/hw_platform/iprepo/ipdefs/pxi_ii_infra/axi_clk_metadata_adapter_v1_0
WARNING: [IP_Flow 19-1663] Duplicate IP found for 'xilinx.com:ip:axis_clk_metadata_adapter:1.0'. The one found in IP location '/home/miahafiz/NeuroRing_a_sudoku_v2/_x.hw.NUM_4096.CORE_10.FREQ_300/link/vivado/vpl/.local/hw_platform/iprepo/ipdefs/other_ipdefs/axis_clk_metadata_adapter_v1_0' will take precedence over the same IP in location /home/miahafiz/NeuroRing_a_sudoku_v2/_x.hw.NUM_4096.CORE_10.FREQ_300/link/vivado/vpl/.local/hw_platform/iprepo/ipdefs/pxi_ii_infra/axis_clk_metadata_adapter_v1_0
WARNING: [IP_Flow 19-1663] Duplicate IP found for 'xilinx.com:ip:clk_metadata_adapter:1.0'. The one found in IP location '/home/miahafiz/NeuroRing_a_sudoku_v2/_x.hw.NUM_4096.CORE_10.FREQ_300/link/vivado/vpl/.local/hw_platform/iprepo/ipdefs/other_ipdefs/clk_metadata_adapter_v1_0' will take precedence over the same IP in location /home/miahafiz/NeuroRing_a_sudoku_v2/_x.hw.NUM_4096.CORE_10.FREQ_300/link/vivado/vpl/.local/hw_platform/iprepo/ipdefs/pxi_ii_infra/clk_metadata_adapter_v1_0
WARNING: [IP_Flow 19-1663] Duplicate IP found for 'xilinx.com:ip:pipeline_reg:1.0'. The one found in IP location '/home/miahafiz/NeuroRing_a_sudoku_v2/_x.hw.NUM_4096.CORE_10.FREQ_300/link/vivado/vpl/.local/hw_platform/iprepo/ipdefs/other_ipdefs/pipeline_reg_v1_0' will take precedence over the same IP in location /home/miahafiz/NeuroRing_a_sudoku_v2/_x.hw.NUM_4096.CORE_10.FREQ_300/link/vivado/vpl/.local/hw_platform/iprepo/ipdefs/pxi_ii_infra/pipeline_reg_v1_0
Command: link_design -part xcu55c-fsvh2892-2L-e -reconfig_partitions level0_i/ulp
Design is defaulting to srcset: sources_1
Design is defaulting to constrset: constrs_1
Design is defaulting to dcp top: level0_wrapper
INFO: [Device 21-403] Loading part xcu55c-fsvh2892-2L-e
INFO: [Project 1-5699] Read binary netlist with skipMacroContent - 1
INFO: [Project 1-454] Reading design checkpoint '/home/miahafiz/NeuroRing_a_sudoku_v2/_x.hw.NUM_4096.CORE_10.FREQ_300/link/vivado/vpl/prj/prj.runs/my_rm_synth_1/ulp.dcp' for cell 'level0_i/ulp'
INFO: [Constraints 18-13253] Total boundary pins count on instance ulp is 3441
INFO: [Constraints 18-13252] Boundary pins count for instance ulp is greater than 1000, which could increase runtime to stitch this dcp to netlist.
INFO: [Constraints 18-13251] 501 boundary pins have been processed..
INFO: [Constraints 18-13251] 1002 boundary pins have been processed..
INFO: [Constraints 18-13251] 1503 boundary pins have been processed..
INFO: [Constraints 18-13251] 2004 boundary pins have been processed..
INFO: [Constraints 18-13251] 2505 boundary pins have been processed..
INFO: [Constraints 18-13251] 3006 boundary pins have been processed..
INFO: [Project 1-454] Reading design checkpoint '/home/miahafiz/NeuroRing_a_sudoku_v2/_x.hw.NUM_4096.CORE_10.FREQ_300/link/vivado/vpl/prj/prj.gen/my_rm/bd/ulp/ip/ulp_NeuroRing_0_0/ulp_NeuroRing_0_0.dcp' for cell 'level0_i/ulp/NeuroRing_0'
INFO: [Project 1-454] Reading design checkpoint '/home/miahafiz/NeuroRing_a_sudoku_v2/_x.hw.NUM_4096.CORE_10.FREQ_300/link/vivado/vpl/prj/prj.gen/my_rm/bd/ulp/ip/ulp_NeuroRing_Poisson_0_0/ulp_NeuroRing_Poisson_0_0.dcp' for cell 'level0_i/ulp/NeuroRing_Poisson_0'
INFO: [Project 1-454] Reading design checkpoint '/home/miahafiz/NeuroRing_a_sudoku_v2/_x.hw.NUM_4096.CORE_10.FREQ_300/link/vivado/vpl/prj/prj.gen/my_rm/bd/ulp/ip/ulp_SynapseRouter_0_0/ulp_SynapseRouter_0_0.dcp' for cell 'level0_i/ulp/SynapseRouter_0'
INFO: [Project 1-454] Reading design checkpoint '/home/miahafiz/NeuroRing_a_sudoku_v2/_x.hw.NUM_4096.CORE_10.FREQ_300/link/vivado/vpl/prj/prj.gen/my_rm/bd/ulp/ip/ulp_SynapseRouter_1_0/ulp_SynapseRouter_1_0.dcp' for cell 'level0_i/ulp/SynapseRouter_1'
INFO: [Project 1-454] Reading design checkpoint '/home/miahafiz/NeuroRing_a_sudoku_v2/_x.hw.NUM_4096.CORE_10.FREQ_300/link/vivado/vpl/prj/prj.gen/my_rm/bd/ulp/ip/ulp_axi_vip_data_0/ulp_axi_vip_data_0.dcp' for cell 'level0_i/ulp/axi_vip_data'
INFO: [Project 1-454] Reading design checkpoint '/home/miahafiz/NeuroRing_a_sudoku_v2/_x.hw.NUM_4096.CORE_10.FREQ_300/link/vivado/vpl/prj/prj.gen/my_rm/bd/ulp/ip/ulp_buffer_NeuroRing_0_SynapseStreamLeft_0/ulp_buffer_NeuroRing_0_SynapseStreamLeft_0.dcp' for cell 'level0_i/ulp/buffer_NeuroRing_0_SynapseStreamLeft'
INFO: [Project 1-454] Reading design checkpoint '/home/miahafiz/NeuroRing_a_sudoku_v2/_x.hw.NUM_4096.CORE_10.FREQ_300/link/vivado/vpl/prj/prj.gen/my_rm/bd/ulp/ip/ulp_buffer_NeuroRing_0_SynapseStreamRight_0/ulp_buffer_NeuroRing_0_SynapseStreamRight_0.dcp' for cell 'level0_i/ulp/buffer_NeuroRing_0_SynapseStreamRight'
INFO: [Project 1-454] Reading design checkpoint '/home/miahafiz/NeuroRing_a_sudoku_v2/_x.hw.NUM_4096.CORE_10.FREQ_300/link/vivado/vpl/prj/prj.gen/my_rm/bd/ulp/ip/ulp_buffer_NeuroRing_Poisson_0_SynapseStreamLeft_0/ulp_buffer_NeuroRing_Poisson_0_SynapseStreamLeft_0.dcp' for cell 'level0_i/ulp/buffer_NeuroRing_Poisson_0_SynapseStreamLeft'
INFO: [Project 1-454] Reading design checkpoint '/home/miahafiz/NeuroRing_a_sudoku_v2/_x.hw.NUM_4096.CORE_10.FREQ_300/link/vivado/vpl/prj/prj.gen/my_rm/bd/ulp/ip/ulp_buffer_NeuroRing_Poisson_0_SynapseStreamRight_0/ulp_buffer_NeuroRing_Poisson_0_SynapseStreamRight_0.dcp' for cell 'level0_i/ulp/buffer_NeuroRing_Poisson_0_SynapseStreamRight'
INFO: [Project 1-454] Reading design checkpoint '/home/miahafiz/NeuroRing_a_sudoku_v2/_x.hw.NUM_4096.CORE_10.FREQ_300/link/vivado/vpl/prj/prj.gen/my_rm/bd/ulp/ip/ulp_buffer_SynapseRouter_0_SpikeOutWeight_0/ulp_buffer_SynapseRouter_0_SpikeOutWeight_0.dcp' for cell 'level0_i/ulp/buffer_SynapseRouter_0_SpikeOutWeight'
INFO: [Project 1-454] Reading design checkpoint '/home/miahafiz/NeuroRing_a_sudoku_v2/_x.hw.NUM_4096.CORE_10.FREQ_300/link/vivado/vpl/prj/prj.gen/my_rm/bd/ulp/ip/ulp_buffer_SynapseRouter_0_syn_forward_rt_left_0/ulp_buffer_SynapseRouter_0_syn_forward_rt_left_0.dcp' for cell 'level0_i/ulp/buffer_SynapseRouter_0_syn_forward_rt_left'
INFO: [Project 1-454] Reading design checkpoint '/home/miahafiz/NeuroRing_a_sudoku_v2/_x.hw.NUM_4096.CORE_10.FREQ_300/link/vivado/vpl/prj/prj.gen/my_rm/bd/ulp/ip/ulp_buffer_SynapseRouter_0_syn_forward_rt_right_0/ulp_buffer_SynapseRouter_0_syn_forward_rt_right_0.dcp' for cell 'level0_i/ulp/buffer_SynapseRouter_0_syn_forward_rt_right'
INFO: [Project 1-454] Reading design checkpoint '/home/miahafiz/NeuroRing_a_sudoku_v2/_x.hw.NUM_4096.CORE_10.FREQ_300/link/vivado/vpl/prj/prj.gen/my_rm/bd/ulp/ip/ulp_buffer_SynapseRouter_1_SpikeOutWeight_0/ulp_buffer_SynapseRouter_1_SpikeOutWeight_0.dcp' for cell 'level0_i/ulp/buffer_SynapseRouter_1_SpikeOutWeight'
INFO: [Project 1-454] Reading design checkpoint '/home/miahafiz/NeuroRing_a_sudoku_v2/_x.hw.NUM_4096.CORE_10.FREQ_300/link/vivado/vpl/prj/prj.gen/my_rm/bd/ulp/ip/ulp_buffer_SynapseRouter_1_syn_forward_rt_left_0/ulp_buffer_SynapseRouter_1_syn_forward_rt_left_0.dcp' for cell 'level0_i/ulp/buffer_SynapseRouter_1_syn_forward_rt_left'
INFO: [Project 1-454] Reading design checkpoint '/home/miahafiz/NeuroRing_a_sudoku_v2/_x.hw.NUM_4096.CORE_10.FREQ_300/link/vivado/vpl/prj/prj.gen/my_rm/bd/ulp/ip/ulp_buffer_SynapseRouter_1_syn_forward_rt_right_0/ulp_buffer_SynapseRouter_1_syn_forward_rt_right_0.dcp' for cell 'level0_i/ulp/buffer_SynapseRouter_1_syn_forward_rt_right'
INFO: [Project 1-454] Reading design checkpoint '/home/miahafiz/NeuroRing_a_sudoku_v2/_x.hw.NUM_4096.CORE_10.FREQ_300/link/vivado/vpl/prj/prj.gen/my_rm/bd/ulp/ip/ulp_hmss_0_0/ulp_hmss_0_0.dcp' for cell 'level0_i/ulp/hmss_0'
INFO: [Project 1-454] Reading design checkpoint '/home/miahafiz/NeuroRing_a_sudoku_v2/_x.hw.NUM_4096.CORE_10.FREQ_300/link/vivado/vpl/prj/prj.gen/my_rm/bd/ulp/ip/ulp_ii_level0_wire_0/ulp_ii_level0_wire_0.dcp' for cell 'level0_i/ulp/ii_level0_wire'
INFO: [Project 1-454] Reading design checkpoint '/home/miahafiz/NeuroRing_a_sudoku_v2/_x.hw.NUM_4096.CORE_10.FREQ_300/link/vivado/vpl/prj/prj.gen/my_rm/bd/ulp/ip/ulp_proc_sys_reset_ctrl_slr0_0/ulp_proc_sys_reset_ctrl_slr0_0.dcp' for cell 'level0_i/ulp/proc_sys_reset_ctrl_slr0'
INFO: [Project 1-454] Reading design checkpoint '/home/miahafiz/NeuroRing_a_sudoku_v2/_x.hw.NUM_4096.CORE_10.FREQ_300/link/vivado/vpl/prj/prj.gen/my_rm/bd/ulp/ip/ulp_proc_sys_reset_ctrl_slr1_0/ulp_proc_sys_reset_ctrl_slr1_0.dcp' for cell 'level0_i/ulp/proc_sys_reset_ctrl_slr1'
INFO: [Project 1-454] Reading design checkpoint '/home/miahafiz/NeuroRing_a_sudoku_v2/_x.hw.NUM_4096.CORE_10.FREQ_300/link/vivado/vpl/prj/prj.gen/my_rm/bd/ulp/ip/ulp_proc_sys_reset_ctrl_slr2_0/ulp_proc_sys_reset_ctrl_slr2_0.dcp' for cell 'level0_i/ulp/proc_sys_reset_ctrl_slr2'
INFO: [Project 1-454] Reading design checkpoint '/home/miahafiz/NeuroRing_a_sudoku_v2/_x.hw.NUM_4096.CORE_10.FREQ_300/link/vivado/vpl/prj/prj.gen/my_rm/bd/ulp/ip/ulp_proc_sys_reset_freerun_slr0_0/ulp_proc_sys_reset_freerun_slr0_0.dcp' for cell 'level0_i/ulp/proc_sys_reset_freerun_slr0'
INFO: [Project 1-454] Reading design checkpoint '/home/miahafiz/NeuroRing_a_sudoku_v2/_x.hw.NUM_4096.CORE_10.FREQ_300/link/vivado/vpl/prj/prj.gen/my_rm/bd/ulp/ip/ulp_proc_sys_reset_freerun_slr1_0/ulp_proc_sys_reset_freerun_slr1_0.dcp' for cell 'level0_i/ulp/proc_sys_reset_freerun_slr1'
INFO: [Project 1-454] Reading design checkpoint '/home/miahafiz/NeuroRing_a_sudoku_v2/_x.hw.NUM_4096.CORE_10.FREQ_300/link/vivado/vpl/prj/prj.gen/my_rm/bd/ulp/ip/ulp_proc_sys_reset_freerun_slr2_0/ulp_proc_sys_reset_freerun_slr2_0.dcp' for cell 'level0_i/ulp/proc_sys_reset_freerun_slr2'
INFO: [Project 1-454] Reading design checkpoint '/home/miahafiz/NeuroRing_a_sudoku_v2/_x.hw.NUM_4096.CORE_10.FREQ_300/link/vivado/vpl/prj/prj.gen/my_rm/bd/ulp/ip/ulp_proc_sys_reset_kernel2_slr0_0/ulp_proc_sys_reset_kernel2_slr0_0.dcp' for cell 'level0_i/ulp/proc_sys_reset_kernel2_slr0'
INFO: [Project 1-454] Reading design checkpoint '/home/miahafiz/NeuroRing_a_sudoku_v2/_x.hw.NUM_4096.CORE_10.FREQ_300/link/vivado/vpl/prj/prj.gen/my_rm/bd/ulp/ip/ulp_proc_sys_reset_kernel2_slr1_0/ulp_proc_sys_reset_kernel2_slr1_0.dcp' for cell 'level0_i/ulp/proc_sys_reset_kernel2_slr1'
INFO: [Project 1-454] Reading design checkpoint '/home/miahafiz/NeuroRing_a_sudoku_v2/_x.hw.NUM_4096.CORE_10.FREQ_300/link/vivado/vpl/prj/prj.gen/my_rm/bd/ulp/ip/ulp_proc_sys_reset_kernel2_slr2_0/ulp_proc_sys_reset_kernel2_slr2_0.dcp' for cell 'level0_i/ulp/proc_sys_reset_kernel2_slr2'
INFO: [Project 1-454] Reading design checkpoint '/home/miahafiz/NeuroRing_a_sudoku_v2/_x.hw.NUM_4096.CORE_10.FREQ_300/link/vivado/vpl/prj/prj.gen/my_rm/bd/ulp/ip/ulp_proc_sys_reset_kernel_slr0_0/ulp_proc_sys_reset_kernel_slr0_0.dcp' for cell 'level0_i/ulp/proc_sys_reset_kernel_slr0'
INFO: [Project 1-454] Reading design checkpoint '/home/miahafiz/NeuroRing_a_sudoku_v2/_x.hw.NUM_4096.CORE_10.FREQ_300/link/vivado/vpl/prj/prj.gen/my_rm/bd/ulp/ip/ulp_proc_sys_reset_kernel_slr1_0/ulp_proc_sys_reset_kernel_slr1_0.dcp' for cell 'level0_i/ulp/proc_sys_reset_kernel_slr1'
INFO: [Project 1-454] Reading design checkpoint '/home/miahafiz/NeuroRing_a_sudoku_v2/_x.hw.NUM_4096.CORE_10.FREQ_300/link/vivado/vpl/prj/prj.gen/my_rm/bd/ulp/ip/ulp_proc_sys_reset_kernel_slr2_0/ulp_proc_sys_reset_kernel_slr2_0.dcp' for cell 'level0_i/ulp/proc_sys_reset_kernel_slr2'
INFO: [Project 1-454] Reading design checkpoint '/home/miahafiz/NeuroRing_a_sudoku_v2/_x.hw.NUM_4096.CORE_10.FREQ_300/link/vivado/vpl/prj/prj.gen/my_rm/bd/ulp/ip/ulp_ulp_cmp_0/ulp_ulp_cmp_0.dcp' for cell 'level0_i/ulp/ulp_cmp'
INFO: [Project 1-454] Reading design checkpoint '/home/miahafiz/NeuroRing_a_sudoku_v2/_x.hw.NUM_4096.CORE_10.FREQ_300/link/vivado/vpl/prj/prj.gen/my_rm/bd/ulp/ip/ulp_ulp_ucs_0/ulp_ulp_ucs_0.dcp' for cell 'level0_i/ulp/ulp_ucs'
INFO: [Project 1-454] Reading design checkpoint '/home/miahafiz/NeuroRing_a_sudoku_v2/_x.hw.NUM_4096.CORE_10.FREQ_300/link/vivado/vpl/prj/prj.gen/my_rm/bd/ulp/ip/ulp_axi_gpio_null_0/ulp_axi_gpio_null_0.dcp' for cell 'level0_i/ulp/SLR0/axi_gpio_null'
INFO: [Project 1-454] Reading design checkpoint '/home/miahafiz/NeuroRing_a_sudoku_v2/_x.hw.NUM_4096.CORE_10.FREQ_300/link/vivado/vpl/prj/prj.gen/my_rm/bd/ulp/ip/ulp_axi_vip_ctrl_userpf_0/ulp_axi_vip_ctrl_userpf_0.dcp' for cell 'level0_i/ulp/SLR0/axi_vip_ctrl_userpf'
INFO: [Project 1-454] Reading design checkpoint '/home/miahafiz/NeuroRing_a_sudoku_v2/_x.hw.NUM_4096.CORE_10.FREQ_300/link/vivado/vpl/prj/prj.gen/my_rm/bd/ulp/ip/ulp_regslice_control_userpf_0/ulp_regslice_control_userpf_0.dcp' for cell 'level0_i/ulp/SLR0/regslice_control_userpf'
INFO: [Project 1-454] Reading design checkpoint '/home/miahafiz/NeuroRing_a_sudoku_v2/_x.hw.NUM_4096.CORE_10.FREQ_300/link/vivado/vpl/prj/prj.gen/my_rm/bd/ulp/ip/ulp_interconnect_axilite_user_upgraded_ipi_imp_xbar_0/ulp_interconnect_axilite_user_upgraded_ipi_imp_xbar_0.dcp' for cell 'level0_i/ulp/SLR0/interconnect_axilite_user/xbar'
INFO: [Project 1-454] Reading design checkpoint '/home/miahafiz/NeuroRing_a_sudoku_v2/_x.hw.NUM_4096.CORE_10.FREQ_300/link/vivado/vpl/prj/prj.gen/my_rm/bd/ulp/ip/ulp_interconnect_axilite_user_imp_auto_cc_0/ulp_interconnect_axilite_user_imp_auto_cc_0.dcp' for cell 'level0_i/ulp/SLR0/interconnect_axilite_user/m00_couplers/auto_cc'
INFO: [Project 1-454] Reading design checkpoint '/home/miahafiz/NeuroRing_a_sudoku_v2/_x.hw.NUM_4096.CORE_10.FREQ_300/link/vivado/vpl/prj/prj.gen/my_rm/bd/ulp/ip/ulp_interconnect_axilite_user_imp_m00_regslice_0/ulp_interconnect_axilite_user_imp_m00_regslice_0.dcp' for cell 'level0_i/ulp/SLR0/interconnect_axilite_user/m00_couplers/m00_regslice'
INFO: [Project 1-454] Reading design checkpoint '/home/miahafiz/NeuroRing_a_sudoku_v2/_x.hw.NUM_4096.CORE_10.FREQ_300/link/vivado/vpl/prj/prj.gen/my_rm/bd/ulp/ip/ulp_interconnect_axilite_user_imp_auto_cc_1/ulp_interconnect_axilite_user_imp_auto_cc_1.dcp' for cell 'level0_i/ulp/SLR0/interconnect_axilite_user/m01_couplers/auto_cc'
INFO: [Project 1-454] Reading design checkpoint '/home/miahafiz/NeuroRing_a_sudoku_v2/_x.hw.NUM_4096.CORE_10.FREQ_300/link/vivado/vpl/prj/prj.gen/my_rm/bd/ulp/ip/ulp_interconnect_axilite_user_imp_m01_regslice_0/ulp_interconnect_axilite_user_imp_m01_regslice_0.dcp' for cell 'level0_i/ulp/SLR0/interconnect_axilite_user/m01_couplers/m01_regslice'
INFO: [Project 1-454] Reading design checkpoint '/home/miahafiz/NeuroRing_a_sudoku_v2/_x.hw.NUM_4096.CORE_10.FREQ_300/link/vivado/vpl/prj/prj.gen/my_rm/bd/ulp/ip/ulp_interconnect_axilite_user_imp_auto_cc_2/ulp_interconnect_axilite_user_imp_auto_cc_2.dcp' for cell 'level0_i/ulp/SLR0/interconnect_axilite_user/m02_couplers/auto_cc'
INFO: [Project 1-454] Reading design checkpoint '/home/miahafiz/NeuroRing_a_sudoku_v2/_x.hw.NUM_4096.CORE_10.FREQ_300/link/vivado/vpl/prj/prj.gen/my_rm/bd/ulp/ip/ulp_interconnect_axilite_user_imp_m02_regslice_0/ulp_interconnect_axilite_user_imp_m02_regslice_0.dcp' for cell 'level0_i/ulp/SLR0/interconnect_axilite_user/m02_couplers/m02_regslice'
INFO: [Project 1-454] Reading design checkpoint '/home/miahafiz/NeuroRing_a_sudoku_v2/_x.hw.NUM_4096.CORE_10.FREQ_300/link/vivado/vpl/prj/prj.gen/my_rm/bd/ulp/ip/ulp_interconnect_axilite_user_imp_auto_cc_3/ulp_interconnect_axilite_user_imp_auto_cc_3.dcp' for cell 'level0_i/ulp/SLR0/interconnect_axilite_user/m03_couplers/auto_cc'
INFO: [Project 1-454] Reading design checkpoint '/home/miahafiz/NeuroRing_a_sudoku_v2/_x.hw.NUM_4096.CORE_10.FREQ_300/link/vivado/vpl/prj/prj.gen/my_rm/bd/ulp/ip/ulp_interconnect_axilite_user_imp_m03_regslice_0/ulp_interconnect_axilite_user_imp_m03_regslice_0.dcp' for cell 'level0_i/ulp/SLR0/interconnect_axilite_user/m03_couplers/m03_regslice'
INFO: [Project 1-454] Reading design checkpoint '/home/miahafiz/NeuroRing_a_sudoku_v2/_x.hw.NUM_4096.CORE_10.FREQ_300/link/vivado/vpl/prj/prj.gen/my_rm/bd/ulp/ip/ulp_interconnect_axilite_user_imp_auto_cc_4/ulp_interconnect_axilite_user_imp_auto_cc_4.dcp' for cell 'level0_i/ulp/SLR0/interconnect_axilite_user/m04_couplers/auto_cc'
INFO: [Project 1-454] Reading design checkpoint '/home/miahafiz/NeuroRing_a_sudoku_v2/_x.hw.NUM_4096.CORE_10.FREQ_300/link/vivado/vpl/prj/prj.gen/my_rm/bd/ulp/ip/ulp_interconnect_axilite_user_imp_m04_regslice_0/ulp_interconnect_axilite_user_imp_m04_regslice_0.dcp' for cell 'level0_i/ulp/SLR0/interconnect_axilite_user/m04_couplers/m04_regslice'
INFO: [Project 1-454] Reading design checkpoint '/home/miahafiz/NeuroRing_a_sudoku_v2/_x.hw.NUM_4096.CORE_10.FREQ_300/link/vivado/vpl/prj/prj.gen/my_rm/bd/ulp/ip/ulp_interconnect_axilite_user_imp_s00_regslice_0/ulp_interconnect_axilite_user_imp_s00_regslice_0.dcp' for cell 'level0_i/ulp/SLR0/interconnect_axilite_user/s00_couplers/s00_regslice'
INFO: [Project 1-454] Reading design checkpoint '/home/miahafiz/NeuroRing_a_sudoku_v2/_x.hw.NUM_4096.CORE_10.FREQ_300/link/vivado/vpl/prj/prj.gen/my_rm/bd/ulp/ip/ulp_axi_gpio_null_1/ulp_axi_gpio_null_1.dcp' for cell 'level0_i/ulp/SLR1/axi_gpio_null'
INFO: [Project 1-454] Reading design checkpoint '/home/miahafiz/NeuroRing_a_sudoku_v2/_x.hw.NUM_4096.CORE_10.FREQ_300/link/vivado/vpl/prj/prj.gen/my_rm/bd/ulp/ip/ulp_axi_vip_ctrl_userpf_1/ulp_axi_vip_ctrl_userpf_1.dcp' for cell 'level0_i/ulp/SLR1/axi_vip_ctrl_userpf'
INFO: [Project 1-454] Reading design checkpoint '/home/miahafiz/NeuroRing_a_sudoku_v2/_x.hw.NUM_4096.CORE_10.FREQ_300/link/vivado/vpl/prj/prj.gen/my_rm/bd/ulp/ip/ulp_regslice_control_userpf_1/ulp_regslice_control_userpf_1.dcp' for cell 'level0_i/ulp/SLR1/regslice_control_userpf'
INFO: [Project 1-454] Reading design checkpoint '/home/miahafiz/NeuroRing_a_sudoku_v2/_x.hw.NUM_4096.CORE_10.FREQ_300/link/vivado/vpl/prj/prj.gen/my_rm/bd/ulp/ip/ulp_interconnect_axilite_user_imp_auto_cc_5/ulp_interconnect_axilite_user_imp_auto_cc_5.dcp' for cell 'level0_i/ulp/SLR1/interconnect_axilite_user/s00_couplers/auto_cc'
INFO: [Project 1-454] Reading design checkpoint '/home/miahafiz/NeuroRing_a_sudoku_v2/_x.hw.NUM_4096.CORE_10.FREQ_300/link/vivado/vpl/prj/prj.gen/my_rm/bd/ulp/ip/ulp_interconnect_axilite_user_imp_s00_regslice_1/ulp_interconnect_axilite_user_imp_s00_regslice_1.dcp' for cell 'level0_i/ulp/SLR1/interconnect_axilite_user/s00_couplers/s00_regslice'
INFO: [Project 1-454] Reading design checkpoint '/home/miahafiz/NeuroRing_a_sudoku_v2/_x.hw.NUM_4096.CORE_10.FREQ_300/link/vivado/vpl/prj/prj.gen/my_rm/bd/ulp/ip/ulp_axi_gpio_null_2/ulp_axi_gpio_null_2.dcp' for cell 'level0_i/ulp/SLR2/axi_gpio_null'
INFO: [Project 1-454] Reading design checkpoint '/home/miahafiz/NeuroRing_a_sudoku_v2/_x.hw.NUM_4096.CORE_10.FREQ_300/link/vivado/vpl/prj/prj.gen/my_rm/bd/ulp/ip/ulp_axi_vip_ctrl_userpf_2/ulp_axi_vip_ctrl_userpf_2.dcp' for cell 'level0_i/ulp/SLR2/axi_vip_ctrl_userpf'
INFO: [Project 1-454] Reading design checkpoint '/home/miahafiz/NeuroRing_a_sudoku_v2/_x.hw.NUM_4096.CORE_10.FREQ_300/link/vivado/vpl/prj/prj.gen/my_rm/bd/ulp/ip/ulp_regslice_control_userpf_2/ulp_regslice_control_userpf_2.dcp' for cell 'level0_i/ulp/SLR2/regslice_control_userpf'
INFO: [Project 1-454] Reading design checkpoint '/home/miahafiz/NeuroRing_a_sudoku_v2/_x.hw.NUM_4096.CORE_10.FREQ_300/link/vivado/vpl/prj/prj.gen/my_rm/bd/ulp/ip/ulp_interconnect_axilite_user_imp_auto_cc_6/ulp_interconnect_axilite_user_imp_auto_cc_6.dcp' for cell 'level0_i/ulp/SLR2/interconnect_axilite_user/s00_couplers/auto_cc'
INFO: [Project 1-454] Reading design checkpoint '/home/miahafiz/NeuroRing_a_sudoku_v2/_x.hw.NUM_4096.CORE_10.FREQ_300/link/vivado/vpl/prj/prj.gen/my_rm/bd/ulp/ip/ulp_interconnect_axilite_user_imp_s00_regslice_2/ulp_interconnect_axilite_user_imp_s00_regslice_2.dcp' for cell 'level0_i/ulp/SLR2/interconnect_axilite_user/s00_couplers/s00_regslice'
INFO: [Project 1-454] Reading design checkpoint '/home/miahafiz/NeuroRing_a_sudoku_v2/_x.hw.NUM_4096.CORE_10.FREQ_300/link/vivado/vpl/prj/prj.gen/my_rm/bd/ulp/ip/ulp_axi_ic_ctrl_mgmt_slr1_upgraded_ipi_imp_xbar_0/ulp_axi_ic_ctrl_mgmt_slr1_upgraded_ipi_imp_xbar_0.dcp' for cell 'level0_i/ulp/axi_ic_ctrl_mgmt_slr1/xbar'
INFO: [Project 1-454] Reading design checkpoint '/home/miahafiz/NeuroRing_a_sudoku_v2/_x.hw.NUM_4096.CORE_10.FREQ_300/link/vivado/vpl/prj/prj.gen/my_rm/bd/ulp/ip/ulp_hmss_0_0/bd_0/ip/ip_12/bd_85ad_axi_apb_bridge_inst_0.dcp' for cell 'level0_i/ulp/hmss_0/inst/axi_apb_bridge_inst'
INFO: [Constraints 18-13253] Total boundary pins count on instance axi_apb_bridge_inst is 215
INFO: [Project 1-454] Reading design checkpoint '/home/miahafiz/NeuroRing_a_sudoku_v2/_x.hw.NUM_4096.CORE_10.FREQ_300/link/vivado/vpl/prj/prj.gen/my_rm/bd/ulp/ip/ulp_hmss_0_0/bd_0/ip/ip_0/bd_85ad_hbm_inst_0.dcp' for cell 'level0_i/ulp/hmss_0/inst/hbm_inst'
INFO: [Constraints 18-13253] Total boundary pins count on instance hbm_inst is 2311
INFO: [Constraints 18-13252] Boundary pins count for instance hbm_inst is greater than 1000, which could increase runtime to stitch this dcp to netlist.
INFO: [Constraints 18-13251] 501 boundary pins have been processed..
INFO: [Constraints 18-13251] 1002 boundary pins have been processed..
INFO: [Constraints 18-13251] 1503 boundary pins have been processed..
INFO: [Constraints 18-13251] 2004 boundary pins have been processed..
INFO: [Project 1-454] Reading design checkpoint '/home/miahafiz/NeuroRing_a_sudoku_v2/_x.hw.NUM_4096.CORE_10.FREQ_300/link/vivado/vpl/prj/prj.gen/my_rm/bd/ulp/ip/ulp_hmss_0_0/bd_0/ip/ip_1/bd_85ad_hbm_reset_sync_SLR0_0.dcp' for cell 'level0_i/ulp/hmss_0/inst/hbm_reset_sync_SLR0'
INFO: [Constraints 18-13253] Total boundary pins count on instance hbm_reset_sync_SLR0 is 10
INFO: [Project 1-454] Reading design checkpoint '/home/miahafiz/NeuroRing_a_sudoku_v2/_x.hw.NUM_4096.CORE_10.FREQ_300/link/vivado/vpl/prj/prj.gen/my_rm/bd/ulp/ip/ulp_hmss_0_0/bd_0/ip/ip_2/bd_85ad_hbm_reset_sync_SLR2_0.dcp' for cell 'level0_i/ulp/hmss_0/inst/hbm_reset_sync_SLR2'
INFO: [Constraints 18-13253] Total boundary pins count on instance hbm_reset_sync_SLR2 is 10
INFO: [Project 1-454] Reading design checkpoint '/home/miahafiz/NeuroRing_a_sudoku_v2/_x.hw.NUM_4096.CORE_10.FREQ_300/link/vivado/vpl/prj/prj.gen/my_rm/bd/ulp/ip/ulp_hmss_0_0/bd_0/ip/ip_8/bd_85ad_vip_S00_0.dcp' for cell 'level0_i/ulp/hmss_0/inst/vip_S00'
INFO: [Constraints 18-13253] Total boundary pins count on instance vip_S00 is 1334
INFO: [Constraints 18-13252] Boundary pins count for instance vip_S00 is greater than 1000, which could increase runtime to stitch this dcp to netlist.
INFO: [Constraints 18-13251] 501 boundary pins have been processed..
INFO: [Constraints 18-13251] 1002 boundary pins have been processed..
INFO: [Project 1-454] Reading design checkpoint '/home/miahafiz/NeuroRing_a_sudoku_v2/_x.hw.NUM_4096.CORE_10.FREQ_300/link/vivado/vpl/prj/prj.gen/my_rm/bd/ulp/ip/ulp_hmss_0_0/bd_0/ip/ip_5/bd_85ad_vip_S01_0.dcp' for cell 'level0_i/ulp/hmss_0/inst/vip_S01'
INFO: [Constraints 18-13253] Total boundary pins count on instance vip_S01 is 1334
INFO: [Constraints 18-13252] Boundary pins count for instance vip_S01 is greater than 1000, which could increase runtime to stitch this dcp to netlist.
INFO: [Constraints 18-13251] 501 boundary pins have been processed..
INFO: [Constraints 18-13251] 1002 boundary pins have been processed..
INFO: [Project 1-454] Reading design checkpoint '/home/miahafiz/NeuroRing_a_sudoku_v2/_x.hw.NUM_4096.CORE_10.FREQ_300/link/vivado/vpl/prj/prj.gen/my_rm/bd/ulp/ip/ulp_hmss_0_0/bd_0/ip/ip_11/bd_85ad_vip_S02_0.dcp' for cell 'level0_i/ulp/hmss_0/inst/vip_S02'
INFO: [Constraints 18-13253] Total boundary pins count on instance vip_S02 is 1334
INFO: [Constraints 18-13252] Boundary pins count for instance vip_S02 is greater than 1000, which could increase runtime to stitch this dcp to netlist.
INFO: [Constraints 18-13251] 501 boundary pins have been processed..
INFO: [Constraints 18-13251] 1002 boundary pins have been processed..
INFO: [Project 1-454] Reading design checkpoint '/home/miahafiz/NeuroRing_a_sudoku_v2/_x.hw.NUM_4096.CORE_10.FREQ_300/link/vivado/vpl/prj/prj.gen/my_rm/bd/ulp/ip/ulp_hmss_0_0/bd_0/ip/ip_14/bd_85ad_init_reduce_0.dcp' for cell 'level0_i/ulp/hmss_0/inst/init_logic/init_reduce'
INFO: [Constraints 18-13253] Total boundary pins count on instance init_reduce is 2
INFO: [Project 1-454] Reading design checkpoint '/home/miahafiz/NeuroRing_a_sudoku_v2/_x.hw.NUM_4096.CORE_10.FREQ_300/link/vivado/vpl/prj/prj.gen/my_rm/bd/ulp/ip/ulp_hmss_0_0/bd_0/ip/ip_3/bd_85ad_interconnect1_0_0.dcp' for cell 'level0_i/ulp/hmss_0/inst/path_0/interconnect1_0'
INFO: [Constraints 18-13253] Total boundary pins count on instance interconnect1_0 is 1417
INFO: [Constraints 18-13252] Boundary pins count for instance interconnect1_0 is greater than 1000, which could increase runtime to stitch this dcp to netlist.
INFO: [Constraints 18-13251] 501 boundary pins have been processed..
INFO: [Constraints 18-13251] 1002 boundary pins have been processed..
INFO: [Project 1-454] Reading design checkpoint '/home/miahafiz/NeuroRing_a_sudoku_v2/_x.hw.NUM_4096.CORE_10.FREQ_300/link/vivado/vpl/prj/prj.gen/my_rm/bd/ulp/ip/ulp_hmss_0_0/bd_0/ip/ip_4/bd_85ad_slice1_0_0.dcp' for cell 'level0_i/ulp/hmss_0/inst/path_0/slice1_0'
INFO: [Constraints 18-13253] Total boundary pins count on instance slice1_0 is 1346
INFO: [Constraints 18-13252] Boundary pins count for instance slice1_0 is greater than 1000, which could increase runtime to stitch this dcp to netlist.
INFO: [Constraints 18-13251] 501 boundary pins have been processed..
INFO: [Constraints 18-13251] 1002 boundary pins have been processed..
INFO: [Project 1-454] Reading design checkpoint '/home/miahafiz/NeuroRing_a_sudoku_v2/_x.hw.NUM_4096.CORE_10.FREQ_300/link/vivado/vpl/prj/prj.gen/my_rm/bd/ulp/ip/ulp_hmss_0_0/bd_0/ip/ip_6/bd_85ad_interconnect0_1_0.dcp' for cell 'level0_i/ulp/hmss_0/inst/path_1/interconnect0_1'
INFO: [Constraints 18-13253] Total boundary pins count on instance interconnect0_1 is 1923
INFO: [Constraints 18-13252] Boundary pins count for instance interconnect0_1 is greater than 1000, which could increase runtime to stitch this dcp to netlist.
INFO: [Constraints 18-13251] 501 boundary pins have been processed..
INFO: [Constraints 18-13251] 1002 boundary pins have been processed..
INFO: [Constraints 18-13251] 1503 boundary pins have been processed..
INFO: [Project 1-454] Reading design checkpoint '/home/miahafiz/NeuroRing_a_sudoku_v2/_x.hw.NUM_4096.CORE_10.FREQ_300/link/vivado/vpl/prj/prj.gen/my_rm/bd/ulp/ip/ulp_hmss_0_0/bd_0/ip/ip_7/bd_85ad_slice0_1_0.dcp' for cell 'level0_i/ulp/hmss_0/inst/path_1/slice0_1'
INFO: [Constraints 18-13253] Total boundary pins count on instance slice0_1 is 1346
INFO: [Constraints 18-13252] Boundary pins count for instance slice0_1 is greater than 1000, which could increase runtime to stitch this dcp to netlist.
INFO: [Constraints 18-13251] 501 boundary pins have been processed..
INFO: [Constraints 18-13251] 1002 boundary pins have been processed..
INFO: [Project 1-454] Reading design checkpoint '/home/miahafiz/NeuroRing_a_sudoku_v2/_x.hw.NUM_4096.CORE_10.FREQ_300/link/vivado/vpl/prj/prj.gen/my_rm/bd/ulp/ip/ulp_hmss_0_0/bd_0/ip/ip_9/bd_85ad_interconnect2_4_0.dcp' for cell 'level0_i/ulp/hmss_0/inst/path_4/interconnect2_4'
INFO: [Constraints 18-13253] Total boundary pins count on instance interconnect2_4 is 1417
INFO: [Constraints 18-13252] Boundary pins count for instance interconnect2_4 is greater than 1000, which could increase runtime to stitch this dcp to netlist.
INFO: [Constraints 18-13251] 501 boundary pins have been processed..
INFO: [Constraints 18-13251] 1002 boundary pins have been processed..
INFO: [Project 1-454] Reading design checkpoint '/home/miahafiz/NeuroRing_a_sudoku_v2/_x.hw.NUM_4096.CORE_10.FREQ_300/link/vivado/vpl/prj/prj.gen/my_rm/bd/ulp/ip/ulp_hmss_0_0/bd_0/ip/ip_10/bd_85ad_slice2_4_0.dcp' for cell 'level0_i/ulp/hmss_0/inst/path_4/slice2_4'
INFO: [Constraints 18-13253] Total boundary pins count on instance slice2_4 is 1346
INFO: [Constraints 18-13252] Boundary pins count for instance slice2_4 is greater than 1000, which could increase runtime to stitch this dcp to netlist.
INFO: [Constraints 18-13251] 501 boundary pins have been processed..
INFO: [Constraints 18-13251] 1002 boundary pins have been processed..
INFO: [Project 1-454] Reading design checkpoint '/home/miahafiz/NeuroRing_a_sudoku_v2/_x.hw.NUM_4096.CORE_10.FREQ_300/link/vivado/vpl/prj/prj.gen/my_rm/bd/ulp/ip/ulp_ulp_cmp_0/bd_0/ip/ip_0/bd_097b_build_info_0.dcp' for cell 'level0_i/ulp/ulp_cmp/inst/build_info'
INFO: [Constraints 18-13253] Total boundary pins count on instance build_info is 94
INFO: [Project 1-454] Reading design checkpoint '/home/miahafiz/NeuroRing_a_sudoku_v2/_x.hw.NUM_4096.CORE_10.FREQ_300/link/vivado/vpl/prj/prj.gen/my_rm/bd/ulp/ip/ulp_ulp_cmp_0/bd_0/ip/ip_2/bd_097b_user_debug_bridge_0.dcp' for cell 'level0_i/ulp/ulp_cmp/inst/user_debug_bridge'
INFO: [Constraints 18-13253] Total boundary pins count on instance user_debug_bridge is 112
INFO: [Project 1-454] Reading design checkpoint '/home/miahafiz/NeuroRing_a_sudoku_v2/_x.hw.NUM_4096.CORE_10.FREQ_300/link/vivado/vpl/prj/prj.gen/my_rm/bd/ulp/ip/ulp_ulp_cmp_0/bd_0/ip/ip_3/bd_097b_user_debug_hub_0.dcp' for cell 'level0_i/ulp/ulp_cmp/inst/user_debug_hub'
INFO: [Constraints 18-13253] Total boundary pins count on instance user_debug_hub is 13
INFO: [Project 1-454] Reading design checkpoint '/home/miahafiz/NeuroRing_a_sudoku_v2/_x.hw.NUM_4096.CORE_10.FREQ_300/link/vivado/vpl/prj/prj.gen/my_rm/bd/ulp/ip/ulp_ulp_ucs_0/bd_0/ip/ip_2/bd_22c0_build_info_0.dcp' for cell 'level0_i/ulp/ulp_ucs/inst/build_info'
INFO: [Constraints 18-13253] Total boundary pins count on instance build_info is 94
INFO: [Project 1-454] Reading design checkpoint '/home/miahafiz/NeuroRing_a_sudoku_v2/_x.hw.NUM_4096.CORE_10.FREQ_300/link/vivado/vpl/prj/prj.gen/my_rm/bd/ulp/ip/ulp_ulp_ucs_0/bd_0/ip/ip_45/bd_22c0_clk_hbm_adapt_0.dcp' for cell 'level0_i/ulp/ulp_ucs/inst/aclk_hbm_hierarchy/clk_hbm_adapt'
INFO: [Constraints 18-13253] Total boundary pins count on instance clk_hbm_adapt is 2
INFO: [Project 1-454] Reading design checkpoint '/home/miahafiz/NeuroRing_a_sudoku_v2/_x.hw.NUM_4096.CORE_10.FREQ_300/link/vivado/vpl/prj/prj.gen/my_rm/bd/ulp/ip/ulp_ulp_ucs_0/bd_0/ip/ip_46/bd_22c0_clkwiz_hbm_0.dcp' for cell 'level0_i/ulp/ulp_ucs/inst/aclk_hbm_hierarchy/clkwiz_hbm'
INFO: [Constraints 18-13253] Total boundary pins count on instance clkwiz_hbm is 111
INFO: [Project 1-454] Reading design checkpoint '/home/miahafiz/NeuroRing_a_sudoku_v2/_x.hw.NUM_4096.CORE_10.FREQ_300/link/vivado/vpl/prj/prj.gen/my_rm/bd/ulp/ip/ulp_ulp_ucs_0/bd_0/ip/ip_47/bd_22c0_fanout_aresetn_hbm_0.dcp' for cell 'level0_i/ulp/ulp_ucs/inst/aclk_hbm_hierarchy/fanout_aresetn_hbm'
INFO: [Constraints 18-13253] Total boundary pins count on instance fanout_aresetn_hbm is 4
INFO: [Project 1-454] Reading design checkpoint '/home/miahafiz/NeuroRing_a_sudoku_v2/_x.hw.NUM_4096.CORE_10.FREQ_300/link/vivado/vpl/prj/prj.gen/my_rm/bd/ulp/ip/ulp_ulp_ucs_0/bd_0/ip/ip_48/bd_22c0_psreset_hbm_0.dcp' for cell 'level0_i/ulp/ulp_ucs/inst/aclk_hbm_hierarchy/psreset_hbm'
INFO: [Constraints 18-13253] Total boundary pins count on instance psreset_hbm is 10
INFO: [Project 1-454] Reading design checkpoint '/home/miahafiz/NeuroRing_a_sudoku_v2/_x.hw.NUM_4096.CORE_10.FREQ_300/link/vivado/vpl/prj/prj.gen/my_rm/bd/ulp/ip/ulp_ulp_ucs_0/bd_0/ip/ip_57/bd_22c0_aclk_kernel_00_adapt_0.dcp' for cell 'level0_i/ulp/ulp_ucs/inst/aclk_kernel_00_hierarchy/aclk_kernel_00_adapt'
INFO: [Constraints 18-13253] Total boundary pins count on instance aclk_kernel_00_adapt is 2
INFO: [Project 1-454] Reading design checkpoint '/home/miahafiz/NeuroRing_a_sudoku_v2/_x.hw.NUM_4096.CORE_10.FREQ_300/link/vivado/vpl/prj/prj.gen/my_rm/bd/ulp/ip/ulp_ulp_ucs_0/bd_0/ip/ip_58/bd_22c0_aclk_kernel_00_cont_adapt_0.dcp' for cell 'level0_i/ulp/ulp_ucs/inst/aclk_kernel_00_hierarchy/aclk_kernel_00_cont_adapt'
INFO: [Constraints 18-13253] Total boundary pins count on instance aclk_kernel_00_cont_adapt is 2
INFO: [Project 1-454] Reading design checkpoint '/home/miahafiz/NeuroRing_a_sudoku_v2/_x.hw.NUM_4096.CORE_10.FREQ_300/link/vivado/vpl/prj/prj.gen/my_rm/bd/ulp/ip/ulp_ulp_ucs_0/bd_0/ip/ip_59/bd_22c0_clkwiz_aclk_kernel_00_0.dcp' for cell 'level0_i/ulp/ulp_ucs/inst/aclk_kernel_00_hierarchy/clkwiz_aclk_kernel_00'
INFO: [Constraints 18-13253] Total boundary pins count on instance clkwiz_aclk_kernel_00 is 110
INFO: [Project 1-454] Reading design checkpoint '/home/miahafiz/NeuroRing_a_sudoku_v2/_x.hw.NUM_4096.CORE_10.FREQ_300/link/vivado/vpl/prj/prj.gen/my_rm/bd/ulp/ip/ulp_ulp_ucs_0/bd_0/ip/ip_60/bd_22c0_clock_throttling_aclk_kernel_00_0.dcp' for cell 'level0_i/ulp/ulp_ucs/inst/aclk_kernel_00_hierarchy/clock_throttling_aclk_kernel_00'
INFO: [Constraints 18-13253] Total boundary pins count on instance clock_throttling_aclk_kernel_00 is 17
INFO: [Project 1-454] Reading design checkpoint '/home/miahafiz/NeuroRing_a_sudoku_v2/_x.hw.NUM_4096.CORE_10.FREQ_300/link/vivado/vpl/prj/prj.gen/my_rm/bd/ulp/ip/ulp_ulp_ucs_0/bd_0/ip/ip_74/bd_22c0_psreset_kernel_00_0.dcp' for cell 'level0_i/ulp/ulp_ucs/inst/aclk_kernel_00_hierarchy/psreset_kernel_00'
INFO: [Constraints 18-13253] Total boundary pins count on instance psreset_kernel_00 is 10
INFO: [Project 1-454] Reading design checkpoint '/home/miahafiz/NeuroRing_a_sudoku_v2/_x.hw.NUM_4096.CORE_10.FREQ_300/link/vivado/vpl/prj/prj.gen/my_rm/bd/ulp/ip/ulp_ulp_ucs_0/bd_0/ip/ip_61/bd_22c0_fanout_aresetn_kernel_00_slr0_1_0.dcp' for cell 'level0_i/ulp/ulp_ucs/inst/aclk_kernel_00_hierarchy/fanout_aresetn_kernel_00/fanout_aresetn_kernel_00_slr0_1'
INFO: [Constraints 18-13253] Total boundary pins count on instance fanout_aresetn_kernel_00_slr0_1 is 4
INFO: [Project 1-454] Reading design checkpoint '/home/miahafiz/NeuroRing_a_sudoku_v2/_x.hw.NUM_4096.CORE_10.FREQ_300/link/vivado/vpl/prj/prj.gen/my_rm/bd/ulp/ip/ulp_ulp_ucs_0/bd_0/ip/ip_62/bd_22c0_fanout_aresetn_kernel_00_slr0_2_0.dcp' for cell 'level0_i/ulp/ulp_ucs/inst/aclk_kernel_00_hierarchy/fanout_aresetn_kernel_00/fanout_aresetn_kernel_00_slr0_2'
INFO: [Constraints 18-13253] Total boundary pins count on instance fanout_aresetn_kernel_00_slr0_2 is 4
INFO: [Project 1-454] Reading design checkpoint '/home/miahafiz/NeuroRing_a_sudoku_v2/_x.hw.NUM_4096.CORE_10.FREQ_300/link/vivado/vpl/prj/prj.gen/my_rm/bd/ulp/ip/ulp_ulp_ucs_0/bd_0/ip/ip_63/bd_22c0_fanout_aresetn_kernel_00_slr0_3_0.dcp' for cell 'level0_i/ulp/ulp_ucs/inst/aclk_kernel_00_hierarchy/fanout_aresetn_kernel_00/fanout_aresetn_kernel_00_slr0_3'
INFO: [Constraints 18-13253] Total boundary pins count on instance fanout_aresetn_kernel_00_slr0_3 is 4
INFO: [Project 1-454] Reading design checkpoint '/home/miahafiz/NeuroRing_a_sudoku_v2/_x.hw.NUM_4096.CORE_10.FREQ_300/link/vivado/vpl/prj/prj.gen/my_rm/bd/ulp/ip/ulp_ulp_ucs_0/bd_0/ip/ip_64/bd_22c0_fanout_aresetn_kernel_00_slr0_4_0.dcp' for cell 'level0_i/ulp/ulp_ucs/inst/aclk_kernel_00_hierarchy/fanout_aresetn_kernel_00/fanout_aresetn_kernel_00_slr0_4'
INFO: [Constraints 18-13253] Total boundary pins count on instance fanout_aresetn_kernel_00_slr0_4 is 4
INFO: [Project 1-454] Reading design checkpoint '/home/miahafiz/NeuroRing_a_sudoku_v2/_x.hw.NUM_4096.CORE_10.FREQ_300/link/vivado/vpl/prj/prj.gen/my_rm/bd/ulp/ip/ulp_ulp_ucs_0/bd_0/ip/ip_65/bd_22c0_fanout_aresetn_kernel_00_slr1_1_0.dcp' for cell 'level0_i/ulp/ulp_ucs/inst/aclk_kernel_00_hierarchy/fanout_aresetn_kernel_00/fanout_aresetn_kernel_00_slr1_1'
INFO: [Constraints 18-13253] Total boundary pins count on instance fanout_aresetn_kernel_00_slr1_1 is 4
INFO: [Project 1-454] Reading design checkpoint '/home/miahafiz/NeuroRing_a_sudoku_v2/_x.hw.NUM_4096.CORE_10.FREQ_300/link/vivado/vpl/prj/prj.gen/my_rm/bd/ulp/ip/ulp_ulp_ucs_0/bd_0/ip/ip_66/bd_22c0_fanout_aresetn_kernel_00_slr1_2_0.dcp' for cell 'level0_i/ulp/ulp_ucs/inst/aclk_kernel_00_hierarchy/fanout_aresetn_kernel_00/fanout_aresetn_kernel_00_slr1_2'
INFO: [Constraints 18-13253] Total boundary pins count on instance fanout_aresetn_kernel_00_slr1_2 is 4
INFO: [Project 1-454] Reading design checkpoint '/home/miahafiz/NeuroRing_a_sudoku_v2/_x.hw.NUM_4096.CORE_10.FREQ_300/link/vivado/vpl/prj/prj.gen/my_rm/bd/ulp/ip/ulp_ulp_ucs_0/bd_0/ip/ip_67/bd_22c0_fanout_aresetn_kernel_00_slr1_3_0.dcp' for cell 'level0_i/ulp/ulp_ucs/inst/aclk_kernel_00_hierarchy/fanout_aresetn_kernel_00/fanout_aresetn_kernel_00_slr1_3'
INFO: [Constraints 18-13253] Total boundary pins count on instance fanout_aresetn_kernel_00_slr1_3 is 4
INFO: [Project 1-454] Reading design checkpoint '/home/miahafiz/NeuroRing_a_sudoku_v2/_x.hw.NUM_4096.CORE_10.FREQ_300/link/vivado/vpl/prj/prj.gen/my_rm/bd/ulp/ip/ulp_ulp_ucs_0/bd_0/ip/ip_68/bd_22c0_fanout_aresetn_kernel_00_slr1_4_0.dcp' for cell 'level0_i/ulp/ulp_ucs/inst/aclk_kernel_00_hierarchy/fanout_aresetn_kernel_00/fanout_aresetn_kernel_00_slr1_4'
INFO: [Constraints 18-13253] Total boundary pins count on instance fanout_aresetn_kernel_00_slr1_4 is 4
INFO: [Project 1-454] Reading design checkpoint '/home/miahafiz/NeuroRing_a_sudoku_v2/_x.hw.NUM_4096.CORE_10.FREQ_300/link/vivado/vpl/prj/prj.gen/my_rm/bd/ulp/ip/ulp_ulp_ucs_0/bd_0/ip/ip_69/bd_22c0_fanout_aresetn_kernel_00_slr2_1_0.dcp' for cell 'level0_i/ulp/ulp_ucs/inst/aclk_kernel_00_hierarchy/fanout_aresetn_kernel_00/fanout_aresetn_kernel_00_slr2_1'
INFO: [Constraints 18-13253] Total boundary pins count on instance fanout_aresetn_kernel_00_slr2_1 is 4
INFO: [Project 1-454] Reading design checkpoint '/home/miahafiz/NeuroRing_a_sudoku_v2/_x.hw.NUM_4096.CORE_10.FREQ_300/link/vivado/vpl/prj/prj.gen/my_rm/bd/ulp/ip/ulp_ulp_ucs_0/bd_0/ip/ip_70/bd_22c0_fanout_aresetn_kernel_00_slr2_2_0.dcp' for cell 'level0_i/ulp/ulp_ucs/inst/aclk_kernel_00_hierarchy/fanout_aresetn_kernel_00/fanout_aresetn_kernel_00_slr2_2'
INFO: [Constraints 18-13253] Total boundary pins count on instance fanout_aresetn_kernel_00_slr2_2 is 4
INFO: [Project 1-454] Reading design checkpoint '/home/miahafiz/NeuroRing_a_sudoku_v2/_x.hw.NUM_4096.CORE_10.FREQ_300/link/vivado/vpl/prj/prj.gen/my_rm/bd/ulp/ip/ulp_ulp_ucs_0/bd_0/ip/ip_71/bd_22c0_fanout_aresetn_kernel_00_slr2_3_0.dcp' for cell 'level0_i/ulp/ulp_ucs/inst/aclk_kernel_00_hierarchy/fanout_aresetn_kernel_00/fanout_aresetn_kernel_00_slr2_3'
INFO: [Constraints 18-13253] Total boundary pins count on instance fanout_aresetn_kernel_00_slr2_3 is 4
INFO: [Project 1-454] Reading design checkpoint '/home/miahafiz/NeuroRing_a_sudoku_v2/_x.hw.NUM_4096.CORE_10.FREQ_300/link/vivado/vpl/prj/prj.gen/my_rm/bd/ulp/ip/ulp_ulp_ucs_0/bd_0/ip/ip_72/bd_22c0_fanout_aresetn_kernel_00_slr2_4_0.dcp' for cell 'level0_i/ulp/ulp_ucs/inst/aclk_kernel_00_hierarchy/fanout_aresetn_kernel_00/fanout_aresetn_kernel_00_slr2_4'
INFO: [Constraints 18-13253] Total boundary pins count on instance fanout_aresetn_kernel_00_slr2_4 is 4
INFO: [Project 1-454] Reading design checkpoint '/home/miahafiz/NeuroRing_a_sudoku_v2/_x.hw.NUM_4096.CORE_10.FREQ_300/link/vivado/vpl/prj/prj.gen/my_rm/bd/ulp/ip/ulp_ulp_ucs_0/bd_0/ip/ip_75/bd_22c0_aclk_kernel_01_adapt_0.dcp' for cell 'level0_i/ulp/ulp_ucs/inst/aclk_kernel_01_hierarchy/aclk_kernel_01_adapt'
INFO: [Constraints 18-13253] Total boundary pins count on instance aclk_kernel_01_adapt is 2
INFO: [Project 1-454] Reading design checkpoint '/home/miahafiz/NeuroRing_a_sudoku_v2/_x.hw.NUM_4096.CORE_10.FREQ_300/link/vivado/vpl/prj/prj.gen/my_rm/bd/ulp/ip/ulp_ulp_ucs_0/bd_0/ip/ip_76/bd_22c0_aclk_kernel_01_cont_adapt_0.dcp' for cell 'level0_i/ulp/ulp_ucs/inst/aclk_kernel_01_hierarchy/aclk_kernel_01_cont_adapt'
INFO: [Constraints 18-13253] Total boundary pins count on instance aclk_kernel_01_cont_adapt is 2
INFO: [Project 1-454] Reading design checkpoint '/home/miahafiz/NeuroRing_a_sudoku_v2/_x.hw.NUM_4096.CORE_10.FREQ_300/link/vivado/vpl/prj/prj.gen/my_rm/bd/ulp/ip/ulp_ulp_ucs_0/bd_0/ip/ip_77/bd_22c0_clkwiz_aclk_kernel_01_0.dcp' for cell 'level0_i/ulp/ulp_ucs/inst/aclk_kernel_01_hierarchy/clkwiz_aclk_kernel_01'
INFO: [Common 17-14] Message 'Project 1-454' appears 100 times and further instances of the messages will be disabled.
INFO: [Constraints 18-13253] Total boundary pins count on instance clkwiz_aclk_kernel_01 is 110
INFO: [Constraints 18-13253] Total boundary pins count on instance clock_throttling_aclk_kernel_01 is 17
INFO: [Constraints 18-13253] Total boundary pins count on instance psreset_kernel_01 is 10
INFO: [Constraints 18-13253] Total boundary pins count on instance fanout_aresetn_kernel_01_slr0_1 is 4
INFO: [Constraints 18-13253] Total boundary pins count on instance fanout_aresetn_kernel_01_slr0_2 is 4
INFO: [Constraints 18-13253] Total boundary pins count on instance fanout_aresetn_kernel_01_slr0_3 is 4
INFO: [Constraints 18-13253] Total boundary pins count on instance fanout_aresetn_kernel_01_slr0_4 is 4
INFO: [Constraints 18-13253] Total boundary pins count on instance fanout_aresetn_kernel_01_slr1_1 is 4
INFO: [Constraints 18-13253] Total boundary pins count on instance fanout_aresetn_kernel_01_slr1_2 is 4
INFO: [Constraints 18-13253] Total boundary pins count on instance fanout_aresetn_kernel_01_slr1_3 is 4
INFO: [Constraints 18-13253] Total boundary pins count on instance fanout_aresetn_kernel_01_slr1_4 is 4
INFO: [Constraints 18-13253] Total boundary pins count on instance fanout_aresetn_kernel_01_slr2_1 is 4
INFO: [Constraints 18-13253] Total boundary pins count on instance fanout_aresetn_kernel_01_slr2_2 is 4
INFO: [Constraints 18-13253] Total boundary pins count on instance fanout_aresetn_kernel_01_slr2_3 is 4
INFO: [Constraints 18-13253] Total boundary pins count on instance fanout_aresetn_kernel_01_slr2_4 is 4
INFO: [Constraints 18-13253] Total boundary pins count on instance xbar is 1106
INFO: [Constraints 18-13252] Boundary pins count for instance xbar is greater than 1000, which could increase runtime to stitch this dcp to netlist.
INFO: [Constraints 18-13251] 501 boundary pins have been processed..
INFO: [Constraints 18-13251] 1002 boundary pins have been processed..
INFO: [Constraints 18-13253] Total boundary pins count on instance fanout_aresetn_ctrl_slr0_1 is 4
INFO: [Constraints 18-13253] Total boundary pins count on instance fanout_aresetn_ctrl_slr0_2 is 4
INFO: [Constraints 18-13253] Total boundary pins count on instance fanout_aresetn_ctrl_slr0_3 is 4
INFO: [Constraints 18-13253] Total boundary pins count on instance fanout_aresetn_ctrl_slr0_4 is 4
INFO: [Constraints 18-13253] Total boundary pins count on instance fanout_aresetn_ctrl_slr1_1 is 4
INFO: [Constraints 18-13253] Total boundary pins count on instance fanout_aresetn_ctrl_slr1_2 is 4
INFO: [Constraints 18-13253] Total boundary pins count on instance fanout_aresetn_ctrl_slr1_3 is 4
INFO: [Constraints 18-13253] Total boundary pins count on instance fanout_aresetn_ctrl_slr1_4 is 4
INFO: [Constraints 18-13253] Total boundary pins count on instance fanout_aresetn_ctrl_slr2_1 is 4
INFO: [Constraints 18-13253] Total boundary pins count on instance fanout_aresetn_ctrl_slr2_2 is 4
INFO: [Constraints 18-13253] Total boundary pins count on instance fanout_aresetn_ctrl_slr2_3 is 4
INFO: [Constraints 18-13253] Total boundary pins count on instance fanout_aresetn_ctrl_slr2_4 is 4
INFO: [Constraints 18-13253] Total boundary pins count on instance fanout_aresetn_pcie_slr0_1 is 4
INFO: [Constraints 18-13253] Total boundary pins count on instance fanout_aresetn_pcie_slr0_2 is 4
INFO: [Constraints 18-13253] Total boundary pins count on instance fanout_aresetn_pcie_slr0_3 is 4
INFO: [Constraints 18-13253] Total boundary pins count on instance fanout_aresetn_pcie_slr0_4 is 4
INFO: [Constraints 18-13253] Total boundary pins count on instance fanout_aresetn_pcie_slr1_1 is 4
INFO: [Constraints 18-13253] Total boundary pins count on instance fanout_aresetn_pcie_slr1_2 is 4
INFO: [Constraints 18-13253] Total boundary pins count on instance fanout_aresetn_pcie_slr1_3 is 4
INFO: [Constraints 18-13253] Total boundary pins count on instance fanout_aresetn_pcie_slr1_4 is 4
INFO: [Constraints 18-13253] Total boundary pins count on instance fanout_aresetn_pcie_slr2_1 is 4
INFO: [Constraints 18-13253] Total boundary pins count on instance fanout_aresetn_pcie_slr2_2 is 4
INFO: [Constraints 18-13253] Total boundary pins count on instance fanout_aresetn_pcie_slr2_3 is 4
INFO: [Constraints 18-13253] Total boundary pins count on instance fanout_aresetn_pcie_slr2_4 is 4
INFO: [Constraints 18-13253] Total boundary pins count on instance frequency_counter_aclk is 150
INFO: [Constraints 18-13253] Total boundary pins count on instance frequency_counter_aclk_hbm is 150
INFO: [Constraints 18-13253] Total boundary pins count on instance frequency_counter_aclk_kernel_00 is 150
INFO: [Constraints 18-13253] Total boundary pins count on instance frequency_counter_aclk_kernel_01 is 150
INFO: [Constraints 18-13253] Total boundary pins count on instance psreset_aclk_freerun is 10
INFO: [Constraints 18-13253] Total boundary pins count on instance xbar is 692
INFO: [Constraints 18-13251] 501 boundary pins have been processed..
INFO: [Constraints 18-13253] Total boundary pins count on instance auto_cc is 280
INFO: [Constraints 18-13253] Total boundary pins count on instance clock_throttling_avg is 25
INFO: [Constraints 18-13253] Total boundary pins count on instance gapping_demand_toggle_RnM is 3
INFO: [Constraints 18-13253] Total boundary pins count on instance gapping_demand_update is 3
INFO: [Constraints 18-13253] Total boundary pins count on instance gpio_gapping_demand is 166
INFO: [Constraints 18-13253] Total boundary pins count on instance clock_shutdown_latch is 23
INFO: [Constraints 18-13253] Total boundary pins count on instance gpio_ucs_control_status is 166
INFO: [Constraints 18-13253] Total boundary pins count on instance axi_jtag is 104
INFO: [Constraints 18-13253] Total boundary pins count on instance bs_switch_1 is 24
INFO: [Constraints 18-13253] Total boundary pins count on instance bsip is 15
INFO: [Constraints 18-13253] Total boundary pins count on instance lut_buffer is 24
INFO: [Constraints 18-13253] Total boundary pins count on instance xsdbm is 13
INFO: [Common 17-14] Message 'Constraints 18-13253' appears 100 times and further instances of the messages will be disabled.
Netlist sorting complete. Time (s): cpu = 00:00:07 ; elapsed = 00:00:07 . Memory (MB): peak = 4177.523 ; gain = 0.000 ; free physical = 106648 ; free virtual = 181827
INFO: [Netlist 29-17] Analyzing 13466 Unisim elements for replacement
INFO: [Netlist 29-28] Unisim Transformation completed in 2 CPU seconds
INFO: [Project 1-479] Netlist was created with Vivado 2025.1
INFO: [Project 1-570] Preparing netlist for logic optimization
WARNING: [Constraints 18-550] Could not create 'IBUF_LOW_PWR' constraint because net 'level0_i/blp/blp_i/freerun_clk/freerun_clk_ibufds/IBUF_OUT[0]' is not directly connected to top level port. 'IBUF_LOW_PWR' is ignored for synthesis but preserved for implementation.
Parsing XDC File [/home/miahafiz/NeuroRing_a_sudoku_v2/_x.hw.NUM_4096.CORE_10.FREQ_300/link/vivado/vpl/prj/prj.gen/my_rm/bd/ulp/ip/ulp_axi_gpio_null_0/ulp_axi_gpio_null_0_board.xdc] for cell 'level0_i/ulp/SLR0/axi_gpio_null/U0'
Finished Parsing XDC File [/home/miahafiz/NeuroRing_a_sudoku_v2/_x.hw.NUM_4096.CORE_10.FREQ_300/link/vivado/vpl/prj/prj.gen/my_rm/bd/ulp/ip/ulp_axi_gpio_null_0/ulp_axi_gpio_null_0_board.xdc] for cell 'level0_i/ulp/SLR0/axi_gpio_null/U0'
Parsing XDC File [/home/miahafiz/NeuroRing_a_sudoku_v2/_x.hw.NUM_4096.CORE_10.FREQ_300/link/vivado/vpl/prj/prj.gen/my_rm/bd/ulp/ip/ulp_axi_gpio_null_1/ulp_axi_gpio_null_1_board.xdc] for cell 'level0_i/ulp/SLR1/axi_gpio_null/U0'
Finished Parsing XDC File [/home/miahafiz/NeuroRing_a_sudoku_v2/_x.hw.NUM_4096.CORE_10.FREQ_300/link/vivado/vpl/prj/prj.gen/my_rm/bd/ulp/ip/ulp_axi_gpio_null_1/ulp_axi_gpio_null_1_board.xdc] for cell 'level0_i/ulp/SLR1/axi_gpio_null/U0'
Parsing XDC File [/home/miahafiz/NeuroRing_a_sudoku_v2/_x.hw.NUM_4096.CORE_10.FREQ_300/link/vivado/vpl/prj/prj.gen/my_rm/bd/ulp/ip/ulp_axi_gpio_null_2/ulp_axi_gpio_null_2_board.xdc] for cell 'level0_i/ulp/SLR2/axi_gpio_null/U0'
Finished Parsing XDC File [/home/miahafiz/NeuroRing_a_sudoku_v2/_x.hw.NUM_4096.CORE_10.FREQ_300/link/vivado/vpl/prj/prj.gen/my_rm/bd/ulp/ip/ulp_axi_gpio_null_2/ulp_axi_gpio_null_2_board.xdc] for cell 'level0_i/ulp/SLR2/axi_gpio_null/U0'
Parsing XDC File [/home/miahafiz/NeuroRing_a_sudoku_v2/_x.hw.NUM_4096.CORE_10.FREQ_300/link/vivado/vpl/prj/prj.gen/my_rm/bd/ulp/ip/ulp_hmss_0_0/bd_0/ip/ip_0/hdl/par/hbm_ip.xdc] for cell 'level0_i/ulp/hmss_0/inst/hbm_inst/inst'
Finished Parsing XDC File [/home/miahafiz/NeuroRing_a_sudoku_v2/_x.hw.NUM_4096.CORE_10.FREQ_300/link/vivado/vpl/prj/prj.gen/my_rm/bd/ulp/ip/ulp_hmss_0_0/bd_0/ip/ip_0/hdl/par/hbm_ip.xdc] for cell 'level0_i/ulp/hmss_0/inst/hbm_inst/inst'
Parsing XDC File [/home/miahafiz/NeuroRing_a_sudoku_v2/_x.hw.NUM_4096.CORE_10.FREQ_300/link/vivado/vpl/prj/prj.gen/my_rm/bd/ulp/ip/ulp_hmss_0_0/bd_0/ip/ip_1/bd_85ad_hbm_reset_sync_SLR0_0_board.xdc] for cell 'level0_i/ulp/hmss_0/inst/hbm_reset_sync_SLR0/U0'
Finished Parsing XDC File [/home/miahafiz/NeuroRing_a_sudoku_v2/_x.hw.NUM_4096.CORE_10.FREQ_300/link/vivado/vpl/prj/prj.gen/my_rm/bd/ulp/ip/ulp_hmss_0_0/bd_0/ip/ip_1/bd_85ad_hbm_reset_sync_SLR0_0_board.xdc] for cell 'level0_i/ulp/hmss_0/inst/hbm_reset_sync_SLR0/U0'
Parsing XDC File [/home/miahafiz/NeuroRing_a_sudoku_v2/_x.hw.NUM_4096.CORE_10.FREQ_300/link/vivado/vpl/prj/prj.gen/my_rm/bd/ulp/ip/ulp_hmss_0_0/bd_0/ip/ip_2/bd_85ad_hbm_reset_sync_SLR2_0_board.xdc] for cell 'level0_i/ulp/hmss_0/inst/hbm_reset_sync_SLR2/U0'
Finished Parsing XDC File [/home/miahafiz/NeuroRing_a_sudoku_v2/_x.hw.NUM_4096.CORE_10.FREQ_300/link/vivado/vpl/prj/prj.gen/my_rm/bd/ulp/ip/ulp_hmss_0_0/bd_0/ip/ip_2/bd_85ad_hbm_reset_sync_SLR2_0_board.xdc] for cell 'level0_i/ulp/hmss_0/inst/hbm_reset_sync_SLR2/U0'
Parsing XDC File [/home/miahafiz/NeuroRing_a_sudoku_v2/_x.hw.NUM_4096.CORE_10.FREQ_300/link/vivado/vpl/prj/prj.gen/my_rm/bd/ulp/ip/ulp_hmss_0_0/bd_1/ip/ip_1/bd_baa4_psr0_0_board.xdc] for cell 'level0_i/ulp/hmss_0/inst/path_0/interconnect1_0/inst/clk_map/psr0/U0'
Finished Parsing XDC File [/home/miahafiz/NeuroRing_a_sudoku_v2/_x.hw.NUM_4096.CORE_10.FREQ_300/link/vivado/vpl/prj/prj.gen/my_rm/bd/ulp/ip/ulp_hmss_0_0/bd_1/ip/ip_1/bd_baa4_psr0_0_board.xdc] for cell 'level0_i/ulp/hmss_0/inst/path_0/interconnect1_0/inst/clk_map/psr0/U0'
Parsing XDC File [/home/miahafiz/NeuroRing_a_sudoku_v2/_x.hw.NUM_4096.CORE_10.FREQ_300/link/vivado/vpl/prj/prj.gen/my_rm/bd/ulp/ip/ulp_hmss_0_0/bd_1/ip/ip_2/bd_baa4_psr_aclk_0_board.xdc] for cell 'level0_i/ulp/hmss_0/inst/path_0/interconnect1_0/inst/clk_map/psr_aclk/U0'
Finished Parsing XDC File [/home/miahafiz/NeuroRing_a_sudoku_v2/_x.hw.NUM_4096.CORE_10.FREQ_300/link/vivado/vpl/prj/prj.gen/my_rm/bd/ulp/ip/ulp_hmss_0_0/bd_1/ip/ip_2/bd_baa4_psr_aclk_0_board.xdc] for cell 'level0_i/ulp/hmss_0/inst/path_0/interconnect1_0/inst/clk_map/psr_aclk/U0'
Parsing XDC File [/home/miahafiz/NeuroRing_a_sudoku_v2/_x.hw.NUM_4096.CORE_10.FREQ_300/link/vivado/vpl/prj/prj.gen/my_rm/bd/ulp/ip/ulp_hmss_0_0/bd_1/ip/ip_3/bd_baa4_psr_aclk1_0_board.xdc] for cell 'level0_i/ulp/hmss_0/inst/path_0/interconnect1_0/inst/clk_map/psr_aclk1/U0'
Finished Parsing XDC File [/home/miahafiz/NeuroRing_a_sudoku_v2/_x.hw.NUM_4096.CORE_10.FREQ_300/link/vivado/vpl/prj/prj.gen/my_rm/bd/ulp/ip/ulp_hmss_0_0/bd_1/ip/ip_3/bd_baa4_psr_aclk1_0_board.xdc] for cell 'level0_i/ulp/hmss_0/inst/path_0/interconnect1_0/inst/clk_map/psr_aclk1/U0'
Parsing XDC File [/home/miahafiz/NeuroRing_a_sudoku_v2/_x.hw.NUM_4096.CORE_10.FREQ_300/link/vivado/vpl/prj/prj.gen/my_rm/bd/ulp/ip/ulp_hmss_0_0/bd_0/ip/ip_3/smartconnect.xdc] for cell 'level0_i/ulp/hmss_0/inst/path_0/interconnect1_0/inst'
WARNING: [Vivado_Tcl 4-919] Waiver ID 'CDC-1' -from list should not be empty. [/home/miahafiz/NeuroRing_a_sudoku_v2/_x.hw.NUM_4096.CORE_10.FREQ_300/link/vivado/vpl/prj/prj.gen/my_rm/bd/ulp/ip/ulp_hmss_0_0/bd_0/ip/ip_3/smartconnect.xdc:3]
WARNING: [Vivado_Tcl 4-921] Waiver ID 'CDC-1' -to list should not be empty. [/home/miahafiz/NeuroRing_a_sudoku_v2/_x.hw.NUM_4096.CORE_10.FREQ_300/link/vivado/vpl/prj/prj.gen/my_rm/bd/ulp/ip/ulp_hmss_0_0/bd_0/ip/ip_3/smartconnect.xdc:4]
WARNING: [Vivado_Tcl 4-921] Waiver ID 'CDC-1' -to list should not be empty. [/home/miahafiz/NeuroRing_a_sudoku_v2/_x.hw.NUM_4096.CORE_10.FREQ_300/link/vivado/vpl/prj/prj.gen/my_rm/bd/ulp/ip/ulp_hmss_0_0/bd_0/ip/ip_3/smartconnect.xdc:5]
WARNING: [Vivado_Tcl 4-921] Waiver ID 'CDC-1' -to list should not be empty. [/home/miahafiz/NeuroRing_a_sudoku_v2/_x.hw.NUM_4096.CORE_10.FREQ_300/link/vivado/vpl/prj/prj.gen/my_rm/bd/ulp/ip/ulp_hmss_0_0/bd_0/ip/ip_3/smartconnect.xdc:6]
WARNING: [Vivado_Tcl 4-921] Waiver ID 'CDC-1' -to list should not be empty. [/home/miahafiz/NeuroRing_a_sudoku_v2/_x.hw.NUM_4096.CORE_10.FREQ_300/link/vivado/vpl/prj/prj.gen/my_rm/bd/ulp/ip/ulp_hmss_0_0/bd_0/ip/ip_3/smartconnect.xdc:7]
WARNING: [Vivado_Tcl 4-921] Waiver ID 'CDC-1' -to list should not be empty. [/home/miahafiz/NeuroRing_a_sudoku_v2/_x.hw.NUM_4096.CORE_10.FREQ_300/link/vivado/vpl/prj/prj.gen/my_rm/bd/ulp/ip/ulp_hmss_0_0/bd_0/ip/ip_3/smartconnect.xdc:8]
WARNING: [Vivado_Tcl 4-921] Waiver ID 'CDC-1' -to list should not be empty. [/home/miahafiz/NeuroRing_a_sudoku_v2/_x.hw.NUM_4096.CORE_10.FREQ_300/link/vivado/vpl/prj/prj.gen/my_rm/bd/ulp/ip/ulp_hmss_0_0/bd_0/ip/ip_3/smartconnect.xdc:9]
WARNING: [Vivado_Tcl 4-921] Waiver ID 'CDC-1' -to list should not be empty. [/home/miahafiz/NeuroRing_a_sudoku_v2/_x.hw.NUM_4096.CORE_10.FREQ_300/link/vivado/vpl/prj/prj.gen/my_rm/bd/ulp/ip/ulp_hmss_0_0/bd_0/ip/ip_3/smartconnect.xdc:10]
WARNING: [Vivado_Tcl 4-921] Waiver ID 'CDC-1' -to list should not be empty. [/home/miahafiz/NeuroRing_a_sudoku_v2/_x.hw.NUM_4096.CORE_10.FREQ_300/link/vivado/vpl/prj/prj.gen/my_rm/bd/ulp/ip/ulp_hmss_0_0/bd_0/ip/ip_3/smartconnect.xdc:11]
WARNING: [Vivado_Tcl 4-921] Waiver ID 'CDC-1' -to list should not be empty. [/home/miahafiz/NeuroRing_a_sudoku_v2/_x.hw.NUM_4096.CORE_10.FREQ_300/link/vivado/vpl/prj/prj.gen/my_rm/bd/ulp/ip/ulp_hmss_0_0/bd_0/ip/ip_3/smartconnect.xdc:12]
WARNING: [Vivado_Tcl 4-921] Waiver ID 'CDC-1' -to list should not be empty. [/home/miahafiz/NeuroRing_a_sudoku_v2/_x.hw.NUM_4096.CORE_10.FREQ_300/link/vivado/vpl/prj/prj.gen/my_rm/bd/ulp/ip/ulp_hmss_0_0/bd_0/ip/ip_3/smartconnect.xdc:13]
WARNING: [Vivado_Tcl 4-921] Waiver ID 'CDC-1' -to list should not be empty. [/home/miahafiz/NeuroRing_a_sudoku_v2/_x.hw.NUM_4096.CORE_10.FREQ_300/link/vivado/vpl/prj/prj.gen/my_rm/bd/ulp/ip/ulp_hmss_0_0/bd_0/ip/ip_3/smartconnect.xdc:14]
WARNING: [Vivado_Tcl 4-921] Waiver ID 'CDC-1' -to list should not be empty. [/home/miahafiz/NeuroRing_a_sudoku_v2/_x.hw.NUM_4096.CORE_10.FREQ_300/link/vivado/vpl/prj/prj.gen/my_rm/bd/ulp/ip/ulp_hmss_0_0/bd_0/ip/ip_3/smartconnect.xdc:15]
WARNING: [Vivado_Tcl 4-921] Waiver ID 'CDC-1' -to list should not be empty. [/home/miahafiz/NeuroRing_a_sudoku_v2/_x.hw.NUM_4096.CORE_10.FREQ_300/link/vivado/vpl/prj/prj.gen/my_rm/bd/ulp/ip/ulp_hmss_0_0/bd_0/ip/ip_3/smartconnect.xdc:16]
WARNING: [Vivado_Tcl 4-921] Waiver ID 'CDC-1' -to list should not be empty. [/home/miahafiz/NeuroRing_a_sudoku_v2/_x.hw.NUM_4096.CORE_10.FREQ_300/link/vivado/vpl/prj/prj.gen/my_rm/bd/ulp/ip/ulp_hmss_0_0/bd_0/ip/ip_3/smartconnect.xdc:17]
WARNING: [Vivado_Tcl 4-921] Waiver ID 'CDC-1' -to list should not be empty. [/home/miahafiz/NeuroRing_a_sudoku_v2/_x.hw.NUM_4096.CORE_10.FREQ_300/link/vivado/vpl/prj/prj.gen/my_rm/bd/ulp/ip/ulp_hmss_0_0/bd_0/ip/ip_3/smartconnect.xdc:19]
WARNING: [Vivado_Tcl 4-921] Waiver ID 'CDC-1' -to list should not be empty. [/home/miahafiz/NeuroRing_a_sudoku_v2/_x.hw.NUM_4096.CORE_10.FREQ_300/link/vivado/vpl/prj/prj.gen/my_rm/bd/ulp/ip/ulp_hmss_0_0/bd_0/ip/ip_3/smartconnect.xdc:20]
WARNING: [Vivado_Tcl 4-921] Waiver ID 'CDC-1' -to list should not be empty. [/home/miahafiz/NeuroRing_a_sudoku_v2/_x.hw.NUM_4096.CORE_10.FREQ_300/link/vivado/vpl/prj/prj.gen/my_rm/bd/ulp/ip/ulp_hmss_0_0/bd_0/ip/ip_3/smartconnect.xdc:21]
WARNING: [Vivado_Tcl 4-921] Waiver ID 'CDC-1' -to list should not be empty. [/home/miahafiz/NeuroRing_a_sudoku_v2/_x.hw.NUM_4096.CORE_10.FREQ_300/link/vivado/vpl/prj/prj.gen/my_rm/bd/ulp/ip/ulp_hmss_0_0/bd_0/ip/ip_3/smartconnect.xdc:22]
WARNING: [Vivado_Tcl 4-921] Waiver ID 'CDC-1' -to list should not be empty. [/home/miahafiz/NeuroRing_a_sudoku_v2/_x.hw.NUM_4096.CORE_10.FREQ_300/link/vivado/vpl/prj/prj.gen/my_rm/bd/ulp/ip/ulp_hmss_0_0/bd_0/ip/ip_3/smartconnect.xdc:23]
WARNING: [Vivado_Tcl 4-921] Waiver ID 'CDC-1' -to list should not be empty. [/home/miahafiz/NeuroRing_a_sudoku_v2/_x.hw.NUM_4096.CORE_10.FREQ_300/link/vivado/vpl/prj/prj.gen/my_rm/bd/ulp/ip/ulp_hmss_0_0/bd_0/ip/ip_3/smartconnect.xdc:24]
WARNING: [Vivado_Tcl 4-921] Waiver ID 'CDC-1' -to list should not be empty. [/home/miahafiz/NeuroRing_a_sudoku_v2/_x.hw.NUM_4096.CORE_10.FREQ_300/link/vivado/vpl/prj/prj.gen/my_rm/bd/ulp/ip/ulp_hmss_0_0/bd_0/ip/ip_3/smartconnect.xdc:25]
WARNING: [Vivado_Tcl 4-921] Waiver ID 'CDC-1' -to list should not be empty. [/home/miahafiz/NeuroRing_a_sudoku_v2/_x.hw.NUM_4096.CORE_10.FREQ_300/link/vivado/vpl/prj/prj.gen/my_rm/bd/ulp/ip/ulp_hmss_0_0/bd_0/ip/ip_3/smartconnect.xdc:26]
WARNING: [Vivado_Tcl 4-921] Waiver ID 'CDC-1' -to list should not be empty. [/home/miahafiz/NeuroRing_a_sudoku_v2/_x.hw.NUM_4096.CORE_10.FREQ_300/link/vivado/vpl/prj/prj.gen/my_rm/bd/ulp/ip/ulp_hmss_0_0/bd_0/ip/ip_3/smartconnect.xdc:27]
WARNING: [Vivado_Tcl 4-921] Waiver ID 'CDC-1' -to list should not be empty. [/home/miahafiz/NeuroRing_a_sudoku_v2/_x.hw.NUM_4096.CORE_10.FREQ_300/link/vivado/vpl/prj/prj.gen/my_rm/bd/ulp/ip/ulp_hmss_0_0/bd_0/ip/ip_3/smartconnect.xdc:28]
WARNING: [Vivado_Tcl 4-921] Waiver ID 'CDC-1' -to list should not be empty. [/home/miahafiz/NeuroRing_a_sudoku_v2/_x.hw.NUM_4096.CORE_10.FREQ_300/link/vivado/vpl/prj/prj.gen/my_rm/bd/ulp/ip/ulp_hmss_0_0/bd_0/ip/ip_3/smartconnect.xdc:29]
WARNING: [Vivado_Tcl 4-921] Waiver ID 'CDC-1' -to list should not be empty. [/home/miahafiz/NeuroRing_a_sudoku_v2/_x.hw.NUM_4096.CORE_10.FREQ_300/link/vivado/vpl/prj/prj.gen/my_rm/bd/ulp/ip/ulp_hmss_0_0/bd_0/ip/ip_3/smartconnect.xdc:31]
WARNING: [Vivado_Tcl 4-921] Waiver ID 'CDC-1' -to list should not be empty. [/home/miahafiz/NeuroRing_a_sudoku_v2/_x.hw.NUM_4096.CORE_10.FREQ_300/link/vivado/vpl/prj/prj.gen/my_rm/bd/ulp/ip/ulp_hmss_0_0/bd_0/ip/ip_3/smartconnect.xdc:33]
WARNING: [Vivado_Tcl 4-921] Waiver ID 'CDC-1' -to list should not be empty. [/home/miahafiz/NeuroRing_a_sudoku_v2/_x.hw.NUM_4096.CORE_10.FREQ_300/link/vivado/vpl/prj/prj.gen/my_rm/bd/ulp/ip/ulp_hmss_0_0/bd_0/ip/ip_3/smartconnect.xdc:34]
WARNING: [Vivado_Tcl 4-921] Waiver ID 'CDC-1' -to list should not be empty. [/home/miahafiz/NeuroRing_a_sudoku_v2/_x.hw.NUM_4096.CORE_10.FREQ_300/link/vivado/vpl/prj/prj.gen/my_rm/bd/ulp/ip/ulp_hmss_0_0/bd_0/ip/ip_3/smartconnect.xdc:35]
WARNING: [Vivado_Tcl 4-921] Waiver ID 'CDC-1' -to list should not be empty. [/home/miahafiz/NeuroRing_a_sudoku_v2/_x.hw.NUM_4096.CORE_10.FREQ_300/link/vivado/vpl/prj/prj.gen/my_rm/bd/ulp/ip/ulp_hmss_0_0/bd_0/ip/ip_3/smartconnect.xdc:36]
WARNING: [Vivado_Tcl 4-921] Waiver ID 'CDC-1' -to list should not be empty. [/home/miahafiz/NeuroRing_a_sudoku_v2/_x.hw.NUM_4096.CORE_10.FREQ_300/link/vivado/vpl/prj/prj.gen/my_rm/bd/ulp/ip/ulp_hmss_0_0/bd_0/ip/ip_3/smartconnect.xdc:37]
WARNING: [Vivado_Tcl 4-921] Waiver ID 'CDC-1' -to list should not be empty. [/home/miahafiz/NeuroRing_a_sudoku_v2/_x.hw.NUM_4096.CORE_10.FREQ_300/link/vivado/vpl/prj/prj.gen/my_rm/bd/ulp/ip/ulp_hmss_0_0/bd_0/ip/ip_3/smartconnect.xdc:38]
WARNING: [Vivado_Tcl 4-921] Waiver ID 'CDC-1' -to list should not be empty. [/home/miahafiz/NeuroRing_a_sudoku_v2/_x.hw.NUM_4096.CORE_10.FREQ_300/link/vivado/vpl/prj/prj.gen/my_rm/bd/ulp/ip/ulp_hmss_0_0/bd_0/ip/ip_3/smartconnect.xdc:39]
WARNING: [Vivado_Tcl 4-921] Waiver ID 'CDC-1' -to list should not be empty. [/home/miahafiz/NeuroRing_a_sudoku_v2/_x.hw.NUM_4096.CORE_10.FREQ_300/link/vivado/vpl/prj/prj.gen/my_rm/bd/ulp/ip/ulp_hmss_0_0/bd_0/ip/ip_3/smartconnect.xdc:40]
WARNING: [Vivado_Tcl 4-921] Waiver ID 'CDC-1' -to list should not be empty. [/home/miahafiz/NeuroRing_a_sudoku_v2/_x.hw.NUM_4096.CORE_10.FREQ_300/link/vivado/vpl/prj/prj.gen/my_rm/bd/ulp/ip/ulp_hmss_0_0/bd_0/ip/ip_3/smartconnect.xdc:41]
WARNING: [Vivado_Tcl 4-921] Waiver ID 'CDC-2' -to list should not be empty. [/home/miahafiz/NeuroRing_a_sudoku_v2/_x.hw.NUM_4096.CORE_10.FREQ_300/link/vivado/vpl/prj/prj.gen/my_rm/bd/ulp/ip/ulp_hmss_0_0/bd_0/ip/ip_3/smartconnect.xdc:42]
WARNING: [Vivado_Tcl 4-921] Waiver ID 'CDC-2' -to list should not be empty. [/home/miahafiz/NeuroRing_a_sudoku_v2/_x.hw.NUM_4096.CORE_10.FREQ_300/link/vivado/vpl/prj/prj.gen/my_rm/bd/ulp/ip/ulp_hmss_0_0/bd_0/ip/ip_3/smartconnect.xdc:43]
WARNING: [Vivado_Tcl 4-921] Waiver ID 'CDC-2' -to list should not be empty. [/home/miahafiz/NeuroRing_a_sudoku_v2/_x.hw.NUM_4096.CORE_10.FREQ_300/link/vivado/vpl/prj/prj.gen/my_rm/bd/ulp/ip/ulp_hmss_0_0/bd_0/ip/ip_3/smartconnect.xdc:44]
WARNING: [Vivado_Tcl 4-921] Waiver ID 'CDC-10' -to list should not be empty. [/home/miahafiz/NeuroRing_a_sudoku_v2/_x.hw.NUM_4096.CORE_10.FREQ_300/link/vivado/vpl/prj/prj.gen/my_rm/bd/ulp/ip/ulp_hmss_0_0/bd_0/ip/ip_3/smartconnect.xdc:45]
WARNING: [Vivado_Tcl 4-921] Waiver ID 'CDC-10' -to list should not be empty. [/home/miahafiz/NeuroRing_a_sudoku_v2/_x.hw.NUM_4096.CORE_10.FREQ_300/link/vivado/vpl/prj/prj.gen/my_rm/bd/ulp/ip/ulp_hmss_0_0/bd_0/ip/ip_3/smartconnect.xdc:46]
WARNING: [Vivado_Tcl 4-921] Waiver ID 'CDC-10' -to list should not be empty. [/home/miahafiz/NeuroRing_a_sudoku_v2/_x.hw.NUM_4096.CORE_10.FREQ_300/link/vivado/vpl/prj/prj.gen/my_rm/bd/ulp/ip/ulp_hmss_0_0/bd_0/ip/ip_3/smartconnect.xdc:47]
WARNING: [Vivado_Tcl 4-921] Waiver ID 'CDC-4' -to list should not be empty. [/home/miahafiz/NeuroRing_a_sudoku_v2/_x.hw.NUM_4096.CORE_10.FREQ_300/link/vivado/vpl/prj/prj.gen/my_rm/bd/ulp/ip/ulp_hmss_0_0/bd_0/ip/ip_3/smartconnect.xdc:48]
WARNING: [Vivado_Tcl 4-921] Waiver ID 'CDC-4' -to list should not be empty. [/home/miahafiz/NeuroRing_a_sudoku_v2/_x.hw.NUM_4096.CORE_10.FREQ_300/link/vivado/vpl/prj/prj.gen/my_rm/bd/ulp/ip/ulp_hmss_0_0/bd_0/ip/ip_3/smartconnect.xdc:49]
WARNING: [Vivado_Tcl 4-921] Waiver ID 'CDC-4' -to list should not be empty. [/home/miahafiz/NeuroRing_a_sudoku_v2/_x.hw.NUM_4096.CORE_10.FREQ_300/link/vivado/vpl/prj/prj.gen/my_rm/bd/ulp/ip/ulp_hmss_0_0/bd_0/ip/ip_3/smartconnect.xdc:50]
WARNING: [Vivado_Tcl 4-921] Waiver ID 'CDC-13' -to list should not be empty. [/home/miahafiz/NeuroRing_a_sudoku_v2/_x.hw.NUM_4096.CORE_10.FREQ_300/link/vivado/vpl/prj/prj.gen/my_rm/bd/ulp/ip/ulp_hmss_0_0/bd_0/ip/ip_3/smartconnect.xdc:51]
WARNING: [Vivado_Tcl 4-921] Waiver ID 'CDC-13' -to list should not be empty. [/home/miahafiz/NeuroRing_a_sudoku_v2/_x.hw.NUM_4096.CORE_10.FREQ_300/link/vivado/vpl/prj/prj.gen/my_rm/bd/ulp/ip/ulp_hmss_0_0/bd_0/ip/ip_3/smartconnect.xdc:52]
WARNING: [Vivado_Tcl 4-919] Waiver ID 'CDC-1' -from list should not be empty. [/home/miahafiz/NeuroRing_a_sudoku_v2/_x.hw.NUM_4096.CORE_10.FREQ_300/link/vivado/vpl/prj/prj.gen/my_rm/bd/ulp/ip/ulp_hmss_0_0/bd_0/ip/ip_3/smartconnect.xdc:53]
WARNING: [Vivado_Tcl 4-919] Waiver ID 'CDC-13' -from list should not be empty. [/home/miahafiz/NeuroRing_a_sudoku_v2/_x.hw.NUM_4096.CORE_10.FREQ_300/link/vivado/vpl/prj/prj.gen/my_rm/bd/ulp/ip/ulp_hmss_0_0/bd_0/ip/ip_3/smartconnect.xdc:54]
WARNING: [Vivado_Tcl 4-921] Waiver ID 'CDC-10' -to list should not be empty. [/home/miahafiz/NeuroRing_a_sudoku_v2/_x.hw.NUM_4096.CORE_10.FREQ_300/link/vivado/vpl/prj/prj.gen/my_rm/bd/ulp/ip/ulp_hmss_0_0/bd_0/ip/ip_3/smartconnect.xdc:55]
WARNING: [Vivado_Tcl 4-921] Waiver ID 'CDC-11' -to list should not be empty. [/home/miahafiz/NeuroRing_a_sudoku_v2/_x.hw.NUM_4096.CORE_10.FREQ_300/link/vivado/vpl/prj/prj.gen/my_rm/bd/ulp/ip/ulp_hmss_0_0/bd_0/ip/ip_3/smartconnect.xdc:56]
WARNING: [Vivado_Tcl 4-921] Waiver ID 'CDC-2' -to list should not be empty. [/home/miahafiz/NeuroRing_a_sudoku_v2/_x.hw.NUM_4096.CORE_10.FREQ_300/link/vivado/vpl/prj/prj.gen/my_rm/bd/ulp/ip/ulp_hmss_0_0/bd_0/ip/ip_3/smartconnect.xdc:57]
Finished Parsing XDC File [/home/miahafiz/NeuroRing_a_sudoku_v2/_x.hw.NUM_4096.CORE_10.FREQ_300/link/vivado/vpl/prj/prj.gen/my_rm/bd/ulp/ip/ulp_hmss_0_0/bd_0/ip/ip_3/smartconnect.xdc] for cell 'level0_i/ulp/hmss_0/inst/path_0/interconnect1_0/inst'
Parsing XDC File [/home/miahafiz/NeuroRing_a_sudoku_v2/_x.hw.NUM_4096.CORE_10.FREQ_300/link/vivado/vpl/prj/prj.gen/my_rm/bd/ulp/ip/ulp_hmss_0_0/bd_2/ip/ip_1/bd_bac8_psr0_0_board.xdc] for cell 'level0_i/ulp/hmss_0/inst/path_1/interconnect0_1/inst/clk_map/psr0/U0'
Finished Parsing XDC File [/home/miahafiz/NeuroRing_a_sudoku_v2/_x.hw.NUM_4096.CORE_10.FREQ_300/link/vivado/vpl/prj/prj.gen/my_rm/bd/ulp/ip/ulp_hmss_0_0/bd_2/ip/ip_1/bd_bac8_psr0_0_board.xdc] for cell 'level0_i/ulp/hmss_0/inst/path_1/interconnect0_1/inst/clk_map/psr0/U0'
Parsing XDC File [/home/miahafiz/NeuroRing_a_sudoku_v2/_x.hw.NUM_4096.CORE_10.FREQ_300/link/vivado/vpl/prj/prj.gen/my_rm/bd/ulp/ip/ulp_hmss_0_0/bd_2/ip/ip_2/bd_bac8_psr_aclk_0_board.xdc] for cell 'level0_i/ulp/hmss_0/inst/path_1/interconnect0_1/inst/clk_map/psr_aclk/U0'
Finished Parsing XDC File [/home/miahafiz/NeuroRing_a_sudoku_v2/_x.hw.NUM_4096.CORE_10.FREQ_300/link/vivado/vpl/prj/prj.gen/my_rm/bd/ulp/ip/ulp_hmss_0_0/bd_2/ip/ip_2/bd_bac8_psr_aclk_0_board.xdc] for cell 'level0_i/ulp/hmss_0/inst/path_1/interconnect0_1/inst/clk_map/psr_aclk/U0'
Parsing XDC File [/home/miahafiz/NeuroRing_a_sudoku_v2/_x.hw.NUM_4096.CORE_10.FREQ_300/link/vivado/vpl/prj/prj.gen/my_rm/bd/ulp/ip/ulp_hmss_0_0/bd_2/ip/ip_3/bd_bac8_psr_aclk1_0_board.xdc] for cell 'level0_i/ulp/hmss_0/inst/path_1/interconnect0_1/inst/clk_map/psr_aclk1/U0'
Finished Parsing XDC File [/home/miahafiz/NeuroRing_a_sudoku_v2/_x.hw.NUM_4096.CORE_10.FREQ_300/link/vivado/vpl/prj/prj.gen/my_rm/bd/ulp/ip/ulp_hmss_0_0/bd_2/ip/ip_3/bd_bac8_psr_aclk1_0_board.xdc] for cell 'level0_i/ulp/hmss_0/inst/path_1/interconnect0_1/inst/clk_map/psr_aclk1/U0'
Parsing XDC File [/home/miahafiz/NeuroRing_a_sudoku_v2/_x.hw.NUM_4096.CORE_10.FREQ_300/link/vivado/vpl/prj/prj.gen/my_rm/bd/ulp/ip/ulp_hmss_0_0/bd_0/ip/ip_6/smartconnect.xdc] for cell 'level0_i/ulp/hmss_0/inst/path_1/interconnect0_1/inst'
WARNING: [Vivado_Tcl 4-919] Waiver ID 'CDC-1' -from list should not be empty. [/home/miahafiz/NeuroRing_a_sudoku_v2/_x.hw.NUM_4096.CORE_10.FREQ_300/link/vivado/vpl/prj/prj.gen/my_rm/bd/ulp/ip/ulp_hmss_0_0/bd_0/ip/ip_6/smartconnect.xdc:3]
WARNING: [Vivado_Tcl 4-921] Waiver ID 'CDC-1' -to list should not be empty. [/home/miahafiz/NeuroRing_a_sudoku_v2/_x.hw.NUM_4096.CORE_10.FREQ_300/link/vivado/vpl/prj/prj.gen/my_rm/bd/ulp/ip/ulp_hmss_0_0/bd_0/ip/ip_6/smartconnect.xdc:4]
WARNING: [Vivado_Tcl 4-921] Waiver ID 'CDC-1' -to list should not be empty. [/home/miahafiz/NeuroRing_a_sudoku_v2/_x.hw.NUM_4096.CORE_10.FREQ_300/link/vivado/vpl/prj/prj.gen/my_rm/bd/ulp/ip/ulp_hmss_0_0/bd_0/ip/ip_6/smartconnect.xdc:5]
WARNING: [Vivado_Tcl 4-921] Waiver ID 'CDC-1' -to list should not be empty. [/home/miahafiz/NeuroRing_a_sudoku_v2/_x.hw.NUM_4096.CORE_10.FREQ_300/link/vivado/vpl/prj/prj.gen/my_rm/bd/ulp/ip/ulp_hmss_0_0/bd_0/ip/ip_6/smartconnect.xdc:6]
WARNING: [Vivado_Tcl 4-921] Waiver ID 'CDC-1' -to list should not be empty. [/home/miahafiz/NeuroRing_a_sudoku_v2/_x.hw.NUM_4096.CORE_10.FREQ_300/link/vivado/vpl/prj/prj.gen/my_rm/bd/ulp/ip/ulp_hmss_0_0/bd_0/ip/ip_6/smartconnect.xdc:7]
WARNING: [Vivado_Tcl 4-921] Waiver ID 'CDC-1' -to list should not be empty. [/home/miahafiz/NeuroRing_a_sudoku_v2/_x.hw.NUM_4096.CORE_10.FREQ_300/link/vivado/vpl/prj/prj.gen/my_rm/bd/ulp/ip/ulp_hmss_0_0/bd_0/ip/ip_6/smartconnect.xdc:8]
WARNING: [Vivado_Tcl 4-921] Waiver ID 'CDC-1' -to list should not be empty. [/home/miahafiz/NeuroRing_a_sudoku_v2/_x.hw.NUM_4096.CORE_10.FREQ_300/link/vivado/vpl/prj/prj.gen/my_rm/bd/ulp/ip/ulp_hmss_0_0/bd_0/ip/ip_6/smartconnect.xdc:9]
WARNING: [Vivado_Tcl 4-921] Waiver ID 'CDC-1' -to list should not be empty. [/home/miahafiz/NeuroRing_a_sudoku_v2/_x.hw.NUM_4096.CORE_10.FREQ_300/link/vivado/vpl/prj/prj.gen/my_rm/bd/ulp/ip/ulp_hmss_0_0/bd_0/ip/ip_6/smartconnect.xdc:10]
WARNING: [Vivado_Tcl 4-921] Waiver ID 'CDC-1' -to list should not be empty. [/home/miahafiz/NeuroRing_a_sudoku_v2/_x.hw.NUM_4096.CORE_10.FREQ_300/link/vivado/vpl/prj/prj.gen/my_rm/bd/ulp/ip/ulp_hmss_0_0/bd_0/ip/ip_6/smartconnect.xdc:11]
WARNING: [Vivado_Tcl 4-921] Waiver ID 'CDC-1' -to list should not be empty. [/home/miahafiz/NeuroRing_a_sudoku_v2/_x.hw.NUM_4096.CORE_10.FREQ_300/link/vivado/vpl/prj/prj.gen/my_rm/bd/ulp/ip/ulp_hmss_0_0/bd_0/ip/ip_6/smartconnect.xdc:12]
WARNING: [Vivado_Tcl 4-921] Waiver ID 'CDC-1' -to list should not be empty. [/home/miahafiz/NeuroRing_a_sudoku_v2/_x.hw.NUM_4096.CORE_10.FREQ_300/link/vivado/vpl/prj/prj.gen/my_rm/bd/ulp/ip/ulp_hmss_0_0/bd_0/ip/ip_6/smartconnect.xdc:13]
WARNING: [Vivado_Tcl 4-921] Waiver ID 'CDC-1' -to list should not be empty. [/home/miahafiz/NeuroRing_a_sudoku_v2/_x.hw.NUM_4096.CORE_10.FREQ_300/link/vivado/vpl/prj/prj.gen/my_rm/bd/ulp/ip/ulp_hmss_0_0/bd_0/ip/ip_6/smartconnect.xdc:14]
WARNING: [Vivado_Tcl 4-921] Waiver ID 'CDC-1' -to list should not be empty. [/home/miahafiz/NeuroRing_a_sudoku_v2/_x.hw.NUM_4096.CORE_10.FREQ_300/link/vivado/vpl/prj/prj.gen/my_rm/bd/ulp/ip/ulp_hmss_0_0/bd_0/ip/ip_6/smartconnect.xdc:15]
WARNING: [Vivado_Tcl 4-921] Waiver ID 'CDC-1' -to list should not be empty. [/home/miahafiz/NeuroRing_a_sudoku_v2/_x.hw.NUM_4096.CORE_10.FREQ_300/link/vivado/vpl/prj/prj.gen/my_rm/bd/ulp/ip/ulp_hmss_0_0/bd_0/ip/ip_6/smartconnect.xdc:16]
WARNING: [Vivado_Tcl 4-921] Waiver ID 'CDC-1' -to list should not be empty. [/home/miahafiz/NeuroRing_a_sudoku_v2/_x.hw.NUM_4096.CORE_10.FREQ_300/link/vivado/vpl/prj/prj.gen/my_rm/bd/ulp/ip/ulp_hmss_0_0/bd_0/ip/ip_6/smartconnect.xdc:17]
WARNING: [Vivado_Tcl 4-921] Waiver ID 'CDC-1' -to list should not be empty. [/home/miahafiz/NeuroRing_a_sudoku_v2/_x.hw.NUM_4096.CORE_10.FREQ_300/link/vivado/vpl/prj/prj.gen/my_rm/bd/ulp/ip/ulp_hmss_0_0/bd_0/ip/ip_6/smartconnect.xdc:19]
WARNING: [Vivado_Tcl 4-921] Waiver ID 'CDC-1' -to list should not be empty. [/home/miahafiz/NeuroRing_a_sudoku_v2/_x.hw.NUM_4096.CORE_10.FREQ_300/link/vivado/vpl/prj/prj.gen/my_rm/bd/ulp/ip/ulp_hmss_0_0/bd_0/ip/ip_6/smartconnect.xdc:20]
WARNING: [Vivado_Tcl 4-921] Waiver ID 'CDC-1' -to list should not be empty. [/home/miahafiz/NeuroRing_a_sudoku_v2/_x.hw.NUM_4096.CORE_10.FREQ_300/link/vivado/vpl/prj/prj.gen/my_rm/bd/ulp/ip/ulp_hmss_0_0/bd_0/ip/ip_6/smartconnect.xdc:21]
WARNING: [Vivado_Tcl 4-921] Waiver ID 'CDC-1' -to list should not be empty. [/home/miahafiz/NeuroRing_a_sudoku_v2/_x.hw.NUM_4096.CORE_10.FREQ_300/link/vivado/vpl/prj/prj.gen/my_rm/bd/ulp/ip/ulp_hmss_0_0/bd_0/ip/ip_6/smartconnect.xdc:23]
WARNING: [Vivado_Tcl 4-921] Waiver ID 'CDC-1' -to list should not be empty. [/home/miahafiz/NeuroRing_a_sudoku_v2/_x.hw.NUM_4096.CORE_10.FREQ_300/link/vivado/vpl/prj/prj.gen/my_rm/bd/ulp/ip/ulp_hmss_0_0/bd_0/ip/ip_6/smartconnect.xdc:24]
WARNING: [Vivado_Tcl 4-921] Waiver ID 'CDC-1' -to list should not be empty. [/home/miahafiz/NeuroRing_a_sudoku_v2/_x.hw.NUM_4096.CORE_10.FREQ_300/link/vivado/vpl/prj/prj.gen/my_rm/bd/ulp/ip/ulp_hmss_0_0/bd_0/ip/ip_6/smartconnect.xdc:25]
WARNING: [Vivado_Tcl 4-921] Waiver ID 'CDC-1' -to list should not be empty. [/home/miahafiz/NeuroRing_a_sudoku_v2/_x.hw.NUM_4096.CORE_10.FREQ_300/link/vivado/vpl/prj/prj.gen/my_rm/bd/ulp/ip/ulp_hmss_0_0/bd_0/ip/ip_6/smartconnect.xdc:26]
WARNING: [Vivado_Tcl 4-921] Waiver ID 'CDC-1' -to list should not be empty. [/home/miahafiz/NeuroRing_a_sudoku_v2/_x.hw.NUM_4096.CORE_10.FREQ_300/link/vivado/vpl/prj/prj.gen/my_rm/bd/ulp/ip/ulp_hmss_0_0/bd_0/ip/ip_6/smartconnect.xdc:27]
WARNING: [Vivado_Tcl 4-921] Waiver ID 'CDC-1' -to list should not be empty. [/home/miahafiz/NeuroRing_a_sudoku_v2/_x.hw.NUM_4096.CORE_10.FREQ_300/link/vivado/vpl/prj/prj.gen/my_rm/bd/ulp/ip/ulp_hmss_0_0/bd_0/ip/ip_6/smartconnect.xdc:28]
WARNING: [Vivado_Tcl 4-921] Waiver ID 'CDC-1' -to list should not be empty. [/home/miahafiz/NeuroRing_a_sudoku_v2/_x.hw.NUM_4096.CORE_10.FREQ_300/link/vivado/vpl/prj/prj.gen/my_rm/bd/ulp/ip/ulp_hmss_0_0/bd_0/ip/ip_6/smartconnect.xdc:29]
WARNING: [Vivado_Tcl 4-921] Waiver ID 'CDC-1' -to list should not be empty. [/home/miahafiz/NeuroRing_a_sudoku_v2/_x.hw.NUM_4096.CORE_10.FREQ_300/link/vivado/vpl/prj/prj.gen/my_rm/bd/ulp/ip/ulp_hmss_0_0/bd_0/ip/ip_6/smartconnect.xdc:31]
WARNING: [Vivado_Tcl 4-921] Waiver ID 'CDC-1' -to list should not be empty. [/home/miahafiz/NeuroRing_a_sudoku_v2/_x.hw.NUM_4096.CORE_10.FREQ_300/link/vivado/vpl/prj/prj.gen/my_rm/bd/ulp/ip/ulp_hmss_0_0/bd_0/ip/ip_6/smartconnect.xdc:33]
INFO: [Common 17-14] Message 'Vivado 12-180' appears 100 times and further instances of the messages will be disabled. [Vivado 12-180:100]
WARNING: [Vivado_Tcl 4-921] Waiver ID 'CDC-1' -to list should not be empty. [/home/miahafiz/NeuroRing_a_sudoku_v2/_x.hw.NUM_4096.CORE_10.FREQ_300/link/vivado/vpl/prj/prj.gen/my_rm/bd/ulp/ip/ulp_hmss_0_0/bd_0/ip/ip_6/smartconnect.xdc:34]
WARNING: [Vivado_Tcl 4-921] Waiver ID 'CDC-1' -to list should not be empty. [/home/miahafiz/NeuroRing_a_sudoku_v2/_x.hw.NUM_4096.CORE_10.FREQ_300/link/vivado/vpl/prj/prj.gen/my_rm/bd/ulp/ip/ulp_hmss_0_0/bd_0/ip/ip_6/smartconnect.xdc:36]
WARNING: [Vivado_Tcl 4-921] Waiver ID 'CDC-1' -to list should not be empty. [/home/miahafiz/NeuroRing_a_sudoku_v2/_x.hw.NUM_4096.CORE_10.FREQ_300/link/vivado/vpl/prj/prj.gen/my_rm/bd/ulp/ip/ulp_hmss_0_0/bd_0/ip/ip_6/smartconnect.xdc:40]
WARNING: [Vivado_Tcl 4-921] Waiver ID 'CDC-1' -to list should not be empty. [/home/miahafiz/NeuroRing_a_sudoku_v2/_x.hw.NUM_4096.CORE_10.FREQ_300/link/vivado/vpl/prj/prj.gen/my_rm/bd/ulp/ip/ulp_hmss_0_0/bd_0/ip/ip_6/smartconnect.xdc:41]
WARNING: [Vivado_Tcl 4-921] Waiver ID 'CDC-2' -to list should not be empty. [/home/miahafiz/NeuroRing_a_sudoku_v2/_x.hw.NUM_4096.CORE_10.FREQ_300/link/vivado/vpl/prj/prj.gen/my_rm/bd/ulp/ip/ulp_hmss_0_0/bd_0/ip/ip_6/smartconnect.xdc:42]
WARNING: [Vivado_Tcl 4-921] Waiver ID 'CDC-2' -to list should not be empty. [/home/miahafiz/NeuroRing_a_sudoku_v2/_x.hw.NUM_4096.CORE_10.FREQ_300/link/vivado/vpl/prj/prj.gen/my_rm/bd/ulp/ip/ulp_hmss_0_0/bd_0/ip/ip_6/smartconnect.xdc:43]
WARNING: [Vivado_Tcl 4-921] Waiver ID 'CDC-2' -to list should not be empty. [/home/miahafiz/NeuroRing_a_sudoku_v2/_x.hw.NUM_4096.CORE_10.FREQ_300/link/vivado/vpl/prj/prj.gen/my_rm/bd/ulp/ip/ulp_hmss_0_0/bd_0/ip/ip_6/smartconnect.xdc:44]
WARNING: [Vivado_Tcl 4-921] Waiver ID 'CDC-10' -to list should not be empty. [/home/miahafiz/NeuroRing_a_sudoku_v2/_x.hw.NUM_4096.CORE_10.FREQ_300/link/vivado/vpl/prj/prj.gen/my_rm/bd/ulp/ip/ulp_hmss_0_0/bd_0/ip/ip_6/smartconnect.xdc:45]
WARNING: [Vivado_Tcl 4-921] Waiver ID 'CDC-10' -to list should not be empty. [/home/miahafiz/NeuroRing_a_sudoku_v2/_x.hw.NUM_4096.CORE_10.FREQ_300/link/vivado/vpl/prj/prj.gen/my_rm/bd/ulp/ip/ulp_hmss_0_0/bd_0/ip/ip_6/smartconnect.xdc:46]
WARNING: [Vivado_Tcl 4-921] Waiver ID 'CDC-10' -to list should not be empty. [/home/miahafiz/NeuroRing_a_sudoku_v2/_x.hw.NUM_4096.CORE_10.FREQ_300/link/vivado/vpl/prj/prj.gen/my_rm/bd/ulp/ip/ulp_hmss_0_0/bd_0/ip/ip_6/smartconnect.xdc:47]
WARNING: [Vivado_Tcl 4-921] Waiver ID 'CDC-4' -to list should not be empty. [/home/miahafiz/NeuroRing_a_sudoku_v2/_x.hw.NUM_4096.CORE_10.FREQ_300/link/vivado/vpl/prj/prj.gen/my_rm/bd/ulp/ip/ulp_hmss_0_0/bd_0/ip/ip_6/smartconnect.xdc:48]
WARNING: [Vivado_Tcl 4-921] Waiver ID 'CDC-4' -to list should not be empty. [/home/miahafiz/NeuroRing_a_sudoku_v2/_x.hw.NUM_4096.CORE_10.FREQ_300/link/vivado/vpl/prj/prj.gen/my_rm/bd/ulp/ip/ulp_hmss_0_0/bd_0/ip/ip_6/smartconnect.xdc:49]
WARNING: [Vivado_Tcl 4-921] Waiver ID 'CDC-4' -to list should not be empty. [/home/miahafiz/NeuroRing_a_sudoku_v2/_x.hw.NUM_4096.CORE_10.FREQ_300/link/vivado/vpl/prj/prj.gen/my_rm/bd/ulp/ip/ulp_hmss_0_0/bd_0/ip/ip_6/smartconnect.xdc:50]
WARNING: [Vivado_Tcl 4-921] Waiver ID 'CDC-13' -to list should not be empty. [/home/miahafiz/NeuroRing_a_sudoku_v2/_x.hw.NUM_4096.CORE_10.FREQ_300/link/vivado/vpl/prj/prj.gen/my_rm/bd/ulp/ip/ulp_hmss_0_0/bd_0/ip/ip_6/smartconnect.xdc:51]
WARNING: [Vivado_Tcl 4-921] Waiver ID 'CDC-13' -to list should not be empty. [/home/miahafiz/NeuroRing_a_sudoku_v2/_x.hw.NUM_4096.CORE_10.FREQ_300/link/vivado/vpl/prj/prj.gen/my_rm/bd/ulp/ip/ulp_hmss_0_0/bd_0/ip/ip_6/smartconnect.xdc:52]
WARNING: [Vivado_Tcl 4-919] Waiver ID 'CDC-1' -from list should not be empty. [/home/miahafiz/NeuroRing_a_sudoku_v2/_x.hw.NUM_4096.CORE_10.FREQ_300/link/vivado/vpl/prj/prj.gen/my_rm/bd/ulp/ip/ulp_hmss_0_0/bd_0/ip/ip_6/smartconnect.xdc:53]
WARNING: [Vivado_Tcl 4-919] Waiver ID 'CDC-13' -from list should not be empty. [/home/miahafiz/NeuroRing_a_sudoku_v2/_x.hw.NUM_4096.CORE_10.FREQ_300/link/vivado/vpl/prj/prj.gen/my_rm/bd/ulp/ip/ulp_hmss_0_0/bd_0/ip/ip_6/smartconnect.xdc:54]
WARNING: [Vivado_Tcl 4-921] Waiver ID 'CDC-10' -to list should not be empty. [/home/miahafiz/NeuroRing_a_sudoku_v2/_x.hw.NUM_4096.CORE_10.FREQ_300/link/vivado/vpl/prj/prj.gen/my_rm/bd/ulp/ip/ulp_hmss_0_0/bd_0/ip/ip_6/smartconnect.xdc:55]
WARNING: [Vivado_Tcl 4-921] Waiver ID 'CDC-11' -to list should not be empty. [/home/miahafiz/NeuroRing_a_sudoku_v2/_x.hw.NUM_4096.CORE_10.FREQ_300/link/vivado/vpl/prj/prj.gen/my_rm/bd/ulp/ip/ulp_hmss_0_0/bd_0/ip/ip_6/smartconnect.xdc:56]
WARNING: [Vivado_Tcl 4-921] Waiver ID 'CDC-2' -to list should not be empty. [/home/miahafiz/NeuroRing_a_sudoku_v2/_x.hw.NUM_4096.CORE_10.FREQ_300/link/vivado/vpl/prj/prj.gen/my_rm/bd/ulp/ip/ulp_hmss_0_0/bd_0/ip/ip_6/smartconnect.xdc:57]
Finished Parsing XDC File [/home/miahafiz/NeuroRing_a_sudoku_v2/_x.hw.NUM_4096.CORE_10.FREQ_300/link/vivado/vpl/prj/prj.gen/my_rm/bd/ulp/ip/ulp_hmss_0_0/bd_0/ip/ip_6/smartconnect.xdc] for cell 'level0_i/ulp/hmss_0/inst/path_1/interconnect0_1/inst'
Parsing XDC File [/home/miahafiz/NeuroRing_a_sudoku_v2/_x.hw.NUM_4096.CORE_10.FREQ_300/link/vivado/vpl/prj/prj.gen/my_rm/bd/ulp/ip/ulp_hmss_0_0/bd_3/ip/ip_1/bd_7ba1_psr0_0_board.xdc] for cell 'level0_i/ulp/hmss_0/inst/path_4/interconnect2_4/inst/clk_map/psr0/U0'
Finished Parsing XDC File [/home/miahafiz/NeuroRing_a_sudoku_v2/_x.hw.NUM_4096.CORE_10.FREQ_300/link/vivado/vpl/prj/prj.gen/my_rm/bd/ulp/ip/ulp_hmss_0_0/bd_3/ip/ip_1/bd_7ba1_psr0_0_board.xdc] for cell 'level0_i/ulp/hmss_0/inst/path_4/interconnect2_4/inst/clk_map/psr0/U0'
Parsing XDC File [/home/miahafiz/NeuroRing_a_sudoku_v2/_x.hw.NUM_4096.CORE_10.FREQ_300/link/vivado/vpl/prj/prj.gen/my_rm/bd/ulp/ip/ulp_hmss_0_0/bd_3/ip/ip_2/bd_7ba1_psr_aclk_0_board.xdc] for cell 'level0_i/ulp/hmss_0/inst/path_4/interconnect2_4/inst/clk_map/psr_aclk/U0'
Finished Parsing XDC File [/home/miahafiz/NeuroRing_a_sudoku_v2/_x.hw.NUM_4096.CORE_10.FREQ_300/link/vivado/vpl/prj/prj.gen/my_rm/bd/ulp/ip/ulp_hmss_0_0/bd_3/ip/ip_2/bd_7ba1_psr_aclk_0_board.xdc] for cell 'level0_i/ulp/hmss_0/inst/path_4/interconnect2_4/inst/clk_map/psr_aclk/U0'
Parsing XDC File [/home/miahafiz/NeuroRing_a_sudoku_v2/_x.hw.NUM_4096.CORE_10.FREQ_300/link/vivado/vpl/prj/prj.gen/my_rm/bd/ulp/ip/ulp_hmss_0_0/bd_3/ip/ip_3/bd_7ba1_psr_aclk1_0_board.xdc] for cell 'level0_i/ulp/hmss_0/inst/path_4/interconnect2_4/inst/clk_map/psr_aclk1/U0'
Finished Parsing XDC File [/home/miahafiz/NeuroRing_a_sudoku_v2/_x.hw.NUM_4096.CORE_10.FREQ_300/link/vivado/vpl/prj/prj.gen/my_rm/bd/ulp/ip/ulp_hmss_0_0/bd_3/ip/ip_3/bd_7ba1_psr_aclk1_0_board.xdc] for cell 'level0_i/ulp/hmss_0/inst/path_4/interconnect2_4/inst/clk_map/psr_aclk1/U0'
Parsing XDC File [/home/miahafiz/NeuroRing_a_sudoku_v2/_x.hw.NUM_4096.CORE_10.FREQ_300/link/vivado/vpl/prj/prj.gen/my_rm/bd/ulp/ip/ulp_hmss_0_0/bd_0/ip/ip_9/smartconnect.xdc] for cell 'level0_i/ulp/hmss_0/inst/path_4/interconnect2_4/inst'
WARNING: [Vivado_Tcl 4-919] Waiver ID 'CDC-1' -from list should not be empty. [/home/miahafiz/NeuroRing_a_sudoku_v2/_x.hw.NUM_4096.CORE_10.FREQ_300/link/vivado/vpl/prj/prj.gen/my_rm/bd/ulp/ip/ulp_hmss_0_0/bd_0/ip/ip_9/smartconnect.xdc:3]
WARNING: [Vivado_Tcl 4-921] Waiver ID 'CDC-1' -to list should not be empty. [/home/miahafiz/NeuroRing_a_sudoku_v2/_x.hw.NUM_4096.CORE_10.FREQ_300/link/vivado/vpl/prj/prj.gen/my_rm/bd/ulp/ip/ulp_hmss_0_0/bd_0/ip/ip_9/smartconnect.xdc:4]
WARNING: [Vivado_Tcl 4-921] Waiver ID 'CDC-1' -to list should not be empty. [/home/miahafiz/NeuroRing_a_sudoku_v2/_x.hw.NUM_4096.CORE_10.FREQ_300/link/vivado/vpl/prj/prj.gen/my_rm/bd/ulp/ip/ulp_hmss_0_0/bd_0/ip/ip_9/smartconnect.xdc:5]
WARNING: [Vivado_Tcl 4-921] Waiver ID 'CDC-1' -to list should not be empty. [/home/miahafiz/NeuroRing_a_sudoku_v2/_x.hw.NUM_4096.CORE_10.FREQ_300/link/vivado/vpl/prj/prj.gen/my_rm/bd/ulp/ip/ulp_hmss_0_0/bd_0/ip/ip_9/smartconnect.xdc:6]
WARNING: [Vivado_Tcl 4-921] Waiver ID 'CDC-1' -to list should not be empty. [/home/miahafiz/NeuroRing_a_sudoku_v2/_x.hw.NUM_4096.CORE_10.FREQ_300/link/vivado/vpl/prj/prj.gen/my_rm/bd/ulp/ip/ulp_hmss_0_0/bd_0/ip/ip_9/smartconnect.xdc:7]
WARNING: [Vivado_Tcl 4-921] Waiver ID 'CDC-1' -to list should not be empty. [/home/miahafiz/NeuroRing_a_sudoku_v2/_x.hw.NUM_4096.CORE_10.FREQ_300/link/vivado/vpl/prj/prj.gen/my_rm/bd/ulp/ip/ulp_hmss_0_0/bd_0/ip/ip_9/smartconnect.xdc:8]
WARNING: [Vivado_Tcl 4-921] Waiver ID 'CDC-1' -to list should not be empty. [/home/miahafiz/NeuroRing_a_sudoku_v2/_x.hw.NUM_4096.CORE_10.FREQ_300/link/vivado/vpl/prj/prj.gen/my_rm/bd/ulp/ip/ulp_hmss_0_0/bd_0/ip/ip_9/smartconnect.xdc:9]
WARNING: [Vivado_Tcl 4-921] Waiver ID 'CDC-1' -to list should not be empty. [/home/miahafiz/NeuroRing_a_sudoku_v2/_x.hw.NUM_4096.CORE_10.FREQ_300/link/vivado/vpl/prj/prj.gen/my_rm/bd/ulp/ip/ulp_hmss_0_0/bd_0/ip/ip_9/smartconnect.xdc:10]
INFO: [Common 17-14] Message 'Vivado_Tcl 4-921' appears 100 times and further instances of the messages will be disabled. [Vivado_Tcl 4-921:100]
WARNING: [Vivado_Tcl 4-919] Waiver ID 'CDC-1' -from list should not be empty. [/home/miahafiz/NeuroRing_a_sudoku_v2/_x.hw.NUM_4096.CORE_10.FREQ_300/link/vivado/vpl/prj/prj.gen/my_rm/bd/ulp/ip/ulp_hmss_0_0/bd_0/ip/ip_9/smartconnect.xdc:53]
WARNING: [Vivado_Tcl 4-919] Waiver ID 'CDC-13' -from list should not be empty. [/home/miahafiz/NeuroRing_a_sudoku_v2/_x.hw.NUM_4096.CORE_10.FREQ_300/link/vivado/vpl/prj/prj.gen/my_rm/bd/ulp/ip/ulp_hmss_0_0/bd_0/ip/ip_9/smartconnect.xdc:54]
Finished Parsing XDC File [/home/miahafiz/NeuroRing_a_sudoku_v2/_x.hw.NUM_4096.CORE_10.FREQ_300/link/vivado/vpl/prj/prj.gen/my_rm/bd/ulp/ip/ulp_hmss_0_0/bd_0/ip/ip_9/smartconnect.xdc] for cell 'level0_i/ulp/hmss_0/inst/path_4/interconnect2_4/inst'
Parsing XDC File [/home/miahafiz/NeuroRing_a_sudoku_v2/_x.hw.NUM_4096.CORE_10.FREQ_300/link/vivado/vpl/prj/prj.gen/my_rm/bd/ulp/ip/ulp_ii_level0_wire_0/uuid_stamp.xdc] for cell 'level0_i/ulp/ii_level0_wire/inst'
Finished Parsing XDC File [/home/miahafiz/NeuroRing_a_sudoku_v2/_x.hw.NUM_4096.CORE_10.FREQ_300/link/vivado/vpl/prj/prj.gen/my_rm/bd/ulp/ip/ulp_ii_level0_wire_0/uuid_stamp.xdc] for cell 'level0_i/ulp/ii_level0_wire/inst'
Parsing XDC File [/home/miahafiz/NeuroRing_a_sudoku_v2/_x.hw.NUM_4096.CORE_10.FREQ_300/link/vivado/vpl/prj/prj.gen/my_rm/bd/ulp/ip/ulp_proc_sys_reset_ctrl_slr0_0/ulp_proc_sys_reset_ctrl_slr0_0_board.xdc] for cell 'level0_i/ulp/proc_sys_reset_ctrl_slr0/U0'
Finished Parsing XDC File [/home/miahafiz/NeuroRing_a_sudoku_v2/_x.hw.NUM_4096.CORE_10.FREQ_300/link/vivado/vpl/prj/prj.gen/my_rm/bd/ulp/ip/ulp_proc_sys_reset_ctrl_slr0_0/ulp_proc_sys_reset_ctrl_slr0_0_board.xdc] for cell 'level0_i/ulp/proc_sys_reset_ctrl_slr0/U0'
Parsing XDC File [/home/miahafiz/NeuroRing_a_sudoku_v2/_x.hw.NUM_4096.CORE_10.FREQ_300/link/vivado/vpl/prj/prj.gen/my_rm/bd/ulp/ip/ulp_proc_sys_reset_ctrl_slr1_0/ulp_proc_sys_reset_ctrl_slr1_0_board.xdc] for cell 'level0_i/ulp/proc_sys_reset_ctrl_slr1/U0'
Finished Parsing XDC File [/home/miahafiz/NeuroRing_a_sudoku_v2/_x.hw.NUM_4096.CORE_10.FREQ_300/link/vivado/vpl/prj/prj.gen/my_rm/bd/ulp/ip/ulp_proc_sys_reset_ctrl_slr1_0/ulp_proc_sys_reset_ctrl_slr1_0_board.xdc] for cell 'level0_i/ulp/proc_sys_reset_ctrl_slr1/U0'
Parsing XDC File [/home/miahafiz/NeuroRing_a_sudoku_v2/_x.hw.NUM_4096.CORE_10.FREQ_300/link/vivado/vpl/prj/prj.gen/my_rm/bd/ulp/ip/ulp_proc_sys_reset_ctrl_slr2_0/ulp_proc_sys_reset_ctrl_slr2_0_board.xdc] for cell 'level0_i/ulp/proc_sys_reset_ctrl_slr2/U0'
Finished Parsing XDC File [/home/miahafiz/NeuroRing_a_sudoku_v2/_x.hw.NUM_4096.CORE_10.FREQ_300/link/vivado/vpl/prj/prj.gen/my_rm/bd/ulp/ip/ulp_proc_sys_reset_ctrl_slr2_0/ulp_proc_sys_reset_ctrl_slr2_0_board.xdc] for cell 'level0_i/ulp/proc_sys_reset_ctrl_slr2/U0'
Parsing XDC File [/home/miahafiz/NeuroRing_a_sudoku_v2/_x.hw.NUM_4096.CORE_10.FREQ_300/link/vivado/vpl/prj/prj.gen/my_rm/bd/ulp/ip/ulp_proc_sys_reset_freerun_slr0_0/ulp_proc_sys_reset_freerun_slr0_0_board.xdc] for cell 'level0_i/ulp/proc_sys_reset_freerun_slr0/U0'
Finished Parsing XDC File [/home/miahafiz/NeuroRing_a_sudoku_v2/_x.hw.NUM_4096.CORE_10.FREQ_300/link/vivado/vpl/prj/prj.gen/my_rm/bd/ulp/ip/ulp_proc_sys_reset_freerun_slr0_0/ulp_proc_sys_reset_freerun_slr0_0_board.xdc] for cell 'level0_i/ulp/proc_sys_reset_freerun_slr0/U0'
Parsing XDC File [/home/miahafiz/NeuroRing_a_sudoku_v2/_x.hw.NUM_4096.CORE_10.FREQ_300/link/vivado/vpl/prj/prj.gen/my_rm/bd/ulp/ip/ulp_proc_sys_reset_freerun_slr1_0/ulp_proc_sys_reset_freerun_slr1_0_board.xdc] for cell 'level0_i/ulp/proc_sys_reset_freerun_slr1/U0'
Finished Parsing XDC File [/home/miahafiz/NeuroRing_a_sudoku_v2/_x.hw.NUM_4096.CORE_10.FREQ_300/link/vivado/vpl/prj/prj.gen/my_rm/bd/ulp/ip/ulp_proc_sys_reset_freerun_slr1_0/ulp_proc_sys_reset_freerun_slr1_0_board.xdc] for cell 'level0_i/ulp/proc_sys_reset_freerun_slr1/U0'
Parsing XDC File [/home/miahafiz/NeuroRing_a_sudoku_v2/_x.hw.NUM_4096.CORE_10.FREQ_300/link/vivado/vpl/prj/prj.gen/my_rm/bd/ulp/ip/ulp_proc_sys_reset_freerun_slr2_0/ulp_proc_sys_reset_freerun_slr2_0_board.xdc] for cell 'level0_i/ulp/proc_sys_reset_freerun_slr2/U0'
Finished Parsing XDC File [/home/miahafiz/NeuroRing_a_sudoku_v2/_x.hw.NUM_4096.CORE_10.FREQ_300/link/vivado/vpl/prj/prj.gen/my_rm/bd/ulp/ip/ulp_proc_sys_reset_freerun_slr2_0/ulp_proc_sys_reset_freerun_slr2_0_board.xdc] for cell 'level0_i/ulp/proc_sys_reset_freerun_slr2/U0'
Parsing XDC File [/home/miahafiz/NeuroRing_a_sudoku_v2/_x.hw.NUM_4096.CORE_10.FREQ_300/link/vivado/vpl/prj/prj.gen/my_rm/bd/ulp/ip/ulp_proc_sys_reset_kernel2_slr0_0/ulp_proc_sys_reset_kernel2_slr0_0_board.xdc] for cell 'level0_i/ulp/proc_sys_reset_kernel2_slr0/U0'
Finished Parsing XDC File [/home/miahafiz/NeuroRing_a_sudoku_v2/_x.hw.NUM_4096.CORE_10.FREQ_300/link/vivado/vpl/prj/prj.gen/my_rm/bd/ulp/ip/ulp_proc_sys_reset_kernel2_slr0_0/ulp_proc_sys_reset_kernel2_slr0_0_board.xdc] for cell 'level0_i/ulp/proc_sys_reset_kernel2_slr0/U0'
Parsing XDC File [/home/miahafiz/NeuroRing_a_sudoku_v2/_x.hw.NUM_4096.CORE_10.FREQ_300/link/vivado/vpl/prj/prj.gen/my_rm/bd/ulp/ip/ulp_proc_sys_reset_kernel2_slr1_0/ulp_proc_sys_reset_kernel2_slr1_0_board.xdc] for cell 'level0_i/ulp/proc_sys_reset_kernel2_slr1/U0'
Finished Parsing XDC File [/home/miahafiz/NeuroRing_a_sudoku_v2/_x.hw.NUM_4096.CORE_10.FREQ_300/link/vivado/vpl/prj/prj.gen/my_rm/bd/ulp/ip/ulp_proc_sys_reset_kernel2_slr1_0/ulp_proc_sys_reset_kernel2_slr1_0_board.xdc] for cell 'level0_i/ulp/proc_sys_reset_kernel2_slr1/U0'
Parsing XDC File [/home/miahafiz/NeuroRing_a_sudoku_v2/_x.hw.NUM_4096.CORE_10.FREQ_300/link/vivado/vpl/prj/prj.gen/my_rm/bd/ulp/ip/ulp_proc_sys_reset_kernel2_slr2_0/ulp_proc_sys_reset_kernel2_slr2_0_board.xdc] for cell 'level0_i/ulp/proc_sys_reset_kernel2_slr2/U0'
Finished Parsing XDC File [/home/miahafiz/NeuroRing_a_sudoku_v2/_x.hw.NUM_4096.CORE_10.FREQ_300/link/vivado/vpl/prj/prj.gen/my_rm/bd/ulp/ip/ulp_proc_sys_reset_kernel2_slr2_0/ulp_proc_sys_reset_kernel2_slr2_0_board.xdc] for cell 'level0_i/ulp/proc_sys_reset_kernel2_slr2/U0'
Parsing XDC File [/home/miahafiz/NeuroRing_a_sudoku_v2/_x.hw.NUM_4096.CORE_10.FREQ_300/link/vivado/vpl/prj/prj.gen/my_rm/bd/ulp/ip/ulp_proc_sys_reset_kernel_slr0_0/ulp_proc_sys_reset_kernel_slr0_0_board.xdc] for cell 'level0_i/ulp/proc_sys_reset_kernel_slr0/U0'
Finished Parsing XDC File [/home/miahafiz/NeuroRing_a_sudoku_v2/_x.hw.NUM_4096.CORE_10.FREQ_300/link/vivado/vpl/prj/prj.gen/my_rm/bd/ulp/ip/ulp_proc_sys_reset_kernel_slr0_0/ulp_proc_sys_reset_kernel_slr0_0_board.xdc] for cell 'level0_i/ulp/proc_sys_reset_kernel_slr0/U0'
Parsing XDC File [/home/miahafiz/NeuroRing_a_sudoku_v2/_x.hw.NUM_4096.CORE_10.FREQ_300/link/vivado/vpl/prj/prj.gen/my_rm/bd/ulp/ip/ulp_proc_sys_reset_kernel_slr1_0/ulp_proc_sys_reset_kernel_slr1_0_board.xdc] for cell 'level0_i/ulp/proc_sys_reset_kernel_slr1/U0'
Finished Parsing XDC File [/home/miahafiz/NeuroRing_a_sudoku_v2/_x.hw.NUM_4096.CORE_10.FREQ_300/link/vivado/vpl/prj/prj.gen/my_rm/bd/ulp/ip/ulp_proc_sys_reset_kernel_slr1_0/ulp_proc_sys_reset_kernel_slr1_0_board.xdc] for cell 'level0_i/ulp/proc_sys_reset_kernel_slr1/U0'
Parsing XDC File [/home/miahafiz/NeuroRing_a_sudoku_v2/_x.hw.NUM_4096.CORE_10.FREQ_300/link/vivado/vpl/prj/prj.gen/my_rm/bd/ulp/ip/ulp_proc_sys_reset_kernel_slr2_0/ulp_proc_sys_reset_kernel_slr2_0_board.xdc] for cell 'level0_i/ulp/proc_sys_reset_kernel_slr2/U0'
Finished Parsing XDC File [/home/miahafiz/NeuroRing_a_sudoku_v2/_x.hw.NUM_4096.CORE_10.FREQ_300/link/vivado/vpl/prj/prj.gen/my_rm/bd/ulp/ip/ulp_proc_sys_reset_kernel_slr2_0/ulp_proc_sys_reset_kernel_slr2_0_board.xdc] for cell 'level0_i/ulp/proc_sys_reset_kernel_slr2/U0'
Parsing XDC File [/home/miahafiz/NeuroRing_a_sudoku_v2/_x.hw.NUM_4096.CORE_10.FREQ_300/link/vivado/vpl/prj/prj.gen/my_rm/bd/ulp/ip/ulp_ulp_cmp_0/bd_1/ip/ip_2/constraints/bs_switch.xdc] for cell 'level0_i/ulp/ulp_cmp/inst/user_debug_bridge/inst/bs_switch_1/inst'
Finished Parsing XDC File [/home/miahafiz/NeuroRing_a_sudoku_v2/_x.hw.NUM_4096.CORE_10.FREQ_300/link/vivado/vpl/prj/prj.gen/my_rm/bd/ulp/ip/ulp_ulp_cmp_0/bd_1/ip/ip_2/constraints/bs_switch.xdc] for cell 'level0_i/ulp/ulp_cmp/inst/user_debug_bridge/inst/bs_switch_1/inst'
Parsing XDC File [/home/miahafiz/NeuroRing_a_sudoku_v2/_x.hw.NUM_4096.CORE_10.FREQ_300/link/vivado/vpl/prj/prj.gen/my_rm/bd/ulp/ip/ulp_ulp_cmp_0/bd_2/ip/ip_0/constraints/xsdbm_cc_early.xdc] for cell 'level0_i/ulp/ulp_cmp/inst/user_debug_hub/inst/xsdbm/inst'
Finished Parsing XDC File [/home/miahafiz/NeuroRing_a_sudoku_v2/_x.hw.NUM_4096.CORE_10.FREQ_300/link/vivado/vpl/prj/prj.gen/my_rm/bd/ulp/ip/ulp_ulp_cmp_0/bd_2/ip/ip_0/constraints/xsdbm_cc_early.xdc] for cell 'level0_i/ulp/ulp_cmp/inst/user_debug_hub/inst/xsdbm/inst'
Parsing XDC File [/home/miahafiz/NeuroRing_a_sudoku_v2/_x.hw.NUM_4096.CORE_10.FREQ_300/link/vivado/vpl/prj/prj.gen/my_rm/bd/ulp/ip/ulp_ulp_ucs_0/bd_0/ip/ip_6/bd_22c0_gpio_gapping_demand_0_board.xdc] for cell 'level0_i/ulp/ulp_ucs/inst/gapping_demand/gpio_gapping_demand/U0'
Finished Parsing XDC File [/home/miahafiz/NeuroRing_a_sudoku_v2/_x.hw.NUM_4096.CORE_10.FREQ_300/link/vivado/vpl/prj/prj.gen/my_rm/bd/ulp/ip/ulp_ulp_ucs_0/bd_0/ip/ip_6/bd_22c0_gpio_gapping_demand_0_board.xdc] for cell 'level0_i/ulp/ulp_ucs/inst/gapping_demand/gpio_gapping_demand/U0'
Parsing XDC File [/home/miahafiz/NeuroRing_a_sudoku_v2/_x.hw.NUM_4096.CORE_10.FREQ_300/link/vivado/vpl/prj/prj.gen/my_rm/bd/ulp/ip/ulp_ulp_ucs_0/bd_0/ip/ip_14/bd_22c0_gpio_ucs_control_status_0_board.xdc] for cell 'level0_i/ulp/ulp_ucs/inst/ucs_control_status/gpio_ucs_control_status/U0'
Finished Parsing XDC File [/home/miahafiz/NeuroRing_a_sudoku_v2/_x.hw.NUM_4096.CORE_10.FREQ_300/link/vivado/vpl/prj/prj.gen/my_rm/bd/ulp/ip/ulp_ulp_ucs_0/bd_0/ip/ip_14/bd_22c0_gpio_ucs_control_status_0_board.xdc] for cell 'level0_i/ulp/ulp_ucs/inst/ucs_control_status/gpio_ucs_control_status/U0'
Parsing XDC File [/home/miahafiz/NeuroRing_a_sudoku_v2/_x.hw.NUM_4096.CORE_10.FREQ_300/link/vivado/vpl/prj/prj.gen/my_rm/bd/ulp/ip/ulp_ulp_ucs_0/bd_0/ip/ip_46/bd_22c0_clkwiz_hbm_0_board.xdc] for cell 'level0_i/ulp/ulp_ucs/inst/aclk_hbm_hierarchy/clkwiz_hbm/inst'
Finished Parsing XDC File [/home/miahafiz/NeuroRing_a_sudoku_v2/_x.hw.NUM_4096.CORE_10.FREQ_300/link/vivado/vpl/prj/prj.gen/my_rm/bd/ulp/ip/ulp_ulp_ucs_0/bd_0/ip/ip_46/bd_22c0_clkwiz_hbm_0_board.xdc] for cell 'level0_i/ulp/ulp_ucs/inst/aclk_hbm_hierarchy/clkwiz_hbm/inst'
Parsing XDC File [/home/miahafiz/NeuroRing_a_sudoku_v2/_x.hw.NUM_4096.CORE_10.FREQ_300/link/vivado/vpl/prj/prj.gen/my_rm/bd/ulp/ip/ulp_ulp_ucs_0/bd_0/ip/ip_46/bd_22c0_clkwiz_hbm_0.xdc] for cell 'level0_i/ulp/ulp_ucs/inst/aclk_hbm_hierarchy/clkwiz_hbm/inst'
Finished Parsing XDC File [/home/miahafiz/NeuroRing_a_sudoku_v2/_x.hw.NUM_4096.CORE_10.FREQ_300/link/vivado/vpl/prj/prj.gen/my_rm/bd/ulp/ip/ulp_ulp_ucs_0/bd_0/ip/ip_46/bd_22c0_clkwiz_hbm_0.xdc] for cell 'level0_i/ulp/ulp_ucs/inst/aclk_hbm_hierarchy/clkwiz_hbm/inst'
Parsing XDC File [/home/miahafiz/NeuroRing_a_sudoku_v2/_x.hw.NUM_4096.CORE_10.FREQ_300/link/vivado/vpl/prj/prj.gen/my_rm/bd/ulp/ip/ulp_ulp_ucs_0/bd_0/ip/ip_48/bd_22c0_psreset_hbm_0_board.xdc] for cell 'level0_i/ulp/ulp_ucs/inst/aclk_hbm_hierarchy/psreset_hbm/U0'
Finished Parsing XDC File [/home/miahafiz/NeuroRing_a_sudoku_v2/_x.hw.NUM_4096.CORE_10.FREQ_300/link/vivado/vpl/prj/prj.gen/my_rm/bd/ulp/ip/ulp_ulp_ucs_0/bd_0/ip/ip_48/bd_22c0_psreset_hbm_0_board.xdc] for cell 'level0_i/ulp/ulp_ucs/inst/aclk_hbm_hierarchy/psreset_hbm/U0'
Parsing XDC File [/home/miahafiz/NeuroRing_a_sudoku_v2/_x.hw.NUM_4096.CORE_10.FREQ_300/link/vivado/vpl/prj/prj.gen/my_rm/bd/ulp/ip/ulp_ulp_ucs_0/bd_0/ip/ip_56/bd_22c0_psreset_aclk_freerun_0_board.xdc] for cell 'level0_i/ulp/ulp_ucs/inst/frequency_counters/psreset_aclk_freerun/U0'
Finished Parsing XDC File [/home/miahafiz/NeuroRing_a_sudoku_v2/_x.hw.NUM_4096.CORE_10.FREQ_300/link/vivado/vpl/prj/prj.gen/my_rm/bd/ulp/ip/ulp_ulp_ucs_0/bd_0/ip/ip_56/bd_22c0_psreset_aclk_freerun_0_board.xdc] for cell 'level0_i/ulp/ulp_ucs/inst/frequency_counters/psreset_aclk_freerun/U0'
Parsing XDC File [/home/miahafiz/NeuroRing_a_sudoku_v2/_x.hw.NUM_4096.CORE_10.FREQ_300/link/vivado/vpl/prj/prj.gen/my_rm/bd/ulp/ip/ulp_ulp_ucs_0/bd_0/ip/ip_59/bd_22c0_clkwiz_aclk_kernel_00_0_board.xdc] for cell 'level0_i/ulp/ulp_ucs/inst/aclk_kernel_00_hierarchy/clkwiz_aclk_kernel_00/inst'
Finished Parsing XDC File [/home/miahafiz/NeuroRing_a_sudoku_v2/_x.hw.NUM_4096.CORE_10.FREQ_300/link/vivado/vpl/prj/prj.gen/my_rm/bd/ulp/ip/ulp_ulp_ucs_0/bd_0/ip/ip_59/bd_22c0_clkwiz_aclk_kernel_00_0_board.xdc] for cell 'level0_i/ulp/ulp_ucs/inst/aclk_kernel_00_hierarchy/clkwiz_aclk_kernel_00/inst'
Parsing XDC File [/home/miahafiz/NeuroRing_a_sudoku_v2/_x.hw.NUM_4096.CORE_10.FREQ_300/link/vivado/vpl/prj/prj.gen/my_rm/bd/ulp/ip/ulp_ulp_ucs_0/bd_0/ip/ip_59/bd_22c0_clkwiz_aclk_kernel_00_0.xdc] for cell 'level0_i/ulp/ulp_ucs/inst/aclk_kernel_00_hierarchy/clkwiz_aclk_kernel_00/inst'
Finished Parsing XDC File [/home/miahafiz/NeuroRing_a_sudoku_v2/_x.hw.NUM_4096.CORE_10.FREQ_300/link/vivado/vpl/prj/prj.gen/my_rm/bd/ulp/ip/ulp_ulp_ucs_0/bd_0/ip/ip_59/bd_22c0_clkwiz_aclk_kernel_00_0.xdc] for cell 'level0_i/ulp/ulp_ucs/inst/aclk_kernel_00_hierarchy/clkwiz_aclk_kernel_00/inst'
Parsing XDC File [/home/miahafiz/NeuroRing_a_sudoku_v2/_x.hw.NUM_4096.CORE_10.FREQ_300/link/vivado/vpl/prj/prj.gen/my_rm/bd/ulp/ip/ulp_ulp_ucs_0/bd_0/ip/ip_74/bd_22c0_psreset_kernel_00_0_board.xdc] for cell 'level0_i/ulp/ulp_ucs/inst/aclk_kernel_00_hierarchy/psreset_kernel_00/U0'
Finished Parsing XDC File [/home/miahafiz/NeuroRing_a_sudoku_v2/_x.hw.NUM_4096.CORE_10.FREQ_300/link/vivado/vpl/prj/prj.gen/my_rm/bd/ulp/ip/ulp_ulp_ucs_0/bd_0/ip/ip_74/bd_22c0_psreset_kernel_00_0_board.xdc] for cell 'level0_i/ulp/ulp_ucs/inst/aclk_kernel_00_hierarchy/psreset_kernel_00/U0'
Parsing XDC File [/home/miahafiz/NeuroRing_a_sudoku_v2/_x.hw.NUM_4096.CORE_10.FREQ_300/link/vivado/vpl/prj/prj.gen/my_rm/bd/ulp/ip/ulp_ulp_ucs_0/bd_0/ip/ip_77/bd_22c0_clkwiz_aclk_kernel_01_0_board.xdc] for cell 'level0_i/ulp/ulp_ucs/inst/aclk_kernel_01_hierarchy/clkwiz_aclk_kernel_01/inst'
Finished Parsing XDC File [/home/miahafiz/NeuroRing_a_sudoku_v2/_x.hw.NUM_4096.CORE_10.FREQ_300/link/vivado/vpl/prj/prj.gen/my_rm/bd/ulp/ip/ulp_ulp_ucs_0/bd_0/ip/ip_77/bd_22c0_clkwiz_aclk_kernel_01_0_board.xdc] for cell 'level0_i/ulp/ulp_ucs/inst/aclk_kernel_01_hierarchy/clkwiz_aclk_kernel_01/inst'
Parsing XDC File [/home/miahafiz/NeuroRing_a_sudoku_v2/_x.hw.NUM_4096.CORE_10.FREQ_300/link/vivado/vpl/prj/prj.gen/my_rm/bd/ulp/ip/ulp_ulp_ucs_0/bd_0/ip/ip_77/bd_22c0_clkwiz_aclk_kernel_01_0.xdc] for cell 'level0_i/ulp/ulp_ucs/inst/aclk_kernel_01_hierarchy/clkwiz_aclk_kernel_01/inst'
Finished Parsing XDC File [/home/miahafiz/NeuroRing_a_sudoku_v2/_x.hw.NUM_4096.CORE_10.FREQ_300/link/vivado/vpl/prj/prj.gen/my_rm/bd/ulp/ip/ulp_ulp_ucs_0/bd_0/ip/ip_77/bd_22c0_clkwiz_aclk_kernel_01_0.xdc] for cell 'level0_i/ulp/ulp_ucs/inst/aclk_kernel_01_hierarchy/clkwiz_aclk_kernel_01/inst'
Parsing XDC File [/home/miahafiz/NeuroRing_a_sudoku_v2/_x.hw.NUM_4096.CORE_10.FREQ_300/link/vivado/vpl/prj/prj.gen/my_rm/bd/ulp/ip/ulp_ulp_ucs_0/bd_0/ip/ip_92/bd_22c0_psreset_kernel_01_0_board.xdc] for cell 'level0_i/ulp/ulp_ucs/inst/aclk_kernel_01_hierarchy/psreset_kernel_01/U0'
Finished Parsing XDC File [/home/miahafiz/NeuroRing_a_sudoku_v2/_x.hw.NUM_4096.CORE_10.FREQ_300/link/vivado/vpl/prj/prj.gen/my_rm/bd/ulp/ip/ulp_ulp_ucs_0/bd_0/ip/ip_92/bd_22c0_psreset_kernel_01_0_board.xdc] for cell 'level0_i/ulp/ulp_ucs/inst/aclk_kernel_01_hierarchy/psreset_kernel_01/U0'
Parsing XDC File [/home/miahafiz/NeuroRing_a_sudoku_v2/_x.hw.NUM_4096.CORE_10.FREQ_300/link/vivado/vpl/prj/prj.gen/my_rm/bd/ulp/ip/ulp_ii_level0_wire_0/uuid_stamp.xdc] for cell 'level0_i/ulp/ii_level0_wire/inst'
Finished Parsing XDC File [/home/miahafiz/NeuroRing_a_sudoku_v2/_x.hw.NUM_4096.CORE_10.FREQ_300/link/vivado/vpl/prj/prj.gen/my_rm/bd/ulp/ip/ulp_ii_level0_wire_0/uuid_stamp.xdc] for cell 'level0_i/ulp/ii_level0_wire/inst'
Parsing XDC File [/home/miahafiz/NeuroRing_a_sudoku_v2/_x.hw.NUM_4096.CORE_10.FREQ_300/link/vivado/vpl/prj/prj.gen/my_rm/bd/ulp/ip/ulp_ulp_cmp_0/bd_1/ip/ip_2/constraints/bs_switch.xdc] for cell 'level0_i/ulp/ulp_cmp/inst/user_debug_bridge/inst/bs_switch_1/inst'
WARNING: [Vivado_Tcl 4-935] Waiver ID 'TIMING-14' is a duplicate and will not be added again. [/home/miahafiz/NeuroRing_a_sudoku_v2/_x.hw.NUM_4096.CORE_10.FREQ_300/link/vivado/vpl/prj/prj.gen/my_rm/bd/ulp/ip/ulp_ulp_cmp_0/bd_1/ip/ip_2/constraints/bs_switch.xdc:11]
Finished Parsing XDC File [/home/miahafiz/NeuroRing_a_sudoku_v2/_x.hw.NUM_4096.CORE_10.FREQ_300/link/vivado/vpl/prj/prj.gen/my_rm/bd/ulp/ip/ulp_ulp_cmp_0/bd_1/ip/ip_2/constraints/bs_switch.xdc] for cell 'level0_i/ulp/ulp_cmp/inst/user_debug_bridge/inst/bs_switch_1/inst'
Parsing XDC File [/home/miahafiz/NeuroRing_a_sudoku_v2/_x.hw.NUM_4096.CORE_10.FREQ_300/link/vivado/vpl/prj/prj.gen/my_rm/bd/ulp/ip/ulp_ulp_cmp_0/bd_2/ip/ip_0/constraints/xsdbm_cc_early.xdc] for cell 'level0_i/ulp/ulp_cmp/inst/user_debug_hub/inst/xsdbm/inst'
Finished Parsing XDC File [/home/miahafiz/NeuroRing_a_sudoku_v2/_x.hw.NUM_4096.CORE_10.FREQ_300/link/vivado/vpl/prj/prj.gen/my_rm/bd/ulp/ip/ulp_ulp_cmp_0/bd_2/ip/ip_0/constraints/xsdbm_cc_early.xdc] for cell 'level0_i/ulp/ulp_cmp/inst/user_debug_hub/inst/xsdbm/inst'
Parsing XDC File [/home/miahafiz/NeuroRing_a_sudoku_v2/_x.hw.NUM_4096.CORE_10.FREQ_300/link/vivado/vpl/prj/prj.gen/my_rm/bd/ulp/ip/ulp_hmss_0_0/bd_0/ip/ip_0/hdl/par/hbm_ip.xdc] for cell 'level0_i/ulp/hmss_0/inst/hbm_inst/inst'
Finished Parsing XDC File [/home/miahafiz/NeuroRing_a_sudoku_v2/_x.hw.NUM_4096.CORE_10.FREQ_300/link/vivado/vpl/prj/prj.gen/my_rm/bd/ulp/ip/ulp_hmss_0_0/bd_0/ip/ip_0/hdl/par/hbm_ip.xdc] for cell 'level0_i/ulp/hmss_0/inst/hbm_inst/inst'
Parsing XDC File [/home/miahafiz/NeuroRing_a_sudoku_v2/_x.hw.NUM_4096.CORE_10.FREQ_300/link/vivado/vpl/prj/prj.gen/my_rm/bd/ulp/ip/ulp_hmss_0_0/bd_0/ip/ip_1/bd_85ad_hbm_reset_sync_SLR0_0_board.xdc] for cell 'level0_i/ulp/hmss_0/inst/hbm_reset_sync_SLR0/U0'
Finished Parsing XDC File [/home/miahafiz/NeuroRing_a_sudoku_v2/_x.hw.NUM_4096.CORE_10.FREQ_300/link/vivado/vpl/prj/prj.gen/my_rm/bd/ulp/ip/ulp_hmss_0_0/bd_0/ip/ip_1/bd_85ad_hbm_reset_sync_SLR0_0_board.xdc] for cell 'level0_i/ulp/hmss_0/inst/hbm_reset_sync_SLR0/U0'
Parsing XDC File [/home/miahafiz/NeuroRing_a_sudoku_v2/_x.hw.NUM_4096.CORE_10.FREQ_300/link/vivado/vpl/prj/prj.gen/my_rm/bd/ulp/ip/ulp_hmss_0_0/bd_0/ip/ip_2/bd_85ad_hbm_reset_sync_SLR2_0_board.xdc] for cell 'level0_i/ulp/hmss_0/inst/hbm_reset_sync_SLR2/U0'
Finished Parsing XDC File [/home/miahafiz/NeuroRing_a_sudoku_v2/_x.hw.NUM_4096.CORE_10.FREQ_300/link/vivado/vpl/prj/prj.gen/my_rm/bd/ulp/ip/ulp_hmss_0_0/bd_0/ip/ip_2/bd_85ad_hbm_reset_sync_SLR2_0_board.xdc] for cell 'level0_i/ulp/hmss_0/inst/hbm_reset_sync_SLR2/U0'
Parsing XDC File [/home/miahafiz/NeuroRing_a_sudoku_v2/_x.hw.NUM_4096.CORE_10.FREQ_300/link/vivado/vpl/prj/prj.gen/my_rm/bd/ulp/ip/ulp_hmss_0_0/bd_1/ip/ip_1/bd_baa4_psr0_0_board.xdc] for cell 'level0_i/ulp/hmss_0/inst/path_0/interconnect1_0/inst/clk_map/psr0/U0'
Finished Parsing XDC File [/home/miahafiz/NeuroRing_a_sudoku_v2/_x.hw.NUM_4096.CORE_10.FREQ_300/link/vivado/vpl/prj/prj.gen/my_rm/bd/ulp/ip/ulp_hmss_0_0/bd_1/ip/ip_1/bd_baa4_psr0_0_board.xdc] for cell 'level0_i/ulp/hmss_0/inst/path_0/interconnect1_0/inst/clk_map/psr0/U0'
Parsing XDC File [/home/miahafiz/NeuroRing_a_sudoku_v2/_x.hw.NUM_4096.CORE_10.FREQ_300/link/vivado/vpl/prj/prj.gen/my_rm/bd/ulp/ip/ulp_hmss_0_0/bd_1/ip/ip_2/bd_baa4_psr_aclk_0_board.xdc] for cell 'level0_i/ulp/hmss_0/inst/path_0/interconnect1_0/inst/clk_map/psr_aclk/U0'
Finished Parsing XDC File [/home/miahafiz/NeuroRing_a_sudoku_v2/_x.hw.NUM_4096.CORE_10.FREQ_300/link/vivado/vpl/prj/prj.gen/my_rm/bd/ulp/ip/ulp_hmss_0_0/bd_1/ip/ip_2/bd_baa4_psr_aclk_0_board.xdc] for cell 'level0_i/ulp/hmss_0/inst/path_0/interconnect1_0/inst/clk_map/psr_aclk/U0'
Parsing XDC File [/home/miahafiz/NeuroRing_a_sudoku_v2/_x.hw.NUM_4096.CORE_10.FREQ_300/link/vivado/vpl/prj/prj.gen/my_rm/bd/ulp/ip/ulp_hmss_0_0/bd_1/ip/ip_3/bd_baa4_psr_aclk1_0_board.xdc] for cell 'level0_i/ulp/hmss_0/inst/path_0/interconnect1_0/inst/clk_map/psr_aclk1/U0'
Finished Parsing XDC File [/home/miahafiz/NeuroRing_a_sudoku_v2/_x.hw.NUM_4096.CORE_10.FREQ_300/link/vivado/vpl/prj/prj.gen/my_rm/bd/ulp/ip/ulp_hmss_0_0/bd_1/ip/ip_3/bd_baa4_psr_aclk1_0_board.xdc] for cell 'level0_i/ulp/hmss_0/inst/path_0/interconnect1_0/inst/clk_map/psr_aclk1/U0'
Parsing XDC File [/home/miahafiz/NeuroRing_a_sudoku_v2/_x.hw.NUM_4096.CORE_10.FREQ_300/link/vivado/vpl/prj/prj.gen/my_rm/bd/ulp/ip/ulp_hmss_0_0/bd_0/ip/ip_3/smartconnect.xdc] for cell 'level0_i/ulp/hmss_0/inst/path_0/interconnect1_0/inst'
WARNING: [Vivado_Tcl 4-935] Waiver ID 'CDC-11' is a duplicate and will not be added again. [/home/miahafiz/NeuroRing_a_sudoku_v2/_x.hw.NUM_4096.CORE_10.FREQ_300/link/vivado/vpl/prj/prj.gen/my_rm/bd/ulp/ip/ulp_hmss_0_0/bd_0/ip/ip_3/smartconnect.xdc:2]
WARNING: [Vivado_Tcl 4-919] Waiver ID 'CDC-1' -from list should not be empty. [/home/miahafiz/NeuroRing_a_sudoku_v2/_x.hw.NUM_4096.CORE_10.FREQ_300/link/vivado/vpl/prj/prj.gen/my_rm/bd/ulp/ip/ulp_hmss_0_0/bd_0/ip/ip_3/smartconnect.xdc:3]
WARNING: [Vivado_Tcl 4-935] Waiver ID 'CDC-1' is a duplicate and will not be added again. [/home/miahafiz/NeuroRing_a_sudoku_v2/_x.hw.NUM_4096.CORE_10.FREQ_300/link/vivado/vpl/prj/prj.gen/my_rm/bd/ulp/ip/ulp_hmss_0_0/bd_0/ip/ip_3/smartconnect.xdc:30]
WARNING: [Vivado_Tcl 4-935] Waiver ID 'CDC-1' is a duplicate and will not be added again. [/home/miahafiz/NeuroRing_a_sudoku_v2/_x.hw.NUM_4096.CORE_10.FREQ_300/link/vivado/vpl/prj/prj.gen/my_rm/bd/ulp/ip/ulp_hmss_0_0/bd_0/ip/ip_3/smartconnect.xdc:32]
WARNING: [Vivado_Tcl 4-919] Waiver ID 'CDC-1' -from list should not be empty. [/home/miahafiz/NeuroRing_a_sudoku_v2/_x.hw.NUM_4096.CORE_10.FREQ_300/link/vivado/vpl/prj/prj.gen/my_rm/bd/ulp/ip/ulp_hmss_0_0/bd_0/ip/ip_3/smartconnect.xdc:53]
WARNING: [Vivado_Tcl 4-919] Waiver ID 'CDC-13' -from list should not be empty. [/home/miahafiz/NeuroRing_a_sudoku_v2/_x.hw.NUM_4096.CORE_10.FREQ_300/link/vivado/vpl/prj/prj.gen/my_rm/bd/ulp/ip/ulp_hmss_0_0/bd_0/ip/ip_3/smartconnect.xdc:54]
Finished Parsing XDC File [/home/miahafiz/NeuroRing_a_sudoku_v2/_x.hw.NUM_4096.CORE_10.FREQ_300/link/vivado/vpl/prj/prj.gen/my_rm/bd/ulp/ip/ulp_hmss_0_0/bd_0/ip/ip_3/smartconnect.xdc] for cell 'level0_i/ulp/hmss_0/inst/path_0/interconnect1_0/inst'
Parsing XDC File [/home/miahafiz/NeuroRing_a_sudoku_v2/_x.hw.NUM_4096.CORE_10.FREQ_300/link/vivado/vpl/prj/prj.gen/my_rm/bd/ulp/ip/ulp_hmss_0_0/bd_2/ip/ip_1/bd_bac8_psr0_0_board.xdc] for cell 'level0_i/ulp/hmss_0/inst/path_1/interconnect0_1/inst/clk_map/psr0/U0'
Finished Parsing XDC File [/home/miahafiz/NeuroRing_a_sudoku_v2/_x.hw.NUM_4096.CORE_10.FREQ_300/link/vivado/vpl/prj/prj.gen/my_rm/bd/ulp/ip/ulp_hmss_0_0/bd_2/ip/ip_1/bd_bac8_psr0_0_board.xdc] for cell 'level0_i/ulp/hmss_0/inst/path_1/interconnect0_1/inst/clk_map/psr0/U0'
Parsing XDC File [/home/miahafiz/NeuroRing_a_sudoku_v2/_x.hw.NUM_4096.CORE_10.FREQ_300/link/vivado/vpl/prj/prj.gen/my_rm/bd/ulp/ip/ulp_hmss_0_0/bd_2/ip/ip_2/bd_bac8_psr_aclk_0_board.xdc] for cell 'level0_i/ulp/hmss_0/inst/path_1/interconnect0_1/inst/clk_map/psr_aclk/U0'
Finished Parsing XDC File [/home/miahafiz/NeuroRing_a_sudoku_v2/_x.hw.NUM_4096.CORE_10.FREQ_300/link/vivado/vpl/prj/prj.gen/my_rm/bd/ulp/ip/ulp_hmss_0_0/bd_2/ip/ip_2/bd_bac8_psr_aclk_0_board.xdc] for cell 'level0_i/ulp/hmss_0/inst/path_1/interconnect0_1/inst/clk_map/psr_aclk/U0'
Parsing XDC File [/home/miahafiz/NeuroRing_a_sudoku_v2/_x.hw.NUM_4096.CORE_10.FREQ_300/link/vivado/vpl/prj/prj.gen/my_rm/bd/ulp/ip/ulp_hmss_0_0/bd_2/ip/ip_3/bd_bac8_psr_aclk1_0_board.xdc] for cell 'level0_i/ulp/hmss_0/inst/path_1/interconnect0_1/inst/clk_map/psr_aclk1/U0'
Finished Parsing XDC File [/home/miahafiz/NeuroRing_a_sudoku_v2/_x.hw.NUM_4096.CORE_10.FREQ_300/link/vivado/vpl/prj/prj.gen/my_rm/bd/ulp/ip/ulp_hmss_0_0/bd_2/ip/ip_3/bd_bac8_psr_aclk1_0_board.xdc] for cell 'level0_i/ulp/hmss_0/inst/path_1/interconnect0_1/inst/clk_map/psr_aclk1/U0'
Parsing XDC File [/home/miahafiz/NeuroRing_a_sudoku_v2/_x.hw.NUM_4096.CORE_10.FREQ_300/link/vivado/vpl/prj/prj.gen/my_rm/bd/ulp/ip/ulp_hmss_0_0/bd_0/ip/ip_6/smartconnect.xdc] for cell 'level0_i/ulp/hmss_0/inst/path_1/interconnect0_1/inst'
WARNING: [Vivado_Tcl 4-935] Waiver ID 'CDC-11' is a duplicate and will not be added again. [/home/miahafiz/NeuroRing_a_sudoku_v2/_x.hw.NUM_4096.CORE_10.FREQ_300/link/vivado/vpl/prj/prj.gen/my_rm/bd/ulp/ip/ulp_hmss_0_0/bd_0/ip/ip_6/smartconnect.xdc:2]
WARNING: [Vivado_Tcl 4-919] Waiver ID 'CDC-1' -from list should not be empty. [/home/miahafiz/NeuroRing_a_sudoku_v2/_x.hw.NUM_4096.CORE_10.FREQ_300/link/vivado/vpl/prj/prj.gen/my_rm/bd/ulp/ip/ulp_hmss_0_0/bd_0/ip/ip_6/smartconnect.xdc:3]
WARNING: [Vivado_Tcl 4-935] Waiver ID 'CDC-1' is a duplicate and will not be added again. [/home/miahafiz/NeuroRing_a_sudoku_v2/_x.hw.NUM_4096.CORE_10.FREQ_300/link/vivado/vpl/prj/prj.gen/my_rm/bd/ulp/ip/ulp_hmss_0_0/bd_0/ip/ip_6/smartconnect.xdc:22]
WARNING: [Vivado_Tcl 4-935] Waiver ID 'CDC-1' is a duplicate and will not be added again. [/home/miahafiz/NeuroRing_a_sudoku_v2/_x.hw.NUM_4096.CORE_10.FREQ_300/link/vivado/vpl/prj/prj.gen/my_rm/bd/ulp/ip/ulp_hmss_0_0/bd_0/ip/ip_6/smartconnect.xdc:30]
WARNING: [Vivado_Tcl 4-935] Waiver ID 'CDC-1' is a duplicate and will not be added again. [/home/miahafiz/NeuroRing_a_sudoku_v2/_x.hw.NUM_4096.CORE_10.FREQ_300/link/vivado/vpl/prj/prj.gen/my_rm/bd/ulp/ip/ulp_hmss_0_0/bd_0/ip/ip_6/smartconnect.xdc:32]
WARNING: [Vivado_Tcl 4-935] Waiver ID 'CDC-1' is a duplicate and will not be added again. [/home/miahafiz/NeuroRing_a_sudoku_v2/_x.hw.NUM_4096.CORE_10.FREQ_300/link/vivado/vpl/prj/prj.gen/my_rm/bd/ulp/ip/ulp_hmss_0_0/bd_0/ip/ip_6/smartconnect.xdc:35]
WARNING: [Vivado_Tcl 4-935] Waiver ID 'CDC-1' is a duplicate and will not be added again. [/home/miahafiz/NeuroRing_a_sudoku_v2/_x.hw.NUM_4096.CORE_10.FREQ_300/link/vivado/vpl/prj/prj.gen/my_rm/bd/ulp/ip/ulp_hmss_0_0/bd_0/ip/ip_6/smartconnect.xdc:37]
WARNING: [Vivado_Tcl 4-935] Waiver ID 'CDC-1' is a duplicate and will not be added again. [/home/miahafiz/NeuroRing_a_sudoku_v2/_x.hw.NUM_4096.CORE_10.FREQ_300/link/vivado/vpl/prj/prj.gen/my_rm/bd/ulp/ip/ulp_hmss_0_0/bd_0/ip/ip_6/smartconnect.xdc:38]
WARNING: [Vivado_Tcl 4-935] Waiver ID 'CDC-1' is a duplicate and will not be added again. [/home/miahafiz/NeuroRing_a_sudoku_v2/_x.hw.NUM_4096.CORE_10.FREQ_300/link/vivado/vpl/prj/prj.gen/my_rm/bd/ulp/ip/ulp_hmss_0_0/bd_0/ip/ip_6/smartconnect.xdc:39]
WARNING: [Vivado_Tcl 4-919] Waiver ID 'CDC-1' -from list should not be empty. [/home/miahafiz/NeuroRing_a_sudoku_v2/_x.hw.NUM_4096.CORE_10.FREQ_300/link/vivado/vpl/prj/prj.gen/my_rm/bd/ulp/ip/ulp_hmss_0_0/bd_0/ip/ip_6/smartconnect.xdc:53]
WARNING: [Vivado_Tcl 4-919] Waiver ID 'CDC-13' -from list should not be empty. [/home/miahafiz/NeuroRing_a_sudoku_v2/_x.hw.NUM_4096.CORE_10.FREQ_300/link/vivado/vpl/prj/prj.gen/my_rm/bd/ulp/ip/ulp_hmss_0_0/bd_0/ip/ip_6/smartconnect.xdc:54]
Finished Parsing XDC File [/home/miahafiz/NeuroRing_a_sudoku_v2/_x.hw.NUM_4096.CORE_10.FREQ_300/link/vivado/vpl/prj/prj.gen/my_rm/bd/ulp/ip/ulp_hmss_0_0/bd_0/ip/ip_6/smartconnect.xdc] for cell 'level0_i/ulp/hmss_0/inst/path_1/interconnect0_1/inst'
Parsing XDC File [/home/miahafiz/NeuroRing_a_sudoku_v2/_x.hw.NUM_4096.CORE_10.FREQ_300/link/vivado/vpl/prj/prj.gen/my_rm/bd/ulp/ip/ulp_hmss_0_0/bd_3/ip/ip_1/bd_7ba1_psr0_0_board.xdc] for cell 'level0_i/ulp/hmss_0/inst/path_4/interconnect2_4/inst/clk_map/psr0/U0'
Finished Parsing XDC File [/home/miahafiz/NeuroRing_a_sudoku_v2/_x.hw.NUM_4096.CORE_10.FREQ_300/link/vivado/vpl/prj/prj.gen/my_rm/bd/ulp/ip/ulp_hmss_0_0/bd_3/ip/ip_1/bd_7ba1_psr0_0_board.xdc] for cell 'level0_i/ulp/hmss_0/inst/path_4/interconnect2_4/inst/clk_map/psr0/U0'
Parsing XDC File [/home/miahafiz/NeuroRing_a_sudoku_v2/_x.hw.NUM_4096.CORE_10.FREQ_300/link/vivado/vpl/prj/prj.gen/my_rm/bd/ulp/ip/ulp_hmss_0_0/bd_3/ip/ip_2/bd_7ba1_psr_aclk_0_board.xdc] for cell 'level0_i/ulp/hmss_0/inst/path_4/interconnect2_4/inst/clk_map/psr_aclk/U0'
Finished Parsing XDC File [/home/miahafiz/NeuroRing_a_sudoku_v2/_x.hw.NUM_4096.CORE_10.FREQ_300/link/vivado/vpl/prj/prj.gen/my_rm/bd/ulp/ip/ulp_hmss_0_0/bd_3/ip/ip_2/bd_7ba1_psr_aclk_0_board.xdc] for cell 'level0_i/ulp/hmss_0/inst/path_4/interconnect2_4/inst/clk_map/psr_aclk/U0'
Parsing XDC File [/home/miahafiz/NeuroRing_a_sudoku_v2/_x.hw.NUM_4096.CORE_10.FREQ_300/link/vivado/vpl/prj/prj.gen/my_rm/bd/ulp/ip/ulp_hmss_0_0/bd_3/ip/ip_3/bd_7ba1_psr_aclk1_0_board.xdc] for cell 'level0_i/ulp/hmss_0/inst/path_4/interconnect2_4/inst/clk_map/psr_aclk1/U0'
Finished Parsing XDC File [/home/miahafiz/NeuroRing_a_sudoku_v2/_x.hw.NUM_4096.CORE_10.FREQ_300/link/vivado/vpl/prj/prj.gen/my_rm/bd/ulp/ip/ulp_hmss_0_0/bd_3/ip/ip_3/bd_7ba1_psr_aclk1_0_board.xdc] for cell 'level0_i/ulp/hmss_0/inst/path_4/interconnect2_4/inst/clk_map/psr_aclk1/U0'
Parsing XDC File [/home/miahafiz/NeuroRing_a_sudoku_v2/_x.hw.NUM_4096.CORE_10.FREQ_300/link/vivado/vpl/prj/prj.gen/my_rm/bd/ulp/ip/ulp_hmss_0_0/bd_0/ip/ip_9/smartconnect.xdc] for cell 'level0_i/ulp/hmss_0/inst/path_4/interconnect2_4/inst'
WARNING: [Vivado_Tcl 4-935] Waiver ID 'CDC-11' is a duplicate and will not be added again. [/home/miahafiz/NeuroRing_a_sudoku_v2/_x.hw.NUM_4096.CORE_10.FREQ_300/link/vivado/vpl/prj/prj.gen/my_rm/bd/ulp/ip/ulp_hmss_0_0/bd_0/ip/ip_9/smartconnect.xdc:2]
WARNING: [Vivado_Tcl 4-919] Waiver ID 'CDC-1' -from list should not be empty. [/home/miahafiz/NeuroRing_a_sudoku_v2/_x.hw.NUM_4096.CORE_10.FREQ_300/link/vivado/vpl/prj/prj.gen/my_rm/bd/ulp/ip/ulp_hmss_0_0/bd_0/ip/ip_9/smartconnect.xdc:3]
WARNING: [Vivado_Tcl 4-935] Waiver ID 'CDC-1' is a duplicate and will not be added again. [/home/miahafiz/NeuroRing_a_sudoku_v2/_x.hw.NUM_4096.CORE_10.FREQ_300/link/vivado/vpl/prj/prj.gen/my_rm/bd/ulp/ip/ulp_hmss_0_0/bd_0/ip/ip_9/smartconnect.xdc:30]
WARNING: [Vivado_Tcl 4-935] Waiver ID 'CDC-1' is a duplicate and will not be added again. [/home/miahafiz/NeuroRing_a_sudoku_v2/_x.hw.NUM_4096.CORE_10.FREQ_300/link/vivado/vpl/prj/prj.gen/my_rm/bd/ulp/ip/ulp_hmss_0_0/bd_0/ip/ip_9/smartconnect.xdc:32]
WARNING: [Vivado_Tcl 4-919] Waiver ID 'CDC-1' -from list should not be empty. [/home/miahafiz/NeuroRing_a_sudoku_v2/_x.hw.NUM_4096.CORE_10.FREQ_300/link/vivado/vpl/prj/prj.gen/my_rm/bd/ulp/ip/ulp_hmss_0_0/bd_0/ip/ip_9/smartconnect.xdc:53]
WARNING: [Vivado_Tcl 4-919] Waiver ID 'CDC-13' -from list should not be empty. [/home/miahafiz/NeuroRing_a_sudoku_v2/_x.hw.NUM_4096.CORE_10.FREQ_300/link/vivado/vpl/prj/prj.gen/my_rm/bd/ulp/ip/ulp_hmss_0_0/bd_0/ip/ip_9/smartconnect.xdc:54]
Finished Parsing XDC File [/home/miahafiz/NeuroRing_a_sudoku_v2/_x.hw.NUM_4096.CORE_10.FREQ_300/link/vivado/vpl/prj/prj.gen/my_rm/bd/ulp/ip/ulp_hmss_0_0/bd_0/ip/ip_9/smartconnect.xdc] for cell 'level0_i/ulp/hmss_0/inst/path_4/interconnect2_4/inst'
Parsing XDC File [/home/miahafiz/NeuroRing_a_sudoku_v2/_x.hw.NUM_4096.CORE_10.FREQ_300/link/vivado/vpl/prj/prj.gen/my_rm/bd/ulp/ip/ulp_ulp_ucs_0/bd_0/ip/ip_6/bd_22c0_gpio_gapping_demand_0_board.xdc] for cell 'level0_i/ulp/ulp_ucs/inst/gapping_demand/gpio_gapping_demand/U0'
Finished Parsing XDC File [/home/miahafiz/NeuroRing_a_sudoku_v2/_x.hw.NUM_4096.CORE_10.FREQ_300/link/vivado/vpl/prj/prj.gen/my_rm/bd/ulp/ip/ulp_ulp_ucs_0/bd_0/ip/ip_6/bd_22c0_gpio_gapping_demand_0_board.xdc] for cell 'level0_i/ulp/ulp_ucs/inst/gapping_demand/gpio_gapping_demand/U0'
Parsing XDC File [/home/miahafiz/NeuroRing_a_sudoku_v2/_x.hw.NUM_4096.CORE_10.FREQ_300/link/vivado/vpl/prj/prj.gen/my_rm/bd/ulp/ip/ulp_ulp_ucs_0/bd_0/ip/ip_14/bd_22c0_gpio_ucs_control_status_0_board.xdc] for cell 'level0_i/ulp/ulp_ucs/inst/ucs_control_status/gpio_ucs_control_status/U0'
Finished Parsing XDC File [/home/miahafiz/NeuroRing_a_sudoku_v2/_x.hw.NUM_4096.CORE_10.FREQ_300/link/vivado/vpl/prj/prj.gen/my_rm/bd/ulp/ip/ulp_ulp_ucs_0/bd_0/ip/ip_14/bd_22c0_gpio_ucs_control_status_0_board.xdc] for cell 'level0_i/ulp/ulp_ucs/inst/ucs_control_status/gpio_ucs_control_status/U0'
Parsing XDC File [/home/miahafiz/NeuroRing_a_sudoku_v2/_x.hw.NUM_4096.CORE_10.FREQ_300/link/vivado/vpl/prj/prj.gen/my_rm/bd/ulp/ip/ulp_ulp_ucs_0/bd_0/ip/ip_46/bd_22c0_clkwiz_hbm_0_board.xdc] for cell 'level0_i/ulp/ulp_ucs/inst/aclk_hbm_hierarchy/clkwiz_hbm/inst'
Finished Parsing XDC File [/home/miahafiz/NeuroRing_a_sudoku_v2/_x.hw.NUM_4096.CORE_10.FREQ_300/link/vivado/vpl/prj/prj.gen/my_rm/bd/ulp/ip/ulp_ulp_ucs_0/bd_0/ip/ip_46/bd_22c0_clkwiz_hbm_0_board.xdc] for cell 'level0_i/ulp/ulp_ucs/inst/aclk_hbm_hierarchy/clkwiz_hbm/inst'
Parsing XDC File [/home/miahafiz/NeuroRing_a_sudoku_v2/_x.hw.NUM_4096.CORE_10.FREQ_300/link/vivado/vpl/prj/prj.gen/my_rm/bd/ulp/ip/ulp_ulp_ucs_0/bd_0/ip/ip_46/bd_22c0_clkwiz_hbm_0.xdc] for cell 'level0_i/ulp/ulp_ucs/inst/aclk_hbm_hierarchy/clkwiz_hbm/inst'
Finished Parsing XDC File [/home/miahafiz/NeuroRing_a_sudoku_v2/_x.hw.NUM_4096.CORE_10.FREQ_300/link/vivado/vpl/prj/prj.gen/my_rm/bd/ulp/ip/ulp_ulp_ucs_0/bd_0/ip/ip_46/bd_22c0_clkwiz_hbm_0.xdc] for cell 'level0_i/ulp/ulp_ucs/inst/aclk_hbm_hierarchy/clkwiz_hbm/inst'
Parsing XDC File [/home/miahafiz/NeuroRing_a_sudoku_v2/_x.hw.NUM_4096.CORE_10.FREQ_300/link/vivado/vpl/prj/prj.gen/my_rm/bd/ulp/ip/ulp_ulp_ucs_0/bd_0/ip/ip_48/bd_22c0_psreset_hbm_0_board.xdc] for cell 'level0_i/ulp/ulp_ucs/inst/aclk_hbm_hierarchy/psreset_hbm/U0'
Finished Parsing XDC File [/home/miahafiz/NeuroRing_a_sudoku_v2/_x.hw.NUM_4096.CORE_10.FREQ_300/link/vivado/vpl/prj/prj.gen/my_rm/bd/ulp/ip/ulp_ulp_ucs_0/bd_0/ip/ip_48/bd_22c0_psreset_hbm_0_board.xdc] for cell 'level0_i/ulp/ulp_ucs/inst/aclk_hbm_hierarchy/psreset_hbm/U0'
Parsing XDC File [/home/miahafiz/NeuroRing_a_sudoku_v2/_x.hw.NUM_4096.CORE_10.FREQ_300/link/vivado/vpl/prj/prj.gen/my_rm/bd/ulp/ip/ulp_ulp_ucs_0/bd_0/ip/ip_56/bd_22c0_psreset_aclk_freerun_0_board.xdc] for cell 'level0_i/ulp/ulp_ucs/inst/frequency_counters/psreset_aclk_freerun/U0'
Finished Parsing XDC File [/home/miahafiz/NeuroRing_a_sudoku_v2/_x.hw.NUM_4096.CORE_10.FREQ_300/link/vivado/vpl/prj/prj.gen/my_rm/bd/ulp/ip/ulp_ulp_ucs_0/bd_0/ip/ip_56/bd_22c0_psreset_aclk_freerun_0_board.xdc] for cell 'level0_i/ulp/ulp_ucs/inst/frequency_counters/psreset_aclk_freerun/U0'
Parsing XDC File [/home/miahafiz/NeuroRing_a_sudoku_v2/_x.hw.NUM_4096.CORE_10.FREQ_300/link/vivado/vpl/prj/prj.gen/my_rm/bd/ulp/ip/ulp_ulp_ucs_0/bd_0/ip/ip_59/bd_22c0_clkwiz_aclk_kernel_00_0_board.xdc] for cell 'level0_i/ulp/ulp_ucs/inst/aclk_kernel_00_hierarchy/clkwiz_aclk_kernel_00/inst'
Finished Parsing XDC File [/home/miahafiz/NeuroRing_a_sudoku_v2/_x.hw.NUM_4096.CORE_10.FREQ_300/link/vivado/vpl/prj/prj.gen/my_rm/bd/ulp/ip/ulp_ulp_ucs_0/bd_0/ip/ip_59/bd_22c0_clkwiz_aclk_kernel_00_0_board.xdc] for cell 'level0_i/ulp/ulp_ucs/inst/aclk_kernel_00_hierarchy/clkwiz_aclk_kernel_00/inst'
Parsing XDC File [/home/miahafiz/NeuroRing_a_sudoku_v2/_x.hw.NUM_4096.CORE_10.FREQ_300/link/vivado/vpl/prj/prj.gen/my_rm/bd/ulp/ip/ulp_ulp_ucs_0/bd_0/ip/ip_59/bd_22c0_clkwiz_aclk_kernel_00_0.xdc] for cell 'level0_i/ulp/ulp_ucs/inst/aclk_kernel_00_hierarchy/clkwiz_aclk_kernel_00/inst'
Finished Parsing XDC File [/home/miahafiz/NeuroRing_a_sudoku_v2/_x.hw.NUM_4096.CORE_10.FREQ_300/link/vivado/vpl/prj/prj.gen/my_rm/bd/ulp/ip/ulp_ulp_ucs_0/bd_0/ip/ip_59/bd_22c0_clkwiz_aclk_kernel_00_0.xdc] for cell 'level0_i/ulp/ulp_ucs/inst/aclk_kernel_00_hierarchy/clkwiz_aclk_kernel_00/inst'
Parsing XDC File [/home/miahafiz/NeuroRing_a_sudoku_v2/_x.hw.NUM_4096.CORE_10.FREQ_300/link/vivado/vpl/prj/prj.gen/my_rm/bd/ulp/ip/ulp_ulp_ucs_0/bd_0/ip/ip_74/bd_22c0_psreset_kernel_00_0_board.xdc] for cell 'level0_i/ulp/ulp_ucs/inst/aclk_kernel_00_hierarchy/psreset_kernel_00/U0'
Finished Parsing XDC File [/home/miahafiz/NeuroRing_a_sudoku_v2/_x.hw.NUM_4096.CORE_10.FREQ_300/link/vivado/vpl/prj/prj.gen/my_rm/bd/ulp/ip/ulp_ulp_ucs_0/bd_0/ip/ip_74/bd_22c0_psreset_kernel_00_0_board.xdc] for cell 'level0_i/ulp/ulp_ucs/inst/aclk_kernel_00_hierarchy/psreset_kernel_00/U0'
Parsing XDC File [/home/miahafiz/NeuroRing_a_sudoku_v2/_x.hw.NUM_4096.CORE_10.FREQ_300/link/vivado/vpl/prj/prj.gen/my_rm/bd/ulp/ip/ulp_ulp_ucs_0/bd_0/ip/ip_77/bd_22c0_clkwiz_aclk_kernel_01_0_board.xdc] for cell 'level0_i/ulp/ulp_ucs/inst/aclk_kernel_01_hierarchy/clkwiz_aclk_kernel_01/inst'
Finished Parsing XDC File [/home/miahafiz/NeuroRing_a_sudoku_v2/_x.hw.NUM_4096.CORE_10.FREQ_300/link/vivado/vpl/prj/prj.gen/my_rm/bd/ulp/ip/ulp_ulp_ucs_0/bd_0/ip/ip_77/bd_22c0_clkwiz_aclk_kernel_01_0_board.xdc] for cell 'level0_i/ulp/ulp_ucs/inst/aclk_kernel_01_hierarchy/clkwiz_aclk_kernel_01/inst'
Parsing XDC File [/home/miahafiz/NeuroRing_a_sudoku_v2/_x.hw.NUM_4096.CORE_10.FREQ_300/link/vivado/vpl/prj/prj.gen/my_rm/bd/ulp/ip/ulp_ulp_ucs_0/bd_0/ip/ip_77/bd_22c0_clkwiz_aclk_kernel_01_0.xdc] for cell 'level0_i/ulp/ulp_ucs/inst/aclk_kernel_01_hierarchy/clkwiz_aclk_kernel_01/inst'
Finished Parsing XDC File [/home/miahafiz/NeuroRing_a_sudoku_v2/_x.hw.NUM_4096.CORE_10.FREQ_300/link/vivado/vpl/prj/prj.gen/my_rm/bd/ulp/ip/ulp_ulp_ucs_0/bd_0/ip/ip_77/bd_22c0_clkwiz_aclk_kernel_01_0.xdc] for cell 'level0_i/ulp/ulp_ucs/inst/aclk_kernel_01_hierarchy/clkwiz_aclk_kernel_01/inst'
Parsing XDC File [/home/miahafiz/NeuroRing_a_sudoku_v2/_x.hw.NUM_4096.CORE_10.FREQ_300/link/vivado/vpl/prj/prj.gen/my_rm/bd/ulp/ip/ulp_ulp_ucs_0/bd_0/ip/ip_92/bd_22c0_psreset_kernel_01_0_board.xdc] for cell 'level0_i/ulp/ulp_ucs/inst/aclk_kernel_01_hierarchy/psreset_kernel_01/U0'
Finished Parsing XDC File [/home/miahafiz/NeuroRing_a_sudoku_v2/_x.hw.NUM_4096.CORE_10.FREQ_300/link/vivado/vpl/prj/prj.gen/my_rm/bd/ulp/ip/ulp_ulp_ucs_0/bd_0/ip/ip_92/bd_22c0_psreset_kernel_01_0_board.xdc] for cell 'level0_i/ulp/ulp_ucs/inst/aclk_kernel_01_hierarchy/psreset_kernel_01/U0'
Parsing XDC File [/home/miahafiz/NeuroRing_a_sudoku_v2/_x.hw.NUM_4096.CORE_10.FREQ_300/link/vivado/vpl/prj/prj.gen/my_rm/bd/ulp/ip/ulp_proc_sys_reset_ctrl_slr0_0/ulp_proc_sys_reset_ctrl_slr0_0_board.xdc] for cell 'level0_i/ulp/proc_sys_reset_ctrl_slr0/U0'
Finished Parsing XDC File [/home/miahafiz/NeuroRing_a_sudoku_v2/_x.hw.NUM_4096.CORE_10.FREQ_300/link/vivado/vpl/prj/prj.gen/my_rm/bd/ulp/ip/ulp_proc_sys_reset_ctrl_slr0_0/ulp_proc_sys_reset_ctrl_slr0_0_board.xdc] for cell 'level0_i/ulp/proc_sys_reset_ctrl_slr0/U0'
Parsing XDC File [/home/miahafiz/NeuroRing_a_sudoku_v2/_x.hw.NUM_4096.CORE_10.FREQ_300/link/vivado/vpl/prj/prj.gen/my_rm/bd/ulp/ip/ulp_proc_sys_reset_ctrl_slr1_0/ulp_proc_sys_reset_ctrl_slr1_0_board.xdc] for cell 'level0_i/ulp/proc_sys_reset_ctrl_slr1/U0'
Finished Parsing XDC File [/home/miahafiz/NeuroRing_a_sudoku_v2/_x.hw.NUM_4096.CORE_10.FREQ_300/link/vivado/vpl/prj/prj.gen/my_rm/bd/ulp/ip/ulp_proc_sys_reset_ctrl_slr1_0/ulp_proc_sys_reset_ctrl_slr1_0_board.xdc] for cell 'level0_i/ulp/proc_sys_reset_ctrl_slr1/U0'
Parsing XDC File [/home/miahafiz/NeuroRing_a_sudoku_v2/_x.hw.NUM_4096.CORE_10.FREQ_300/link/vivado/vpl/prj/prj.gen/my_rm/bd/ulp/ip/ulp_proc_sys_reset_ctrl_slr2_0/ulp_proc_sys_reset_ctrl_slr2_0_board.xdc] for cell 'level0_i/ulp/proc_sys_reset_ctrl_slr2/U0'
Finished Parsing XDC File [/home/miahafiz/NeuroRing_a_sudoku_v2/_x.hw.NUM_4096.CORE_10.FREQ_300/link/vivado/vpl/prj/prj.gen/my_rm/bd/ulp/ip/ulp_proc_sys_reset_ctrl_slr2_0/ulp_proc_sys_reset_ctrl_slr2_0_board.xdc] for cell 'level0_i/ulp/proc_sys_reset_ctrl_slr2/U0'
Parsing XDC File [/home/miahafiz/NeuroRing_a_sudoku_v2/_x.hw.NUM_4096.CORE_10.FREQ_300/link/vivado/vpl/prj/prj.gen/my_rm/bd/ulp/ip/ulp_proc_sys_reset_kernel_slr0_0/ulp_proc_sys_reset_kernel_slr0_0_board.xdc] for cell 'level0_i/ulp/proc_sys_reset_kernel_slr0/U0'
Finished Parsing XDC File [/home/miahafiz/NeuroRing_a_sudoku_v2/_x.hw.NUM_4096.CORE_10.FREQ_300/link/vivado/vpl/prj/prj.gen/my_rm/bd/ulp/ip/ulp_proc_sys_reset_kernel_slr0_0/ulp_proc_sys_reset_kernel_slr0_0_board.xdc] for cell 'level0_i/ulp/proc_sys_reset_kernel_slr0/U0'
Parsing XDC File [/home/miahafiz/NeuroRing_a_sudoku_v2/_x.hw.NUM_4096.CORE_10.FREQ_300/link/vivado/vpl/prj/prj.gen/my_rm/bd/ulp/ip/ulp_proc_sys_reset_kernel_slr1_0/ulp_proc_sys_reset_kernel_slr1_0_board.xdc] for cell 'level0_i/ulp/proc_sys_reset_kernel_slr1/U0'
Finished Parsing XDC File [/home/miahafiz/NeuroRing_a_sudoku_v2/_x.hw.NUM_4096.CORE_10.FREQ_300/link/vivado/vpl/prj/prj.gen/my_rm/bd/ulp/ip/ulp_proc_sys_reset_kernel_slr1_0/ulp_proc_sys_reset_kernel_slr1_0_board.xdc] for cell 'level0_i/ulp/proc_sys_reset_kernel_slr1/U0'
Parsing XDC File [/home/miahafiz/NeuroRing_a_sudoku_v2/_x.hw.NUM_4096.CORE_10.FREQ_300/link/vivado/vpl/prj/prj.gen/my_rm/bd/ulp/ip/ulp_proc_sys_reset_kernel_slr2_0/ulp_proc_sys_reset_kernel_slr2_0_board.xdc] for cell 'level0_i/ulp/proc_sys_reset_kernel_slr2/U0'
Finished Parsing XDC File [/home/miahafiz/NeuroRing_a_sudoku_v2/_x.hw.NUM_4096.CORE_10.FREQ_300/link/vivado/vpl/prj/prj.gen/my_rm/bd/ulp/ip/ulp_proc_sys_reset_kernel_slr2_0/ulp_proc_sys_reset_kernel_slr2_0_board.xdc] for cell 'level0_i/ulp/proc_sys_reset_kernel_slr2/U0'
Parsing XDC File [/home/miahafiz/NeuroRing_a_sudoku_v2/_x.hw.NUM_4096.CORE_10.FREQ_300/link/vivado/vpl/prj/prj.gen/my_rm/bd/ulp/ip/ulp_proc_sys_reset_kernel2_slr0_0/ulp_proc_sys_reset_kernel2_slr0_0_board.xdc] for cell 'level0_i/ulp/proc_sys_reset_kernel2_slr0/U0'
Finished Parsing XDC File [/home/miahafiz/NeuroRing_a_sudoku_v2/_x.hw.NUM_4096.CORE_10.FREQ_300/link/vivado/vpl/prj/prj.gen/my_rm/bd/ulp/ip/ulp_proc_sys_reset_kernel2_slr0_0/ulp_proc_sys_reset_kernel2_slr0_0_board.xdc] for cell 'level0_i/ulp/proc_sys_reset_kernel2_slr0/U0'
Parsing XDC File [/home/miahafiz/NeuroRing_a_sudoku_v2/_x.hw.NUM_4096.CORE_10.FREQ_300/link/vivado/vpl/prj/prj.gen/my_rm/bd/ulp/ip/ulp_proc_sys_reset_kernel2_slr1_0/ulp_proc_sys_reset_kernel2_slr1_0_board.xdc] for cell 'level0_i/ulp/proc_sys_reset_kernel2_slr1/U0'
Finished Parsing XDC File [/home/miahafiz/NeuroRing_a_sudoku_v2/_x.hw.NUM_4096.CORE_10.FREQ_300/link/vivado/vpl/prj/prj.gen/my_rm/bd/ulp/ip/ulp_proc_sys_reset_kernel2_slr1_0/ulp_proc_sys_reset_kernel2_slr1_0_board.xdc] for cell 'level0_i/ulp/proc_sys_reset_kernel2_slr1/U0'
Parsing XDC File [/home/miahafiz/NeuroRing_a_sudoku_v2/_x.hw.NUM_4096.CORE_10.FREQ_300/link/vivado/vpl/prj/prj.gen/my_rm/bd/ulp/ip/ulp_proc_sys_reset_kernel2_slr2_0/ulp_proc_sys_reset_kernel2_slr2_0_board.xdc] for cell 'level0_i/ulp/proc_sys_reset_kernel2_slr2/U0'
Finished Parsing XDC File [/home/miahafiz/NeuroRing_a_sudoku_v2/_x.hw.NUM_4096.CORE_10.FREQ_300/link/vivado/vpl/prj/prj.gen/my_rm/bd/ulp/ip/ulp_proc_sys_reset_kernel2_slr2_0/ulp_proc_sys_reset_kernel2_slr2_0_board.xdc] for cell 'level0_i/ulp/proc_sys_reset_kernel2_slr2/U0'
Parsing XDC File [/home/miahafiz/NeuroRing_a_sudoku_v2/_x.hw.NUM_4096.CORE_10.FREQ_300/link/vivado/vpl/prj/prj.gen/my_rm/bd/ulp/ip/ulp_proc_sys_reset_freerun_slr0_0/ulp_proc_sys_reset_freerun_slr0_0_board.xdc] for cell 'level0_i/ulp/proc_sys_reset_freerun_slr0/U0'
Finished Parsing XDC File [/home/miahafiz/NeuroRing_a_sudoku_v2/_x.hw.NUM_4096.CORE_10.FREQ_300/link/vivado/vpl/prj/prj.gen/my_rm/bd/ulp/ip/ulp_proc_sys_reset_freerun_slr0_0/ulp_proc_sys_reset_freerun_slr0_0_board.xdc] for cell 'level0_i/ulp/proc_sys_reset_freerun_slr0/U0'
Parsing XDC File [/home/miahafiz/NeuroRing_a_sudoku_v2/_x.hw.NUM_4096.CORE_10.FREQ_300/link/vivado/vpl/prj/prj.gen/my_rm/bd/ulp/ip/ulp_proc_sys_reset_freerun_slr1_0/ulp_proc_sys_reset_freerun_slr1_0_board.xdc] for cell 'level0_i/ulp/proc_sys_reset_freerun_slr1/U0'
Finished Parsing XDC File [/home/miahafiz/NeuroRing_a_sudoku_v2/_x.hw.NUM_4096.CORE_10.FREQ_300/link/vivado/vpl/prj/prj.gen/my_rm/bd/ulp/ip/ulp_proc_sys_reset_freerun_slr1_0/ulp_proc_sys_reset_freerun_slr1_0_board.xdc] for cell 'level0_i/ulp/proc_sys_reset_freerun_slr1/U0'
Parsing XDC File [/home/miahafiz/NeuroRing_a_sudoku_v2/_x.hw.NUM_4096.CORE_10.FREQ_300/link/vivado/vpl/prj/prj.gen/my_rm/bd/ulp/ip/ulp_proc_sys_reset_freerun_slr2_0/ulp_proc_sys_reset_freerun_slr2_0_board.xdc] for cell 'level0_i/ulp/proc_sys_reset_freerun_slr2/U0'
Finished Parsing XDC File [/home/miahafiz/NeuroRing_a_sudoku_v2/_x.hw.NUM_4096.CORE_10.FREQ_300/link/vivado/vpl/prj/prj.gen/my_rm/bd/ulp/ip/ulp_proc_sys_reset_freerun_slr2_0/ulp_proc_sys_reset_freerun_slr2_0_board.xdc] for cell 'level0_i/ulp/proc_sys_reset_freerun_slr2/U0'
Parsing XDC File [/home/miahafiz/NeuroRing_a_sudoku_v2/_x.hw.NUM_4096.CORE_10.FREQ_300/link/vivado/vpl/prj/prj.gen/my_rm/bd/ulp/ip/ulp_axi_gpio_null_0/ulp_axi_gpio_null_0_board.xdc] for cell 'level0_i/ulp/SLR0/axi_gpio_null/U0'
Finished Parsing XDC File [/home/miahafiz/NeuroRing_a_sudoku_v2/_x.hw.NUM_4096.CORE_10.FREQ_300/link/vivado/vpl/prj/prj.gen/my_rm/bd/ulp/ip/ulp_axi_gpio_null_0/ulp_axi_gpio_null_0_board.xdc] for cell 'level0_i/ulp/SLR0/axi_gpio_null/U0'
Parsing XDC File [/home/miahafiz/NeuroRing_a_sudoku_v2/_x.hw.NUM_4096.CORE_10.FREQ_300/link/vivado/vpl/prj/prj.gen/my_rm/bd/ulp/ip/ulp_axi_gpio_null_1/ulp_axi_gpio_null_1_board.xdc] for cell 'level0_i/ulp/SLR1/axi_gpio_null/U0'
Finished Parsing XDC File [/home/miahafiz/NeuroRing_a_sudoku_v2/_x.hw.NUM_4096.CORE_10.FREQ_300/link/vivado/vpl/prj/prj.gen/my_rm/bd/ulp/ip/ulp_axi_gpio_null_1/ulp_axi_gpio_null_1_board.xdc] for cell 'level0_i/ulp/SLR1/axi_gpio_null/U0'
Parsing XDC File [/home/miahafiz/NeuroRing_a_sudoku_v2/_x.hw.NUM_4096.CORE_10.FREQ_300/link/vivado/vpl/prj/prj.gen/my_rm/bd/ulp/ip/ulp_axi_gpio_null_2/ulp_axi_gpio_null_2_board.xdc] for cell 'level0_i/ulp/SLR2/axi_gpio_null/U0'
Finished Parsing XDC File [/home/miahafiz/NeuroRing_a_sudoku_v2/_x.hw.NUM_4096.CORE_10.FREQ_300/link/vivado/vpl/prj/prj.gen/my_rm/bd/ulp/ip/ulp_axi_gpio_null_2/ulp_axi_gpio_null_2_board.xdc] for cell 'level0_i/ulp/SLR2/axi_gpio_null/U0'
Parsing XDC File [/home/miahafiz/NeuroRing_a_sudoku_v2/_x.hw.NUM_4096.CORE_10.FREQ_300/link/vivado/vpl/.local/hw_platform/hw_bb_locked/level0_wrapper_board.xdc]
Finished Parsing XDC File [/home/miahafiz/NeuroRing_a_sudoku_v2/_x.hw.NUM_4096.CORE_10.FREQ_300/link/vivado/vpl/.local/hw_platform/hw_bb_locked/level0_wrapper_board.xdc]
Parsing XDC File [/home/miahafiz/NeuroRing_a_sudoku_v2/_x.hw.NUM_4096.CORE_10.FREQ_300/link/vivado/vpl/.local/hw_platform/hw_bb_locked/level0_wrapper_early.xdc]
INFO: [Constraints 18-4422] SNAPPING_MODE is set so implementation will use the DERIVED_RANGES which may be different then the GRID_RANGES. [impl.alt.pblocks.xdc:174]
add_cells_to_pblock: Time (s): cpu = 00:00:06 ; elapsed = 00:00:06 . Memory (MB): peak = 5028.848 ; gain = 48.555 ; free physical = 103755 ; free virtual = 178945
INFO: [Constraints 18-4421] A LAGUNA range, without usable sites, was added to DERIVED_RANGES for purposes of keeping the Programmable Unit together within the reconfigurable pblock. [impl.alt.pblocks.xdc:174]
WARNING: [Vivado 12-4417] Setting CLOCK_DELAY_GROUP on net 'level0_i/blp/blp_i/ss_hif/inst/pcie/inst/bd_39ab_pcie_0_gt_top_i/diablo_gt.diablo_gt_phy_wrapper/gt_wizard.gtwizard_top_i/bd_39ab_pcie_0_gt_i/inst/gen_gtwizard_gtye4_top.bd_39ab_pcie_0_gt_gtwizard_gtye4_inst/gen_gtwizard_gtye4.gen_channel_container[24].gen_enabled_channel.gtye4_channel_wrapper_inst/channel_inst/GTYE4_CHANNEL_TXOUTCLK[0]' which is not driven by a global clock buffer. The resulting constraint will not have the desired effect. [ip_pcie4c_uscale_plus_x1y0.xdc:196]
WARNING: [Vivado 12-4417] Setting CLOCK_DELAY_GROUP on net 'level0_i/blp/blp_i/ss_hif/inst/pcie/inst/bd_39ab_pcie_0_gt_top_i/diablo_gt.diablo_gt_phy_wrapper/gt_wizard.gtwizard_top_i/bd_39ab_pcie_0_gt_i/inst/gen_gtwizard_gtye4_top.bd_39ab_pcie_0_gt_gtwizard_gtye4_inst/gen_gtwizard_gtye4.gen_channel_container[24].gen_enabled_channel.gtye4_channel_wrapper_inst/channel_inst/GTYE4_CHANNEL_TXOUTCLK[1]' which is not driven by a global clock buffer. The resulting constraint will not have the desired effect. [ip_pcie4c_uscale_plus_x1y0.xdc:196]
WARNING: [Vivado 12-4417] Setting CLOCK_DELAY_GROUP on net 'level0_i/blp/blp_i/ss_hif/inst/pcie/inst/bd_39ab_pcie_0_gt_top_i/diablo_gt.diablo_gt_phy_wrapper/gt_wizard.gtwizard_top_i/bd_39ab_pcie_0_gt_i/inst/gen_gtwizard_gtye4_top.bd_39ab_pcie_0_gt_gtwizard_gtye4_inst/gen_gtwizard_gtye4.gen_channel_container[24].gen_enabled_channel.gtye4_channel_wrapper_inst/channel_inst/GTYE4_CHANNEL_TXOUTCLK[2]' which is not driven by a global clock buffer. The resulting constraint will not have the desired effect. [ip_pcie4c_uscale_plus_x1y0.xdc:196]
WARNING: [Vivado 12-4417] Setting CLOCK_DELAY_GROUP on net 'level0_i/blp/blp_i/ss_hif/inst/pcie/inst/bd_39ab_pcie_0_gt_top_i/diablo_gt.diablo_gt_phy_wrapper/gt_wizard.gtwizard_top_i/bd_39ab_pcie_0_gt_i/inst/gen_gtwizard_gtye4_top.bd_39ab_pcie_0_gt_gtwizard_gtye4_inst/gen_gtwizard_gtye4.gen_channel_container[24].gen_enabled_channel.gtye4_channel_wrapper_inst/channel_inst/GTYE4_CHANNEL_TXOUTCLK[3]' which is not driven by a global clock buffer. The resulting constraint will not have the desired effect. [ip_pcie4c_uscale_plus_x1y0.xdc:196]
WARNING: [Vivado 12-4417] Setting CLOCK_DELAY_GROUP on net 'level0_i/blp/blp_i/ss_hif/inst/pcie/inst/bd_39ab_pcie_0_gt_top_i/diablo_gt.diablo_gt_phy_wrapper/gt_wizard.gtwizard_top_i/bd_39ab_pcie_0_gt_i/inst/gen_gtwizard_gtye4_top.bd_39ab_pcie_0_gt_gtwizard_gtye4_inst/gen_gtwizard_gtye4.gen_channel_container[25].gen_enabled_channel.gtye4_channel_wrapper_inst/channel_inst/GTYE4_CHANNEL_TXOUTCLK[0]' which is not driven by a global clock buffer. The resulting constraint will not have the desired effect. [ip_pcie4c_uscale_plus_x1y0.xdc:196]
WARNING: [Vivado 12-4417] Setting CLOCK_DELAY_GROUP on net 'level0_i/blp/blp_i/ss_hif/inst/pcie/inst/bd_39ab_pcie_0_gt_top_i/diablo_gt.diablo_gt_phy_wrapper/gt_wizard.gtwizard_top_i/bd_39ab_pcie_0_gt_i/inst/gen_gtwizard_gtye4_top.bd_39ab_pcie_0_gt_gtwizard_gtye4_inst/gen_gtwizard_gtye4.gen_channel_container[25].gen_enabled_channel.gtye4_channel_wrapper_inst/channel_inst/GTYE4_CHANNEL_TXOUTCLK[1]' which is not driven by a global clock buffer. The resulting constraint will not have the desired effect. [ip_pcie4c_uscale_plus_x1y0.xdc:196]
WARNING: [Vivado 12-4417] Setting CLOCK_DELAY_GROUP on net 'level0_i/blp/blp_i/ss_hif/inst/pcie/inst/bd_39ab_pcie_0_gt_top_i/diablo_gt.diablo_gt_phy_wrapper/gt_wizard.gtwizard_top_i/bd_39ab_pcie_0_gt_i/inst/gen_gtwizard_gtye4_top.bd_39ab_pcie_0_gt_gtwizard_gtye4_inst/gen_gtwizard_gtye4.gen_channel_container[25].gen_enabled_channel.gtye4_channel_wrapper_inst/channel_inst/GTYE4_CHANNEL_TXOUTCLK[2]' which is not driven by a global clock buffer. The resulting constraint will not have the desired effect. [ip_pcie4c_uscale_plus_x1y0.xdc:196]
WARNING: [Vivado 12-4417] Setting CLOCK_DELAY_GROUP on net 'level0_i/blp/blp_i/ss_hif/inst/pcie/inst/bd_39ab_pcie_0_gt_top_i/diablo_gt.diablo_gt_phy_wrapper/gt_wizard.gtwizard_top_i/bd_39ab_pcie_0_gt_i/inst/gen_gtwizard_gtye4_top.bd_39ab_pcie_0_gt_gtwizard_gtye4_inst/gen_gtwizard_gtye4.gen_channel_container[25].gen_enabled_channel.gtye4_channel_wrapper_inst/channel_inst/GTYE4_CHANNEL_TXOUTCLK[3]' which is not driven by a global clock buffer. The resulting constraint will not have the desired effect. [ip_pcie4c_uscale_plus_x1y0.xdc:196]
WARNING: [Vivado 12-4417] Setting CLOCK_DELAY_GROUP on net 'level0_i/blp/blp_i/ss_hif/inst/pcie/inst/bd_39ab_pcie_0_gt_top_i/diablo_gt.diablo_gt_phy_wrapper/gt_wizard.gtwizard_top_i/bd_39ab_pcie_0_gt_i/inst/gen_gtwizard_gtye4_top.bd_39ab_pcie_0_gt_gtwizard_gtye4_inst/gen_gtwizard_gtye4.gen_channel_container[26].gen_enabled_channel.gtye4_channel_wrapper_inst/channel_inst/GTYE4_CHANNEL_TXOUTCLK[0]' which is not driven by a global clock buffer. The resulting constraint will not have the desired effect. [ip_pcie4c_uscale_plus_x1y0.xdc:196]
WARNING: [Vivado 12-4417] Setting CLOCK_DELAY_GROUP on net 'level0_i/blp/blp_i/ss_hif/inst/pcie/inst/bd_39ab_pcie_0_gt_top_i/diablo_gt.diablo_gt_phy_wrapper/gt_wizard.gtwizard_top_i/bd_39ab_pcie_0_gt_i/inst/gen_gtwizard_gtye4_top.bd_39ab_pcie_0_gt_gtwizard_gtye4_inst/gen_gtwizard_gtye4.gen_channel_container[26].gen_enabled_channel.gtye4_channel_wrapper_inst/channel_inst/GTYE4_CHANNEL_TXOUTCLK[1]' which is not driven by a global clock buffer. The resulting constraint will not have the desired effect. [ip_pcie4c_uscale_plus_x1y0.xdc:196]
WARNING: [Vivado 12-4417] Setting CLOCK_DELAY_GROUP on net 'level0_i/blp/blp_i/ss_hif/inst/pcie/inst/bd_39ab_pcie_0_gt_top_i/diablo_gt.diablo_gt_phy_wrapper/gt_wizard.gtwizard_top_i/bd_39ab_pcie_0_gt_i/inst/gen_gtwizard_gtye4_top.bd_39ab_pcie_0_gt_gtwizard_gtye4_inst/gen_gtwizard_gtye4.gen_channel_container[26].gen_enabled_channel.gtye4_channel_wrapper_inst/channel_inst/GTYE4_CHANNEL_TXOUTCLK[2]' which is not driven by a global clock buffer. The resulting constraint will not have the desired effect. [ip_pcie4c_uscale_plus_x1y0.xdc:196]
WARNING: [Vivado 12-4417] Setting CLOCK_DELAY_GROUP on net 'level0_i/blp/blp_i/ss_hif/inst/pcie/inst/bd_39ab_pcie_0_gt_top_i/diablo_gt.diablo_gt_phy_wrapper/gt_wizard.gtwizard_top_i/bd_39ab_pcie_0_gt_i/inst/gen_gtwizard_gtye4_top.bd_39ab_pcie_0_gt_gtwizard_gtye4_inst/gen_gtwizard_gtye4.gen_channel_container[26].gen_enabled_channel.gtye4_channel_wrapper_inst/channel_inst/GTYE4_CHANNEL_TXOUTCLK[3]' which is not driven by a global clock buffer. The resulting constraint will not have the desired effect. [ip_pcie4c_uscale_plus_x1y0.xdc:196]
WARNING: [Vivado 12-4417] Setting CLOCK_DELAY_GROUP on net 'level0_i/blp/blp_i/ss_hif/inst/pcie/inst/bd_39ab_pcie_0_gt_top_i/diablo_gt.diablo_gt_phy_wrapper/gt_wizard.gtwizard_top_i/bd_39ab_pcie_0_gt_i/inst/gen_gtwizard_gtye4_top.bd_39ab_pcie_0_gt_gtwizard_gtye4_inst/gen_gtwizard_gtye4.gen_channel_container[27].gen_enabled_channel.gtye4_channel_wrapper_inst/channel_inst/GTYE4_CHANNEL_TXOUTCLK[0]' which is not driven by a global clock buffer. The resulting constraint will not have the desired effect. [ip_pcie4c_uscale_plus_x1y0.xdc:196]
WARNING: [Vivado 12-4417] Setting CLOCK_DELAY_GROUP on net 'level0_i/blp/blp_i/ss_hif/inst/pcie/inst/bd_39ab_pcie_0_gt_top_i/diablo_gt.diablo_gt_phy_wrapper/gt_wizard.gtwizard_top_i/bd_39ab_pcie_0_gt_i/inst/gen_gtwizard_gtye4_top.bd_39ab_pcie_0_gt_gtwizard_gtye4_inst/gen_gtwizard_gtye4.gen_channel_container[27].gen_enabled_channel.gtye4_channel_wrapper_inst/channel_inst/GTYE4_CHANNEL_TXOUTCLK[1]' which is not driven by a global clock buffer. The resulting constraint will not have the desired effect. [ip_pcie4c_uscale_plus_x1y0.xdc:196]
WARNING: [Vivado 12-4417] Setting CLOCK_DELAY_GROUP on net 'level0_i/blp/blp_i/ss_hif/inst/pcie/inst/bd_39ab_pcie_0_gt_top_i/diablo_gt.diablo_gt_phy_wrapper/gt_wizard.gtwizard_top_i/bd_39ab_pcie_0_gt_i/inst/gen_gtwizard_gtye4_top.bd_39ab_pcie_0_gt_gtwizard_gtye4_inst/gen_gtwizard_gtye4.gen_channel_container[27].gen_enabled_channel.gtye4_channel_wrapper_inst/channel_inst/GTYE4_CHANNEL_TXOUTCLK[2]' which is not driven by a global clock buffer. The resulting constraint will not have the desired effect. [ip_pcie4c_uscale_plus_x1y0.xdc:196]
WARNING: [Vivado 12-4417] Setting CLOCK_DELAY_GROUP on net 'level0_i/blp/blp_i/ss_hif/inst/pcie/inst/bd_39ab_pcie_0_gt_top_i/diablo_gt.diablo_gt_phy_wrapper/gt_wizard.gtwizard_top_i/bd_39ab_pcie_0_gt_i/inst/gen_gtwizard_gtye4_top.bd_39ab_pcie_0_gt_gtwizard_gtye4_inst/gen_gtwizard_gtye4.gen_channel_container[27].gen_enabled_channel.gtye4_channel_wrapper_inst/channel_inst/GTYE4_CHANNEL_TXOUTCLK[3]' which is not driven by a global clock buffer. The resulting constraint will not have the desired effect. [ip_pcie4c_uscale_plus_x1y0.xdc:196]
INFO: [Power 33-23] Power model is not available for STARTUP_8SERIES_GEN.STARTUP3_8SERIES_inst [ip_pcie4c_uscale_plus_x1y0.xdc:225]
WARNING: [Timing 38-172] LUT was found on clock network. Both rising/falling clock edges are propagated from LUT output pin. Use set_clock_sense to specify if that clock should be inverted or not. e.g. set_clock_sense -positive/-negative level0_i/blp/blp_i/ss_cmp/inst/mgmt_debug_bridge/inst/bs_mux/inst/drck_INST_0/O [ip_pcie4c_uscale_plus_x1y0.xdc:225]
WARNING: [Timing 38-172] LUT was found on clock network. Both rising/falling clock edges are propagated from LUT output pin. Use set_clock_sense to specify if that clock should be inverted or not. e.g. set_clock_sense -positive/-negative level0_i/blp/blp_i/ss_cmp/inst/mgmt_debug_bridge/inst/bs_mux/inst/update_INST_0/O [ip_pcie4c_uscale_plus_x1y0.xdc:225]
set_switching_activity: Time (s): cpu = 00:02:07 ; elapsed = 00:00:42 . Memory (MB): peak = 8031.000 ; gain = 1452.055 ; free physical = 101851 ; free virtual = 177053
WARNING: [Vivado_Tcl 4-2057] Waiver ID 'DPIP-2' object list specifies likely unusable hierarchical instance 'level0_i/blp/blp_i/ss_cmc/inst/microblaze_cmc/U0/MicroBlaze_Core_I/Performance.Core/Data_Flow_I/MUL_Unit_I/Use_HW_MUL.Using_DSP48_Architectures.Doing_mul64.Virtex_MUL64.dsp_module_I2/Using_DSP48E1.DSP48E1_I1'. [bd_c91f_microblaze_cmc_0.xdc:8]
WARNING: [Vivado_Tcl 4-2057] Waiver ID 'DPIP-2' object list specifies likely unusable hierarchical instance 'level0_i/blp/blp_i/ss_cmc/inst/microblaze_cmc/U0/MicroBlaze_Core_I/Performance.Core/Data_Flow_I/MUL_Unit_I/Use_HW_MUL.Using_DSP48_Architectures.Doing_mul64.Virtex_MUL64.dsp_module_I3/Using_DSP48E1.DSP48E1_I1'. [bd_c91f_microblaze_cmc_0.xdc:8]
WARNING: [Vivado_Tcl 4-2057] Waiver ID 'DPIP-2' object list specifies likely unusable hierarchical instance 'level0_i/blp/blp_i/ss_cmc/inst/microblaze_cmc/U0/MicroBlaze_Core_I/Performance.Core/Data_Flow_I/MUL_Unit_I/Use_HW_MUL.Using_DSP48_Architectures.Doing_mul64.Virtex_MUL64.dsp_module_I4/Using_DSP48E1.DSP48E1_I1'. [bd_c91f_microblaze_cmc_0.xdc:8]
WARNING: [Vivado_Tcl 4-2057] Waiver ID 'DPIP-2' object list specifies likely unusable hierarchical instance 'level0_i/blp/blp_i/ss_cmc/inst/microblaze_cmc/U0/MicroBlaze_Core_I/Performance.Core/Data_Flow_I/MUL_Unit_I/Use_HW_MUL.Using_DSP48_Architectures.dsp_module_I1/Using_DSP48E1.DSP48E1_I1'. [bd_c91f_microblaze_cmc_0.xdc:8]
WARNING: [Vivado_Tcl 4-2057] Waiver ID 'DPIP-2' object list specifies likely unusable hierarchical instance 'level0_i/blp/blp_i/ss_cmc/inst/microblaze_cmc/U0/MicroBlaze_Core_I/Performance.Core/Data_Flow_I/MUL_Unit_I/Use_HW_MUL.Using_DSP48_Architectures.Doing_mul64.Virtex_MUL64.dsp_module_I2/Using_DSP48E1.DSP48E1_I1'. [bd_c91f_microblaze_cmc_0.xdc:11]
WARNING: [Vivado_Tcl 4-2057] Waiver ID 'DPIP-2' object list specifies likely unusable hierarchical instance 'level0_i/blp/blp_i/ss_cmc/inst/microblaze_cmc/U0/MicroBlaze_Core_I/Performance.Core/Data_Flow_I/MUL_Unit_I/Use_HW_MUL.Using_DSP48_Architectures.Doing_mul64.Virtex_MUL64.dsp_module_I3/Using_DSP48E1.DSP48E1_I1'. [bd_c91f_microblaze_cmc_0.xdc:11]
WARNING: [Vivado_Tcl 4-2057] Waiver ID 'DPIP-2' object list specifies likely unusable hierarchical instance 'level0_i/blp/blp_i/ss_cmc/inst/microblaze_cmc/U0/MicroBlaze_Core_I/Performance.Core/Data_Flow_I/MUL_Unit_I/Use_HW_MUL.Using_DSP48_Architectures.Doing_mul64.Virtex_MUL64.dsp_module_I4/Using_DSP48E1.DSP48E1_I1'. [bd_c91f_microblaze_cmc_0.xdc:11]
WARNING: [Vivado_Tcl 4-2057] Waiver ID 'DPIP-2' object list specifies likely unusable hierarchical instance 'level0_i/blp/blp_i/ss_cmc/inst/microblaze_cmc/U0/MicroBlaze_Core_I/Performance.Core/Data_Flow_I/MUL_Unit_I/Use_HW_MUL.Using_DSP48_Architectures.dsp_module_I1/Using_DSP48E1.DSP48E1_I1'. [bd_c91f_microblaze_cmc_0.xdc:11]
WARNING: [Vivado_Tcl 4-2057] Waiver ID 'DPOP-3' object list specifies likely unusable hierarchical instance 'level0_i/blp/blp_i/ss_cmc/inst/microblaze_cmc/U0/MicroBlaze_Core_I/Performance.Core/Data_Flow_I/MUL_Unit_I/Use_HW_MUL.Using_DSP48_Architectures.Doing_mul64.Virtex_MUL64.dsp_module_I2/Using_DSP48E1.DSP48E1_I1'. [bd_c91f_microblaze_cmc_0.xdc:14]
WARNING: [Vivado_Tcl 4-2057] Waiver ID 'DPOP-3' object list specifies likely unusable hierarchical instance 'level0_i/blp/blp_i/ss_cmc/inst/microblaze_cmc/U0/MicroBlaze_Core_I/Performance.Core/Data_Flow_I/MUL_Unit_I/Use_HW_MUL.Using_DSP48_Architectures.Doing_mul64.Virtex_MUL64.dsp_module_I3/Using_DSP48E1.DSP48E1_I1'. [bd_c91f_microblaze_cmc_0.xdc:14]
WARNING: [Vivado_Tcl 4-2057] Waiver ID 'DPOP-3' object list specifies likely unusable hierarchical instance 'level0_i/blp/blp_i/ss_cmc/inst/microblaze_cmc/U0/MicroBlaze_Core_I/Performance.Core/Data_Flow_I/MUL_Unit_I/Use_HW_MUL.Using_DSP48_Architectures.Doing_mul64.Virtex_MUL64.dsp_module_I4/Using_DSP48E1.DSP48E1_I1'. [bd_c91f_microblaze_cmc_0.xdc:14]
WARNING: [Vivado_Tcl 4-2057] Waiver ID 'DPOP-3' object list specifies likely unusable hierarchical instance 'level0_i/blp/blp_i/ss_cmc/inst/microblaze_cmc/U0/MicroBlaze_Core_I/Performance.Core/Data_Flow_I/MUL_Unit_I/Use_HW_MUL.Using_DSP48_Architectures.dsp_module_I1/Using_DSP48E1.DSP48E1_I1'. [bd_c91f_microblaze_cmc_0.xdc:14]
WARNING: [Vivado_Tcl 4-2057] Waiver ID 'DPOP-3' object list specifies likely unusable hierarchical instance 'level0_i/blp/blp_i/ss_cmc/inst/microblaze_cmc/U0/MicroBlaze_Core_I/Performance.Core/Data_Flow_I/MUL_Unit_I/Use_HW_MUL.Using_DSP48_Architectures.Doing_mul64.Virtex_MUL64.dsp_module_I2/Using_DSP48E1.DSP48E1_I1'. [bd_c91f_microblaze_cmc_0.xdc:20]
WARNING: [Vivado_Tcl 4-2057] Waiver ID 'DPOP-3' object list specifies likely unusable hierarchical instance 'level0_i/blp/blp_i/ss_cmc/inst/microblaze_cmc/U0/MicroBlaze_Core_I/Performance.Core/Data_Flow_I/MUL_Unit_I/Use_HW_MUL.Using_DSP48_Architectures.Doing_mul64.Virtex_MUL64.dsp_module_I3/Using_DSP48E1.DSP48E1_I1'. [bd_c91f_microblaze_cmc_0.xdc:20]
WARNING: [Vivado_Tcl 4-2057] Waiver ID 'DPOP-3' object list specifies likely unusable hierarchical instance 'level0_i/blp/blp_i/ss_cmc/inst/microblaze_cmc/U0/MicroBlaze_Core_I/Performance.Core/Data_Flow_I/MUL_Unit_I/Use_HW_MUL.Using_DSP48_Architectures.Doing_mul64.Virtex_MUL64.dsp_module_I4/Using_DSP48E1.DSP48E1_I1'. [bd_c91f_microblaze_cmc_0.xdc:20]
WARNING: [Vivado_Tcl 4-2057] Waiver ID 'DPOP-3' object list specifies likely unusable hierarchical instance 'level0_i/blp/blp_i/ss_cmc/inst/microblaze_cmc/U0/MicroBlaze_Core_I/Performance.Core/Data_Flow_I/MUL_Unit_I/Use_HW_MUL.Using_DSP48_Architectures.dsp_module_I1/Using_DSP48E1.DSP48E1_I1'. [bd_c91f_microblaze_cmc_0.xdc:20]
WARNING: [Vivado_Tcl 4-2057] Waiver ID 'DPOP-4' object list specifies likely unusable hierarchical instance 'level0_i/blp/blp_i/ss_cmc/inst/microblaze_cmc/U0/MicroBlaze_Core_I/Performance.Core/Data_Flow_I/MUL_Unit_I/Use_HW_MUL.Using_DSP48_Architectures.Doing_mul64.Virtex_MUL64.dsp_module_I2/Using_DSP48E1.DSP48E1_I1'. [bd_c91f_microblaze_cmc_0.xdc:23]
WARNING: [Vivado_Tcl 4-2057] Waiver ID 'DPOP-4' object list specifies likely unusable hierarchical instance 'level0_i/blp/blp_i/ss_cmc/inst/microblaze_cmc/U0/MicroBlaze_Core_I/Performance.Core/Data_Flow_I/MUL_Unit_I/Use_HW_MUL.Using_DSP48_Architectures.Doing_mul64.Virtex_MUL64.dsp_module_I3/Using_DSP48E1.DSP48E1_I1'. [bd_c91f_microblaze_cmc_0.xdc:23]
WARNING: [Vivado_Tcl 4-2057] Waiver ID 'DPOP-4' object list specifies likely unusable hierarchical instance 'level0_i/blp/blp_i/ss_cmc/inst/microblaze_cmc/U0/MicroBlaze_Core_I/Performance.Core/Data_Flow_I/MUL_Unit_I/Use_HW_MUL.Using_DSP48_Architectures.Doing_mul64.Virtex_MUL64.dsp_module_I4/Using_DSP48E1.DSP48E1_I1'. [bd_c91f_microblaze_cmc_0.xdc:23]
WARNING: [Vivado_Tcl 4-2057] Waiver ID 'DPOP-4' object list specifies likely unusable hierarchical instance 'level0_i/blp/blp_i/ss_cmc/inst/microblaze_cmc/U0/MicroBlaze_Core_I/Performance.Core/Data_Flow_I/MUL_Unit_I/Use_HW_MUL.Using_DSP48_Architectures.dsp_module_I1/Using_DSP48E1.DSP48E1_I1'. [bd_c91f_microblaze_cmc_0.xdc:23]
WARNING: [Vivado_Tcl 4-2057] Waiver ID 'DPOP-4' object list specifies likely unusable hierarchical instance 'level0_i/blp/blp_i/ss_cmc/inst/microblaze_cmc/U0/MicroBlaze_Core_I/Performance.Core/Data_Flow_I/MUL_Unit_I/Use_HW_MUL.Using_DSP48_Architectures.Doing_mul64.Virtex_MUL64.dsp_module_I2/Using_DSP48E1.DSP48E1_I1'. [bd_c91f_microblaze_cmc_0.xdc:26]
WARNING: [Vivado_Tcl 4-2057] Waiver ID 'DPOP-4' object list specifies likely unusable hierarchical instance 'level0_i/blp/blp_i/ss_cmc/inst/microblaze_cmc/U0/MicroBlaze_Core_I/Performance.Core/Data_Flow_I/MUL_Unit_I/Use_HW_MUL.Using_DSP48_Architectures.Doing_mul64.Virtex_MUL64.dsp_module_I3/Using_DSP48E1.DSP48E1_I1'. [bd_c91f_microblaze_cmc_0.xdc:26]
WARNING: [Vivado_Tcl 4-2057] Waiver ID 'DPOP-4' object list specifies likely unusable hierarchical instance 'level0_i/blp/blp_i/ss_cmc/inst/microblaze_cmc/U0/MicroBlaze_Core_I/Performance.Core/Data_Flow_I/MUL_Unit_I/Use_HW_MUL.Using_DSP48_Architectures.Doing_mul64.Virtex_MUL64.dsp_module_I4/Using_DSP48E1.DSP48E1_I1'. [bd_c91f_microblaze_cmc_0.xdc:26]
WARNING: [Vivado_Tcl 4-2057] Waiver ID 'DPOP-4' object list specifies likely unusable hierarchical instance 'level0_i/blp/blp_i/ss_cmc/inst/microblaze_cmc/U0/MicroBlaze_Core_I/Performance.Core/Data_Flow_I/MUL_Unit_I/Use_HW_MUL.Using_DSP48_Architectures.dsp_module_I1/Using_DSP48E1.DSP48E1_I1'. [bd_c91f_microblaze_cmc_0.xdc:26]
WARNING: [Vivado_Tcl 4-2057] Waiver ID 'DPOP-4' object list specifies likely unusable hierarchical instance 'level0_i/blp/blp_i/ss_cmc/inst/microblaze_cmc/U0/MicroBlaze_Core_I/Performance.Core/Data_Flow_I/MUL_Unit_I/Use_HW_MUL.Using_DSP48_Architectures.Doing_mul64.Virtex_MUL64.dsp_module_I2/Using_DSP48E1.DSP48E1_I1'. [bd_c91f_microblaze_cmc_0.xdc:29]
WARNING: [Vivado_Tcl 4-2057] Waiver ID 'DPOP-4' object list specifies likely unusable hierarchical instance 'level0_i/blp/blp_i/ss_cmc/inst/microblaze_cmc/U0/MicroBlaze_Core_I/Performance.Core/Data_Flow_I/MUL_Unit_I/Use_HW_MUL.Using_DSP48_Architectures.Doing_mul64.Virtex_MUL64.dsp_module_I3/Using_DSP48E1.DSP48E1_I1'. [bd_c91f_microblaze_cmc_0.xdc:29]
WARNING: [Vivado_Tcl 4-2057] Waiver ID 'DPOP-4' object list specifies likely unusable hierarchical instance 'level0_i/blp/blp_i/ss_cmc/inst/microblaze_cmc/U0/MicroBlaze_Core_I/Performance.Core/Data_Flow_I/MUL_Unit_I/Use_HW_MUL.Using_DSP48_Architectures.Doing_mul64.Virtex_MUL64.dsp_module_I4/Using_DSP48E1.DSP48E1_I1'. [bd_c91f_microblaze_cmc_0.xdc:29]
WARNING: [Vivado_Tcl 4-2057] Waiver ID 'DPOP-4' object list specifies likely unusable hierarchical instance 'level0_i/blp/blp_i/ss_cmc/inst/microblaze_cmc/U0/MicroBlaze_Core_I/Performance.Core/Data_Flow_I/MUL_Unit_I/Use_HW_MUL.Using_DSP48_Architectures.dsp_module_I1/Using_DSP48E1.DSP48E1_I1'. [bd_c91f_microblaze_cmc_0.xdc:29]
Finished Parsing XDC File [/home/miahafiz/NeuroRing_a_sudoku_v2/_x.hw.NUM_4096.CORE_10.FREQ_300/link/vivado/vpl/.local/hw_platform/hw_bb_locked/level0_wrapper_early.xdc]
Parsing XDC File [/home/miahafiz/NeuroRing_a_sudoku_v2/_x.hw.NUM_4096.CORE_10.FREQ_300/link/vivado/vpl/.local/hw_platform/tcl_hooks/impl.xdc]
Finished Parsing XDC File [/home/miahafiz/NeuroRing_a_sudoku_v2/_x.hw.NUM_4096.CORE_10.FREQ_300/link/vivado/vpl/.local/hw_platform/tcl_hooks/impl.xdc]
Parsing XDC File [/home/miahafiz/NeuroRing_a_sudoku_v2/_x.hw.NUM_4096.CORE_10.FREQ_300/link/vivado/vpl/output/dont_partition.xdc]
get_cells: Time (s): cpu = 00:00:07 ; elapsed = 00:00:07 . Memory (MB): peak = 8062.984 ; gain = 0.000 ; free physical = 100959 ; free virtual = 176165
Finished Parsing XDC File [/home/miahafiz/NeuroRing_a_sudoku_v2/_x.hw.NUM_4096.CORE_10.FREQ_300/link/vivado/vpl/output/dont_partition.xdc]
Parsing XDC File [/home/miahafiz/NeuroRing_a_sudoku_v2/_x.hw.NUM_4096.CORE_10.FREQ_300/link/vivado/vpl/.local/hw_platform/hw_bb_locked/level0_wrapper.xdc]
INFO: [Timing 38-2] Deriving generated clocks [xsdbm_gc_late_late.xdc:55]
all_fanout: Time (s): cpu = 00:00:26 ; elapsed = 00:00:06 . Memory (MB): peak = 8062.984 ; gain = 0.000 ; free physical = 100454 ; free virtual = 175659
Finished Parsing XDC File [/home/miahafiz/NeuroRing_a_sudoku_v2/_x.hw.NUM_4096.CORE_10.FREQ_300/link/vivado/vpl/.local/hw_platform/hw_bb_locked/level0_wrapper.xdc]
Parsing XDC File [/home/miahafiz/NeuroRing_a_sudoku_v2/_x.hw.NUM_4096.CORE_10.FREQ_300/link/vivado/vpl/.local/hw_platform/hw_bb_locked/level0_wrapper_late.xdc]
INFO: [Vivado 12-24630] Instance: 'level0_i/ulp' is a DFX HD.RECONFIGURABLE module.
get_clocks: Time (s): cpu = 00:00:18 ; elapsed = 00:00:05 . Memory (MB): peak = 8062.984 ; gain = 0.000 ; free physical = 98085 ; free virtual = 173291
INFO: [Vivado 12-2286] Implicit search of objects for pattern 'clk_sck' matched to 'clock' objects. [impl.clocks.xdc:32]
Resolution: To avoid ambiguous patterns, provide proper objects using get commands e.g. [get_nets xyz].
INFO: [Vivado 12-2286] Implicit search of objects for pattern 'clk_sck' matched to 'clock' objects. [impl.clocks.xdc:33]
Resolution: To avoid ambiguous patterns, provide proper objects using get commands e.g. [get_nets xyz].
INFO: [Vivado 12-2286] Implicit search of objects for pattern 'clk_sck' matched to 'clock' objects. [impl.clocks.xdc:36]
Resolution: To avoid ambiguous patterns, provide proper objects using get commands e.g. [get_nets xyz].
Finished Parsing XDC File [/home/miahafiz/NeuroRing_a_sudoku_v2/_x.hw.NUM_4096.CORE_10.FREQ_300/link/vivado/vpl/.local/hw_platform/hw_bb_locked/level0_wrapper_late.xdc]
INFO: [Designutils 20-5722] Start Reading Physical Databases.
Reading placement.
Reading placer database...
Read Old Netlist Cache: Time (s): cpu = 00:00:00.31 ; elapsed = 00:00:00.33 . Memory (MB): peak = 8062.984 ; gain = 0.000 ; free physical = 97794 ; free virtual = 173006
Read Device Cache: Time (s): cpu = 00:00:00.02 ; elapsed = 00:00:00.02 . Memory (MB): peak = 8062.984 ; gain = 0.000 ; free physical = 97796 ; free virtual = 173008
Read PlaceDB: Time (s): cpu = 00:00:05 ; elapsed = 00:00:05 . Memory (MB): peak = 8062.984 ; gain = 0.000 ; free physical = 97644 ; free virtual = 172872
Read PulsedLatchDB: Time (s): cpu = 00:00:00 ; elapsed = 00:00:00 . Memory (MB): peak = 8062.984 ; gain = 0.000 ; free physical = 97643 ; free virtual = 172872
Reading routing.
Read RouteStorage: Time (s): cpu = 00:00:04 ; elapsed = 00:00:04 . Memory (MB): peak = 8074.984 ; gain = 12.000 ; free physical = 97594 ; free virtual = 172846
Read Physdb Files: Time (s): cpu = 00:00:09 ; elapsed = 00:00:09 . Memory (MB): peak = 8074.984 ; gain = 12.000 ; free physical = 97589 ; free virtual = 172841
Restored from archive | CPU: 9.780000 secs | Memory: 251.452271 MB |
Finished XDEF File Restore: Time (s): cpu = 00:00:10 ; elapsed = 00:00:10 . Memory (MB): peak = 8074.984 ; gain = 12.000 ; free physical = 97588 ; free virtual = 172840
WARNING: [Constraints 18-4434] Global Clock Buffer 'level0_i/blp/blp_i/freerun_clk/bufg_div/U0/USE_BUFGCE_DIV2.GEN_BUFGCE_DIV2[0].BUFGCE_DIV2_I' is LOCed to site 'BUFGCE_DIV_X0Y4'. Using a LOC constraint to assign the placement of a Global Clock Buffer can result in sub-optimal placement results.
Resolution: Remove the LOC constraint and use the CLOCK_REGION constraint to assign a Global Clock Buffer to a CLOCK_REGION.
WARNING: [Constraints 18-4434] Global Clock Buffer 'level0_i/blp/blp_i/ss_cmp/inst/jtag_fallback/inst/bs_switch/inst/BSCAN_SWITCH.N_EXT_BSCAN.u_bufg_icon_tck' is LOCed to site 'BUFGCE_X0Y30'. Using a LOC constraint to assign the placement of a Global Clock Buffer can result in sub-optimal placement results.
Resolution: Remove the LOC constraint and use the CLOCK_REGION constraint to assign a Global Clock Buffer to a CLOCK_REGION.
WARNING: [Constraints 18-4434] Global Clock Buffer 'level0_i/blp/blp_i/ss_cmp/inst/mdm_board_control/U0/No_Dbg_Reg_Access.BUFG_DRCK/Using_FPGA.Native' is LOCed to site 'BUFGCE_X0Y104'. Using a LOC constraint to assign the placement of a Global Clock Buffer can result in sub-optimal placement results.
Resolution: Remove the LOC constraint and use the CLOCK_REGION constraint to assign a Global Clock Buffer to a CLOCK_REGION.
WARNING: [Constraints 18-4434] Global Clock Buffer 'level0_i/blp/blp_i/ss_cmp/inst/mdm_board_control/U0/Use_External.Use_BSCANID.No_Dbg_Reg_Access.BUFG_UPDATE/Using_FPGA.Native' is LOCed to site 'BUFGCE_X0Y110'. Using a LOC constraint to assign the placement of a Global Clock Buffer can result in sub-optimal placement results.
Resolution: Remove the LOC constraint and use the CLOCK_REGION constraint to assign a Global Clock Buffer to a CLOCK_REGION.
WARNING: [Constraints 18-4434] Global Clock Buffer 'level0_i/blp/blp_i/ss_cmp/inst/mgmt_debug_bridge/inst/bs_mux/inst/u_bufg_mux' is LOCed to site 'BUFGCTRL_X0Y11'. Using a LOC constraint to assign the placement of a Global Clock Buffer can result in sub-optimal placement results.
Resolution: Remove the LOC constraint and use the CLOCK_REGION constraint to assign a Global Clock Buffer to a CLOCK_REGION.
WARNING: [Constraints 18-4434] Global Clock Buffer 'level0_i/blp/blp_i/ss_cmp/inst/mgmt_debug_bridge/inst/bsip/inst/USE_SOFTBSCAN.U_TAP_TCKBUFG' is LOCed to site 'BUFGCE_X0Y31'. Using a LOC constraint to assign the placement of a Global Clock Buffer can result in sub-optimal placement results.
Resolution: Remove the LOC constraint and use the CLOCK_REGION constraint to assign a Global Clock Buffer to a CLOCK_REGION.
WARNING: [Constraints 18-4434] Global Clock Buffer 'level0_i/blp/blp_i/ss_hif/inst/clkwiz_level0_periph/inst/clkout1_buf' is LOCed to site 'BUFGCE_X0Y28'. Using a LOC constraint to assign the placement of a Global Clock Buffer can result in sub-optimal placement results.
Resolution: Remove the LOC constraint and use the CLOCK_REGION constraint to assign a Global Clock Buffer to a CLOCK_REGION.
WARNING: [Constraints 18-4434] Global Clock Buffer 'level0_i/blp/blp_i/ss_hif/inst/clkwiz_level0_periph/inst/clkout2_buf' is LOCed to site 'BUFGCE_X0Y24'. Using a LOC constraint to assign the placement of a Global Clock Buffer can result in sub-optimal placement results.
Resolution: Remove the LOC constraint and use the CLOCK_REGION constraint to assign a Global Clock Buffer to a CLOCK_REGION.
WARNING: [Constraints 18-4434] Global Clock Buffer 'level0_i/blp/blp_i/ss_hif/inst/pcie/inst/bufg_gt_sysclk' is LOCed to site 'BUFG_GT_X1Y25'. Using a LOC constraint to assign the placement of a Global Clock Buffer can result in sub-optimal placement results.
Resolution: Remove the LOC constraint and use the CLOCK_REGION constraint to assign a Global Clock Buffer to a CLOCK_REGION.
WARNING: [Constraints 18-4434] Global Clock Buffer 'level0_i/blp/blp_i/ss_hif/inst/pcie/inst/bd_39ab_pcie_0_gt_top_i/diablo_gt.diablo_gt_phy_wrapper/gt_wizard.gtwizard_top_i/bd_39ab_pcie_0_gt_i/inst/gen_gtwizard_gtye4_top.bd_39ab_pcie_0_gt_gtwizard_gtye4_inst/gen_gtwizard_gtye4.gen_cpll_cal_gtye4.gen_cpll_cal_inst[0].gen_inst_cpll_cal.gtwizard_ultrascale_v1_7_10_gtye4_cpll_cal_inst/gtwizard_ultrascale_v1_7_10_gtye4_cpll_cal_tx_i/bufg_gt_txoutclkmon_inst' is LOCed to site 'BUFG_GT_X1Y17'. Using a LOC constraint to assign the placement of a Global Clock Buffer can result in sub-optimal placement results.
Resolution: Remove the LOC constraint and use the CLOCK_REGION constraint to assign a Global Clock Buffer to a CLOCK_REGION.
WARNING: [Constraints 18-4434] Global Clock Buffer 'level0_i/blp/blp_i/ss_hif/inst/pcie/inst/bd_39ab_pcie_0_gt_top_i/diablo_gt.diablo_gt_phy_wrapper/gt_wizard.gtwizard_top_i/bd_39ab_pcie_0_gt_i/inst/gen_gtwizard_gtye4_top.bd_39ab_pcie_0_gt_gtwizard_gtye4_inst/gen_gtwizard_gtye4.gen_cpll_cal_gtye4.gen_cpll_cal_inst[10].gen_inst_cpll_cal.gtwizard_ultrascale_v1_7_10_gtye4_cpll_cal_inst/gtwizard_ultrascale_v1_7_10_gtye4_cpll_cal_tx_i/bufg_gt_txoutclkmon_inst' is LOCed to site 'BUFG_GT_X1Y65'. Using a LOC constraint to assign the placement of a Global Clock Buffer can result in sub-optimal placement results.
Resolution: Remove the LOC constraint and use the CLOCK_REGION constraint to assign a Global Clock Buffer to a CLOCK_REGION.
WARNING: [Constraints 18-4434] Global Clock Buffer 'level0_i/blp/blp_i/ss_hif/inst/pcie/inst/bd_39ab_pcie_0_gt_top_i/diablo_gt.diablo_gt_phy_wrapper/gt_wizard.gtwizard_top_i/bd_39ab_pcie_0_gt_i/inst/gen_gtwizard_gtye4_top.bd_39ab_pcie_0_gt_gtwizard_gtye4_inst/gen_gtwizard_gtye4.gen_cpll_cal_gtye4.gen_cpll_cal_inst[11].gen_inst_cpll_cal.gtwizard_ultrascale_v1_7_10_gtye4_cpll_cal_inst/gtwizard_ultrascale_v1_7_10_gtye4_cpll_cal_tx_i/bufg_gt_txoutclkmon_inst' is LOCed to site 'BUFG_GT_X1Y50'. Using a LOC constraint to assign the placement of a Global Clock Buffer can result in sub-optimal placement results.
Resolution: Remove the LOC constraint and use the CLOCK_REGION constraint to assign a Global Clock Buffer to a CLOCK_REGION.
WARNING: [Constraints 18-4434] Global Clock Buffer 'level0_i/blp/blp_i/ss_hif/inst/pcie/inst/bd_39ab_pcie_0_gt_top_i/diablo_gt.diablo_gt_phy_wrapper/gt_wizard.gtwizard_top_i/bd_39ab_pcie_0_gt_i/inst/gen_gtwizard_gtye4_top.bd_39ab_pcie_0_gt_gtwizard_gtye4_inst/gen_gtwizard_gtye4.gen_cpll_cal_gtye4.gen_cpll_cal_inst[12].gen_inst_cpll_cal.gtwizard_ultrascale_v1_7_10_gtye4_cpll_cal_inst/gtwizard_ultrascale_v1_7_10_gtye4_cpll_cal_tx_i/bufg_gt_txoutclkmon_inst' is LOCed to site 'BUFG_GT_X1Y81'. Using a LOC constraint to assign the placement of a Global Clock Buffer can result in sub-optimal placement results.
Resolution: Remove the LOC constraint and use the CLOCK_REGION constraint to assign a Global Clock Buffer to a CLOCK_REGION.
WARNING: [Constraints 18-4434] Global Clock Buffer 'level0_i/blp/blp_i/ss_hif/inst/pcie/inst/bd_39ab_pcie_0_gt_top_i/diablo_gt.diablo_gt_phy_wrapper/gt_wizard.gtwizard_top_i/bd_39ab_pcie_0_gt_i/inst/gen_gtwizard_gtye4_top.bd_39ab_pcie_0_gt_gtwizard_gtye4_inst/gen_gtwizard_gtye4.gen_cpll_cal_gtye4.gen_cpll_cal_inst[13].gen_inst_cpll_cal.gtwizard_ultrascale_v1_7_10_gtye4_cpll_cal_inst/gtwizard_ultrascale_v1_7_10_gtye4_cpll_cal_tx_i/bufg_gt_txoutclkmon_inst' is LOCed to site 'BUFG_GT_X1Y89'. Using a LOC constraint to assign the placement of a Global Clock Buffer can result in sub-optimal placement results.
Resolution: Remove the LOC constraint and use the CLOCK_REGION constraint to assign a Global Clock Buffer to a CLOCK_REGION.
WARNING: [Constraints 18-4434] Global Clock Buffer 'level0_i/blp/blp_i/ss_hif/inst/pcie/inst/bd_39ab_pcie_0_gt_top_i/diablo_gt.diablo_gt_phy_wrapper/gt_wizard.gtwizard_top_i/bd_39ab_pcie_0_gt_i/inst/gen_gtwizard_gtye4_top.bd_39ab_pcie_0_gt_gtwizard_gtye4_inst/gen_gtwizard_gtye4.gen_cpll_cal_gtye4.gen_cpll_cal_inst[14].gen_inst_cpll_cal.gtwizard_ultrascale_v1_7_10_gtye4_cpll_cal_inst/gtwizard_ultrascale_v1_7_10_gtye4_cpll_cal_tx_i/bufg_gt_txoutclkmon_inst' is LOCed to site 'BUFG_GT_X1Y95'. Using a LOC constraint to assign the placement of a Global Clock Buffer can result in sub-optimal placement results.
Resolution: Remove the LOC constraint and use the CLOCK_REGION constraint to assign a Global Clock Buffer to a CLOCK_REGION.
WARNING: [Constraints 18-4434] Global Clock Buffer 'level0_i/blp/blp_i/ss_hif/inst/pcie/inst/bd_39ab_pcie_0_gt_top_i/diablo_gt.diablo_gt_phy_wrapper/gt_wizard.gtwizard_top_i/bd_39ab_pcie_0_gt_i/inst/gen_gtwizard_gtye4_top.bd_39ab_pcie_0_gt_gtwizard_gtye4_inst/gen_gtwizard_gtye4.gen_cpll_cal_gtye4.gen_cpll_cal_inst[15].gen_inst_cpll_cal.gtwizard_ultrascale_v1_7_10_gtye4_cpll_cal_inst/gtwizard_ultrascale_v1_7_10_gtye4_cpll_cal_tx_i/bufg_gt_txoutclkmon_inst' is LOCed to site 'BUFG_GT_X1Y87'. Using a LOC constraint to assign the placement of a Global Clock Buffer can result in sub-optimal placement results.
Resolution: Remove the LOC constraint and use the CLOCK_REGION constraint to assign a Global Clock Buffer to a CLOCK_REGION.
WARNING: [Constraints 18-4434] Global Clock Buffer 'level0_i/blp/blp_i/ss_hif/inst/pcie/inst/bd_39ab_pcie_0_gt_top_i/diablo_gt.diablo_gt_phy_wrapper/gt_wizard.gtwizard_top_i/bd_39ab_pcie_0_gt_i/inst/gen_gtwizard_gtye4_top.bd_39ab_pcie_0_gt_gtwizard_gtye4_inst/gen_gtwizard_gtye4.gen_cpll_cal_gtye4.gen_cpll_cal_inst[1].gen_inst_cpll_cal.gtwizard_ultrascale_v1_7_10_gtye4_cpll_cal_inst/gtwizard_ultrascale_v1_7_10_gtye4_cpll_cal_tx_i/bufg_gt_txoutclkmon_inst' is LOCed to site 'BUFG_GT_X1Y9'. Using a LOC constraint to assign the placement of a Global Clock Buffer can result in sub-optimal placement results.
Resolution: Remove the LOC constraint and use the CLOCK_REGION constraint to assign a Global Clock Buffer to a CLOCK_REGION.
WARNING: [Constraints 18-4434] Global Clock Buffer 'level0_i/blp/blp_i/ss_hif/inst/pcie/inst/bd_39ab_pcie_0_gt_top_i/diablo_gt.diablo_gt_phy_wrapper/gt_wizard.gtwizard_top_i/bd_39ab_pcie_0_gt_i/inst/gen_gtwizard_gtye4_top.bd_39ab_pcie_0_gt_gtwizard_gtye4_inst/gen_gtwizard_gtye4.gen_cpll_cal_gtye4.gen_cpll_cal_inst[2].gen_inst_cpll_cal.gtwizard_ultrascale_v1_7_10_gtye4_cpll_cal_inst/gtwizard_ultrascale_v1_7_10_gtye4_cpll_cal_tx_i/bufg_gt_txoutclkmon_inst' is LOCed to site 'BUFG_GT_X1Y23'. Using a LOC constraint to assign the placement of a Global Clock Buffer can result in sub-optimal placement results.
Resolution: Remove the LOC constraint and use the CLOCK_REGION constraint to assign a Global Clock Buffer to a CLOCK_REGION.
WARNING: [Constraints 18-4434] Global Clock Buffer 'level0_i/blp/blp_i/ss_hif/inst/pcie/inst/bd_39ab_pcie_0_gt_top_i/diablo_gt.diablo_gt_phy_wrapper/gt_wizard.gtwizard_top_i/bd_39ab_pcie_0_gt_i/inst/gen_gtwizard_gtye4_top.bd_39ab_pcie_0_gt_gtwizard_gtye4_inst/gen_gtwizard_gtye4.gen_cpll_cal_gtye4.gen_cpll_cal_inst[3].gen_inst_cpll_cal.gtwizard_ultrascale_v1_7_10_gtye4_cpll_cal_inst/gtwizard_ultrascale_v1_7_10_gtye4_cpll_cal_tx_i/bufg_gt_txoutclkmon_inst' is LOCed to site 'BUFG_GT_X1Y15'. Using a LOC constraint to assign the placement of a Global Clock Buffer can result in sub-optimal placement results.
Resolution: Remove the LOC constraint and use the CLOCK_REGION constraint to assign a Global Clock Buffer to a CLOCK_REGION.
WARNING: [Constraints 18-4434] Global Clock Buffer 'level0_i/blp/blp_i/ss_hif/inst/pcie/inst/bd_39ab_pcie_0_gt_top_i/diablo_gt.diablo_gt_phy_wrapper/gt_wizard.gtwizard_top_i/bd_39ab_pcie_0_gt_i/inst/gen_gtwizard_gtye4_top.bd_39ab_pcie_0_gt_gtwizard_gtye4_inst/gen_gtwizard_gtye4.gen_cpll_cal_gtye4.gen_cpll_cal_inst[4].gen_inst_cpll_cal.gtwizard_ultrascale_v1_7_10_gtye4_cpll_cal_inst/gtwizard_ultrascale_v1_7_10_gtye4_cpll_cal_tx_i/bufg_gt_txoutclkmon_inst' is LOCed to site 'BUFG_GT_X1Y26'. Using a LOC constraint to assign the placement of a Global Clock Buffer can result in sub-optimal placement results.
Resolution: Remove the LOC constraint and use the CLOCK_REGION constraint to assign a Global Clock Buffer to a CLOCK_REGION.
WARNING: [Constraints 18-4434] Global Clock Buffer 'level0_i/blp/blp_i/ss_hif/inst/pcie/inst/bd_39ab_pcie_0_gt_top_i/diablo_gt.diablo_gt_phy_wrapper/gt_wizard.gtwizard_top_i/bd_39ab_pcie_0_gt_i/inst/gen_gtwizard_gtye4_top.bd_39ab_pcie_0_gt_gtwizard_gtye4_inst/gen_gtwizard_gtye4.gen_cpll_cal_gtye4.gen_cpll_cal_inst[5].gen_inst_cpll_cal.gtwizard_ultrascale_v1_7_10_gtye4_cpll_cal_inst/gtwizard_ultrascale_v1_7_10_gtye4_cpll_cal_tx_i/bufg_gt_txoutclkmon_inst' is LOCed to site 'BUFG_GT_X1Y32'. Using a LOC constraint to assign the placement of a Global Clock Buffer can result in sub-optimal placement results.
Resolution: Remove the LOC constraint and use the CLOCK_REGION constraint to assign a Global Clock Buffer to a CLOCK_REGION.
WARNING: [Constraints 18-4434] Global Clock Buffer 'level0_i/blp/blp_i/ss_hif/inst/pcie/inst/bd_39ab_pcie_0_gt_top_i/diablo_gt.diablo_gt_phy_wrapper/gt_wizard.gtwizard_top_i/bd_39ab_pcie_0_gt_i/inst/gen_gtwizard_gtye4_top.bd_39ab_pcie_0_gt_gtwizard_gtye4_inst/gen_gtwizard_gtye4.gen_cpll_cal_gtye4.gen_cpll_cal_inst[6].gen_inst_cpll_cal.gtwizard_ultrascale_v1_7_10_gtye4_cpll_cal_inst/gtwizard_ultrascale_v1_7_10_gtye4_cpll_cal_tx_i/bufg_gt_txoutclkmon_inst' is LOCed to site 'BUFG_GT_X1Y31'. Using a LOC constraint to assign the placement of a Global Clock Buffer can result in sub-optimal placement results.
Resolution: Remove the LOC constraint and use the CLOCK_REGION constraint to assign a Global Clock Buffer to a CLOCK_REGION.
WARNING: [Constraints 18-4434] Global Clock Buffer 'level0_i/blp/blp_i/ss_hif/inst/pcie/inst/bd_39ab_pcie_0_gt_top_i/diablo_gt.diablo_gt_phy_wrapper/gt_wizard.gtwizard_top_i/bd_39ab_pcie_0_gt_i/inst/gen_gtwizard_gtye4_top.bd_39ab_pcie_0_gt_gtwizard_gtye4_inst/gen_gtwizard_gtye4.gen_cpll_cal_gtye4.gen_cpll_cal_inst[7].gen_inst_cpll_cal.gtwizard_ultrascale_v1_7_10_gtye4_cpll_cal_inst/gtwizard_ultrascale_v1_7_10_gtye4_cpll_cal_tx_i/bufg_gt_txoutclkmon_inst' is LOCed to site 'BUFG_GT_X1Y34'. Using a LOC constraint to assign the placement of a Global Clock Buffer can result in sub-optimal placement results.
Resolution: Remove the LOC constraint and use the CLOCK_REGION constraint to assign a Global Clock Buffer to a CLOCK_REGION.
WARNING: [Constraints 18-4434] Global Clock Buffer 'level0_i/blp/blp_i/ss_hif/inst/pcie/inst/bd_39ab_pcie_0_gt_top_i/diablo_gt.diablo_gt_phy_wrapper/gt_wizard.gtwizard_top_i/bd_39ab_pcie_0_gt_i/inst/gen_gtwizard_gtye4_top.bd_39ab_pcie_0_gt_gtwizard_gtye4_inst/gen_gtwizard_gtye4.gen_cpll_cal_gtye4.gen_cpll_cal_inst[8].gen_inst_cpll_cal.gtwizard_ultrascale_v1_7_10_gtye4_cpll_cal_inst/gtwizard_ultrascale_v1_7_10_gtye4_cpll_cal_tx_i/bufg_gt_txoutclkmon_inst' is LOCed to site 'BUFG_GT_X1Y60'. Using a LOC constraint to assign the placement of a Global Clock Buffer can result in sub-optimal placement results.
Resolution: Remove the LOC constraint and use the CLOCK_REGION constraint to assign a Global Clock Buffer to a CLOCK_REGION.
WARNING: [Constraints 18-4434] Global Clock Buffer 'level0_i/blp/blp_i/ss_hif/inst/pcie/inst/bd_39ab_pcie_0_gt_top_i/diablo_gt.diablo_gt_phy_wrapper/gt_wizard.gtwizard_top_i/bd_39ab_pcie_0_gt_i/inst/gen_gtwizard_gtye4_top.bd_39ab_pcie_0_gt_gtwizard_gtye4_inst/gen_gtwizard_gtye4.gen_cpll_cal_gtye4.gen_cpll_cal_inst[9].gen_inst_cpll_cal.gtwizard_ultrascale_v1_7_10_gtye4_cpll_cal_inst/gtwizard_ultrascale_v1_7_10_gtye4_cpll_cal_tx_i/bufg_gt_txoutclkmon_inst' is LOCed to site 'BUFG_GT_X1Y63'. Using a LOC constraint to assign the placement of a Global Clock Buffer can result in sub-optimal placement results.
Resolution: Remove the LOC constraint and use the CLOCK_REGION constraint to assign a Global Clock Buffer to a CLOCK_REGION.
WARNING: [Constraints 18-4434] Global Clock Buffer 'level0_i/blp/blp_i/ss_hif/inst/pcie/inst/bd_39ab_pcie_0_gt_top_i/diablo_gt.diablo_gt_phy_wrapper/phy_clk_i/bufg_gt_coreclk' is LOCed to site 'BUFG_GT_X1Y86'. Using a LOC constraint to assign the placement of a Global Clock Buffer can result in sub-optimal placement results.
Resolution: Remove the LOC constraint and use the CLOCK_REGION constraint to assign a Global Clock Buffer to a CLOCK_REGION.
WARNING: [Constraints 18-4434] Global Clock Buffer 'level0_i/blp/blp_i/ss_hif/inst/pcie/inst/bd_39ab_pcie_0_gt_top_i/diablo_gt.diablo_gt_phy_wrapper/phy_clk_i/bufg_gt_intclk' is LOCed to site 'BUFG_GT_X1Y85'. Using a LOC constraint to assign the placement of a Global Clock Buffer can result in sub-optimal placement results.
Resolution: Remove the LOC constraint and use the CLOCK_REGION constraint to assign a Global Clock Buffer to a CLOCK_REGION.
WARNING: [Constraints 18-4434] Global Clock Buffer 'level0_i/blp/blp_i/ss_hif/inst/pcie/inst/bd_39ab_pcie_0_gt_top_i/diablo_gt.diablo_gt_phy_wrapper/phy_clk_i/bufg_gt_mcapclk' is LOCed to site 'BUFG_GT_X1Y94'. Using a LOC constraint to assign the placement of a Global Clock Buffer can result in sub-optimal placement results.
Resolution: Remove the LOC constraint and use the CLOCK_REGION constraint to assign a Global Clock Buffer to a CLOCK_REGION.
WARNING: [Constraints 18-4434] Global Clock Buffer 'level0_i/blp/blp_i/ss_hif/inst/pcie/inst/bd_39ab_pcie_0_gt_top_i/diablo_gt.diablo_gt_phy_wrapper/phy_clk_i/bufg_gt_pclk' is LOCed to site 'BUFG_GT_X1Y93'. Using a LOC constraint to assign the placement of a Global Clock Buffer can result in sub-optimal placement results.
Resolution: Remove the LOC constraint and use the CLOCK_REGION constraint to assign a Global Clock Buffer to a CLOCK_REGION.
WARNING: [Constraints 18-4434] Global Clock Buffer 'level0_i/blp/blp_i/ss_hif/inst/pcie/inst/bd_39ab_pcie_0_gt_top_i/diablo_gt.diablo_gt_phy_wrapper/phy_clk_i/bufg_gt_userclk' is LOCed to site 'BUFG_GT_X1Y92'. Using a LOC constraint to assign the placement of a Global Clock Buffer can result in sub-optimal placement results.
Resolution: Remove the LOC constraint and use the CLOCK_REGION constraint to assign a Global Clock Buffer to a CLOCK_REGION.
Parsing XDC File [/home/miahafiz/NeuroRing_a_sudoku_v2/_x.hw.NUM_4096.CORE_10.FREQ_300/link/vivado/vpl/prj/prj.gen/my_rm/bd/ulp/ip/ulp_hmss_0_0/bd_0/ip/ip_4/bd_85ad_slice1_0_0_clocks.xdc] for cell 'level0_i/ulp/hmss_0/inst/path_0/slice1_0/inst'
Finished Parsing XDC File [/home/miahafiz/NeuroRing_a_sudoku_v2/_x.hw.NUM_4096.CORE_10.FREQ_300/link/vivado/vpl/prj/prj.gen/my_rm/bd/ulp/ip/ulp_hmss_0_0/bd_0/ip/ip_4/bd_85ad_slice1_0_0_clocks.xdc] for cell 'level0_i/ulp/hmss_0/inst/path_0/slice1_0/inst'
Parsing XDC File [/home/miahafiz/NeuroRing_a_sudoku_v2/_x.hw.NUM_4096.CORE_10.FREQ_300/link/vivado/vpl/prj/prj.gen/my_rm/bd/ulp/ip/ulp_hmss_0_0/bd_0/ip/ip_7/bd_85ad_slice0_1_0_clocks.xdc] for cell 'level0_i/ulp/hmss_0/inst/path_1/slice0_1/inst'
Finished Parsing XDC File [/home/miahafiz/NeuroRing_a_sudoku_v2/_x.hw.NUM_4096.CORE_10.FREQ_300/link/vivado/vpl/prj/prj.gen/my_rm/bd/ulp/ip/ulp_hmss_0_0/bd_0/ip/ip_7/bd_85ad_slice0_1_0_clocks.xdc] for cell 'level0_i/ulp/hmss_0/inst/path_1/slice0_1/inst'
Parsing XDC File [/home/miahafiz/NeuroRing_a_sudoku_v2/_x.hw.NUM_4096.CORE_10.FREQ_300/link/vivado/vpl/prj/prj.gen/my_rm/bd/ulp/ip/ulp_hmss_0_0/bd_0/ip/ip_10/bd_85ad_slice2_4_0_clocks.xdc] for cell 'level0_i/ulp/hmss_0/inst/path_4/slice2_4/inst'
Finished Parsing XDC File [/home/miahafiz/NeuroRing_a_sudoku_v2/_x.hw.NUM_4096.CORE_10.FREQ_300/link/vivado/vpl/prj/prj.gen/my_rm/bd/ulp/ip/ulp_hmss_0_0/bd_0/ip/ip_10/bd_85ad_slice2_4_0_clocks.xdc] for cell 'level0_i/ulp/hmss_0/inst/path_4/slice2_4/inst'
Parsing XDC File [/home/miahafiz/NeuroRing_a_sudoku_v2/_x.hw.NUM_4096.CORE_10.FREQ_300/link/vivado/vpl/prj/prj.gen/my_rm/bd/ulp/ip/ulp_hmss_0_0/ulp_hmss_0_0.xdc] for cell 'level0_i/ulp/hmss_0/inst'
INFO: [Vivado 12-3520] Assignment of 'interconnect1_0' to a pblock 'pblock_dynamic_SLR0' means that all children of 'path_0' are in the pblock. Changing the pblock assignment to 'path_0'. [/home/miahafiz/NeuroRing_a_sudoku_v2/_x.hw.NUM_4096.CORE_10.FREQ_300/link/vivado/vpl/prj/prj.gen/my_rm/bd/ulp/ip/ulp_hmss_0_0/ulp_hmss_0_0.xdc:62]
INFO: [Vivado 12-3520] Assignment of 'interconnect2_4' to a pblock 'pblock_dynamic_SLR0' means that all children of 'path_4' are in the pblock. Changing the pblock assignment to 'path_4'. [/home/miahafiz/NeuroRing_a_sudoku_v2/_x.hw.NUM_4096.CORE_10.FREQ_300/link/vivado/vpl/prj/prj.gen/my_rm/bd/ulp/ip/ulp_hmss_0_0/ulp_hmss_0_0.xdc:66]
Finished Parsing XDC File [/home/miahafiz/NeuroRing_a_sudoku_v2/_x.hw.NUM_4096.CORE_10.FREQ_300/link/vivado/vpl/prj/prj.gen/my_rm/bd/ulp/ip/ulp_hmss_0_0/ulp_hmss_0_0.xdc] for cell 'level0_i/ulp/hmss_0/inst'
Parsing XDC File [/home/miahafiz/NeuroRing_a_sudoku_v2/_x.hw.NUM_4096.CORE_10.FREQ_300/link/vivado/vpl/prj/prj.gen/my_rm/bd/ulp/ip/ulp_ii_level0_wire_0/bd_0/ip/ip_5/bd_5941_s_ip_axi_ctrl_mgmt_00_0_clocks.xdc] for cell 'level0_i/ulp/ii_level0_wire/inst/pxi_ii_core/inst/s_ip_axi_ctrl_mgmt_00/inst'
Finished Parsing XDC File [/home/miahafiz/NeuroRing_a_sudoku_v2/_x.hw.NUM_4096.CORE_10.FREQ_300/link/vivado/vpl/prj/prj.gen/my_rm/bd/ulp/ip/ulp_ii_level0_wire_0/bd_0/ip/ip_5/bd_5941_s_ip_axi_ctrl_mgmt_00_0_clocks.xdc] for cell 'level0_i/ulp/ii_level0_wire/inst/pxi_ii_core/inst/s_ip_axi_ctrl_mgmt_00/inst'
Parsing XDC File [/home/miahafiz/NeuroRing_a_sudoku_v2/_x.hw.NUM_4096.CORE_10.FREQ_300/link/vivado/vpl/prj/prj.gen/my_rm/bd/ulp/ip/ulp_ii_level0_wire_0/bd_0/ip/ip_6/bd_5941_m_ip_axi_ctrl_mgmt_00_0_clocks.xdc] for cell 'level0_i/ulp/ii_level0_wire/inst/pxi_ii_core/inst/m_ip_axi_ctrl_mgmt_00/inst'
Finished Parsing XDC File [/home/miahafiz/NeuroRing_a_sudoku_v2/_x.hw.NUM_4096.CORE_10.FREQ_300/link/vivado/vpl/prj/prj.gen/my_rm/bd/ulp/ip/ulp_ii_level0_wire_0/bd_0/ip/ip_6/bd_5941_m_ip_axi_ctrl_mgmt_00_0_clocks.xdc] for cell 'level0_i/ulp/ii_level0_wire/inst/pxi_ii_core/inst/m_ip_axi_ctrl_mgmt_00/inst'
Parsing XDC File [/home/miahafiz/NeuroRing_a_sudoku_v2/_x.hw.NUM_4096.CORE_10.FREQ_300/link/vivado/vpl/prj/prj.gen/my_rm/bd/ulp/ip/ulp_ii_level0_wire_0/bd_0/ip/ip_7/bd_5941_s_ip_axi_ctrl_mgmt_01_0_clocks.xdc] for cell 'level0_i/ulp/ii_level0_wire/inst/pxi_ii_core/inst/s_ip_axi_ctrl_mgmt_01/inst'
Finished Parsing XDC File [/home/miahafiz/NeuroRing_a_sudoku_v2/_x.hw.NUM_4096.CORE_10.FREQ_300/link/vivado/vpl/prj/prj.gen/my_rm/bd/ulp/ip/ulp_ii_level0_wire_0/bd_0/ip/ip_7/bd_5941_s_ip_axi_ctrl_mgmt_01_0_clocks.xdc] for cell 'level0_i/ulp/ii_level0_wire/inst/pxi_ii_core/inst/s_ip_axi_ctrl_mgmt_01/inst'
Parsing XDC File [/home/miahafiz/NeuroRing_a_sudoku_v2/_x.hw.NUM_4096.CORE_10.FREQ_300/link/vivado/vpl/prj/prj.gen/my_rm/bd/ulp/ip/ulp_ii_level0_wire_0/bd_0/ip/ip_8/bd_5941_m_ip_axi_ctrl_mgmt_01_0_clocks.xdc] for cell 'level0_i/ulp/ii_level0_wire/inst/pxi_ii_core/inst/m_ip_axi_ctrl_mgmt_01/inst'
Finished Parsing XDC File [/home/miahafiz/NeuroRing_a_sudoku_v2/_x.hw.NUM_4096.CORE_10.FREQ_300/link/vivado/vpl/prj/prj.gen/my_rm/bd/ulp/ip/ulp_ii_level0_wire_0/bd_0/ip/ip_8/bd_5941_m_ip_axi_ctrl_mgmt_01_0_clocks.xdc] for cell 'level0_i/ulp/ii_level0_wire/inst/pxi_ii_core/inst/m_ip_axi_ctrl_mgmt_01/inst'
Parsing XDC File [/home/miahafiz/NeuroRing_a_sudoku_v2/_x.hw.NUM_4096.CORE_10.FREQ_300/link/vivado/vpl/prj/prj.gen/my_rm/bd/ulp/ip/ulp_ii_level0_wire_0/bd_0/ip/ip_9/bd_5941_s_ip_axi_ctrl_user_00_0_clocks.xdc] for cell 'level0_i/ulp/ii_level0_wire/inst/pxi_ii_core/inst/s_ip_axi_ctrl_user_00/inst'
Finished Parsing XDC File [/home/miahafiz/NeuroRing_a_sudoku_v2/_x.hw.NUM_4096.CORE_10.FREQ_300/link/vivado/vpl/prj/prj.gen/my_rm/bd/ulp/ip/ulp_ii_level0_wire_0/bd_0/ip/ip_9/bd_5941_s_ip_axi_ctrl_user_00_0_clocks.xdc] for cell 'level0_i/ulp/ii_level0_wire/inst/pxi_ii_core/inst/s_ip_axi_ctrl_user_00/inst'
Parsing XDC File [/home/miahafiz/NeuroRing_a_sudoku_v2/_x.hw.NUM_4096.CORE_10.FREQ_300/link/vivado/vpl/prj/prj.gen/my_rm/bd/ulp/ip/ulp_ii_level0_wire_0/bd_0/ip/ip_10/bd_5941_m_ip_axi_ctrl_user_00_0_clocks.xdc] for cell 'level0_i/ulp/ii_level0_wire/inst/pxi_ii_core/inst/m_ip_axi_ctrl_user_00/inst'
Finished Parsing XDC File [/home/miahafiz/NeuroRing_a_sudoku_v2/_x.hw.NUM_4096.CORE_10.FREQ_300/link/vivado/vpl/prj/prj.gen/my_rm/bd/ulp/ip/ulp_ii_level0_wire_0/bd_0/ip/ip_10/bd_5941_m_ip_axi_ctrl_user_00_0_clocks.xdc] for cell 'level0_i/ulp/ii_level0_wire/inst/pxi_ii_core/inst/m_ip_axi_ctrl_user_00/inst'
Parsing XDC File [/home/miahafiz/NeuroRing_a_sudoku_v2/_x.hw.NUM_4096.CORE_10.FREQ_300/link/vivado/vpl/prj/prj.gen/my_rm/bd/ulp/ip/ulp_ii_level0_wire_0/bd_0/ip/ip_11/bd_5941_s_ip_axi_ctrl_user_01_0_clocks.xdc] for cell 'level0_i/ulp/ii_level0_wire/inst/pxi_ii_core/inst/s_ip_axi_ctrl_user_01/inst'
Finished Parsing XDC File [/home/miahafiz/NeuroRing_a_sudoku_v2/_x.hw.NUM_4096.CORE_10.FREQ_300/link/vivado/vpl/prj/prj.gen/my_rm/bd/ulp/ip/ulp_ii_level0_wire_0/bd_0/ip/ip_11/bd_5941_s_ip_axi_ctrl_user_01_0_clocks.xdc] for cell 'level0_i/ulp/ii_level0_wire/inst/pxi_ii_core/inst/s_ip_axi_ctrl_user_01/inst'
Parsing XDC File [/home/miahafiz/NeuroRing_a_sudoku_v2/_x.hw.NUM_4096.CORE_10.FREQ_300/link/vivado/vpl/prj/prj.gen/my_rm/bd/ulp/ip/ulp_ii_level0_wire_0/bd_0/ip/ip_12/bd_5941_m_ip_axi_ctrl_user_01_0_clocks.xdc] for cell 'level0_i/ulp/ii_level0_wire/inst/pxi_ii_core/inst/m_ip_axi_ctrl_user_01/inst'
Finished Parsing XDC File [/home/miahafiz/NeuroRing_a_sudoku_v2/_x.hw.NUM_4096.CORE_10.FREQ_300/link/vivado/vpl/prj/prj.gen/my_rm/bd/ulp/ip/ulp_ii_level0_wire_0/bd_0/ip/ip_12/bd_5941_m_ip_axi_ctrl_user_01_0_clocks.xdc] for cell 'level0_i/ulp/ii_level0_wire/inst/pxi_ii_core/inst/m_ip_axi_ctrl_user_01/inst'
Parsing XDC File [/home/miahafiz/NeuroRing_a_sudoku_v2/_x.hw.NUM_4096.CORE_10.FREQ_300/link/vivado/vpl/prj/prj.gen/my_rm/bd/ulp/ip/ulp_ii_level0_wire_0/bd_0/ip/ip_13/bd_5941_s_ip_axi_ctrl_user_02_0_clocks.xdc] for cell 'level0_i/ulp/ii_level0_wire/inst/pxi_ii_core/inst/s_ip_axi_ctrl_user_02/inst'
Finished Parsing XDC File [/home/miahafiz/NeuroRing_a_sudoku_v2/_x.hw.NUM_4096.CORE_10.FREQ_300/link/vivado/vpl/prj/prj.gen/my_rm/bd/ulp/ip/ulp_ii_level0_wire_0/bd_0/ip/ip_13/bd_5941_s_ip_axi_ctrl_user_02_0_clocks.xdc] for cell 'level0_i/ulp/ii_level0_wire/inst/pxi_ii_core/inst/s_ip_axi_ctrl_user_02/inst'
Parsing XDC File [/home/miahafiz/NeuroRing_a_sudoku_v2/_x.hw.NUM_4096.CORE_10.FREQ_300/link/vivado/vpl/prj/prj.gen/my_rm/bd/ulp/ip/ulp_ii_level0_wire_0/bd_0/ip/ip_14/bd_5941_m_ip_axi_ctrl_user_02_0_clocks.xdc] for cell 'level0_i/ulp/ii_level0_wire/inst/pxi_ii_core/inst/m_ip_axi_ctrl_user_02/inst'
Finished Parsing XDC File [/home/miahafiz/NeuroRing_a_sudoku_v2/_x.hw.NUM_4096.CORE_10.FREQ_300/link/vivado/vpl/prj/prj.gen/my_rm/bd/ulp/ip/ulp_ii_level0_wire_0/bd_0/ip/ip_14/bd_5941_m_ip_axi_ctrl_user_02_0_clocks.xdc] for cell 'level0_i/ulp/ii_level0_wire/inst/pxi_ii_core/inst/m_ip_axi_ctrl_user_02/inst'
Parsing XDC File [/home/miahafiz/NeuroRing_a_sudoku_v2/_x.hw.NUM_4096.CORE_10.FREQ_300/link/vivado/vpl/prj/prj.gen/my_rm/bd/ulp/ip/ulp_ii_level0_wire_0/bd_0/ip/ip_15/bd_5941_s_ip_axi_ctrl_user_03_0_clocks.xdc] for cell 'level0_i/ulp/ii_level0_wire/inst/pxi_ii_core/inst/s_ip_axi_ctrl_user_03/inst'
Finished Parsing XDC File [/home/miahafiz/NeuroRing_a_sudoku_v2/_x.hw.NUM_4096.CORE_10.FREQ_300/link/vivado/vpl/prj/prj.gen/my_rm/bd/ulp/ip/ulp_ii_level0_wire_0/bd_0/ip/ip_15/bd_5941_s_ip_axi_ctrl_user_03_0_clocks.xdc] for cell 'level0_i/ulp/ii_level0_wire/inst/pxi_ii_core/inst/s_ip_axi_ctrl_user_03/inst'
Parsing XDC File [/home/miahafiz/NeuroRing_a_sudoku_v2/_x.hw.NUM_4096.CORE_10.FREQ_300/link/vivado/vpl/prj/prj.gen/my_rm/bd/ulp/ip/ulp_ii_level0_wire_0/bd_0/ip/ip_16/bd_5941_m_ip_axi_ctrl_user_03_0_clocks.xdc] for cell 'level0_i/ulp/ii_level0_wire/inst/pxi_ii_core/inst/m_ip_axi_ctrl_user_03/inst'
Finished Parsing XDC File [/home/miahafiz/NeuroRing_a_sudoku_v2/_x.hw.NUM_4096.CORE_10.FREQ_300/link/vivado/vpl/prj/prj.gen/my_rm/bd/ulp/ip/ulp_ii_level0_wire_0/bd_0/ip/ip_16/bd_5941_m_ip_axi_ctrl_user_03_0_clocks.xdc] for cell 'level0_i/ulp/ii_level0_wire/inst/pxi_ii_core/inst/m_ip_axi_ctrl_user_03/inst'
Parsing XDC File [/home/miahafiz/NeuroRing_a_sudoku_v2/_x.hw.NUM_4096.CORE_10.FREQ_300/link/vivado/vpl/prj/prj.gen/my_rm/bd/ulp/ip/ulp_ii_level0_wire_0/bd_0/ip/ip_17/bd_5941_s_ip_axi_data_c2h_00_0_clocks.xdc] for cell 'level0_i/ulp/ii_level0_wire/inst/pxi_ii_core/inst/s_ip_axi_data_c2h_00/inst'
Finished Parsing XDC File [/home/miahafiz/NeuroRing_a_sudoku_v2/_x.hw.NUM_4096.CORE_10.FREQ_300/link/vivado/vpl/prj/prj.gen/my_rm/bd/ulp/ip/ulp_ii_level0_wire_0/bd_0/ip/ip_17/bd_5941_s_ip_axi_data_c2h_00_0_clocks.xdc] for cell 'level0_i/ulp/ii_level0_wire/inst/pxi_ii_core/inst/s_ip_axi_data_c2h_00/inst'
Parsing XDC File [/home/miahafiz/NeuroRing_a_sudoku_v2/_x.hw.NUM_4096.CORE_10.FREQ_300/link/vivado/vpl/prj/prj.gen/my_rm/bd/ulp/ip/ulp_ii_level0_wire_0/bd_0/ip/ip_18/bd_5941_m_ip_axi_data_c2h_00_0_clocks.xdc] for cell 'level0_i/ulp/ii_level0_wire/inst/pxi_ii_core/inst/m_ip_axi_data_c2h_00/inst'
Finished Parsing XDC File [/home/miahafiz/NeuroRing_a_sudoku_v2/_x.hw.NUM_4096.CORE_10.FREQ_300/link/vivado/vpl/prj/prj.gen/my_rm/bd/ulp/ip/ulp_ii_level0_wire_0/bd_0/ip/ip_18/bd_5941_m_ip_axi_data_c2h_00_0_clocks.xdc] for cell 'level0_i/ulp/ii_level0_wire/inst/pxi_ii_core/inst/m_ip_axi_data_c2h_00/inst'
Parsing XDC File [/home/miahafiz/NeuroRing_a_sudoku_v2/_x.hw.NUM_4096.CORE_10.FREQ_300/link/vivado/vpl/prj/prj.gen/my_rm/bd/ulp/ip/ulp_ii_level0_wire_0/bd_0/ip/ip_19/bd_5941_s_ip_axi_data_h2c_00_0_clocks.xdc] for cell 'level0_i/ulp/ii_level0_wire/inst/pxi_ii_core/inst/s_ip_axi_data_h2c_00/inst'
Finished Parsing XDC File [/home/miahafiz/NeuroRing_a_sudoku_v2/_x.hw.NUM_4096.CORE_10.FREQ_300/link/vivado/vpl/prj/prj.gen/my_rm/bd/ulp/ip/ulp_ii_level0_wire_0/bd_0/ip/ip_19/bd_5941_s_ip_axi_data_h2c_00_0_clocks.xdc] for cell 'level0_i/ulp/ii_level0_wire/inst/pxi_ii_core/inst/s_ip_axi_data_h2c_00/inst'
Parsing XDC File [/home/miahafiz/NeuroRing_a_sudoku_v2/_x.hw.NUM_4096.CORE_10.FREQ_300/link/vivado/vpl/prj/prj.gen/my_rm/bd/ulp/ip/ulp_ii_level0_wire_0/bd_0/ip/ip_20/bd_5941_m_ip_axi_data_h2c_00_0_clocks.xdc] for cell 'level0_i/ulp/ii_level0_wire/inst/pxi_ii_core/inst/m_ip_axi_data_h2c_00/inst'
Finished Parsing XDC File [/home/miahafiz/NeuroRing_a_sudoku_v2/_x.hw.NUM_4096.CORE_10.FREQ_300/link/vivado/vpl/prj/prj.gen/my_rm/bd/ulp/ip/ulp_ii_level0_wire_0/bd_0/ip/ip_20/bd_5941_m_ip_axi_data_h2c_00_0_clocks.xdc] for cell 'level0_i/ulp/ii_level0_wire/inst/pxi_ii_core/inst/m_ip_axi_data_h2c_00/inst'
Parsing XDC File [/home/miahafiz/NeuroRing_a_sudoku_v2/_x.hw.NUM_4096.CORE_10.FREQ_300/link/vivado/vpl/prj/prj.gen/my_rm/bd/ulp/ip/ulp_interconnect_axilite_user_imp_auto_cc_0/ulp_interconnect_axilite_user_imp_auto_cc_0_clocks.xdc] for cell 'level0_i/ulp/SLR0/interconnect_axilite_user/m00_couplers/auto_cc/inst'
Finished Parsing XDC File [/home/miahafiz/NeuroRing_a_sudoku_v2/_x.hw.NUM_4096.CORE_10.FREQ_300/link/vivado/vpl/prj/prj.gen/my_rm/bd/ulp/ip/ulp_interconnect_axilite_user_imp_auto_cc_0/ulp_interconnect_axilite_user_imp_auto_cc_0_clocks.xdc] for cell 'level0_i/ulp/SLR0/interconnect_axilite_user/m00_couplers/auto_cc/inst'
Parsing XDC File [/home/miahafiz/NeuroRing_a_sudoku_v2/_x.hw.NUM_4096.CORE_10.FREQ_300/link/vivado/vpl/prj/prj.gen/my_rm/bd/ulp/ip/ulp_interconnect_axilite_user_imp_auto_cc_1/ulp_interconnect_axilite_user_imp_auto_cc_1_clocks.xdc] for cell 'level0_i/ulp/SLR0/interconnect_axilite_user/m01_couplers/auto_cc/inst'
Finished Parsing XDC File [/home/miahafiz/NeuroRing_a_sudoku_v2/_x.hw.NUM_4096.CORE_10.FREQ_300/link/vivado/vpl/prj/prj.gen/my_rm/bd/ulp/ip/ulp_interconnect_axilite_user_imp_auto_cc_1/ulp_interconnect_axilite_user_imp_auto_cc_1_clocks.xdc] for cell 'level0_i/ulp/SLR0/interconnect_axilite_user/m01_couplers/auto_cc/inst'
Parsing XDC File [/home/miahafiz/NeuroRing_a_sudoku_v2/_x.hw.NUM_4096.CORE_10.FREQ_300/link/vivado/vpl/prj/prj.gen/my_rm/bd/ulp/ip/ulp_interconnect_axilite_user_imp_auto_cc_2/ulp_interconnect_axilite_user_imp_auto_cc_2_clocks.xdc] for cell 'level0_i/ulp/SLR0/interconnect_axilite_user/m02_couplers/auto_cc/inst'
Finished Parsing XDC File [/home/miahafiz/NeuroRing_a_sudoku_v2/_x.hw.NUM_4096.CORE_10.FREQ_300/link/vivado/vpl/prj/prj.gen/my_rm/bd/ulp/ip/ulp_interconnect_axilite_user_imp_auto_cc_2/ulp_interconnect_axilite_user_imp_auto_cc_2_clocks.xdc] for cell 'level0_i/ulp/SLR0/interconnect_axilite_user/m02_couplers/auto_cc/inst'
Parsing XDC File [/home/miahafiz/NeuroRing_a_sudoku_v2/_x.hw.NUM_4096.CORE_10.FREQ_300/link/vivado/vpl/prj/prj.gen/my_rm/bd/ulp/ip/ulp_interconnect_axilite_user_imp_auto_cc_3/ulp_interconnect_axilite_user_imp_auto_cc_3_clocks.xdc] for cell 'level0_i/ulp/SLR0/interconnect_axilite_user/m03_couplers/auto_cc/inst'
Finished Parsing XDC File [/home/miahafiz/NeuroRing_a_sudoku_v2/_x.hw.NUM_4096.CORE_10.FREQ_300/link/vivado/vpl/prj/prj.gen/my_rm/bd/ulp/ip/ulp_interconnect_axilite_user_imp_auto_cc_3/ulp_interconnect_axilite_user_imp_auto_cc_3_clocks.xdc] for cell 'level0_i/ulp/SLR0/interconnect_axilite_user/m03_couplers/auto_cc/inst'
Parsing XDC File [/home/miahafiz/NeuroRing_a_sudoku_v2/_x.hw.NUM_4096.CORE_10.FREQ_300/link/vivado/vpl/prj/prj.gen/my_rm/bd/ulp/ip/ulp_interconnect_axilite_user_imp_auto_cc_4/ulp_interconnect_axilite_user_imp_auto_cc_4_clocks.xdc] for cell 'level0_i/ulp/SLR0/interconnect_axilite_user/m04_couplers/auto_cc/inst'
Finished Parsing XDC File [/home/miahafiz/NeuroRing_a_sudoku_v2/_x.hw.NUM_4096.CORE_10.FREQ_300/link/vivado/vpl/prj/prj.gen/my_rm/bd/ulp/ip/ulp_interconnect_axilite_user_imp_auto_cc_4/ulp_interconnect_axilite_user_imp_auto_cc_4_clocks.xdc] for cell 'level0_i/ulp/SLR0/interconnect_axilite_user/m04_couplers/auto_cc/inst'
Parsing XDC File [/home/miahafiz/NeuroRing_a_sudoku_v2/_x.hw.NUM_4096.CORE_10.FREQ_300/link/vivado/vpl/prj/prj.gen/my_rm/bd/ulp/ip/ulp_interconnect_axilite_user_imp_auto_cc_5/ulp_interconnect_axilite_user_imp_auto_cc_5_clocks.xdc] for cell 'level0_i/ulp/SLR1/interconnect_axilite_user/s00_couplers/auto_cc/inst'
Finished Parsing XDC File [/home/miahafiz/NeuroRing_a_sudoku_v2/_x.hw.NUM_4096.CORE_10.FREQ_300/link/vivado/vpl/prj/prj.gen/my_rm/bd/ulp/ip/ulp_interconnect_axilite_user_imp_auto_cc_5/ulp_interconnect_axilite_user_imp_auto_cc_5_clocks.xdc] for cell 'level0_i/ulp/SLR1/interconnect_axilite_user/s00_couplers/auto_cc/inst'
Parsing XDC File [/home/miahafiz/NeuroRing_a_sudoku_v2/_x.hw.NUM_4096.CORE_10.FREQ_300/link/vivado/vpl/prj/prj.gen/my_rm/bd/ulp/ip/ulp_interconnect_axilite_user_imp_auto_cc_6/ulp_interconnect_axilite_user_imp_auto_cc_6_clocks.xdc] for cell 'level0_i/ulp/SLR2/interconnect_axilite_user/s00_couplers/auto_cc/inst'
Finished Parsing XDC File [/home/miahafiz/NeuroRing_a_sudoku_v2/_x.hw.NUM_4096.CORE_10.FREQ_300/link/vivado/vpl/prj/prj.gen/my_rm/bd/ulp/ip/ulp_interconnect_axilite_user_imp_auto_cc_6/ulp_interconnect_axilite_user_imp_auto_cc_6_clocks.xdc] for cell 'level0_i/ulp/SLR2/interconnect_axilite_user/s00_couplers/auto_cc/inst'
Parsing XDC File [/home/miahafiz/NeuroRing_a_sudoku_v2/_x.hw.NUM_4096.CORE_10.FREQ_300/link/vivado/vpl/prj/prj.gen/my_rm/bd/ulp/ip/ulp_interconnect_axilite_user_imp_m00_regslice_0/ulp_interconnect_axilite_user_imp_m00_regslice_0_clocks.xdc] for cell 'level0_i/ulp/SLR0/interconnect_axilite_user/m00_couplers/m00_regslice/inst'
Finished Parsing XDC File [/home/miahafiz/NeuroRing_a_sudoku_v2/_x.hw.NUM_4096.CORE_10.FREQ_300/link/vivado/vpl/prj/prj.gen/my_rm/bd/ulp/ip/ulp_interconnect_axilite_user_imp_m00_regslice_0/ulp_interconnect_axilite_user_imp_m00_regslice_0_clocks.xdc] for cell 'level0_i/ulp/SLR0/interconnect_axilite_user/m00_couplers/m00_regslice/inst'
Parsing XDC File [/home/miahafiz/NeuroRing_a_sudoku_v2/_x.hw.NUM_4096.CORE_10.FREQ_300/link/vivado/vpl/prj/prj.gen/my_rm/bd/ulp/ip/ulp_interconnect_axilite_user_imp_m01_regslice_0/ulp_interconnect_axilite_user_imp_m01_regslice_0_clocks.xdc] for cell 'level0_i/ulp/SLR0/interconnect_axilite_user/m01_couplers/m01_regslice/inst'
Finished Parsing XDC File [/home/miahafiz/NeuroRing_a_sudoku_v2/_x.hw.NUM_4096.CORE_10.FREQ_300/link/vivado/vpl/prj/prj.gen/my_rm/bd/ulp/ip/ulp_interconnect_axilite_user_imp_m01_regslice_0/ulp_interconnect_axilite_user_imp_m01_regslice_0_clocks.xdc] for cell 'level0_i/ulp/SLR0/interconnect_axilite_user/m01_couplers/m01_regslice/inst'
Parsing XDC File [/home/miahafiz/NeuroRing_a_sudoku_v2/_x.hw.NUM_4096.CORE_10.FREQ_300/link/vivado/vpl/prj/prj.gen/my_rm/bd/ulp/ip/ulp_interconnect_axilite_user_imp_m02_regslice_0/ulp_interconnect_axilite_user_imp_m02_regslice_0_clocks.xdc] for cell 'level0_i/ulp/SLR0/interconnect_axilite_user/m02_couplers/m02_regslice/inst'
Finished Parsing XDC File [/home/miahafiz/NeuroRing_a_sudoku_v2/_x.hw.NUM_4096.CORE_10.FREQ_300/link/vivado/vpl/prj/prj.gen/my_rm/bd/ulp/ip/ulp_interconnect_axilite_user_imp_m02_regslice_0/ulp_interconnect_axilite_user_imp_m02_regslice_0_clocks.xdc] for cell 'level0_i/ulp/SLR0/interconnect_axilite_user/m02_couplers/m02_regslice/inst'
Parsing XDC File [/home/miahafiz/NeuroRing_a_sudoku_v2/_x.hw.NUM_4096.CORE_10.FREQ_300/link/vivado/vpl/prj/prj.gen/my_rm/bd/ulp/ip/ulp_interconnect_axilite_user_imp_m03_regslice_0/ulp_interconnect_axilite_user_imp_m03_regslice_0_clocks.xdc] for cell 'level0_i/ulp/SLR0/interconnect_axilite_user/m03_couplers/m03_regslice/inst'
Finished Parsing XDC File [/home/miahafiz/NeuroRing_a_sudoku_v2/_x.hw.NUM_4096.CORE_10.FREQ_300/link/vivado/vpl/prj/prj.gen/my_rm/bd/ulp/ip/ulp_interconnect_axilite_user_imp_m03_regslice_0/ulp_interconnect_axilite_user_imp_m03_regslice_0_clocks.xdc] for cell 'level0_i/ulp/SLR0/interconnect_axilite_user/m03_couplers/m03_regslice/inst'
Parsing XDC File [/home/miahafiz/NeuroRing_a_sudoku_v2/_x.hw.NUM_4096.CORE_10.FREQ_300/link/vivado/vpl/prj/prj.gen/my_rm/bd/ulp/ip/ulp_interconnect_axilite_user_imp_m04_regslice_0/ulp_interconnect_axilite_user_imp_m04_regslice_0_clocks.xdc] for cell 'level0_i/ulp/SLR0/interconnect_axilite_user/m04_couplers/m04_regslice/inst'
Finished Parsing XDC File [/home/miahafiz/NeuroRing_a_sudoku_v2/_x.hw.NUM_4096.CORE_10.FREQ_300/link/vivado/vpl/prj/prj.gen/my_rm/bd/ulp/ip/ulp_interconnect_axilite_user_imp_m04_regslice_0/ulp_interconnect_axilite_user_imp_m04_regslice_0_clocks.xdc] for cell 'level0_i/ulp/SLR0/interconnect_axilite_user/m04_couplers/m04_regslice/inst'
Parsing XDC File [/home/miahafiz/NeuroRing_a_sudoku_v2/_x.hw.NUM_4096.CORE_10.FREQ_300/link/vivado/vpl/prj/prj.gen/my_rm/bd/ulp/ip/ulp_interconnect_axilite_user_imp_s00_regslice_0/ulp_interconnect_axilite_user_imp_s00_regslice_0_clocks.xdc] for cell 'level0_i/ulp/SLR0/interconnect_axilite_user/s00_couplers/s00_regslice/inst'
Finished Parsing XDC File [/home/miahafiz/NeuroRing_a_sudoku_v2/_x.hw.NUM_4096.CORE_10.FREQ_300/link/vivado/vpl/prj/prj.gen/my_rm/bd/ulp/ip/ulp_interconnect_axilite_user_imp_s00_regslice_0/ulp_interconnect_axilite_user_imp_s00_regslice_0_clocks.xdc] for cell 'level0_i/ulp/SLR0/interconnect_axilite_user/s00_couplers/s00_regslice/inst'
Parsing XDC File [/home/miahafiz/NeuroRing_a_sudoku_v2/_x.hw.NUM_4096.CORE_10.FREQ_300/link/vivado/vpl/prj/prj.gen/my_rm/bd/ulp/ip/ulp_interconnect_axilite_user_imp_s00_regslice_1/ulp_interconnect_axilite_user_imp_s00_regslice_1_clocks.xdc] for cell 'level0_i/ulp/SLR1/interconnect_axilite_user/s00_couplers/s00_regslice/inst'
Finished Parsing XDC File [/home/miahafiz/NeuroRing_a_sudoku_v2/_x.hw.NUM_4096.CORE_10.FREQ_300/link/vivado/vpl/prj/prj.gen/my_rm/bd/ulp/ip/ulp_interconnect_axilite_user_imp_s00_regslice_1/ulp_interconnect_axilite_user_imp_s00_regslice_1_clocks.xdc] for cell 'level0_i/ulp/SLR1/interconnect_axilite_user/s00_couplers/s00_regslice/inst'
Parsing XDC File [/home/miahafiz/NeuroRing_a_sudoku_v2/_x.hw.NUM_4096.CORE_10.FREQ_300/link/vivado/vpl/prj/prj.gen/my_rm/bd/ulp/ip/ulp_interconnect_axilite_user_imp_s00_regslice_2/ulp_interconnect_axilite_user_imp_s00_regslice_2_clocks.xdc] for cell 'level0_i/ulp/SLR2/interconnect_axilite_user/s00_couplers/s00_regslice/inst'
Finished Parsing XDC File [/home/miahafiz/NeuroRing_a_sudoku_v2/_x.hw.NUM_4096.CORE_10.FREQ_300/link/vivado/vpl/prj/prj.gen/my_rm/bd/ulp/ip/ulp_interconnect_axilite_user_imp_s00_regslice_2/ulp_interconnect_axilite_user_imp_s00_regslice_2_clocks.xdc] for cell 'level0_i/ulp/SLR2/interconnect_axilite_user/s00_couplers/s00_regslice/inst'
Parsing XDC File [/home/miahafiz/NeuroRing_a_sudoku_v2/_x.hw.NUM_4096.CORE_10.FREQ_300/link/vivado/vpl/prj/prj.gen/my_rm/bd/ulp/ip/ulp_proc_sys_reset_ctrl_slr0_0/ulp_proc_sys_reset_ctrl_slr0_0_slr.xdc] for cell 'level0_i/ulp/proc_sys_reset_ctrl_slr0/U0'
INFO: [Vivado 12-3520] Assignment of 'PR_OUT_DFF[0].FDRE_PER, GND, FDRE_inst, ACTIVE_LOW_BSR_OUT_DFF[0].FDRE_BSR_N, ACTIVE_LOW_PR_OUT_DFF[0].FDRE_PER_N, EXT_LPF, BSR_OUT_DFF[0].FDRE_BSR, VCC, and SEQ' to a pblock 'pblock_dynamic_SLR0' means that all children of 'proc_sys_reset_ctrl_slr0' are in the pblock. Changing the pblock assignment to 'proc_sys_reset_ctrl_slr0'. [/home/miahafiz/NeuroRing_a_sudoku_v2/_x.hw.NUM_4096.CORE_10.FREQ_300/link/vivado/vpl/prj/prj.gen/my_rm/bd/ulp/ip/ulp_proc_sys_reset_ctrl_slr0_0/ulp_proc_sys_reset_ctrl_slr0_0_slr.xdc:55]
Finished Parsing XDC File [/home/miahafiz/NeuroRing_a_sudoku_v2/_x.hw.NUM_4096.CORE_10.FREQ_300/link/vivado/vpl/prj/prj.gen/my_rm/bd/ulp/ip/ulp_proc_sys_reset_ctrl_slr0_0/ulp_proc_sys_reset_ctrl_slr0_0_slr.xdc] for cell 'level0_i/ulp/proc_sys_reset_ctrl_slr0/U0'
Parsing XDC File [/home/miahafiz/NeuroRing_a_sudoku_v2/_x.hw.NUM_4096.CORE_10.FREQ_300/link/vivado/vpl/prj/prj.gen/my_rm/bd/ulp/ip/ulp_proc_sys_reset_ctrl_slr1_0/ulp_proc_sys_reset_ctrl_slr1_0_slr.xdc] for cell 'level0_i/ulp/proc_sys_reset_ctrl_slr1/U0'
INFO: [Vivado 12-3520] Assignment of 'VCC, SEQ, PR_OUT_DFF[0].FDRE_PER, GND, FDRE_inst, ACTIVE_LOW_BSR_OUT_DFF[0].FDRE_BSR_N, ACTIVE_LOW_PR_OUT_DFF[0].FDRE_PER_N, EXT_LPF, and BSR_OUT_DFF[0].FDRE_BSR' to a pblock 'pblock_dynamic_SLR1' means that all children of 'proc_sys_reset_ctrl_slr1' are in the pblock. Changing the pblock assignment to 'proc_sys_reset_ctrl_slr1'. [/home/miahafiz/NeuroRing_a_sudoku_v2/_x.hw.NUM_4096.CORE_10.FREQ_300/link/vivado/vpl/prj/prj.gen/my_rm/bd/ulp/ip/ulp_proc_sys_reset_ctrl_slr1_0/ulp_proc_sys_reset_ctrl_slr1_0_slr.xdc:55]
Finished Parsing XDC File [/home/miahafiz/NeuroRing_a_sudoku_v2/_x.hw.NUM_4096.CORE_10.FREQ_300/link/vivado/vpl/prj/prj.gen/my_rm/bd/ulp/ip/ulp_proc_sys_reset_ctrl_slr1_0/ulp_proc_sys_reset_ctrl_slr1_0_slr.xdc] for cell 'level0_i/ulp/proc_sys_reset_ctrl_slr1/U0'
Parsing XDC File [/home/miahafiz/NeuroRing_a_sudoku_v2/_x.hw.NUM_4096.CORE_10.FREQ_300/link/vivado/vpl/prj/prj.gen/my_rm/bd/ulp/ip/ulp_proc_sys_reset_ctrl_slr2_0/ulp_proc_sys_reset_ctrl_slr2_0_slr.xdc] for cell 'level0_i/ulp/proc_sys_reset_ctrl_slr2/U0'
INFO: [Vivado 12-3520] Assignment of 'VCC, SEQ, PR_OUT_DFF[0].FDRE_PER, GND, FDRE_inst, ACTIVE_LOW_BSR_OUT_DFF[0].FDRE_BSR_N, ACTIVE_LOW_PR_OUT_DFF[0].FDRE_PER_N, EXT_LPF, and BSR_OUT_DFF[0].FDRE_BSR' to a pblock 'pblock_dynamic_SLR2' means that all children of 'proc_sys_reset_ctrl_slr2' are in the pblock. Changing the pblock assignment to 'proc_sys_reset_ctrl_slr2'. [/home/miahafiz/NeuroRing_a_sudoku_v2/_x.hw.NUM_4096.CORE_10.FREQ_300/link/vivado/vpl/prj/prj.gen/my_rm/bd/ulp/ip/ulp_proc_sys_reset_ctrl_slr2_0/ulp_proc_sys_reset_ctrl_slr2_0_slr.xdc:55]
Finished Parsing XDC File [/home/miahafiz/NeuroRing_a_sudoku_v2/_x.hw.NUM_4096.CORE_10.FREQ_300/link/vivado/vpl/prj/prj.gen/my_rm/bd/ulp/ip/ulp_proc_sys_reset_ctrl_slr2_0/ulp_proc_sys_reset_ctrl_slr2_0_slr.xdc] for cell 'level0_i/ulp/proc_sys_reset_ctrl_slr2/U0'
Parsing XDC File [/home/miahafiz/NeuroRing_a_sudoku_v2/_x.hw.NUM_4096.CORE_10.FREQ_300/link/vivado/vpl/prj/prj.gen/my_rm/bd/ulp/ip/ulp_proc_sys_reset_freerun_slr0_0/ulp_proc_sys_reset_freerun_slr0_0_slr.xdc] for cell 'level0_i/ulp/proc_sys_reset_freerun_slr0/U0'
INFO: [Vivado 12-3520] Assignment of 'VCC, SEQ, PR_OUT_DFF[0].FDRE_PER, GND, FDRE_inst, ACTIVE_LOW_BSR_OUT_DFF[0].FDRE_BSR_N, BSR_OUT_DFF[0].FDRE_BSR, ACTIVE_LOW_PR_OUT_DFF[0].FDRE_PER_N, and EXT_LPF' to a pblock 'pblock_dynamic_SLR0' means that all children of 'proc_sys_reset_freerun_slr0' are in the pblock. Changing the pblock assignment to 'proc_sys_reset_freerun_slr0'. [/home/miahafiz/NeuroRing_a_sudoku_v2/_x.hw.NUM_4096.CORE_10.FREQ_300/link/vivado/vpl/prj/prj.gen/my_rm/bd/ulp/ip/ulp_proc_sys_reset_freerun_slr0_0/ulp_proc_sys_reset_freerun_slr0_0_slr.xdc:55]
Finished Parsing XDC File [/home/miahafiz/NeuroRing_a_sudoku_v2/_x.hw.NUM_4096.CORE_10.FREQ_300/link/vivado/vpl/prj/prj.gen/my_rm/bd/ulp/ip/ulp_proc_sys_reset_freerun_slr0_0/ulp_proc_sys_reset_freerun_slr0_0_slr.xdc] for cell 'level0_i/ulp/proc_sys_reset_freerun_slr0/U0'
Parsing XDC File [/home/miahafiz/NeuroRing_a_sudoku_v2/_x.hw.NUM_4096.CORE_10.FREQ_300/link/vivado/vpl/prj/prj.gen/my_rm/bd/ulp/ip/ulp_proc_sys_reset_freerun_slr1_0/ulp_proc_sys_reset_freerun_slr1_0_slr.xdc] for cell 'level0_i/ulp/proc_sys_reset_freerun_slr1/U0'
INFO: [Vivado 12-3520] Assignment of 'EXT_LPF, ACTIVE_LOW_PR_OUT_DFF[0].FDRE_PER_N, BSR_OUT_DFF[0].FDRE_BSR, ACTIVE_LOW_BSR_OUT_DFF[0].FDRE_BSR_N, FDRE_inst, GND, PR_OUT_DFF[0].FDRE_PER, SEQ, and VCC' to a pblock 'pblock_dynamic_SLR1' means that all children of 'proc_sys_reset_freerun_slr1' are in the pblock. Changing the pblock assignment to 'proc_sys_reset_freerun_slr1'. [/home/miahafiz/NeuroRing_a_sudoku_v2/_x.hw.NUM_4096.CORE_10.FREQ_300/link/vivado/vpl/prj/prj.gen/my_rm/bd/ulp/ip/ulp_proc_sys_reset_freerun_slr1_0/ulp_proc_sys_reset_freerun_slr1_0_slr.xdc:55]
Finished Parsing XDC File [/home/miahafiz/NeuroRing_a_sudoku_v2/_x.hw.NUM_4096.CORE_10.FREQ_300/link/vivado/vpl/prj/prj.gen/my_rm/bd/ulp/ip/ulp_proc_sys_reset_freerun_slr1_0/ulp_proc_sys_reset_freerun_slr1_0_slr.xdc] for cell 'level0_i/ulp/proc_sys_reset_freerun_slr1/U0'
Parsing XDC File [/home/miahafiz/NeuroRing_a_sudoku_v2/_x.hw.NUM_4096.CORE_10.FREQ_300/link/vivado/vpl/prj/prj.gen/my_rm/bd/ulp/ip/ulp_proc_sys_reset_freerun_slr2_0/ulp_proc_sys_reset_freerun_slr2_0_slr.xdc] for cell 'level0_i/ulp/proc_sys_reset_freerun_slr2/U0'
INFO: [Vivado 12-3520] Assignment of 'EXT_LPF, ACTIVE_LOW_PR_OUT_DFF[0].FDRE_PER_N, BSR_OUT_DFF[0].FDRE_BSR, ACTIVE_LOW_BSR_OUT_DFF[0].FDRE_BSR_N, FDRE_inst, GND, PR_OUT_DFF[0].FDRE_PER, SEQ, and VCC' to a pblock 'pblock_dynamic_SLR2' means that all children of 'proc_sys_reset_freerun_slr2' are in the pblock. Changing the pblock assignment to 'proc_sys_reset_freerun_slr2'. [/home/miahafiz/NeuroRing_a_sudoku_v2/_x.hw.NUM_4096.CORE_10.FREQ_300/link/vivado/vpl/prj/prj.gen/my_rm/bd/ulp/ip/ulp_proc_sys_reset_freerun_slr2_0/ulp_proc_sys_reset_freerun_slr2_0_slr.xdc:55]
Finished Parsing XDC File [/home/miahafiz/NeuroRing_a_sudoku_v2/_x.hw.NUM_4096.CORE_10.FREQ_300/link/vivado/vpl/prj/prj.gen/my_rm/bd/ulp/ip/ulp_proc_sys_reset_freerun_slr2_0/ulp_proc_sys_reset_freerun_slr2_0_slr.xdc] for cell 'level0_i/ulp/proc_sys_reset_freerun_slr2/U0'
Parsing XDC File [/home/miahafiz/NeuroRing_a_sudoku_v2/_x.hw.NUM_4096.CORE_10.FREQ_300/link/vivado/vpl/prj/prj.gen/my_rm/bd/ulp/ip/ulp_proc_sys_reset_kernel2_slr0_0/ulp_proc_sys_reset_kernel2_slr0_0_slr.xdc] for cell 'level0_i/ulp/proc_sys_reset_kernel2_slr0/U0'
INFO: [Vivado 12-3520] Assignment of 'EXT_LPF, ACTIVE_LOW_PR_OUT_DFF[0].FDRE_PER_N, BSR_OUT_DFF[0].FDRE_BSR, ACTIVE_LOW_BSR_OUT_DFF[0].FDRE_BSR_N, FDRE_inst, GND, PR_OUT_DFF[0].FDRE_PER, SEQ, and VCC' to a pblock 'pblock_dynamic_SLR0' means that all children of 'proc_sys_reset_kernel2_slr0' are in the pblock. Changing the pblock assignment to 'proc_sys_reset_kernel2_slr0'. [/home/miahafiz/NeuroRing_a_sudoku_v2/_x.hw.NUM_4096.CORE_10.FREQ_300/link/vivado/vpl/prj/prj.gen/my_rm/bd/ulp/ip/ulp_proc_sys_reset_kernel2_slr0_0/ulp_proc_sys_reset_kernel2_slr0_0_slr.xdc:55]
Finished Parsing XDC File [/home/miahafiz/NeuroRing_a_sudoku_v2/_x.hw.NUM_4096.CORE_10.FREQ_300/link/vivado/vpl/prj/prj.gen/my_rm/bd/ulp/ip/ulp_proc_sys_reset_kernel2_slr0_0/ulp_proc_sys_reset_kernel2_slr0_0_slr.xdc] for cell 'level0_i/ulp/proc_sys_reset_kernel2_slr0/U0'
Parsing XDC File [/home/miahafiz/NeuroRing_a_sudoku_v2/_x.hw.NUM_4096.CORE_10.FREQ_300/link/vivado/vpl/prj/prj.gen/my_rm/bd/ulp/ip/ulp_proc_sys_reset_kernel2_slr1_0/ulp_proc_sys_reset_kernel2_slr1_0_slr.xdc] for cell 'level0_i/ulp/proc_sys_reset_kernel2_slr1/U0'
INFO: [Vivado 12-3520] Assignment of 'EXT_LPF, ACTIVE_LOW_PR_OUT_DFF[0].FDRE_PER_N, BSR_OUT_DFF[0].FDRE_BSR, ACTIVE_LOW_BSR_OUT_DFF[0].FDRE_BSR_N, FDRE_inst, GND, PR_OUT_DFF[0].FDRE_PER, SEQ, and VCC' to a pblock 'pblock_dynamic_SLR1' means that all children of 'proc_sys_reset_kernel2_slr1' are in the pblock. Changing the pblock assignment to 'proc_sys_reset_kernel2_slr1'. [/home/miahafiz/NeuroRing_a_sudoku_v2/_x.hw.NUM_4096.CORE_10.FREQ_300/link/vivado/vpl/prj/prj.gen/my_rm/bd/ulp/ip/ulp_proc_sys_reset_kernel2_slr1_0/ulp_proc_sys_reset_kernel2_slr1_0_slr.xdc:55]
Finished Parsing XDC File [/home/miahafiz/NeuroRing_a_sudoku_v2/_x.hw.NUM_4096.CORE_10.FREQ_300/link/vivado/vpl/prj/prj.gen/my_rm/bd/ulp/ip/ulp_proc_sys_reset_kernel2_slr1_0/ulp_proc_sys_reset_kernel2_slr1_0_slr.xdc] for cell 'level0_i/ulp/proc_sys_reset_kernel2_slr1/U0'
Parsing XDC File [/home/miahafiz/NeuroRing_a_sudoku_v2/_x.hw.NUM_4096.CORE_10.FREQ_300/link/vivado/vpl/prj/prj.gen/my_rm/bd/ulp/ip/ulp_proc_sys_reset_kernel2_slr2_0/ulp_proc_sys_reset_kernel2_slr2_0_slr.xdc] for cell 'level0_i/ulp/proc_sys_reset_kernel2_slr2/U0'
INFO: [Vivado 12-3520] Assignment of 'EXT_LPF, ACTIVE_LOW_PR_OUT_DFF[0].FDRE_PER_N, BSR_OUT_DFF[0].FDRE_BSR, ACTIVE_LOW_BSR_OUT_DFF[0].FDRE_BSR_N, FDRE_inst, GND, PR_OUT_DFF[0].FDRE_PER, SEQ, and VCC' to a pblock 'pblock_dynamic_SLR2' means that all children of 'proc_sys_reset_kernel2_slr2' are in the pblock. Changing the pblock assignment to 'proc_sys_reset_kernel2_slr2'. [/home/miahafiz/NeuroRing_a_sudoku_v2/_x.hw.NUM_4096.CORE_10.FREQ_300/link/vivado/vpl/prj/prj.gen/my_rm/bd/ulp/ip/ulp_proc_sys_reset_kernel2_slr2_0/ulp_proc_sys_reset_kernel2_slr2_0_slr.xdc:55]
Finished Parsing XDC File [/home/miahafiz/NeuroRing_a_sudoku_v2/_x.hw.NUM_4096.CORE_10.FREQ_300/link/vivado/vpl/prj/prj.gen/my_rm/bd/ulp/ip/ulp_proc_sys_reset_kernel2_slr2_0/ulp_proc_sys_reset_kernel2_slr2_0_slr.xdc] for cell 'level0_i/ulp/proc_sys_reset_kernel2_slr2/U0'
Parsing XDC File [/home/miahafiz/NeuroRing_a_sudoku_v2/_x.hw.NUM_4096.CORE_10.FREQ_300/link/vivado/vpl/prj/prj.gen/my_rm/bd/ulp/ip/ulp_proc_sys_reset_kernel_slr0_0/ulp_proc_sys_reset_kernel_slr0_0_slr.xdc] for cell 'level0_i/ulp/proc_sys_reset_kernel_slr0/U0'
INFO: [Vivado 12-3520] Assignment of 'BSR_OUT_DFF[0].FDRE_BSR, EXT_LPF, ACTIVE_LOW_PR_OUT_DFF[0].FDRE_PER_N, ACTIVE_LOW_BSR_OUT_DFF[0].FDRE_BSR_N, FDRE_inst, GND, PR_OUT_DFF[0].FDRE_PER, SEQ, and VCC' to a pblock 'pblock_dynamic_SLR0' means that all children of 'proc_sys_reset_kernel_slr0' are in the pblock. Changing the pblock assignment to 'proc_sys_reset_kernel_slr0'. [/home/miahafiz/NeuroRing_a_sudoku_v2/_x.hw.NUM_4096.CORE_10.FREQ_300/link/vivado/vpl/prj/prj.gen/my_rm/bd/ulp/ip/ulp_proc_sys_reset_kernel_slr0_0/ulp_proc_sys_reset_kernel_slr0_0_slr.xdc:55]
Finished Parsing XDC File [/home/miahafiz/NeuroRing_a_sudoku_v2/_x.hw.NUM_4096.CORE_10.FREQ_300/link/vivado/vpl/prj/prj.gen/my_rm/bd/ulp/ip/ulp_proc_sys_reset_kernel_slr0_0/ulp_proc_sys_reset_kernel_slr0_0_slr.xdc] for cell 'level0_i/ulp/proc_sys_reset_kernel_slr0/U0'
Parsing XDC File [/home/miahafiz/NeuroRing_a_sudoku_v2/_x.hw.NUM_4096.CORE_10.FREQ_300/link/vivado/vpl/prj/prj.gen/my_rm/bd/ulp/ip/ulp_proc_sys_reset_kernel_slr1_0/ulp_proc_sys_reset_kernel_slr1_0_slr.xdc] for cell 'level0_i/ulp/proc_sys_reset_kernel_slr1/U0'
INFO: [Vivado 12-3520] Assignment of 'BSR_OUT_DFF[0].FDRE_BSR, EXT_LPF, ACTIVE_LOW_PR_OUT_DFF[0].FDRE_PER_N, ACTIVE_LOW_BSR_OUT_DFF[0].FDRE_BSR_N, FDRE_inst, GND, PR_OUT_DFF[0].FDRE_PER, SEQ, and VCC' to a pblock 'pblock_dynamic_SLR1' means that all children of 'proc_sys_reset_kernel_slr1' are in the pblock. Changing the pblock assignment to 'proc_sys_reset_kernel_slr1'. [/home/miahafiz/NeuroRing_a_sudoku_v2/_x.hw.NUM_4096.CORE_10.FREQ_300/link/vivado/vpl/prj/prj.gen/my_rm/bd/ulp/ip/ulp_proc_sys_reset_kernel_slr1_0/ulp_proc_sys_reset_kernel_slr1_0_slr.xdc:55]
Finished Parsing XDC File [/home/miahafiz/NeuroRing_a_sudoku_v2/_x.hw.NUM_4096.CORE_10.FREQ_300/link/vivado/vpl/prj/prj.gen/my_rm/bd/ulp/ip/ulp_proc_sys_reset_kernel_slr1_0/ulp_proc_sys_reset_kernel_slr1_0_slr.xdc] for cell 'level0_i/ulp/proc_sys_reset_kernel_slr1/U0'
Parsing XDC File [/home/miahafiz/NeuroRing_a_sudoku_v2/_x.hw.NUM_4096.CORE_10.FREQ_300/link/vivado/vpl/prj/prj.gen/my_rm/bd/ulp/ip/ulp_proc_sys_reset_kernel_slr2_0/ulp_proc_sys_reset_kernel_slr2_0_slr.xdc] for cell 'level0_i/ulp/proc_sys_reset_kernel_slr2/U0'
INFO: [Vivado 12-3520] Assignment of 'BSR_OUT_DFF[0].FDRE_BSR, EXT_LPF, ACTIVE_LOW_PR_OUT_DFF[0].FDRE_PER_N, ACTIVE_LOW_BSR_OUT_DFF[0].FDRE_BSR_N, FDRE_inst, GND, PR_OUT_DFF[0].FDRE_PER, SEQ, and VCC' to a pblock 'pblock_dynamic_SLR2' means that all children of 'proc_sys_reset_kernel_slr2' are in the pblock. Changing the pblock assignment to 'proc_sys_reset_kernel_slr2'. [/home/miahafiz/NeuroRing_a_sudoku_v2/_x.hw.NUM_4096.CORE_10.FREQ_300/link/vivado/vpl/prj/prj.gen/my_rm/bd/ulp/ip/ulp_proc_sys_reset_kernel_slr2_0/ulp_proc_sys_reset_kernel_slr2_0_slr.xdc:55]
Finished Parsing XDC File [/home/miahafiz/NeuroRing_a_sudoku_v2/_x.hw.NUM_4096.CORE_10.FREQ_300/link/vivado/vpl/prj/prj.gen/my_rm/bd/ulp/ip/ulp_proc_sys_reset_kernel_slr2_0/ulp_proc_sys_reset_kernel_slr2_0_slr.xdc] for cell 'level0_i/ulp/proc_sys_reset_kernel_slr2/U0'
Parsing XDC File [/home/miahafiz/NeuroRing_a_sudoku_v2/_x.hw.NUM_4096.CORE_10.FREQ_300/link/vivado/vpl/prj/prj.gen/my_rm/bd/ulp/ip/ulp_regslice_control_userpf_0/ulp_regslice_control_userpf_0_clocks.xdc] for cell 'level0_i/ulp/SLR0/regslice_control_userpf/inst'
Finished Parsing XDC File [/home/miahafiz/NeuroRing_a_sudoku_v2/_x.hw.NUM_4096.CORE_10.FREQ_300/link/vivado/vpl/prj/prj.gen/my_rm/bd/ulp/ip/ulp_regslice_control_userpf_0/ulp_regslice_control_userpf_0_clocks.xdc] for cell 'level0_i/ulp/SLR0/regslice_control_userpf/inst'
Parsing XDC File [/home/miahafiz/NeuroRing_a_sudoku_v2/_x.hw.NUM_4096.CORE_10.FREQ_300/link/vivado/vpl/prj/prj.gen/my_rm/bd/ulp/ip/ulp_regslice_control_userpf_0/ulp_regslice_control_userpf_0_slr.xdc] for cell 'level0_i/ulp/SLR0/regslice_control_userpf/inst'
Finished Parsing XDC File [/home/miahafiz/NeuroRing_a_sudoku_v2/_x.hw.NUM_4096.CORE_10.FREQ_300/link/vivado/vpl/prj/prj.gen/my_rm/bd/ulp/ip/ulp_regslice_control_userpf_0/ulp_regslice_control_userpf_0_slr.xdc] for cell 'level0_i/ulp/SLR0/regslice_control_userpf/inst'
Parsing XDC File [/home/miahafiz/NeuroRing_a_sudoku_v2/_x.hw.NUM_4096.CORE_10.FREQ_300/link/vivado/vpl/prj/prj.gen/my_rm/bd/ulp/ip/ulp_regslice_control_userpf_1/ulp_regslice_control_userpf_1_clocks.xdc] for cell 'level0_i/ulp/SLR1/regslice_control_userpf/inst'
Finished Parsing XDC File [/home/miahafiz/NeuroRing_a_sudoku_v2/_x.hw.NUM_4096.CORE_10.FREQ_300/link/vivado/vpl/prj/prj.gen/my_rm/bd/ulp/ip/ulp_regslice_control_userpf_1/ulp_regslice_control_userpf_1_clocks.xdc] for cell 'level0_i/ulp/SLR1/regslice_control_userpf/inst'
Parsing XDC File [/home/miahafiz/NeuroRing_a_sudoku_v2/_x.hw.NUM_4096.CORE_10.FREQ_300/link/vivado/vpl/prj/prj.gen/my_rm/bd/ulp/ip/ulp_regslice_control_userpf_1/ulp_regslice_control_userpf_1_slr.xdc] for cell 'level0_i/ulp/SLR1/regslice_control_userpf/inst'
Finished Parsing XDC File [/home/miahafiz/NeuroRing_a_sudoku_v2/_x.hw.NUM_4096.CORE_10.FREQ_300/link/vivado/vpl/prj/prj.gen/my_rm/bd/ulp/ip/ulp_regslice_control_userpf_1/ulp_regslice_control_userpf_1_slr.xdc] for cell 'level0_i/ulp/SLR1/regslice_control_userpf/inst'
Parsing XDC File [/home/miahafiz/NeuroRing_a_sudoku_v2/_x.hw.NUM_4096.CORE_10.FREQ_300/link/vivado/vpl/prj/prj.gen/my_rm/bd/ulp/ip/ulp_regslice_control_userpf_2/ulp_regslice_control_userpf_2_clocks.xdc] for cell 'level0_i/ulp/SLR2/regslice_control_userpf/inst'
Finished Parsing XDC File [/home/miahafiz/NeuroRing_a_sudoku_v2/_x.hw.NUM_4096.CORE_10.FREQ_300/link/vivado/vpl/prj/prj.gen/my_rm/bd/ulp/ip/ulp_regslice_control_userpf_2/ulp_regslice_control_userpf_2_clocks.xdc] for cell 'level0_i/ulp/SLR2/regslice_control_userpf/inst'
Parsing XDC File [/home/miahafiz/NeuroRing_a_sudoku_v2/_x.hw.NUM_4096.CORE_10.FREQ_300/link/vivado/vpl/prj/prj.gen/my_rm/bd/ulp/ip/ulp_regslice_control_userpf_2/ulp_regslice_control_userpf_2_slr.xdc] for cell 'level0_i/ulp/SLR2/regslice_control_userpf/inst'
Finished Parsing XDC File [/home/miahafiz/NeuroRing_a_sudoku_v2/_x.hw.NUM_4096.CORE_10.FREQ_300/link/vivado/vpl/prj/prj.gen/my_rm/bd/ulp/ip/ulp_regslice_control_userpf_2/ulp_regslice_control_userpf_2_slr.xdc] for cell 'level0_i/ulp/SLR2/regslice_control_userpf/inst'
Parsing XDC File [/home/miahafiz/NeuroRing_a_sudoku_v2/_x.hw.NUM_4096.CORE_10.FREQ_300/link/vivado/vpl/prj/prj.gen/my_rm/bd/ulp/ip/ulp_ulp_cmp_0/bd_1/ip/ip_0/constraints/axi_jtag.xdc] for cell 'level0_i/ulp/ulp_cmp/inst/user_debug_bridge/inst/axi_jtag/inst'
Finished Parsing XDC File [/home/miahafiz/NeuroRing_a_sudoku_v2/_x.hw.NUM_4096.CORE_10.FREQ_300/link/vivado/vpl/prj/prj.gen/my_rm/bd/ulp/ip/ulp_ulp_cmp_0/bd_1/ip/ip_0/constraints/axi_jtag.xdc] for cell 'level0_i/ulp/ulp_cmp/inst/user_debug_bridge/inst/axi_jtag/inst'
Parsing XDC File [/home/miahafiz/NeuroRing_a_sudoku_v2/_x.hw.NUM_4096.CORE_10.FREQ_300/link/vivado/vpl/prj/prj.gen/my_rm/bd/ulp/ip/ulp_ulp_cmp_0/bd_1/ip/ip_1/constraints/bsip.xdc] for cell 'level0_i/ulp/ulp_cmp/inst/user_debug_bridge/inst/bsip/inst'
Finished Parsing XDC File [/home/miahafiz/NeuroRing_a_sudoku_v2/_x.hw.NUM_4096.CORE_10.FREQ_300/link/vivado/vpl/prj/prj.gen/my_rm/bd/ulp/ip/ulp_ulp_cmp_0/bd_1/ip/ip_1/constraints/bsip.xdc] for cell 'level0_i/ulp/ulp_cmp/inst/user_debug_bridge/inst/bsip/inst'
Parsing XDC File [/home/miahafiz/NeuroRing_a_sudoku_v2/_x.hw.NUM_4096.CORE_10.FREQ_300/link/vivado/vpl/prj/prj.gen/my_rm/bd/ulp/ip/ulp_ulp_cmp_0/bd_2/ip/ip_0/constraints/xsdbm_cc_late.xdc] for cell 'level0_i/ulp/ulp_cmp/inst/user_debug_hub/inst/xsdbm/inst'
Finished Parsing XDC File [/home/miahafiz/NeuroRing_a_sudoku_v2/_x.hw.NUM_4096.CORE_10.FREQ_300/link/vivado/vpl/prj/prj.gen/my_rm/bd/ulp/ip/ulp_ulp_cmp_0/bd_2/ip/ip_0/constraints/xsdbm_cc_late.xdc] for cell 'level0_i/ulp/ulp_cmp/inst/user_debug_hub/inst/xsdbm/inst'
Parsing XDC File [/home/miahafiz/NeuroRing_a_sudoku_v2/_x.hw.NUM_4096.CORE_10.FREQ_300/link/vivado/vpl/prj/prj.gen/my_rm/bd/ulp/ip/ulp_ulp_cmp_0/bd_2/ip/ip_0/constraints/xsdbm_gc_late.xdc] for cell 'level0_i/ulp/ulp_cmp/inst/user_debug_hub/inst/xsdbm/inst'
Finished Parsing XDC File [/home/miahafiz/NeuroRing_a_sudoku_v2/_x.hw.NUM_4096.CORE_10.FREQ_300/link/vivado/vpl/prj/prj.gen/my_rm/bd/ulp/ip/ulp_ulp_cmp_0/bd_2/ip/ip_0/constraints/xsdbm_gc_late.xdc] for cell 'level0_i/ulp/ulp_cmp/inst/user_debug_hub/inst/xsdbm/inst'
Parsing XDC File [/home/miahafiz/NeuroRing_a_sudoku_v2/_x.hw.NUM_4096.CORE_10.FREQ_300/link/vivado/vpl/prj/prj.gen/my_rm/bd/ulp/ip/ulp_ulp_cmp_0/ulp_ulp_cmp_0.xdc] for cell 'level0_i/ulp/ulp_cmp/inst'
Finished Parsing XDC File [/home/miahafiz/NeuroRing_a_sudoku_v2/_x.hw.NUM_4096.CORE_10.FREQ_300/link/vivado/vpl/prj/prj.gen/my_rm/bd/ulp/ip/ulp_ulp_cmp_0/ulp_ulp_cmp_0.xdc] for cell 'level0_i/ulp/ulp_cmp/inst'
Parsing XDC File [/home/miahafiz/NeuroRing_a_sudoku_v2/_x.hw.NUM_4096.CORE_10.FREQ_300/link/vivado/vpl/prj/prj.gen/my_rm/bd/ulp/ip/ulp_ulp_ucs_0/bd_0/ip/ip_46/bd_22c0_clkwiz_hbm_0_late.xdc] for cell 'level0_i/ulp/ulp_ucs/inst/aclk_hbm_hierarchy/clkwiz_hbm/inst'
Finished Parsing XDC File [/home/miahafiz/NeuroRing_a_sudoku_v2/_x.hw.NUM_4096.CORE_10.FREQ_300/link/vivado/vpl/prj/prj.gen/my_rm/bd/ulp/ip/ulp_ulp_ucs_0/bd_0/ip/ip_46/bd_22c0_clkwiz_hbm_0_late.xdc] for cell 'level0_i/ulp/ulp_ucs/inst/aclk_hbm_hierarchy/clkwiz_hbm/inst'
Parsing XDC File [/home/miahafiz/NeuroRing_a_sudoku_v2/_x.hw.NUM_4096.CORE_10.FREQ_300/link/vivado/vpl/prj/prj.gen/my_rm/bd/ulp/ip/ulp_ulp_ucs_0/bd_0/ip/ip_93/bd_22c0_axi_ic_ctrl_mgmt_freq_imp_auto_cc_0_clocks.xdc] for cell 'level0_i/ulp/ulp_ucs/inst/frequency_counters/axi_ic_ctrl_mgmt_freq/s00_couplers/auto_cc/inst'
Finished Parsing XDC File [/home/miahafiz/NeuroRing_a_sudoku_v2/_x.hw.NUM_4096.CORE_10.FREQ_300/link/vivado/vpl/prj/prj.gen/my_rm/bd/ulp/ip/ulp_ulp_ucs_0/bd_0/ip/ip_93/bd_22c0_axi_ic_ctrl_mgmt_freq_imp_auto_cc_0_clocks.xdc] for cell 'level0_i/ulp/ulp_ucs/inst/frequency_counters/axi_ic_ctrl_mgmt_freq/s00_couplers/auto_cc/inst'
Parsing XDC File [/home/miahafiz/NeuroRing_a_sudoku_v2/_x.hw.NUM_4096.CORE_10.FREQ_300/link/vivado/vpl/prj/prj.gen/my_rm/bd/ulp/ip/ulp_ulp_ucs_0/bd_0/ip/ip_59/bd_22c0_clkwiz_aclk_kernel_00_0_late.xdc] for cell 'level0_i/ulp/ulp_ucs/inst/aclk_kernel_00_hierarchy/clkwiz_aclk_kernel_00/inst'
Finished Parsing XDC File [/home/miahafiz/NeuroRing_a_sudoku_v2/_x.hw.NUM_4096.CORE_10.FREQ_300/link/vivado/vpl/prj/prj.gen/my_rm/bd/ulp/ip/ulp_ulp_ucs_0/bd_0/ip/ip_59/bd_22c0_clkwiz_aclk_kernel_00_0_late.xdc] for cell 'level0_i/ulp/ulp_ucs/inst/aclk_kernel_00_hierarchy/clkwiz_aclk_kernel_00/inst'
Parsing XDC File [/home/miahafiz/NeuroRing_a_sudoku_v2/_x.hw.NUM_4096.CORE_10.FREQ_300/link/vivado/vpl/prj/prj.gen/my_rm/bd/ulp/ip/ulp_ulp_ucs_0/bd_0/ip/ip_60/bd_22c0_clock_throttling_aclk_kernel_00_0.xdc] for cell 'level0_i/ulp/ulp_ucs/inst/aclk_kernel_00_hierarchy/clock_throttling_aclk_kernel_00/U0'
Finished Parsing XDC File [/home/miahafiz/NeuroRing_a_sudoku_v2/_x.hw.NUM_4096.CORE_10.FREQ_300/link/vivado/vpl/prj/prj.gen/my_rm/bd/ulp/ip/ulp_ulp_ucs_0/bd_0/ip/ip_60/bd_22c0_clock_throttling_aclk_kernel_00_0.xdc] for cell 'level0_i/ulp/ulp_ucs/inst/aclk_kernel_00_hierarchy/clock_throttling_aclk_kernel_00/U0'
Parsing XDC File [/home/miahafiz/NeuroRing_a_sudoku_v2/_x.hw.NUM_4096.CORE_10.FREQ_300/link/vivado/vpl/prj/prj.gen/my_rm/bd/ulp/ip/ulp_ulp_ucs_0/bd_0/ip/ip_77/bd_22c0_clkwiz_aclk_kernel_01_0_late.xdc] for cell 'level0_i/ulp/ulp_ucs/inst/aclk_kernel_01_hierarchy/clkwiz_aclk_kernel_01/inst'
Finished Parsing XDC File [/home/miahafiz/NeuroRing_a_sudoku_v2/_x.hw.NUM_4096.CORE_10.FREQ_300/link/vivado/vpl/prj/prj.gen/my_rm/bd/ulp/ip/ulp_ulp_ucs_0/bd_0/ip/ip_77/bd_22c0_clkwiz_aclk_kernel_01_0_late.xdc] for cell 'level0_i/ulp/ulp_ucs/inst/aclk_kernel_01_hierarchy/clkwiz_aclk_kernel_01/inst'
Parsing XDC File [/home/miahafiz/NeuroRing_a_sudoku_v2/_x.hw.NUM_4096.CORE_10.FREQ_300/link/vivado/vpl/prj/prj.gen/my_rm/bd/ulp/ip/ulp_ulp_ucs_0/bd_0/ip/ip_78/bd_22c0_clock_throttling_aclk_kernel_01_0.xdc] for cell 'level0_i/ulp/ulp_ucs/inst/aclk_kernel_01_hierarchy/clock_throttling_aclk_kernel_01/U0'
Finished Parsing XDC File [/home/miahafiz/NeuroRing_a_sudoku_v2/_x.hw.NUM_4096.CORE_10.FREQ_300/link/vivado/vpl/prj/prj.gen/my_rm/bd/ulp/ip/ulp_ulp_ucs_0/bd_0/ip/ip_78/bd_22c0_clock_throttling_aclk_kernel_01_0.xdc] for cell 'level0_i/ulp/ulp_ucs/inst/aclk_kernel_01_hierarchy/clock_throttling_aclk_kernel_01/U0'
Parsing XDC File [/home/miahafiz/NeuroRing_a_sudoku_v2/_x.hw.NUM_4096.CORE_10.FREQ_300/link/vivado/vpl/prj/prj.gen/my_rm/bd/ulp/ip/ulp_ulp_ucs_0/ulp_ulp_ucs_0.xdc] for cell 'level0_i/ulp/ulp_ucs/inst'
Finished Parsing XDC File [/home/miahafiz/NeuroRing_a_sudoku_v2/_x.hw.NUM_4096.CORE_10.FREQ_300/link/vivado/vpl/prj/prj.gen/my_rm/bd/ulp/ip/ulp_ulp_ucs_0/ulp_ulp_ucs_0.xdc] for cell 'level0_i/ulp/ulp_ucs/inst'
Parsing XDC File [/home/miahafiz/NeuroRing_a_sudoku_v2/_x.hw.NUM_4096.CORE_10.FREQ_300/link/vivado/vpl/prj/prj.gen/my_rm/bd/ulp/ip/ulp_ii_level0_wire_0/bd_0/ip/ip_5/bd_5941_s_ip_axi_ctrl_mgmt_00_0_clocks.xdc] for cell 'level0_i/ulp/ii_level0_wire/inst/pxi_ii_core/inst/s_ip_axi_ctrl_mgmt_00/inst'
Finished Parsing XDC File [/home/miahafiz/NeuroRing_a_sudoku_v2/_x.hw.NUM_4096.CORE_10.FREQ_300/link/vivado/vpl/prj/prj.gen/my_rm/bd/ulp/ip/ulp_ii_level0_wire_0/bd_0/ip/ip_5/bd_5941_s_ip_axi_ctrl_mgmt_00_0_clocks.xdc] for cell 'level0_i/ulp/ii_level0_wire/inst/pxi_ii_core/inst/s_ip_axi_ctrl_mgmt_00/inst'
Parsing XDC File [/home/miahafiz/NeuroRing_a_sudoku_v2/_x.hw.NUM_4096.CORE_10.FREQ_300/link/vivado/vpl/prj/prj.gen/my_rm/bd/ulp/ip/ulp_ii_level0_wire_0/bd_0/ip/ip_6/bd_5941_m_ip_axi_ctrl_mgmt_00_0_clocks.xdc] for cell 'level0_i/ulp/ii_level0_wire/inst/pxi_ii_core/inst/m_ip_axi_ctrl_mgmt_00/inst'
Finished Parsing XDC File [/home/miahafiz/NeuroRing_a_sudoku_v2/_x.hw.NUM_4096.CORE_10.FREQ_300/link/vivado/vpl/prj/prj.gen/my_rm/bd/ulp/ip/ulp_ii_level0_wire_0/bd_0/ip/ip_6/bd_5941_m_ip_axi_ctrl_mgmt_00_0_clocks.xdc] for cell 'level0_i/ulp/ii_level0_wire/inst/pxi_ii_core/inst/m_ip_axi_ctrl_mgmt_00/inst'
Parsing XDC File [/home/miahafiz/NeuroRing_a_sudoku_v2/_x.hw.NUM_4096.CORE_10.FREQ_300/link/vivado/vpl/prj/prj.gen/my_rm/bd/ulp/ip/ulp_ii_level0_wire_0/bd_0/ip/ip_7/bd_5941_s_ip_axi_ctrl_mgmt_01_0_clocks.xdc] for cell 'level0_i/ulp/ii_level0_wire/inst/pxi_ii_core/inst/s_ip_axi_ctrl_mgmt_01/inst'
Finished Parsing XDC File [/home/miahafiz/NeuroRing_a_sudoku_v2/_x.hw.NUM_4096.CORE_10.FREQ_300/link/vivado/vpl/prj/prj.gen/my_rm/bd/ulp/ip/ulp_ii_level0_wire_0/bd_0/ip/ip_7/bd_5941_s_ip_axi_ctrl_mgmt_01_0_clocks.xdc] for cell 'level0_i/ulp/ii_level0_wire/inst/pxi_ii_core/inst/s_ip_axi_ctrl_mgmt_01/inst'
Parsing XDC File [/home/miahafiz/NeuroRing_a_sudoku_v2/_x.hw.NUM_4096.CORE_10.FREQ_300/link/vivado/vpl/prj/prj.gen/my_rm/bd/ulp/ip/ulp_ii_level0_wire_0/bd_0/ip/ip_8/bd_5941_m_ip_axi_ctrl_mgmt_01_0_clocks.xdc] for cell 'level0_i/ulp/ii_level0_wire/inst/pxi_ii_core/inst/m_ip_axi_ctrl_mgmt_01/inst'
Finished Parsing XDC File [/home/miahafiz/NeuroRing_a_sudoku_v2/_x.hw.NUM_4096.CORE_10.FREQ_300/link/vivado/vpl/prj/prj.gen/my_rm/bd/ulp/ip/ulp_ii_level0_wire_0/bd_0/ip/ip_8/bd_5941_m_ip_axi_ctrl_mgmt_01_0_clocks.xdc] for cell 'level0_i/ulp/ii_level0_wire/inst/pxi_ii_core/inst/m_ip_axi_ctrl_mgmt_01/inst'
Parsing XDC File [/home/miahafiz/NeuroRing_a_sudoku_v2/_x.hw.NUM_4096.CORE_10.FREQ_300/link/vivado/vpl/prj/prj.gen/my_rm/bd/ulp/ip/ulp_ii_level0_wire_0/bd_0/ip/ip_9/bd_5941_s_ip_axi_ctrl_user_00_0_clocks.xdc] for cell 'level0_i/ulp/ii_level0_wire/inst/pxi_ii_core/inst/s_ip_axi_ctrl_user_00/inst'
Finished Parsing XDC File [/home/miahafiz/NeuroRing_a_sudoku_v2/_x.hw.NUM_4096.CORE_10.FREQ_300/link/vivado/vpl/prj/prj.gen/my_rm/bd/ulp/ip/ulp_ii_level0_wire_0/bd_0/ip/ip_9/bd_5941_s_ip_axi_ctrl_user_00_0_clocks.xdc] for cell 'level0_i/ulp/ii_level0_wire/inst/pxi_ii_core/inst/s_ip_axi_ctrl_user_00/inst'
Parsing XDC File [/home/miahafiz/NeuroRing_a_sudoku_v2/_x.hw.NUM_4096.CORE_10.FREQ_300/link/vivado/vpl/prj/prj.gen/my_rm/bd/ulp/ip/ulp_ii_level0_wire_0/bd_0/ip/ip_10/bd_5941_m_ip_axi_ctrl_user_00_0_clocks.xdc] for cell 'level0_i/ulp/ii_level0_wire/inst/pxi_ii_core/inst/m_ip_axi_ctrl_user_00/inst'
Finished Parsing XDC File [/home/miahafiz/NeuroRing_a_sudoku_v2/_x.hw.NUM_4096.CORE_10.FREQ_300/link/vivado/vpl/prj/prj.gen/my_rm/bd/ulp/ip/ulp_ii_level0_wire_0/bd_0/ip/ip_10/bd_5941_m_ip_axi_ctrl_user_00_0_clocks.xdc] for cell 'level0_i/ulp/ii_level0_wire/inst/pxi_ii_core/inst/m_ip_axi_ctrl_user_00/inst'
Parsing XDC File [/home/miahafiz/NeuroRing_a_sudoku_v2/_x.hw.NUM_4096.CORE_10.FREQ_300/link/vivado/vpl/prj/prj.gen/my_rm/bd/ulp/ip/ulp_ii_level0_wire_0/bd_0/ip/ip_11/bd_5941_s_ip_axi_ctrl_user_01_0_clocks.xdc] for cell 'level0_i/ulp/ii_level0_wire/inst/pxi_ii_core/inst/s_ip_axi_ctrl_user_01/inst'
Finished Parsing XDC File [/home/miahafiz/NeuroRing_a_sudoku_v2/_x.hw.NUM_4096.CORE_10.FREQ_300/link/vivado/vpl/prj/prj.gen/my_rm/bd/ulp/ip/ulp_ii_level0_wire_0/bd_0/ip/ip_11/bd_5941_s_ip_axi_ctrl_user_01_0_clocks.xdc] for cell 'level0_i/ulp/ii_level0_wire/inst/pxi_ii_core/inst/s_ip_axi_ctrl_user_01/inst'
Parsing XDC File [/home/miahafiz/NeuroRing_a_sudoku_v2/_x.hw.NUM_4096.CORE_10.FREQ_300/link/vivado/vpl/prj/prj.gen/my_rm/bd/ulp/ip/ulp_ii_level0_wire_0/bd_0/ip/ip_12/bd_5941_m_ip_axi_ctrl_user_01_0_clocks.xdc] for cell 'level0_i/ulp/ii_level0_wire/inst/pxi_ii_core/inst/m_ip_axi_ctrl_user_01/inst'
Finished Parsing XDC File [/home/miahafiz/NeuroRing_a_sudoku_v2/_x.hw.NUM_4096.CORE_10.FREQ_300/link/vivado/vpl/prj/prj.gen/my_rm/bd/ulp/ip/ulp_ii_level0_wire_0/bd_0/ip/ip_12/bd_5941_m_ip_axi_ctrl_user_01_0_clocks.xdc] for cell 'level0_i/ulp/ii_level0_wire/inst/pxi_ii_core/inst/m_ip_axi_ctrl_user_01/inst'
Parsing XDC File [/home/miahafiz/NeuroRing_a_sudoku_v2/_x.hw.NUM_4096.CORE_10.FREQ_300/link/vivado/vpl/prj/prj.gen/my_rm/bd/ulp/ip/ulp_ii_level0_wire_0/bd_0/ip/ip_13/bd_5941_s_ip_axi_ctrl_user_02_0_clocks.xdc] for cell 'level0_i/ulp/ii_level0_wire/inst/pxi_ii_core/inst/s_ip_axi_ctrl_user_02/inst'
Finished Parsing XDC File [/home/miahafiz/NeuroRing_a_sudoku_v2/_x.hw.NUM_4096.CORE_10.FREQ_300/link/vivado/vpl/prj/prj.gen/my_rm/bd/ulp/ip/ulp_ii_level0_wire_0/bd_0/ip/ip_13/bd_5941_s_ip_axi_ctrl_user_02_0_clocks.xdc] for cell 'level0_i/ulp/ii_level0_wire/inst/pxi_ii_core/inst/s_ip_axi_ctrl_user_02/inst'
Parsing XDC File [/home/miahafiz/NeuroRing_a_sudoku_v2/_x.hw.NUM_4096.CORE_10.FREQ_300/link/vivado/vpl/prj/prj.gen/my_rm/bd/ulp/ip/ulp_ii_level0_wire_0/bd_0/ip/ip_14/bd_5941_m_ip_axi_ctrl_user_02_0_clocks.xdc] for cell 'level0_i/ulp/ii_level0_wire/inst/pxi_ii_core/inst/m_ip_axi_ctrl_user_02/inst'
Finished Parsing XDC File [/home/miahafiz/NeuroRing_a_sudoku_v2/_x.hw.NUM_4096.CORE_10.FREQ_300/link/vivado/vpl/prj/prj.gen/my_rm/bd/ulp/ip/ulp_ii_level0_wire_0/bd_0/ip/ip_14/bd_5941_m_ip_axi_ctrl_user_02_0_clocks.xdc] for cell 'level0_i/ulp/ii_level0_wire/inst/pxi_ii_core/inst/m_ip_axi_ctrl_user_02/inst'
Parsing XDC File [/home/miahafiz/NeuroRing_a_sudoku_v2/_x.hw.NUM_4096.CORE_10.FREQ_300/link/vivado/vpl/prj/prj.gen/my_rm/bd/ulp/ip/ulp_ii_level0_wire_0/bd_0/ip/ip_15/bd_5941_s_ip_axi_ctrl_user_03_0_clocks.xdc] for cell 'level0_i/ulp/ii_level0_wire/inst/pxi_ii_core/inst/s_ip_axi_ctrl_user_03/inst'
Finished Parsing XDC File [/home/miahafiz/NeuroRing_a_sudoku_v2/_x.hw.NUM_4096.CORE_10.FREQ_300/link/vivado/vpl/prj/prj.gen/my_rm/bd/ulp/ip/ulp_ii_level0_wire_0/bd_0/ip/ip_15/bd_5941_s_ip_axi_ctrl_user_03_0_clocks.xdc] for cell 'level0_i/ulp/ii_level0_wire/inst/pxi_ii_core/inst/s_ip_axi_ctrl_user_03/inst'
Parsing XDC File [/home/miahafiz/NeuroRing_a_sudoku_v2/_x.hw.NUM_4096.CORE_10.FREQ_300/link/vivado/vpl/prj/prj.gen/my_rm/bd/ulp/ip/ulp_ii_level0_wire_0/bd_0/ip/ip_16/bd_5941_m_ip_axi_ctrl_user_03_0_clocks.xdc] for cell 'level0_i/ulp/ii_level0_wire/inst/pxi_ii_core/inst/m_ip_axi_ctrl_user_03/inst'
Finished Parsing XDC File [/home/miahafiz/NeuroRing_a_sudoku_v2/_x.hw.NUM_4096.CORE_10.FREQ_300/link/vivado/vpl/prj/prj.gen/my_rm/bd/ulp/ip/ulp_ii_level0_wire_0/bd_0/ip/ip_16/bd_5941_m_ip_axi_ctrl_user_03_0_clocks.xdc] for cell 'level0_i/ulp/ii_level0_wire/inst/pxi_ii_core/inst/m_ip_axi_ctrl_user_03/inst'
Parsing XDC File [/home/miahafiz/NeuroRing_a_sudoku_v2/_x.hw.NUM_4096.CORE_10.FREQ_300/link/vivado/vpl/prj/prj.gen/my_rm/bd/ulp/ip/ulp_ii_level0_wire_0/bd_0/ip/ip_17/bd_5941_s_ip_axi_data_c2h_00_0_clocks.xdc] for cell 'level0_i/ulp/ii_level0_wire/inst/pxi_ii_core/inst/s_ip_axi_data_c2h_00/inst'
Finished Parsing XDC File [/home/miahafiz/NeuroRing_a_sudoku_v2/_x.hw.NUM_4096.CORE_10.FREQ_300/link/vivado/vpl/prj/prj.gen/my_rm/bd/ulp/ip/ulp_ii_level0_wire_0/bd_0/ip/ip_17/bd_5941_s_ip_axi_data_c2h_00_0_clocks.xdc] for cell 'level0_i/ulp/ii_level0_wire/inst/pxi_ii_core/inst/s_ip_axi_data_c2h_00/inst'
Parsing XDC File [/home/miahafiz/NeuroRing_a_sudoku_v2/_x.hw.NUM_4096.CORE_10.FREQ_300/link/vivado/vpl/prj/prj.gen/my_rm/bd/ulp/ip/ulp_ii_level0_wire_0/bd_0/ip/ip_18/bd_5941_m_ip_axi_data_c2h_00_0_clocks.xdc] for cell 'level0_i/ulp/ii_level0_wire/inst/pxi_ii_core/inst/m_ip_axi_data_c2h_00/inst'
Finished Parsing XDC File [/home/miahafiz/NeuroRing_a_sudoku_v2/_x.hw.NUM_4096.CORE_10.FREQ_300/link/vivado/vpl/prj/prj.gen/my_rm/bd/ulp/ip/ulp_ii_level0_wire_0/bd_0/ip/ip_18/bd_5941_m_ip_axi_data_c2h_00_0_clocks.xdc] for cell 'level0_i/ulp/ii_level0_wire/inst/pxi_ii_core/inst/m_ip_axi_data_c2h_00/inst'
Parsing XDC File [/home/miahafiz/NeuroRing_a_sudoku_v2/_x.hw.NUM_4096.CORE_10.FREQ_300/link/vivado/vpl/prj/prj.gen/my_rm/bd/ulp/ip/ulp_ii_level0_wire_0/bd_0/ip/ip_19/bd_5941_s_ip_axi_data_h2c_00_0_clocks.xdc] for cell 'level0_i/ulp/ii_level0_wire/inst/pxi_ii_core/inst/s_ip_axi_data_h2c_00/inst'
Finished Parsing XDC File [/home/miahafiz/NeuroRing_a_sudoku_v2/_x.hw.NUM_4096.CORE_10.FREQ_300/link/vivado/vpl/prj/prj.gen/my_rm/bd/ulp/ip/ulp_ii_level0_wire_0/bd_0/ip/ip_19/bd_5941_s_ip_axi_data_h2c_00_0_clocks.xdc] for cell 'level0_i/ulp/ii_level0_wire/inst/pxi_ii_core/inst/s_ip_axi_data_h2c_00/inst'
Parsing XDC File [/home/miahafiz/NeuroRing_a_sudoku_v2/_x.hw.NUM_4096.CORE_10.FREQ_300/link/vivado/vpl/prj/prj.gen/my_rm/bd/ulp/ip/ulp_ii_level0_wire_0/bd_0/ip/ip_20/bd_5941_m_ip_axi_data_h2c_00_0_clocks.xdc] for cell 'level0_i/ulp/ii_level0_wire/inst/pxi_ii_core/inst/m_ip_axi_data_h2c_00/inst'
Finished Parsing XDC File [/home/miahafiz/NeuroRing_a_sudoku_v2/_x.hw.NUM_4096.CORE_10.FREQ_300/link/vivado/vpl/prj/prj.gen/my_rm/bd/ulp/ip/ulp_ii_level0_wire_0/bd_0/ip/ip_20/bd_5941_m_ip_axi_data_h2c_00_0_clocks.xdc] for cell 'level0_i/ulp/ii_level0_wire/inst/pxi_ii_core/inst/m_ip_axi_data_h2c_00/inst'
Parsing XDC File [/home/miahafiz/NeuroRing_a_sudoku_v2/_x.hw.NUM_4096.CORE_10.FREQ_300/link/vivado/vpl/prj/prj.gen/my_rm/bd/ulp/ip/ulp_ulp_cmp_0/bd_1/ip/ip_0/constraints/axi_jtag.xdc] for cell 'level0_i/ulp/ulp_cmp/inst/user_debug_bridge/inst/axi_jtag/inst'
WARNING: [Constraints 18-619] A clock with name 'level0_i/ulp/ulp_cmp/inst/user_debug_bridge/inst/axi_jtag/inst/u_jtag_proc/tck_i_reg/Q' already exists, overwriting the previous clock with the same name. [/home/miahafiz/NeuroRing_a_sudoku_v2/_x.hw.NUM_4096.CORE_10.FREQ_300/link/vivado/vpl/prj/prj.gen/my_rm/bd/ulp/ip/ulp_ulp_cmp_0/bd_1/ip/ip_0/constraints/axi_jtag.xdc:8]
WARNING: [Vivado_Tcl 4-935] Waiver ID 'CDC-1' is a duplicate and will not be added again. [/home/miahafiz/NeuroRing_a_sudoku_v2/_x.hw.NUM_4096.CORE_10.FREQ_300/link/vivado/vpl/prj/prj.gen/my_rm/bd/ulp/ip/ulp_ulp_cmp_0/bd_1/ip/ip_0/constraints/axi_jtag.xdc:16]
WARNING: [Vivado_Tcl 4-935] Waiver ID 'CDC-1' is a duplicate and will not be added again. [/home/miahafiz/NeuroRing_a_sudoku_v2/_x.hw.NUM_4096.CORE_10.FREQ_300/link/vivado/vpl/prj/prj.gen/my_rm/bd/ulp/ip/ulp_ulp_cmp_0/bd_1/ip/ip_0/constraints/axi_jtag.xdc:17]
WARNING: [Vivado_Tcl 4-935] Waiver ID 'CDC-15' is a duplicate and will not be added again. [/home/miahafiz/NeuroRing_a_sudoku_v2/_x.hw.NUM_4096.CORE_10.FREQ_300/link/vivado/vpl/prj/prj.gen/my_rm/bd/ulp/ip/ulp_ulp_cmp_0/bd_1/ip/ip_0/constraints/axi_jtag.xdc:18]
Finished Parsing XDC File [/home/miahafiz/NeuroRing_a_sudoku_v2/_x.hw.NUM_4096.CORE_10.FREQ_300/link/vivado/vpl/prj/prj.gen/my_rm/bd/ulp/ip/ulp_ulp_cmp_0/bd_1/ip/ip_0/constraints/axi_jtag.xdc] for cell 'level0_i/ulp/ulp_cmp/inst/user_debug_bridge/inst/axi_jtag/inst'
Parsing XDC File [/home/miahafiz/NeuroRing_a_sudoku_v2/_x.hw.NUM_4096.CORE_10.FREQ_300/link/vivado/vpl/prj/prj.gen/my_rm/bd/ulp/ip/ulp_ulp_cmp_0/bd_1/ip/ip_1/constraints/bsip.xdc] for cell 'level0_i/ulp/ulp_cmp/inst/user_debug_bridge/inst/bsip/inst'
WARNING: [Constraints 18-619] A clock with name 'level0_i/ulp/ulp_cmp/inst/user_debug_bridge/inst/bsip/inst/USE_SOFTBSCAN.U_BSCAN_TAP/U_BASETAP/U_TAP/UPDATEDR_O_reg/Q' already exists, overwriting the previous clock with the same name. [/home/miahafiz/NeuroRing_a_sudoku_v2/_x.hw.NUM_4096.CORE_10.FREQ_300/link/vivado/vpl/prj/prj.gen/my_rm/bd/ulp/ip/ulp_ulp_cmp_0/bd_1/ip/ip_1/constraints/bsip.xdc:8]
Finished Parsing XDC File [/home/miahafiz/NeuroRing_a_sudoku_v2/_x.hw.NUM_4096.CORE_10.FREQ_300/link/vivado/vpl/prj/prj.gen/my_rm/bd/ulp/ip/ulp_ulp_cmp_0/bd_1/ip/ip_1/constraints/bsip.xdc] for cell 'level0_i/ulp/ulp_cmp/inst/user_debug_bridge/inst/bsip/inst'
Parsing XDC File [/home/miahafiz/NeuroRing_a_sudoku_v2/_x.hw.NUM_4096.CORE_10.FREQ_300/link/vivado/vpl/prj/prj.gen/my_rm/bd/ulp/ip/ulp_ulp_cmp_0/bd_2/ip/ip_0/constraints/xsdbm_cc_late.xdc] for cell 'level0_i/ulp/ulp_cmp/inst/user_debug_hub/inst/xsdbm/inst'
Finished Parsing XDC File [/home/miahafiz/NeuroRing_a_sudoku_v2/_x.hw.NUM_4096.CORE_10.FREQ_300/link/vivado/vpl/prj/prj.gen/my_rm/bd/ulp/ip/ulp_ulp_cmp_0/bd_2/ip/ip_0/constraints/xsdbm_cc_late.xdc] for cell 'level0_i/ulp/ulp_cmp/inst/user_debug_hub/inst/xsdbm/inst'
Parsing XDC File [/home/miahafiz/NeuroRing_a_sudoku_v2/_x.hw.NUM_4096.CORE_10.FREQ_300/link/vivado/vpl/prj/prj.gen/my_rm/bd/ulp/ip/ulp_ulp_cmp_0/bd_2/ip/ip_0/constraints/xsdbm_gc_late.xdc] for cell 'level0_i/ulp/ulp_cmp/inst/user_debug_hub/inst/xsdbm/inst'
Finished Parsing XDC File [/home/miahafiz/NeuroRing_a_sudoku_v2/_x.hw.NUM_4096.CORE_10.FREQ_300/link/vivado/vpl/prj/prj.gen/my_rm/bd/ulp/ip/ulp_ulp_cmp_0/bd_2/ip/ip_0/constraints/xsdbm_gc_late.xdc] for cell 'level0_i/ulp/ulp_cmp/inst/user_debug_hub/inst/xsdbm/inst'
Parsing XDC File [/home/miahafiz/NeuroRing_a_sudoku_v2/_x.hw.NUM_4096.CORE_10.FREQ_300/link/vivado/vpl/prj/prj.gen/my_rm/bd/ulp/ip/ulp_ulp_cmp_0/ulp_ulp_cmp_0.xdc] for cell 'level0_i/ulp/ulp_cmp/inst'
Finished Parsing XDC File [/home/miahafiz/NeuroRing_a_sudoku_v2/_x.hw.NUM_4096.CORE_10.FREQ_300/link/vivado/vpl/prj/prj.gen/my_rm/bd/ulp/ip/ulp_ulp_cmp_0/ulp_ulp_cmp_0.xdc] for cell 'level0_i/ulp/ulp_cmp/inst'
Parsing XDC File [/home/miahafiz/NeuroRing_a_sudoku_v2/_x.hw.NUM_4096.CORE_10.FREQ_300/link/vivado/vpl/prj/prj.gen/my_rm/bd/ulp/ip/ulp_hmss_0_0/bd_0/ip/ip_4/bd_85ad_slice1_0_0_clocks.xdc] for cell 'level0_i/ulp/hmss_0/inst/path_0/slice1_0/inst'
Finished Parsing XDC File [/home/miahafiz/NeuroRing_a_sudoku_v2/_x.hw.NUM_4096.CORE_10.FREQ_300/link/vivado/vpl/prj/prj.gen/my_rm/bd/ulp/ip/ulp_hmss_0_0/bd_0/ip/ip_4/bd_85ad_slice1_0_0_clocks.xdc] for cell 'level0_i/ulp/hmss_0/inst/path_0/slice1_0/inst'
Parsing XDC File [/home/miahafiz/NeuroRing_a_sudoku_v2/_x.hw.NUM_4096.CORE_10.FREQ_300/link/vivado/vpl/prj/prj.gen/my_rm/bd/ulp/ip/ulp_hmss_0_0/bd_0/ip/ip_7/bd_85ad_slice0_1_0_clocks.xdc] for cell 'level0_i/ulp/hmss_0/inst/path_1/slice0_1/inst'
WARNING: [Vivado_Tcl 4-935] Waiver ID 'CDC-7' is a duplicate and will not be added again. [/home/miahafiz/NeuroRing_a_sudoku_v2/_x.hw.NUM_4096.CORE_10.FREQ_300/link/vivado/vpl/prj/prj.gen/my_rm/bd/ulp/ip/ulp_hmss_0_0/bd_0/ip/ip_7/bd_85ad_slice0_1_0_clocks.xdc:14]
Finished Parsing XDC File [/home/miahafiz/NeuroRing_a_sudoku_v2/_x.hw.NUM_4096.CORE_10.FREQ_300/link/vivado/vpl/prj/prj.gen/my_rm/bd/ulp/ip/ulp_hmss_0_0/bd_0/ip/ip_7/bd_85ad_slice0_1_0_clocks.xdc] for cell 'level0_i/ulp/hmss_0/inst/path_1/slice0_1/inst'
Parsing XDC File [/home/miahafiz/NeuroRing_a_sudoku_v2/_x.hw.NUM_4096.CORE_10.FREQ_300/link/vivado/vpl/prj/prj.gen/my_rm/bd/ulp/ip/ulp_hmss_0_0/bd_0/ip/ip_10/bd_85ad_slice2_4_0_clocks.xdc] for cell 'level0_i/ulp/hmss_0/inst/path_4/slice2_4/inst'
Finished Parsing XDC File [/home/miahafiz/NeuroRing_a_sudoku_v2/_x.hw.NUM_4096.CORE_10.FREQ_300/link/vivado/vpl/prj/prj.gen/my_rm/bd/ulp/ip/ulp_hmss_0_0/bd_0/ip/ip_10/bd_85ad_slice2_4_0_clocks.xdc] for cell 'level0_i/ulp/hmss_0/inst/path_4/slice2_4/inst'
Parsing XDC File [/home/miahafiz/NeuroRing_a_sudoku_v2/_x.hw.NUM_4096.CORE_10.FREQ_300/link/vivado/vpl/prj/prj.gen/my_rm/bd/ulp/ip/ulp_hmss_0_0/ulp_hmss_0_0.xdc] for cell 'level0_i/ulp/hmss_0/inst'
Finished Parsing XDC File [/home/miahafiz/NeuroRing_a_sudoku_v2/_x.hw.NUM_4096.CORE_10.FREQ_300/link/vivado/vpl/prj/prj.gen/my_rm/bd/ulp/ip/ulp_hmss_0_0/ulp_hmss_0_0.xdc] for cell 'level0_i/ulp/hmss_0/inst'
Parsing XDC File [/home/miahafiz/NeuroRing_a_sudoku_v2/_x.hw.NUM_4096.CORE_10.FREQ_300/link/vivado/vpl/prj/prj.gen/my_rm/bd/ulp/ip/ulp_ulp_ucs_0/bd_0/ip/ip_46/bd_22c0_clkwiz_hbm_0_late.xdc] for cell 'level0_i/ulp/ulp_ucs/inst/aclk_hbm_hierarchy/clkwiz_hbm/inst'
Finished Parsing XDC File [/home/miahafiz/NeuroRing_a_sudoku_v2/_x.hw.NUM_4096.CORE_10.FREQ_300/link/vivado/vpl/prj/prj.gen/my_rm/bd/ulp/ip/ulp_ulp_ucs_0/bd_0/ip/ip_46/bd_22c0_clkwiz_hbm_0_late.xdc] for cell 'level0_i/ulp/ulp_ucs/inst/aclk_hbm_hierarchy/clkwiz_hbm/inst'
Parsing XDC File [/home/miahafiz/NeuroRing_a_sudoku_v2/_x.hw.NUM_4096.CORE_10.FREQ_300/link/vivado/vpl/prj/prj.gen/my_rm/bd/ulp/ip/ulp_ulp_ucs_0/bd_0/ip/ip_93/bd_22c0_axi_ic_ctrl_mgmt_freq_imp_auto_cc_0_clocks.xdc] for cell 'level0_i/ulp/ulp_ucs/inst/frequency_counters/axi_ic_ctrl_mgmt_freq/s00_couplers/auto_cc/inst'
Finished Parsing XDC File [/home/miahafiz/NeuroRing_a_sudoku_v2/_x.hw.NUM_4096.CORE_10.FREQ_300/link/vivado/vpl/prj/prj.gen/my_rm/bd/ulp/ip/ulp_ulp_ucs_0/bd_0/ip/ip_93/bd_22c0_axi_ic_ctrl_mgmt_freq_imp_auto_cc_0_clocks.xdc] for cell 'level0_i/ulp/ulp_ucs/inst/frequency_counters/axi_ic_ctrl_mgmt_freq/s00_couplers/auto_cc/inst'
Parsing XDC File [/home/miahafiz/NeuroRing_a_sudoku_v2/_x.hw.NUM_4096.CORE_10.FREQ_300/link/vivado/vpl/prj/prj.gen/my_rm/bd/ulp/ip/ulp_ulp_ucs_0/bd_0/ip/ip_59/bd_22c0_clkwiz_aclk_kernel_00_0_late.xdc] for cell 'level0_i/ulp/ulp_ucs/inst/aclk_kernel_00_hierarchy/clkwiz_aclk_kernel_00/inst'
Finished Parsing XDC File [/home/miahafiz/NeuroRing_a_sudoku_v2/_x.hw.NUM_4096.CORE_10.FREQ_300/link/vivado/vpl/prj/prj.gen/my_rm/bd/ulp/ip/ulp_ulp_ucs_0/bd_0/ip/ip_59/bd_22c0_clkwiz_aclk_kernel_00_0_late.xdc] for cell 'level0_i/ulp/ulp_ucs/inst/aclk_kernel_00_hierarchy/clkwiz_aclk_kernel_00/inst'
Parsing XDC File [/home/miahafiz/NeuroRing_a_sudoku_v2/_x.hw.NUM_4096.CORE_10.FREQ_300/link/vivado/vpl/prj/prj.gen/my_rm/bd/ulp/ip/ulp_ulp_ucs_0/bd_0/ip/ip_60/bd_22c0_clock_throttling_aclk_kernel_00_0.xdc] for cell 'level0_i/ulp/ulp_ucs/inst/aclk_kernel_00_hierarchy/clock_throttling_aclk_kernel_00/U0'
Finished Parsing XDC File [/home/miahafiz/NeuroRing_a_sudoku_v2/_x.hw.NUM_4096.CORE_10.FREQ_300/link/vivado/vpl/prj/prj.gen/my_rm/bd/ulp/ip/ulp_ulp_ucs_0/bd_0/ip/ip_60/bd_22c0_clock_throttling_aclk_kernel_00_0.xdc] for cell 'level0_i/ulp/ulp_ucs/inst/aclk_kernel_00_hierarchy/clock_throttling_aclk_kernel_00/U0'
Parsing XDC File [/home/miahafiz/NeuroRing_a_sudoku_v2/_x.hw.NUM_4096.CORE_10.FREQ_300/link/vivado/vpl/prj/prj.gen/my_rm/bd/ulp/ip/ulp_ulp_ucs_0/bd_0/ip/ip_77/bd_22c0_clkwiz_aclk_kernel_01_0_late.xdc] for cell 'level0_i/ulp/ulp_ucs/inst/aclk_kernel_01_hierarchy/clkwiz_aclk_kernel_01/inst'
Finished Parsing XDC File [/home/miahafiz/NeuroRing_a_sudoku_v2/_x.hw.NUM_4096.CORE_10.FREQ_300/link/vivado/vpl/prj/prj.gen/my_rm/bd/ulp/ip/ulp_ulp_ucs_0/bd_0/ip/ip_77/bd_22c0_clkwiz_aclk_kernel_01_0_late.xdc] for cell 'level0_i/ulp/ulp_ucs/inst/aclk_kernel_01_hierarchy/clkwiz_aclk_kernel_01/inst'
Parsing XDC File [/home/miahafiz/NeuroRing_a_sudoku_v2/_x.hw.NUM_4096.CORE_10.FREQ_300/link/vivado/vpl/prj/prj.gen/my_rm/bd/ulp/ip/ulp_ulp_ucs_0/bd_0/ip/ip_78/bd_22c0_clock_throttling_aclk_kernel_01_0.xdc] for cell 'level0_i/ulp/ulp_ucs/inst/aclk_kernel_01_hierarchy/clock_throttling_aclk_kernel_01/U0'
Finished Parsing XDC File [/home/miahafiz/NeuroRing_a_sudoku_v2/_x.hw.NUM_4096.CORE_10.FREQ_300/link/vivado/vpl/prj/prj.gen/my_rm/bd/ulp/ip/ulp_ulp_ucs_0/bd_0/ip/ip_78/bd_22c0_clock_throttling_aclk_kernel_01_0.xdc] for cell 'level0_i/ulp/ulp_ucs/inst/aclk_kernel_01_hierarchy/clock_throttling_aclk_kernel_01/U0'
Parsing XDC File [/home/miahafiz/NeuroRing_a_sudoku_v2/_x.hw.NUM_4096.CORE_10.FREQ_300/link/vivado/vpl/prj/prj.gen/my_rm/bd/ulp/ip/ulp_ulp_ucs_0/ulp_ulp_ucs_0.xdc] for cell 'level0_i/ulp/ulp_ucs/inst'
Finished Parsing XDC File [/home/miahafiz/NeuroRing_a_sudoku_v2/_x.hw.NUM_4096.CORE_10.FREQ_300/link/vivado/vpl/prj/prj.gen/my_rm/bd/ulp/ip/ulp_ulp_ucs_0/ulp_ulp_ucs_0.xdc] for cell 'level0_i/ulp/ulp_ucs/inst'
Parsing XDC File [/home/miahafiz/NeuroRing_a_sudoku_v2/_x.hw.NUM_4096.CORE_10.FREQ_300/link/vivado/vpl/prj/prj.gen/my_rm/bd/ulp/ip/ulp_proc_sys_reset_ctrl_slr0_0/ulp_proc_sys_reset_ctrl_slr0_0_slr.xdc] for cell 'level0_i/ulp/proc_sys_reset_ctrl_slr0/U0'
Finished Parsing XDC File [/home/miahafiz/NeuroRing_a_sudoku_v2/_x.hw.NUM_4096.CORE_10.FREQ_300/link/vivado/vpl/prj/prj.gen/my_rm/bd/ulp/ip/ulp_proc_sys_reset_ctrl_slr0_0/ulp_proc_sys_reset_ctrl_slr0_0_slr.xdc] for cell 'level0_i/ulp/proc_sys_reset_ctrl_slr0/U0'
Parsing XDC File [/home/miahafiz/NeuroRing_a_sudoku_v2/_x.hw.NUM_4096.CORE_10.FREQ_300/link/vivado/vpl/prj/prj.gen/my_rm/bd/ulp/ip/ulp_proc_sys_reset_ctrl_slr1_0/ulp_proc_sys_reset_ctrl_slr1_0_slr.xdc] for cell 'level0_i/ulp/proc_sys_reset_ctrl_slr1/U0'
Finished Parsing XDC File [/home/miahafiz/NeuroRing_a_sudoku_v2/_x.hw.NUM_4096.CORE_10.FREQ_300/link/vivado/vpl/prj/prj.gen/my_rm/bd/ulp/ip/ulp_proc_sys_reset_ctrl_slr1_0/ulp_proc_sys_reset_ctrl_slr1_0_slr.xdc] for cell 'level0_i/ulp/proc_sys_reset_ctrl_slr1/U0'
Parsing XDC File [/home/miahafiz/NeuroRing_a_sudoku_v2/_x.hw.NUM_4096.CORE_10.FREQ_300/link/vivado/vpl/prj/prj.gen/my_rm/bd/ulp/ip/ulp_proc_sys_reset_ctrl_slr2_0/ulp_proc_sys_reset_ctrl_slr2_0_slr.xdc] for cell 'level0_i/ulp/proc_sys_reset_ctrl_slr2/U0'
Finished Parsing XDC File [/home/miahafiz/NeuroRing_a_sudoku_v2/_x.hw.NUM_4096.CORE_10.FREQ_300/link/vivado/vpl/prj/prj.gen/my_rm/bd/ulp/ip/ulp_proc_sys_reset_ctrl_slr2_0/ulp_proc_sys_reset_ctrl_slr2_0_slr.xdc] for cell 'level0_i/ulp/proc_sys_reset_ctrl_slr2/U0'
Parsing XDC File [/home/miahafiz/NeuroRing_a_sudoku_v2/_x.hw.NUM_4096.CORE_10.FREQ_300/link/vivado/vpl/prj/prj.gen/my_rm/bd/ulp/ip/ulp_proc_sys_reset_kernel_slr0_0/ulp_proc_sys_reset_kernel_slr0_0_slr.xdc] for cell 'level0_i/ulp/proc_sys_reset_kernel_slr0/U0'
Finished Parsing XDC File [/home/miahafiz/NeuroRing_a_sudoku_v2/_x.hw.NUM_4096.CORE_10.FREQ_300/link/vivado/vpl/prj/prj.gen/my_rm/bd/ulp/ip/ulp_proc_sys_reset_kernel_slr0_0/ulp_proc_sys_reset_kernel_slr0_0_slr.xdc] for cell 'level0_i/ulp/proc_sys_reset_kernel_slr0/U0'
Parsing XDC File [/home/miahafiz/NeuroRing_a_sudoku_v2/_x.hw.NUM_4096.CORE_10.FREQ_300/link/vivado/vpl/prj/prj.gen/my_rm/bd/ulp/ip/ulp_proc_sys_reset_kernel_slr1_0/ulp_proc_sys_reset_kernel_slr1_0_slr.xdc] for cell 'level0_i/ulp/proc_sys_reset_kernel_slr1/U0'
Finished Parsing XDC File [/home/miahafiz/NeuroRing_a_sudoku_v2/_x.hw.NUM_4096.CORE_10.FREQ_300/link/vivado/vpl/prj/prj.gen/my_rm/bd/ulp/ip/ulp_proc_sys_reset_kernel_slr1_0/ulp_proc_sys_reset_kernel_slr1_0_slr.xdc] for cell 'level0_i/ulp/proc_sys_reset_kernel_slr1/U0'
Parsing XDC File [/home/miahafiz/NeuroRing_a_sudoku_v2/_x.hw.NUM_4096.CORE_10.FREQ_300/link/vivado/vpl/prj/prj.gen/my_rm/bd/ulp/ip/ulp_proc_sys_reset_kernel_slr2_0/ulp_proc_sys_reset_kernel_slr2_0_slr.xdc] for cell 'level0_i/ulp/proc_sys_reset_kernel_slr2/U0'
Finished Parsing XDC File [/home/miahafiz/NeuroRing_a_sudoku_v2/_x.hw.NUM_4096.CORE_10.FREQ_300/link/vivado/vpl/prj/prj.gen/my_rm/bd/ulp/ip/ulp_proc_sys_reset_kernel_slr2_0/ulp_proc_sys_reset_kernel_slr2_0_slr.xdc] for cell 'level0_i/ulp/proc_sys_reset_kernel_slr2/U0'
Parsing XDC File [/home/miahafiz/NeuroRing_a_sudoku_v2/_x.hw.NUM_4096.CORE_10.FREQ_300/link/vivado/vpl/prj/prj.gen/my_rm/bd/ulp/ip/ulp_proc_sys_reset_kernel2_slr0_0/ulp_proc_sys_reset_kernel2_slr0_0_slr.xdc] for cell 'level0_i/ulp/proc_sys_reset_kernel2_slr0/U0'
Finished Parsing XDC File [/home/miahafiz/NeuroRing_a_sudoku_v2/_x.hw.NUM_4096.CORE_10.FREQ_300/link/vivado/vpl/prj/prj.gen/my_rm/bd/ulp/ip/ulp_proc_sys_reset_kernel2_slr0_0/ulp_proc_sys_reset_kernel2_slr0_0_slr.xdc] for cell 'level0_i/ulp/proc_sys_reset_kernel2_slr0/U0'
Parsing XDC File [/home/miahafiz/NeuroRing_a_sudoku_v2/_x.hw.NUM_4096.CORE_10.FREQ_300/link/vivado/vpl/prj/prj.gen/my_rm/bd/ulp/ip/ulp_proc_sys_reset_kernel2_slr1_0/ulp_proc_sys_reset_kernel2_slr1_0_slr.xdc] for cell 'level0_i/ulp/proc_sys_reset_kernel2_slr1/U0'
Finished Parsing XDC File [/home/miahafiz/NeuroRing_a_sudoku_v2/_x.hw.NUM_4096.CORE_10.FREQ_300/link/vivado/vpl/prj/prj.gen/my_rm/bd/ulp/ip/ulp_proc_sys_reset_kernel2_slr1_0/ulp_proc_sys_reset_kernel2_slr1_0_slr.xdc] for cell 'level0_i/ulp/proc_sys_reset_kernel2_slr1/U0'
Parsing XDC File [/home/miahafiz/NeuroRing_a_sudoku_v2/_x.hw.NUM_4096.CORE_10.FREQ_300/link/vivado/vpl/prj/prj.gen/my_rm/bd/ulp/ip/ulp_proc_sys_reset_kernel2_slr2_0/ulp_proc_sys_reset_kernel2_slr2_0_slr.xdc] for cell 'level0_i/ulp/proc_sys_reset_kernel2_slr2/U0'
Finished Parsing XDC File [/home/miahafiz/NeuroRing_a_sudoku_v2/_x.hw.NUM_4096.CORE_10.FREQ_300/link/vivado/vpl/prj/prj.gen/my_rm/bd/ulp/ip/ulp_proc_sys_reset_kernel2_slr2_0/ulp_proc_sys_reset_kernel2_slr2_0_slr.xdc] for cell 'level0_i/ulp/proc_sys_reset_kernel2_slr2/U0'
Parsing XDC File [/home/miahafiz/NeuroRing_a_sudoku_v2/_x.hw.NUM_4096.CORE_10.FREQ_300/link/vivado/vpl/prj/prj.gen/my_rm/bd/ulp/ip/ulp_proc_sys_reset_freerun_slr0_0/ulp_proc_sys_reset_freerun_slr0_0_slr.xdc] for cell 'level0_i/ulp/proc_sys_reset_freerun_slr0/U0'
Finished Parsing XDC File [/home/miahafiz/NeuroRing_a_sudoku_v2/_x.hw.NUM_4096.CORE_10.FREQ_300/link/vivado/vpl/prj/prj.gen/my_rm/bd/ulp/ip/ulp_proc_sys_reset_freerun_slr0_0/ulp_proc_sys_reset_freerun_slr0_0_slr.xdc] for cell 'level0_i/ulp/proc_sys_reset_freerun_slr0/U0'
Parsing XDC File [/home/miahafiz/NeuroRing_a_sudoku_v2/_x.hw.NUM_4096.CORE_10.FREQ_300/link/vivado/vpl/prj/prj.gen/my_rm/bd/ulp/ip/ulp_proc_sys_reset_freerun_slr1_0/ulp_proc_sys_reset_freerun_slr1_0_slr.xdc] for cell 'level0_i/ulp/proc_sys_reset_freerun_slr1/U0'
Finished Parsing XDC File [/home/miahafiz/NeuroRing_a_sudoku_v2/_x.hw.NUM_4096.CORE_10.FREQ_300/link/vivado/vpl/prj/prj.gen/my_rm/bd/ulp/ip/ulp_proc_sys_reset_freerun_slr1_0/ulp_proc_sys_reset_freerun_slr1_0_slr.xdc] for cell 'level0_i/ulp/proc_sys_reset_freerun_slr1/U0'
Parsing XDC File [/home/miahafiz/NeuroRing_a_sudoku_v2/_x.hw.NUM_4096.CORE_10.FREQ_300/link/vivado/vpl/prj/prj.gen/my_rm/bd/ulp/ip/ulp_proc_sys_reset_freerun_slr2_0/ulp_proc_sys_reset_freerun_slr2_0_slr.xdc] for cell 'level0_i/ulp/proc_sys_reset_freerun_slr2/U0'
Finished Parsing XDC File [/home/miahafiz/NeuroRing_a_sudoku_v2/_x.hw.NUM_4096.CORE_10.FREQ_300/link/vivado/vpl/prj/prj.gen/my_rm/bd/ulp/ip/ulp_proc_sys_reset_freerun_slr2_0/ulp_proc_sys_reset_freerun_slr2_0_slr.xdc] for cell 'level0_i/ulp/proc_sys_reset_freerun_slr2/U0'
Parsing XDC File [/home/miahafiz/NeuroRing_a_sudoku_v2/_x.hw.NUM_4096.CORE_10.FREQ_300/link/vivado/vpl/prj/prj.gen/my_rm/bd/ulp/ip/ulp_interconnect_axilite_user_imp_s00_regslice_0/ulp_interconnect_axilite_user_imp_s00_regslice_0_clocks.xdc] for cell 'level0_i/ulp/SLR0/interconnect_axilite_user/s00_couplers/s00_regslice/inst'
Finished Parsing XDC File [/home/miahafiz/NeuroRing_a_sudoku_v2/_x.hw.NUM_4096.CORE_10.FREQ_300/link/vivado/vpl/prj/prj.gen/my_rm/bd/ulp/ip/ulp_interconnect_axilite_user_imp_s00_regslice_0/ulp_interconnect_axilite_user_imp_s00_regslice_0_clocks.xdc] for cell 'level0_i/ulp/SLR0/interconnect_axilite_user/s00_couplers/s00_regslice/inst'
Parsing XDC File [/home/miahafiz/NeuroRing_a_sudoku_v2/_x.hw.NUM_4096.CORE_10.FREQ_300/link/vivado/vpl/prj/prj.gen/my_rm/bd/ulp/ip/ulp_interconnect_axilite_user_imp_m00_regslice_0/ulp_interconnect_axilite_user_imp_m00_regslice_0_clocks.xdc] for cell 'level0_i/ulp/SLR0/interconnect_axilite_user/m00_couplers/m00_regslice/inst'
Finished Parsing XDC File [/home/miahafiz/NeuroRing_a_sudoku_v2/_x.hw.NUM_4096.CORE_10.FREQ_300/link/vivado/vpl/prj/prj.gen/my_rm/bd/ulp/ip/ulp_interconnect_axilite_user_imp_m00_regslice_0/ulp_interconnect_axilite_user_imp_m00_regslice_0_clocks.xdc] for cell 'level0_i/ulp/SLR0/interconnect_axilite_user/m00_couplers/m00_regslice/inst'
Parsing XDC File [/home/miahafiz/NeuroRing_a_sudoku_v2/_x.hw.NUM_4096.CORE_10.FREQ_300/link/vivado/vpl/prj/prj.gen/my_rm/bd/ulp/ip/ulp_interconnect_axilite_user_imp_auto_cc_0/ulp_interconnect_axilite_user_imp_auto_cc_0_clocks.xdc] for cell 'level0_i/ulp/SLR0/interconnect_axilite_user/m00_couplers/auto_cc/inst'
Finished Parsing XDC File [/home/miahafiz/NeuroRing_a_sudoku_v2/_x.hw.NUM_4096.CORE_10.FREQ_300/link/vivado/vpl/prj/prj.gen/my_rm/bd/ulp/ip/ulp_interconnect_axilite_user_imp_auto_cc_0/ulp_interconnect_axilite_user_imp_auto_cc_0_clocks.xdc] for cell 'level0_i/ulp/SLR0/interconnect_axilite_user/m00_couplers/auto_cc/inst'
Parsing XDC File [/home/miahafiz/NeuroRing_a_sudoku_v2/_x.hw.NUM_4096.CORE_10.FREQ_300/link/vivado/vpl/prj/prj.gen/my_rm/bd/ulp/ip/ulp_interconnect_axilite_user_imp_m01_regslice_0/ulp_interconnect_axilite_user_imp_m01_regslice_0_clocks.xdc] for cell 'level0_i/ulp/SLR0/interconnect_axilite_user/m01_couplers/m01_regslice/inst'
Finished Parsing XDC File [/home/miahafiz/NeuroRing_a_sudoku_v2/_x.hw.NUM_4096.CORE_10.FREQ_300/link/vivado/vpl/prj/prj.gen/my_rm/bd/ulp/ip/ulp_interconnect_axilite_user_imp_m01_regslice_0/ulp_interconnect_axilite_user_imp_m01_regslice_0_clocks.xdc] for cell 'level0_i/ulp/SLR0/interconnect_axilite_user/m01_couplers/m01_regslice/inst'
Parsing XDC File [/home/miahafiz/NeuroRing_a_sudoku_v2/_x.hw.NUM_4096.CORE_10.FREQ_300/link/vivado/vpl/prj/prj.gen/my_rm/bd/ulp/ip/ulp_interconnect_axilite_user_imp_auto_cc_1/ulp_interconnect_axilite_user_imp_auto_cc_1_clocks.xdc] for cell 'level0_i/ulp/SLR0/interconnect_axilite_user/m01_couplers/auto_cc/inst'
Finished Parsing XDC File [/home/miahafiz/NeuroRing_a_sudoku_v2/_x.hw.NUM_4096.CORE_10.FREQ_300/link/vivado/vpl/prj/prj.gen/my_rm/bd/ulp/ip/ulp_interconnect_axilite_user_imp_auto_cc_1/ulp_interconnect_axilite_user_imp_auto_cc_1_clocks.xdc] for cell 'level0_i/ulp/SLR0/interconnect_axilite_user/m01_couplers/auto_cc/inst'
Parsing XDC File [/home/miahafiz/NeuroRing_a_sudoku_v2/_x.hw.NUM_4096.CORE_10.FREQ_300/link/vivado/vpl/prj/prj.gen/my_rm/bd/ulp/ip/ulp_interconnect_axilite_user_imp_m02_regslice_0/ulp_interconnect_axilite_user_imp_m02_regslice_0_clocks.xdc] for cell 'level0_i/ulp/SLR0/interconnect_axilite_user/m02_couplers/m02_regslice/inst'
Finished Parsing XDC File [/home/miahafiz/NeuroRing_a_sudoku_v2/_x.hw.NUM_4096.CORE_10.FREQ_300/link/vivado/vpl/prj/prj.gen/my_rm/bd/ulp/ip/ulp_interconnect_axilite_user_imp_m02_regslice_0/ulp_interconnect_axilite_user_imp_m02_regslice_0_clocks.xdc] for cell 'level0_i/ulp/SLR0/interconnect_axilite_user/m02_couplers/m02_regslice/inst'
Parsing XDC File [/home/miahafiz/NeuroRing_a_sudoku_v2/_x.hw.NUM_4096.CORE_10.FREQ_300/link/vivado/vpl/prj/prj.gen/my_rm/bd/ulp/ip/ulp_interconnect_axilite_user_imp_auto_cc_2/ulp_interconnect_axilite_user_imp_auto_cc_2_clocks.xdc] for cell 'level0_i/ulp/SLR0/interconnect_axilite_user/m02_couplers/auto_cc/inst'
Finished Parsing XDC File [/home/miahafiz/NeuroRing_a_sudoku_v2/_x.hw.NUM_4096.CORE_10.FREQ_300/link/vivado/vpl/prj/prj.gen/my_rm/bd/ulp/ip/ulp_interconnect_axilite_user_imp_auto_cc_2/ulp_interconnect_axilite_user_imp_auto_cc_2_clocks.xdc] for cell 'level0_i/ulp/SLR0/interconnect_axilite_user/m02_couplers/auto_cc/inst'
Parsing XDC File [/home/miahafiz/NeuroRing_a_sudoku_v2/_x.hw.NUM_4096.CORE_10.FREQ_300/link/vivado/vpl/prj/prj.gen/my_rm/bd/ulp/ip/ulp_interconnect_axilite_user_imp_m03_regslice_0/ulp_interconnect_axilite_user_imp_m03_regslice_0_clocks.xdc] for cell 'level0_i/ulp/SLR0/interconnect_axilite_user/m03_couplers/m03_regslice/inst'
Finished Parsing XDC File [/home/miahafiz/NeuroRing_a_sudoku_v2/_x.hw.NUM_4096.CORE_10.FREQ_300/link/vivado/vpl/prj/prj.gen/my_rm/bd/ulp/ip/ulp_interconnect_axilite_user_imp_m03_regslice_0/ulp_interconnect_axilite_user_imp_m03_regslice_0_clocks.xdc] for cell 'level0_i/ulp/SLR0/interconnect_axilite_user/m03_couplers/m03_regslice/inst'
Parsing XDC File [/home/miahafiz/NeuroRing_a_sudoku_v2/_x.hw.NUM_4096.CORE_10.FREQ_300/link/vivado/vpl/prj/prj.gen/my_rm/bd/ulp/ip/ulp_interconnect_axilite_user_imp_auto_cc_3/ulp_interconnect_axilite_user_imp_auto_cc_3_clocks.xdc] for cell 'level0_i/ulp/SLR0/interconnect_axilite_user/m03_couplers/auto_cc/inst'
Finished Parsing XDC File [/home/miahafiz/NeuroRing_a_sudoku_v2/_x.hw.NUM_4096.CORE_10.FREQ_300/link/vivado/vpl/prj/prj.gen/my_rm/bd/ulp/ip/ulp_interconnect_axilite_user_imp_auto_cc_3/ulp_interconnect_axilite_user_imp_auto_cc_3_clocks.xdc] for cell 'level0_i/ulp/SLR0/interconnect_axilite_user/m03_couplers/auto_cc/inst'
Parsing XDC File [/home/miahafiz/NeuroRing_a_sudoku_v2/_x.hw.NUM_4096.CORE_10.FREQ_300/link/vivado/vpl/prj/prj.gen/my_rm/bd/ulp/ip/ulp_interconnect_axilite_user_imp_m04_regslice_0/ulp_interconnect_axilite_user_imp_m04_regslice_0_clocks.xdc] for cell 'level0_i/ulp/SLR0/interconnect_axilite_user/m04_couplers/m04_regslice/inst'
Finished Parsing XDC File [/home/miahafiz/NeuroRing_a_sudoku_v2/_x.hw.NUM_4096.CORE_10.FREQ_300/link/vivado/vpl/prj/prj.gen/my_rm/bd/ulp/ip/ulp_interconnect_axilite_user_imp_m04_regslice_0/ulp_interconnect_axilite_user_imp_m04_regslice_0_clocks.xdc] for cell 'level0_i/ulp/SLR0/interconnect_axilite_user/m04_couplers/m04_regslice/inst'
Parsing XDC File [/home/miahafiz/NeuroRing_a_sudoku_v2/_x.hw.NUM_4096.CORE_10.FREQ_300/link/vivado/vpl/prj/prj.gen/my_rm/bd/ulp/ip/ulp_interconnect_axilite_user_imp_auto_cc_4/ulp_interconnect_axilite_user_imp_auto_cc_4_clocks.xdc] for cell 'level0_i/ulp/SLR0/interconnect_axilite_user/m04_couplers/auto_cc/inst'
Finished Parsing XDC File [/home/miahafiz/NeuroRing_a_sudoku_v2/_x.hw.NUM_4096.CORE_10.FREQ_300/link/vivado/vpl/prj/prj.gen/my_rm/bd/ulp/ip/ulp_interconnect_axilite_user_imp_auto_cc_4/ulp_interconnect_axilite_user_imp_auto_cc_4_clocks.xdc] for cell 'level0_i/ulp/SLR0/interconnect_axilite_user/m04_couplers/auto_cc/inst'
Parsing XDC File [/home/miahafiz/NeuroRing_a_sudoku_v2/_x.hw.NUM_4096.CORE_10.FREQ_300/link/vivado/vpl/prj/prj.gen/my_rm/bd/ulp/ip/ulp_regslice_control_userpf_0/ulp_regslice_control_userpf_0_clocks.xdc] for cell 'level0_i/ulp/SLR0/regslice_control_userpf/inst'
Finished Parsing XDC File [/home/miahafiz/NeuroRing_a_sudoku_v2/_x.hw.NUM_4096.CORE_10.FREQ_300/link/vivado/vpl/prj/prj.gen/my_rm/bd/ulp/ip/ulp_regslice_control_userpf_0/ulp_regslice_control_userpf_0_clocks.xdc] for cell 'level0_i/ulp/SLR0/regslice_control_userpf/inst'
Parsing XDC File [/home/miahafiz/NeuroRing_a_sudoku_v2/_x.hw.NUM_4096.CORE_10.FREQ_300/link/vivado/vpl/prj/prj.gen/my_rm/bd/ulp/ip/ulp_regslice_control_userpf_0/ulp_regslice_control_userpf_0_slr.xdc] for cell 'level0_i/ulp/SLR0/regslice_control_userpf/inst'
Finished Parsing XDC File [/home/miahafiz/NeuroRing_a_sudoku_v2/_x.hw.NUM_4096.CORE_10.FREQ_300/link/vivado/vpl/prj/prj.gen/my_rm/bd/ulp/ip/ulp_regslice_control_userpf_0/ulp_regslice_control_userpf_0_slr.xdc] for cell 'level0_i/ulp/SLR0/regslice_control_userpf/inst'
Parsing XDC File [/home/miahafiz/NeuroRing_a_sudoku_v2/_x.hw.NUM_4096.CORE_10.FREQ_300/link/vivado/vpl/prj/prj.gen/my_rm/bd/ulp/ip/ulp_interconnect_axilite_user_imp_s00_regslice_1/ulp_interconnect_axilite_user_imp_s00_regslice_1_clocks.xdc] for cell 'level0_i/ulp/SLR1/interconnect_axilite_user/s00_couplers/s00_regslice/inst'
Finished Parsing XDC File [/home/miahafiz/NeuroRing_a_sudoku_v2/_x.hw.NUM_4096.CORE_10.FREQ_300/link/vivado/vpl/prj/prj.gen/my_rm/bd/ulp/ip/ulp_interconnect_axilite_user_imp_s00_regslice_1/ulp_interconnect_axilite_user_imp_s00_regslice_1_clocks.xdc] for cell 'level0_i/ulp/SLR1/interconnect_axilite_user/s00_couplers/s00_regslice/inst'
Parsing XDC File [/home/miahafiz/NeuroRing_a_sudoku_v2/_x.hw.NUM_4096.CORE_10.FREQ_300/link/vivado/vpl/prj/prj.gen/my_rm/bd/ulp/ip/ulp_interconnect_axilite_user_imp_auto_cc_5/ulp_interconnect_axilite_user_imp_auto_cc_5_clocks.xdc] for cell 'level0_i/ulp/SLR1/interconnect_axilite_user/s00_couplers/auto_cc/inst'
Finished Parsing XDC File [/home/miahafiz/NeuroRing_a_sudoku_v2/_x.hw.NUM_4096.CORE_10.FREQ_300/link/vivado/vpl/prj/prj.gen/my_rm/bd/ulp/ip/ulp_interconnect_axilite_user_imp_auto_cc_5/ulp_interconnect_axilite_user_imp_auto_cc_5_clocks.xdc] for cell 'level0_i/ulp/SLR1/interconnect_axilite_user/s00_couplers/auto_cc/inst'
Parsing XDC File [/home/miahafiz/NeuroRing_a_sudoku_v2/_x.hw.NUM_4096.CORE_10.FREQ_300/link/vivado/vpl/prj/prj.gen/my_rm/bd/ulp/ip/ulp_regslice_control_userpf_1/ulp_regslice_control_userpf_1_clocks.xdc] for cell 'level0_i/ulp/SLR1/regslice_control_userpf/inst'
Finished Parsing XDC File [/home/miahafiz/NeuroRing_a_sudoku_v2/_x.hw.NUM_4096.CORE_10.FREQ_300/link/vivado/vpl/prj/prj.gen/my_rm/bd/ulp/ip/ulp_regslice_control_userpf_1/ulp_regslice_control_userpf_1_clocks.xdc] for cell 'level0_i/ulp/SLR1/regslice_control_userpf/inst'
Parsing XDC File [/home/miahafiz/NeuroRing_a_sudoku_v2/_x.hw.NUM_4096.CORE_10.FREQ_300/link/vivado/vpl/prj/prj.gen/my_rm/bd/ulp/ip/ulp_regslice_control_userpf_1/ulp_regslice_control_userpf_1_slr.xdc] for cell 'level0_i/ulp/SLR1/regslice_control_userpf/inst'
Finished Parsing XDC File [/home/miahafiz/NeuroRing_a_sudoku_v2/_x.hw.NUM_4096.CORE_10.FREQ_300/link/vivado/vpl/prj/prj.gen/my_rm/bd/ulp/ip/ulp_regslice_control_userpf_1/ulp_regslice_control_userpf_1_slr.xdc] for cell 'level0_i/ulp/SLR1/regslice_control_userpf/inst'
Parsing XDC File [/home/miahafiz/NeuroRing_a_sudoku_v2/_x.hw.NUM_4096.CORE_10.FREQ_300/link/vivado/vpl/prj/prj.gen/my_rm/bd/ulp/ip/ulp_interconnect_axilite_user_imp_s00_regslice_2/ulp_interconnect_axilite_user_imp_s00_regslice_2_clocks.xdc] for cell 'level0_i/ulp/SLR2/interconnect_axilite_user/s00_couplers/s00_regslice/inst'
Finished Parsing XDC File [/home/miahafiz/NeuroRing_a_sudoku_v2/_x.hw.NUM_4096.CORE_10.FREQ_300/link/vivado/vpl/prj/prj.gen/my_rm/bd/ulp/ip/ulp_interconnect_axilite_user_imp_s00_regslice_2/ulp_interconnect_axilite_user_imp_s00_regslice_2_clocks.xdc] for cell 'level0_i/ulp/SLR2/interconnect_axilite_user/s00_couplers/s00_regslice/inst'
Parsing XDC File [/home/miahafiz/NeuroRing_a_sudoku_v2/_x.hw.NUM_4096.CORE_10.FREQ_300/link/vivado/vpl/prj/prj.gen/my_rm/bd/ulp/ip/ulp_interconnect_axilite_user_imp_auto_cc_6/ulp_interconnect_axilite_user_imp_auto_cc_6_clocks.xdc] for cell 'level0_i/ulp/SLR2/interconnect_axilite_user/s00_couplers/auto_cc/inst'
Finished Parsing XDC File [/home/miahafiz/NeuroRing_a_sudoku_v2/_x.hw.NUM_4096.CORE_10.FREQ_300/link/vivado/vpl/prj/prj.gen/my_rm/bd/ulp/ip/ulp_interconnect_axilite_user_imp_auto_cc_6/ulp_interconnect_axilite_user_imp_auto_cc_6_clocks.xdc] for cell 'level0_i/ulp/SLR2/interconnect_axilite_user/s00_couplers/auto_cc/inst'
Parsing XDC File [/home/miahafiz/NeuroRing_a_sudoku_v2/_x.hw.NUM_4096.CORE_10.FREQ_300/link/vivado/vpl/prj/prj.gen/my_rm/bd/ulp/ip/ulp_regslice_control_userpf_2/ulp_regslice_control_userpf_2_clocks.xdc] for cell 'level0_i/ulp/SLR2/regslice_control_userpf/inst'
Finished Parsing XDC File [/home/miahafiz/NeuroRing_a_sudoku_v2/_x.hw.NUM_4096.CORE_10.FREQ_300/link/vivado/vpl/prj/prj.gen/my_rm/bd/ulp/ip/ulp_regslice_control_userpf_2/ulp_regslice_control_userpf_2_clocks.xdc] for cell 'level0_i/ulp/SLR2/regslice_control_userpf/inst'
Parsing XDC File [/home/miahafiz/NeuroRing_a_sudoku_v2/_x.hw.NUM_4096.CORE_10.FREQ_300/link/vivado/vpl/prj/prj.gen/my_rm/bd/ulp/ip/ulp_regslice_control_userpf_2/ulp_regslice_control_userpf_2_slr.xdc] for cell 'level0_i/ulp/SLR2/regslice_control_userpf/inst'
Finished Parsing XDC File [/home/miahafiz/NeuroRing_a_sudoku_v2/_x.hw.NUM_4096.CORE_10.FREQ_300/link/vivado/vpl/prj/prj.gen/my_rm/bd/ulp/ip/ulp_regslice_control_userpf_2/ulp_regslice_control_userpf_2_slr.xdc] for cell 'level0_i/ulp/SLR2/regslice_control_userpf/inst'
WARNING: [Vivado_Tcl 4-935] Waiver ID 'CDC-6' is a duplicate and will not be added again. [/opt/xilinx/2025.1/Vivado/data/ip/xpm/xpm_cdc/tcl/xpm_cdc_gray.tcl:23]
WARNING: [Vivado_Tcl 4-935] Waiver ID 'CDC-6' is a duplicate and will not be added again. [/opt/xilinx/2025.1/Vivado/data/ip/xpm/xpm_cdc/tcl/xpm_cdc_gray.tcl:23]
WARNING: [Vivado_Tcl 4-935] Waiver ID 'CDC-6' is a duplicate and will not be added again. [/opt/xilinx/2025.1/Vivado/data/ip/xpm/xpm_cdc/tcl/xpm_cdc_gray.tcl:23]
WARNING: [Vivado_Tcl 4-935] Waiver ID 'CDC-6' is a duplicate and will not be added again. [/opt/xilinx/2025.1/Vivado/data/ip/xpm/xpm_cdc/tcl/xpm_cdc_gray.tcl:23]
WARNING: [Vivado_Tcl 4-935] Waiver ID 'CDC-6' is a duplicate and will not be added again. [/opt/xilinx/2025.1/Vivado/data/ip/xpm/xpm_cdc/tcl/xpm_cdc_gray.tcl:23]
WARNING: [Vivado_Tcl 4-935] Waiver ID 'CDC-6' is a duplicate and will not be added again. [/opt/xilinx/2025.1/Vivado/data/ip/xpm/xpm_cdc/tcl/xpm_cdc_gray.tcl:23]
WARNING: [Vivado_Tcl 4-935] Waiver ID 'CDC-6' is a duplicate and will not be added again. [/opt/xilinx/2025.1/Vivado/data/ip/xpm/xpm_cdc/tcl/xpm_cdc_gray.tcl:23]
WARNING: [XPM_CDC_GRAY: TCL-1000] The source and destination clocks are the same. 
     Instance: level0_i/blp/blp_i/ss_hif/inst/flash_programmer/U0/NO_DUAL_QUAD_MODE.QSPI_NORMAL/QSPI_LEGACY_MD_GEN.QSPI_CORE_INTERFACE_I/FIFO_EXISTS.TX_FIFO_II/xpm_fifo_instance.xpm_fifo_async_inst/gnuram_async_fifo.xpm_fifo_base_inst/gen_cdc_pntr.rd_pntr_cdc_inst 
  This will add unnecessary latency to the design. Please check the design for the following: 
 1) Manually instantiated XPM_CDC modules: AMD recommends that you remove these modules. 
 2) AMD IP that contains XPM_CDC modules: Verify the connections to the IP to determine whether you can safely ignore this message.
 [/opt/xilinx/2025.1/Vivado/data/ip/xpm/xpm_cdc/tcl/xpm_cdc_gray.tcl:16]
WARNING: [Vivado_Tcl 4-935] Waiver ID 'CDC-6' is a duplicate and will not be added again. [/opt/xilinx/2025.1/Vivado/data/ip/xpm/xpm_cdc/tcl/xpm_cdc_gray.tcl:23]
WARNING: [XPM_CDC_GRAY: TCL-1000] The source and destination clocks are the same. 
     Instance: level0_i/blp/blp_i/ss_hif/inst/flash_programmer/U0/NO_DUAL_QUAD_MODE.QSPI_NORMAL/QSPI_LEGACY_MD_GEN.QSPI_CORE_INTERFACE_I/FIFO_EXISTS.RX_FIFO_II/gnuram_async_fifo.xpm_fifo_base_inst/gen_cdc_pntr.wr_pntr_cdc_inst 
  This will add unnecessary latency to the design. Please check the design for the following: 
 1) Manually instantiated XPM_CDC modules: AMD recommends that you remove these modules. 
 2) AMD IP that contains XPM_CDC modules: Verify the connections to the IP to determine whether you can safely ignore this message.
 [/opt/xilinx/2025.1/Vivado/data/ip/xpm/xpm_cdc/tcl/xpm_cdc_gray.tcl:16]
WARNING: [Vivado_Tcl 4-935] Waiver ID 'CDC-6' is a duplicate and will not be added again. [/opt/xilinx/2025.1/Vivado/data/ip/xpm/xpm_cdc/tcl/xpm_cdc_gray.tcl:23]
WARNING: [XPM_CDC_GRAY: TCL-1000] The source and destination clocks are the same. 
     Instance: level0_i/blp/blp_i/ss_hif/inst/flash_programmer/U0/NO_DUAL_QUAD_MODE.QSPI_NORMAL/QSPI_LEGACY_MD_GEN.QSPI_CORE_INTERFACE_I/FIFO_EXISTS.RX_FIFO_II/gnuram_async_fifo.xpm_fifo_base_inst/gen_cdc_pntr.rd_pntr_cdc_inst 
  This will add unnecessary latency to the design. Please check the design for the following: 
 1) Manually instantiated XPM_CDC modules: AMD recommends that you remove these modules. 
 2) AMD IP that contains XPM_CDC modules: Verify the connections to the IP to determine whether you can safely ignore this message.
 [/opt/xilinx/2025.1/Vivado/data/ip/xpm/xpm_cdc/tcl/xpm_cdc_gray.tcl:16]
WARNING: [Vivado_Tcl 4-935] Waiver ID 'CDC-6' is a duplicate and will not be added again. [/opt/xilinx/2025.1/Vivado/data/ip/xpm/xpm_cdc/tcl/xpm_cdc_gray.tcl:23]
WARNING: [XPM_CDC_GRAY: TCL-1000] The source and destination clocks are the same. 
     Instance: level0_i/blp/blp_i/ss_hif/inst/flash_programmer/U0/NO_DUAL_QUAD_MODE.QSPI_NORMAL/QSPI_LEGACY_MD_GEN.QSPI_CORE_INTERFACE_I/FIFO_EXISTS.TX_FIFO_II/xpm_fifo_instance.xpm_fifo_async_inst/gnuram_async_fifo.xpm_fifo_base_inst/gen_cdc_pntr.wr_pntr_cdc_inst 
  This will add unnecessary latency to the design. Please check the design for the following: 
 1) Manually instantiated XPM_CDC modules: AMD recommends that you remove these modules. 
 2) AMD IP that contains XPM_CDC modules: Verify the connections to the IP to determine whether you can safely ignore this message.
 [/opt/xilinx/2025.1/Vivado/data/ip/xpm/xpm_cdc/tcl/xpm_cdc_gray.tcl:16]
WARNING: [Vivado_Tcl 4-935] Waiver ID 'CDC-6' is a duplicate and will not be added again. [/opt/xilinx/2025.1/Vivado/data/ip/xpm/xpm_cdc/tcl/xpm_cdc_gray.tcl:23]
WARNING: [XPM_CDC_GRAY: TCL-1000] The source and destination clocks are the same. 
     Instance: level0_i/blp/blp_i/ss_hif/inst/flash_programmer/U0/NO_DUAL_QUAD_MODE.QSPI_NORMAL/QSPI_LEGACY_MD_GEN.QSPI_CORE_INTERFACE_I/FIFO_EXISTS.RX_FIFO_II/gnuram_async_fifo.xpm_fifo_base_inst/gen_cdc_pntr.wr_pntr_cdc_dc_inst 
  This will add unnecessary latency to the design. Please check the design for the following: 
 1) Manually instantiated XPM_CDC modules: AMD recommends that you remove these modules. 
 2) AMD IP that contains XPM_CDC modules: Verify the connections to the IP to determine whether you can safely ignore this message.
 [/opt/xilinx/2025.1/Vivado/data/ip/xpm/xpm_cdc/tcl/xpm_cdc_gray.tcl:16]
WARNING: [Vivado_Tcl 4-935] Waiver ID 'CDC-6' is a duplicate and will not be added again. [/opt/xilinx/2025.1/Vivado/data/ip/xpm/xpm_cdc/tcl/xpm_cdc_gray.tcl:23]
WARNING: [XPM_CDC_GRAY: TCL-1000] The source and destination clocks are the same. 
     Instance: level0_i/blp/blp_i/ss_hif/inst/flash_programmer/U0/NO_DUAL_QUAD_MODE.QSPI_NORMAL/QSPI_LEGACY_MD_GEN.QSPI_CORE_INTERFACE_I/FIFO_EXISTS.TX_FIFO_II/xpm_fifo_instance.xpm_fifo_async_inst/gnuram_async_fifo.xpm_fifo_base_inst/gen_cdc_pntr.rd_pntr_cdc_dc_inst 
  This will add unnecessary latency to the design. Please check the design for the following: 
 1) Manually instantiated XPM_CDC modules: AMD recommends that you remove these modules. 
 2) AMD IP that contains XPM_CDC modules: Verify the connections to the IP to determine whether you can safely ignore this message.
 [/opt/xilinx/2025.1/Vivado/data/ip/xpm/xpm_cdc/tcl/xpm_cdc_gray.tcl:16]
WARNING: [Vivado_Tcl 4-935] Waiver ID 'CDC-6' is a duplicate and will not be added again. [/opt/xilinx/2025.1/Vivado/data/ip/xpm/xpm_cdc/tcl/xpm_cdc_gray.tcl:23]
WARNING: [Vivado_Tcl 4-935] Waiver ID 'CDC-6' is a duplicate and will not be added again. [/opt/xilinx/2025.1/Vivado/data/ip/xpm/xpm_cdc/tcl/xpm_cdc_gray.tcl:23]
WARNING: [Vivado_Tcl 4-935] Waiver ID 'CDC-6' is a duplicate and will not be added again. [/opt/xilinx/2025.1/Vivado/data/ip/xpm/xpm_cdc/tcl/xpm_cdc_gray.tcl:23]
WARNING: [Vivado_Tcl 4-935] Waiver ID 'CDC-6' is a duplicate and will not be added again. [/opt/xilinx/2025.1/Vivado/data/ip/xpm/xpm_cdc/tcl/xpm_cdc_gray.tcl:23]
WARNING: [Vivado_Tcl 4-935] Waiver ID 'CDC-6' is a duplicate and will not be added again. [/opt/xilinx/2025.1/Vivado/data/ip/xpm/xpm_cdc/tcl/xpm_cdc_gray.tcl:23]
WARNING: [Vivado_Tcl 4-935] Waiver ID 'CDC-6' is a duplicate and will not be added again. [/opt/xilinx/2025.1/Vivado/data/ip/xpm/xpm_cdc/tcl/xpm_cdc_gray.tcl:23]
WARNING: [Vivado_Tcl 4-935] Waiver ID 'CDC-6' is a duplicate and will not be added again. [/opt/xilinx/2025.1/Vivado/data/ip/xpm/xpm_cdc/tcl/xpm_cdc_gray.tcl:23]
WARNING: [Vivado_Tcl 4-935] Waiver ID 'CDC-6' is a duplicate and will not be added again. [/opt/xilinx/2025.1/Vivado/data/ip/xpm/xpm_cdc/tcl/xpm_cdc_gray.tcl:23]
WARNING: [Vivado_Tcl 4-935] Waiver ID 'CDC-6' is a duplicate and will not be added again. [/opt/xilinx/2025.1/Vivado/data/ip/xpm/xpm_cdc/tcl/xpm_cdc_gray.tcl:23]
WARNING: [Vivado_Tcl 4-935] Waiver ID 'CDC-6' is a duplicate and will not be added again. [/opt/xilinx/2025.1/Vivado/data/ip/xpm/xpm_cdc/tcl/xpm_cdc_gray.tcl:23]
WARNING: [Vivado_Tcl 4-935] Waiver ID 'CDC-6' is a duplicate and will not be added again. [/opt/xilinx/2025.1/Vivado/data/ip/xpm/xpm_cdc/tcl/xpm_cdc_gray.tcl:23]
WARNING: [Vivado_Tcl 4-935] Waiver ID 'CDC-6' is a duplicate and will not be added again. [/opt/xilinx/2025.1/Vivado/data/ip/xpm/xpm_cdc/tcl/xpm_cdc_gray.tcl:23]
WARNING: [Vivado_Tcl 4-935] Waiver ID 'CDC-6' is a duplicate and will not be added again. [/opt/xilinx/2025.1/Vivado/data/ip/xpm/xpm_cdc/tcl/xpm_cdc_gray.tcl:23]
WARNING: [Vivado_Tcl 4-935] Waiver ID 'CDC-6' is a duplicate and will not be added again. [/opt/xilinx/2025.1/Vivado/data/ip/xpm/xpm_cdc/tcl/xpm_cdc_gray.tcl:23]
WARNING: [Vivado_Tcl 4-935] Waiver ID 'CDC-6' is a duplicate and will not be added again. [/opt/xilinx/2025.1/Vivado/data/ip/xpm/xpm_cdc/tcl/xpm_cdc_gray.tcl:23]
WARNING: [Vivado_Tcl 4-935] Waiver ID 'CDC-6' is a duplicate and will not be added again. [/opt/xilinx/2025.1/Vivado/data/ip/xpm/xpm_cdc/tcl/xpm_cdc_gray.tcl:23]
WARNING: [Vivado_Tcl 4-935] Waiver ID 'CDC-6' is a duplicate and will not be added again. [/opt/xilinx/2025.1/Vivado/data/ip/xpm/xpm_cdc/tcl/xpm_cdc_gray.tcl:23]
WARNING: [Vivado_Tcl 4-935] Waiver ID 'CDC-15' is a duplicate and will not be added again. [/opt/xilinx/2025.1/Vivado/data/ip/xpm/xpm_cdc/tcl/xpm_cdc_handshake.tcl:30]
WARNING: [Vivado_Tcl 4-935] Waiver ID 'CDC-15' is a duplicate and will not be added again. [/opt/xilinx/2025.1/Vivado/data/ip/xpm/xpm_cdc/tcl/xpm_cdc_handshake.tcl:30]
WARNING: [Vivado_Tcl 4-935] Waiver ID 'CDC-15' is a duplicate and will not be added again. [/opt/xilinx/2025.1/Vivado/data/ip/xpm/xpm_cdc/tcl/xpm_cdc_handshake.tcl:30]
WARNING: [Vivado_Tcl 4-935] Waiver ID 'CDC-15' is a duplicate and will not be added again. [/opt/xilinx/2025.1/Vivado/data/ip/xpm/xpm_cdc/tcl/xpm_cdc_handshake.tcl:30]
WARNING: [Vivado_Tcl 4-935] Waiver ID 'CDC-15' is a duplicate and will not be added again. [/opt/xilinx/2025.1/Vivado/data/ip/xpm/xpm_cdc/tcl/xpm_cdc_handshake.tcl:30]
WARNING: [Vivado_Tcl 4-935] Waiver ID 'CDC-15' is a duplicate and will not be added again. [/opt/xilinx/2025.1/Vivado/data/ip/xpm/xpm_cdc/tcl/xpm_cdc_handshake.tcl:30]
WARNING: [Vivado_Tcl 4-935] Waiver ID 'CDC-15' is a duplicate and will not be added again. [/opt/xilinx/2025.1/Vivado/data/ip/xpm/xpm_cdc/tcl/xpm_cdc_handshake.tcl:30]
WARNING: [Vivado_Tcl 4-935] Waiver ID 'CDC-15' is a duplicate and will not be added again. [/opt/xilinx/2025.1/Vivado/data/ip/xpm/xpm_cdc/tcl/xpm_cdc_handshake.tcl:30]
WARNING: [Vivado_Tcl 4-935] Waiver ID 'CDC-15' is a duplicate and will not be added again. [/opt/xilinx/2025.1/Vivado/data/ip/xpm/xpm_cdc/tcl/xpm_cdc_handshake.tcl:30]
WARNING: [Vivado_Tcl 4-935] Waiver ID 'CDC-15' is a duplicate and will not be added again. [/opt/xilinx/2025.1/Vivado/data/ip/xpm/xpm_cdc/tcl/xpm_cdc_handshake.tcl:30]
WARNING: [Vivado_Tcl 4-935] Waiver ID 'CDC-15' is a duplicate and will not be added again. [/opt/xilinx/2025.1/Vivado/data/ip/xpm/xpm_cdc/tcl/xpm_cdc_handshake.tcl:30]
WARNING: [Vivado_Tcl 4-935] Waiver ID 'CDC-15' is a duplicate and will not be added again. [/opt/xilinx/2025.1/Vivado/data/ip/xpm/xpm_cdc/tcl/xpm_cdc_handshake.tcl:30]
WARNING: [Vivado_Tcl 4-935] Waiver ID 'CDC-15' is a duplicate and will not be added again. [/opt/xilinx/2025.1/Vivado/data/ip/xpm/xpm_cdc/tcl/xpm_cdc_handshake.tcl:30]
WARNING: [Vivado_Tcl 4-935] Waiver ID 'CDC-15' is a duplicate and will not be added again. [/opt/xilinx/2025.1/Vivado/data/ip/xpm/xpm_cdc/tcl/xpm_cdc_handshake.tcl:30]
WARNING: [Vivado_Tcl 4-935] Waiver ID 'CDC-15' is a duplicate and will not be added again. [/opt/xilinx/2025.1/Vivado/data/ip/xpm/xpm_cdc/tcl/xpm_cdc_handshake.tcl:30]
WARNING: [Vivado_Tcl 4-935] Waiver ID 'CDC-15' is a duplicate and will not be added again. [/opt/xilinx/2025.1/Vivado/data/ip/xpm/xpm_cdc/tcl/xpm_cdc_handshake.tcl:30]
WARNING: [Vivado_Tcl 4-935] Waiver ID 'CDC-15' is a duplicate and will not be added again. [/opt/xilinx/2025.1/Vivado/data/ip/xpm/xpm_cdc/tcl/xpm_cdc_handshake.tcl:30]
WARNING: [Vivado_Tcl 4-935] Waiver ID 'CDC-15' is a duplicate and will not be added again. [/opt/xilinx/2025.1/Vivado/data/ip/xpm/xpm_cdc/tcl/xpm_cdc_handshake.tcl:30]
WARNING: [Vivado_Tcl 4-935] Waiver ID 'CDC-15' is a duplicate and will not be added again. [/opt/xilinx/2025.1/Vivado/data/ip/xpm/xpm_cdc/tcl/xpm_cdc_handshake.tcl:30]
WARNING: [Vivado_Tcl 4-935] Waiver ID 'CDC-15' is a duplicate and will not be added again. [/opt/xilinx/2025.1/Vivado/data/ip/xpm/xpm_cdc/tcl/xpm_cdc_handshake.tcl:30]
WARNING: [Vivado_Tcl 4-935] Waiver ID 'CDC-15' is a duplicate and will not be added again. [/opt/xilinx/2025.1/Vivado/data/ip/xpm/xpm_cdc/tcl/xpm_cdc_handshake.tcl:30]
WARNING: [Vivado_Tcl 4-935] Waiver ID 'CDC-15' is a duplicate and will not be added again. [/opt/xilinx/2025.1/Vivado/data/ip/xpm/xpm_cdc/tcl/xpm_cdc_handshake.tcl:30]
WARNING: [Vivado_Tcl 4-935] Waiver ID 'CDC-15' is a duplicate and will not be added again. [/opt/xilinx/2025.1/Vivado/data/ip/xpm/xpm_cdc/tcl/xpm_cdc_handshake.tcl:30]
WARNING: [Vivado_Tcl 4-935] Waiver ID 'CDC-15' is a duplicate and will not be added again. [/opt/xilinx/2025.1/Vivado/data/ip/xpm/xpm_cdc/tcl/xpm_cdc_handshake.tcl:30]
WARNING: [Vivado_Tcl 4-935] Waiver ID 'CDC-15' is a duplicate and will not be added again. [/opt/xilinx/2025.1/Vivado/data/ip/xpm/xpm_cdc/tcl/xpm_cdc_handshake.tcl:30]
WARNING: [Vivado_Tcl 4-935] Waiver ID 'CDC-15' is a duplicate and will not be added again. [/opt/xilinx/2025.1/Vivado/data/ip/xpm/xpm_cdc/tcl/xpm_cdc_handshake.tcl:30]
WARNING: [Vivado_Tcl 4-935] Waiver ID 'CDC-15' is a duplicate and will not be added again. [/opt/xilinx/2025.1/Vivado/data/ip/xpm/xpm_cdc/tcl/xpm_cdc_handshake.tcl:30]
WARNING: [Vivado_Tcl 4-935] Waiver ID 'CDC-15' is a duplicate and will not be added again. [/opt/xilinx/2025.1/Vivado/data/ip/xpm/xpm_cdc/tcl/xpm_cdc_handshake.tcl:30]
WARNING: [Vivado_Tcl 4-935] Waiver ID 'CDC-15' is a duplicate and will not be added again. [/opt/xilinx/2025.1/Vivado/data/ip/xpm/xpm_cdc/tcl/xpm_cdc_handshake.tcl:30]
WARNING: [Vivado_Tcl 4-935] Waiver ID 'CDC-15' is a duplicate and will not be added again. [/opt/xilinx/2025.1/Vivado/data/ip/xpm/xpm_cdc/tcl/xpm_cdc_handshake.tcl:30]
WARNING: [Vivado_Tcl 4-935] Waiver ID 'CDC-15' is a duplicate and will not be added again. [/opt/xilinx/2025.1/Vivado/data/ip/xpm/xpm_cdc/tcl/xpm_cdc_handshake.tcl:30]
WARNING: [Vivado_Tcl 4-935] Waiver ID 'CDC-15' is a duplicate and will not be added again. [/opt/xilinx/2025.1/Vivado/data/ip/xpm/xpm_cdc/tcl/xpm_cdc_handshake.tcl:30]
WARNING: [Vivado_Tcl 4-935] Waiver ID 'CDC-15' is a duplicate and will not be added again. [/opt/xilinx/2025.1/Vivado/data/ip/xpm/xpm_cdc/tcl/xpm_cdc_handshake.tcl:30]
WARNING: [Vivado_Tcl 4-935] Waiver ID 'CDC-15' is a duplicate and will not be added again. [/opt/xilinx/2025.1/Vivado/data/ip/xpm/xpm_cdc/tcl/xpm_cdc_handshake.tcl:30]
WARNING: [Vivado_Tcl 4-935] Waiver ID 'CDC-15' is a duplicate and will not be added again. [/opt/xilinx/2025.1/Vivado/data/ip/xpm/xpm_cdc/tcl/xpm_cdc_handshake.tcl:30]
WARNING: [Vivado_Tcl 4-935] Waiver ID 'CDC-15' is a duplicate and will not be added again. [/opt/xilinx/2025.1/Vivado/data/ip/xpm/xpm_cdc/tcl/xpm_cdc_handshake.tcl:30]
WARNING: [Vivado_Tcl 4-935] Waiver ID 'CDC-15' is a duplicate and will not be added again. [/opt/xilinx/2025.1/Vivado/data/ip/xpm/xpm_cdc/tcl/xpm_cdc_handshake.tcl:30]
WARNING: [Vivado_Tcl 4-935] Waiver ID 'CDC-15' is a duplicate and will not be added again. [/opt/xilinx/2025.1/Vivado/data/ip/xpm/xpm_cdc/tcl/xpm_cdc_handshake.tcl:30]
WARNING: [Vivado_Tcl 4-935] Waiver ID 'CDC-15' is a duplicate and will not be added again. [/opt/xilinx/2025.1/Vivado/data/ip/xpm/xpm_cdc/tcl/xpm_cdc_handshake.tcl:30]
WARNING: [Vivado_Tcl 4-935] Waiver ID 'CDC-15' is a duplicate and will not be added again. [/opt/xilinx/2025.1/Vivado/data/ip/xpm/xpm_cdc/tcl/xpm_cdc_handshake.tcl:30]
WARNING: [Vivado_Tcl 4-935] Waiver ID 'CDC-15' is a duplicate and will not be added again. [/opt/xilinx/2025.1/Vivado/data/ip/xpm/xpm_cdc/tcl/xpm_cdc_handshake.tcl:30]
WARNING: [Vivado_Tcl 4-935] Waiver ID 'CDC-15' is a duplicate and will not be added again. [/opt/xilinx/2025.1/Vivado/data/ip/xpm/xpm_cdc/tcl/xpm_cdc_handshake.tcl:30]
WARNING: [Vivado_Tcl 4-935] Waiver ID 'CDC-15' is a duplicate and will not be added again. [/opt/xilinx/2025.1/Vivado/data/ip/xpm/xpm_cdc/tcl/xpm_cdc_handshake.tcl:30]
WARNING: [Vivado_Tcl 4-935] Waiver ID 'CDC-15' is a duplicate and will not be added again. [/opt/xilinx/2025.1/Vivado/data/ip/xpm/xpm_cdc/tcl/xpm_cdc_handshake.tcl:30]
WARNING: [Vivado_Tcl 4-935] Waiver ID 'CDC-15' is a duplicate and will not be added again. [/opt/xilinx/2025.1/Vivado/data/ip/xpm/xpm_cdc/tcl/xpm_cdc_handshake.tcl:30]
WARNING: [Vivado_Tcl 4-935] Waiver ID 'CDC-15' is a duplicate and will not be added again. [/opt/xilinx/2025.1/Vivado/data/ip/xpm/xpm_cdc/tcl/xpm_cdc_handshake.tcl:30]
WARNING: [Vivado_Tcl 4-935] Waiver ID 'CDC-15' is a duplicate and will not be added again. [/opt/xilinx/2025.1/Vivado/data/ip/xpm/xpm_cdc/tcl/xpm_cdc_handshake.tcl:30]
WARNING: [Vivado_Tcl 4-935] Waiver ID 'CDC-15' is a duplicate and will not be added again. [/opt/xilinx/2025.1/Vivado/data/ip/xpm/xpm_cdc/tcl/xpm_cdc_handshake.tcl:30]
WARNING: [Vivado_Tcl 4-935] Waiver ID 'CDC-15' is a duplicate and will not be added again. [/opt/xilinx/2025.1/Vivado/data/ip/xpm/xpm_cdc/tcl/xpm_cdc_handshake.tcl:30]
WARNING: [Vivado_Tcl 4-935] Waiver ID 'CDC-15' is a duplicate and will not be added again. [/opt/xilinx/2025.1/Vivado/data/ip/xpm/xpm_cdc/tcl/xpm_cdc_handshake.tcl:30]
WARNING: [Vivado_Tcl 4-935] Waiver ID 'CDC-15' is a duplicate and will not be added again. [/opt/xilinx/2025.1/Vivado/data/ip/xpm/xpm_cdc/tcl/xpm_cdc_handshake.tcl:30]
WARNING: [Vivado_Tcl 4-935] Waiver ID 'CDC-15' is a duplicate and will not be added again. [/opt/xilinx/2025.1/Vivado/data/ip/xpm/xpm_cdc/tcl/xpm_cdc_handshake.tcl:30]
INFO: [Project 1-1714] 591 XPM XDC files have been applied to the design.
INFO: [Opt 31-138] Pushed 0 inverter(s) to 0 load pin(s).
INFO: [Project 1-1687] 374 scoped IP constraints or related sub-commands were skipped due to synthesis logic optimizations usually triggered by constant connectivity or unconnected output pins. To review the skipped constraints and messages, run the command 'set_param netlist.IPMsgFiltering false' before opening the design.
Netlist sorting complete. Time (s): cpu = 00:00:00.16 ; elapsed = 00:00:00.17 . Memory (MB): peak = 8672.219 ; gain = 0.000 ; free physical = 95139 ; free virtual = 170395
INFO: [Project 1-111] Unisim Transformation Summary:
  A total of 1700 instances were transformed.
  DSP48E1 => DSP48E2 (DSP_ALU, DSP_A_B_DATA, DSP_C_DATA, DSP_MULTIPLIER, DSP_M_DATA, DSP_OUTPUT, DSP_PREADD, DSP_PREADD_DATA): 180 instances
  DSP48E2 => DSP48E2 (DSP_ALU, DSP_A_B_DATA, DSP_C_DATA, DSP_MULTIPLIER, DSP_M_DATA, DSP_OUTPUT, DSP_PREADD, DSP_PREADD_DATA): 20 instances
  HBM_ONE_STACK_INTF => HBM_ONE_STACK_INTF (HBM_REF_CLK, HBM_SNGLBLI_INTF_APB, HBM_SNGLBLI_INTF_AXI(x16)): 1 instance 
  IBUF => IBUF (IBUFCTRL, INBUF): 7 instances
  IBUFDS => IBUFDS (DIFFINBUF, IBUFCTRL): 1 instance 
  LUT6_2 => LUT6_2 (LUT5, LUT6): 158 instances
  RAM128X1D => RAM128X1D (MUXF7(x2), RAMD64E(x4)): 1 instance 
  RAM16X1D => RAM32X1D (RAMD32(x2)): 329 instances
  RAM16X1S => RAM32X1S (RAMS32): 46 instances
  RAM256X1S => RAM256X1S (MUXF7(x2), MUXF8, RAMS64E(x4)): 10 instances
  RAM32M => RAM32M (RAMD32(x6), RAMS32(x2)): 46 instances
  RAM32M16 => RAM32M16 (RAMD32(x14), RAMS32(x2)): 626 instances
  RAM32X1D => RAM32X1D (RAMD32(x2)): 123 instances
  RAM64M => RAM64M (RAMD64E(x4)): 1 instance 
  RAM64M8 => RAM64M8 (RAMD64E(x8)): 143 instances
  RAM64X1D => RAM64X1D (RAMD64E(x2)): 8 instances

290 Infos, 307 Warnings, 0 Critical Warnings and 0 Errors encountered.
link_design completed successfully
link_design: Time (s): cpu = 00:10:10 ; elapsed = 00:06:42 . Memory (MB): peak = 8672.254 ; gain = 6920.770 ; free physical = 95138 ; free virtual = 170394
source /home/miahafiz/NeuroRing_a_sudoku_v2/_x.hw.NUM_4096.CORE_10.FREQ_300/link/vivado/vpl/scripts/impl_1/_full_init_post.tcl
Parsing XDC File [/home/miahafiz/NeuroRing_a_sudoku_v2/_x.hw.NUM_4096.CORE_10.FREQ_300/link/vivado/vpl/output/_user_impl_clk.xdc]
Finished Parsing XDC File [/home/miahafiz/NeuroRing_a_sudoku_v2/_x.hw.NUM_4096.CORE_10.FREQ_300/link/vivado/vpl/output/_user_impl_clk.xdc]
source /home/miahafiz/NeuroRing_a_sudoku_v2/_x.hw.NUM_4096.CORE_10.FREQ_300/link/vivado/vpl/scripts/impl_1/_full_opt_pre.tcl
Post-synthesis utilization DRC check...
available resources:
   luts      : 1146240
   registers : 2292480
   brams     : 1776
   dsps      : 8376
required resources:
   luts      : 102206
   registers : 149249
   brams     : 342
   dsps      : 196
report_accelerator_utilization: Time (s): cpu = 00:00:09 ; elapsed = 00:00:10 . Memory (MB): peak = 8672.254 ; gain = 0.000 ; free physical = 94672 ; free virtual = 169961
report_utilization: Time (s): cpu = 00:00:15 ; elapsed = 00:00:16 . Memory (MB): peak = 8672.254 ; gain = 0.000 ; free physical = 94406 ; free virtual = 169696
INFO: System Diagram: Run step: synthed

INFO: [Timing 38-35] Done setting XDC timing constraints.
create_generated_clock: Time (s): cpu = 00:00:41 ; elapsed = 00:00:12 . Memory (MB): peak = 8672.254 ; gain = 0.000 ; free physical = 94230 ; free virtual = 169521
Command: opt_design -directive Explore
INFO: [Vivado_Tcl 4-136] Directive used for opt_design is: Explore
Attempting to get a license for feature 'Implementation' and/or device 'xcu55c'
INFO: [Common 17-349] Got license for feature 'Implementation' and/or device 'xcu55c'
Running DRC as a precondition to command opt_design

Starting DRC Task
INFO: [DRC 23-27] Running DRC with 8 threads
INFO: [Project 1-461] DRC finished with 0 Errors
INFO: [Project 1-462] Please refer to the DRC report (report_drc) for more information.

Time (s): cpu = 00:00:30 ; elapsed = 00:00:12 . Memory (MB): peak = 8672.254 ; gain = 0.000 ; free physical = 94040 ; free virtual = 169330

Starting Logic Optimization Task

Phase 1 Initialization

Phase 1.1 Core Generation And Design Setup
Phase 1.1 Core Generation And Design Setup | Checksum: 18f14fb29

Time (s): cpu = 00:00:15 ; elapsed = 00:00:13 . Memory (MB): peak = 8789.203 ; gain = 10.000 ; free physical = 92885 ; free virtual = 168176

Phase 1.2 Setup Constraints And Sort Netlist
Phase 1.2 Setup Constraints And Sort Netlist | Checksum: 18f14fb29

Time (s): cpu = 00:00:19 ; elapsed = 00:00:14 . Memory (MB): peak = 8789.203 ; gain = 10.000 ; free physical = 92862 ; free virtual = 168153
Phase 1 Initialization | Checksum: 18f14fb29

Time (s): cpu = 00:00:22 ; elapsed = 00:00:15 . Memory (MB): peak = 8789.203 ; gain = 10.000 ; free physical = 92853 ; free virtual = 168143

Phase 2 Timer Update And Timing Data Collection

Phase 2.1 Timer Update
Phase 2.1 Timer Update | Checksum: 18f14fb29

Time (s): cpu = 00:00:48 ; elapsed = 00:00:21 . Memory (MB): peak = 8836.164 ; gain = 56.961 ; free physical = 92681 ; free virtual = 167972

Phase 2.2 Timing Data Collection
Phase 2.2 Timing Data Collection | Checksum: 18f14fb29

Time (s): cpu = 00:00:53 ; elapsed = 00:00:23 . Memory (MB): peak = 9060.164 ; gain = 280.961 ; free physical = 92461 ; free virtual = 167753
Phase 2 Timer Update And Timing Data Collection | Checksum: 18f14fb29

Time (s): cpu = 00:00:56 ; elapsed = 00:00:24 . Memory (MB): peak = 9060.164 ; gain = 280.961 ; free physical = 92458 ; free virtual = 167750

Phase 3 Retarget
INFO: [Opt 31-1851] Number of loadless carry chains removed were: 0
INFO: [Opt 31-1834] Total Chains To Be Transformed Were: 0 AND Number of Transformed insts Created are: 0
INFO: [Opt 31-1566] Pulled 23 inverters resulting in an inversion of 143 pins
INFO: [Opt 31-138] Pushed 207 inverter(s) to 2223 load pin(s).
INFO: [Opt 31-49] Retargeted 0 cell(s).
Phase 3 Retarget | Checksum: 1b47c12d6

Time (s): cpu = 00:01:14 ; elapsed = 00:00:39 . Memory (MB): peak = 9060.164 ; gain = 280.961 ; free physical = 91065 ; free virtual = 166356
Retarget | Checksum: 1b47c12d6
INFO: [Opt 31-389] Phase Retarget created 1820 cells and removed 2192 cells
INFO: [Opt 31-1021] In phase Retarget, 9359 netlist objects are constrained preventing optimization. Please run opt_design with -debug_log to get more detail. 

Phase 4 Constant propagation
INFO: [Opt 31-138] Pushed 1 inverter(s) to 2 load pin(s).
Phase 4 Constant propagation | Checksum: 19f9b0866

Time (s): cpu = 00:01:25 ; elapsed = 00:00:46 . Memory (MB): peak = 9060.164 ; gain = 280.961 ; free physical = 90909 ; free virtual = 166200
Constant propagation | Checksum: 19f9b0866
INFO: [Opt 31-389] Phase Constant propagation created 48 cells and removed 914 cells
INFO: [Opt 31-1021] In phase Constant propagation, 1744 netlist objects are constrained preventing optimization. Please run opt_design with -debug_log to get more detail. 

Phase 5 Sweep
INFO: [Constraints 18-11670] Building netlist checker database with flags, 0x8
Done building netlist checker database: Time (s): cpu = 00:00:00.16 ; elapsed = 00:00:00.19 . Memory (MB): peak = 9060.164 ; gain = 0.000 ; free physical = 90887 ; free virtual = 166178
INFO: [Constraints 18-11670] Building netlist checker database with flags, 0x8
Done building netlist checker database: Time (s): cpu = 00:00:00.15 ; elapsed = 00:00:00.18 . Memory (MB): peak = 9060.164 ; gain = 0.000 ; free physical = 90688 ; free virtual = 165979
Phase 5 Sweep | Checksum: 1b474495b

Time (s): cpu = 00:01:50 ; elapsed = 00:01:06 . Memory (MB): peak = 9060.164 ; gain = 280.961 ; free physical = 90604 ; free virtual = 165895
Sweep | Checksum: 1b474495b
INFO: [Opt 31-389] Phase Sweep created 0 cells and removed 4739 cells
INFO: [Opt 31-1021] In phase Sweep, 1411411 netlist objects are constrained preventing optimization. Please run opt_design with -debug_log to get more detail. 

Phase 6 BUFG optimization
INFO: [Opt 31-1077] Phase BUFG optimization inserted 0 global clock buffer(s) for CLOCK_LOW_FANOUT.
Phase 6 BUFG optimization | Checksum: 1b474495b

Time (s): cpu = 00:02:07 ; elapsed = 00:01:12 . Memory (MB): peak = 9060.164 ; gain = 280.961 ; free physical = 90223 ; free virtual = 165515
BUFG optimization | Checksum: 1b474495b
INFO: [Opt 31-662] Phase BUFG optimization created 0 cells of which 0 are BUFGs and removed 0 cells.
INFO: [Opt 31-1021] In phase BUFG optimization, 12 netlist objects are constrained preventing optimization. Please run opt_design with -debug_log to get more detail. 

Phase 7 Shift Register Optimization
INFO: [Opt 31-1064] SRL Remap converted 0 SRLs to 0 registers and converted 0 registers of register chains to 0 SRLs
Phase 7 Shift Register Optimization | Checksum: 1b474495b

Time (s): cpu = 00:02:14 ; elapsed = 00:01:14 . Memory (MB): peak = 9060.164 ; gain = 280.961 ; free physical = 90126 ; free virtual = 165417
Shift Register Optimization | Checksum: 1b474495b
INFO: [Opt 31-389] Phase Shift Register Optimization created 0 cells and removed 0 cells
INFO: [Opt 31-1555] control_set_opt supports Versal devices only, and device xcu55c is unsupported

Phase 8 Post Processing Netlist
Phase 8 Post Processing Netlist | Checksum: 2180d6054

Time (s): cpu = 00:02:25 ; elapsed = 00:01:20 . Memory (MB): peak = 9060.164 ; gain = 280.961 ; free physical = 90010 ; free virtual = 165302
Post Processing Netlist | Checksum: 2180d6054
INFO: [Opt 31-389] Phase Post Processing Netlist created 0 cells and removed 0 cells
INFO: [Opt 31-1021] In phase Post Processing Netlist, 1326 netlist objects are constrained preventing optimization. Please run opt_design with -debug_log to get more detail. 

Phase 9 Finalization

Phase 9.1 Finalizing Design Cores and Updating Shapes
Phase 9.1 Finalizing Design Cores and Updating Shapes | Checksum: 1ead737c4

Time (s): cpu = 00:02:39 ; elapsed = 00:01:29 . Memory (MB): peak = 9060.164 ; gain = 280.961 ; free physical = 89842 ; free virtual = 165134

Phase 9.2 Verifying Netlist Connectivity

Starting Connectivity Check Task

Time (s): cpu = 00:00:00.9 ; elapsed = 00:00:00.9 . Memory (MB): peak = 9060.164 ; gain = 0.000 ; free physical = 89823 ; free virtual = 165114
Phase 9.2 Verifying Netlist Connectivity | Checksum: 1ead737c4

Time (s): cpu = 00:02:43 ; elapsed = 00:01:31 . Memory (MB): peak = 9060.164 ; gain = 280.961 ; free physical = 89826 ; free virtual = 165117
Phase 9 Finalization | Checksum: 1ead737c4

Time (s): cpu = 00:02:47 ; elapsed = 00:01:32 . Memory (MB): peak = 9060.164 ; gain = 280.961 ; free physical = 89815 ; free virtual = 165106
Opt_design Change Summary
=========================


-------------------------------------------------------------------------------------------------------------------------
|  Phase                        |  #Cells created  |  #Cells Removed  |  #Constrained objects preventing optimizations  |
-------------------------------------------------------------------------------------------------------------------------
|  Retarget                     |            1820  |            2192  |                                           9359  |
|  Constant propagation         |              48  |             914  |                                           1744  |
|  Sweep                        |               0  |            4739  |                                        1411411  |
|  BUFG optimization            |               0  |               0  |                                             12  |
|  Shift Register Optimization  |               0  |               0  |                                              0  |
|  Post Processing Netlist      |               0  |               0  |                                           1326  |
-------------------------------------------------------------------------------------------------------------------------


Ending Logic Optimization Task | Checksum: 1ead737c4

Time (s): cpu = 00:02:50 ; elapsed = 00:01:32 . Memory (MB): peak = 9060.164 ; gain = 280.961 ; free physical = 89795 ; free virtual = 165086

Starting Netlist Obfuscation Task
Netlist sorting complete. Time (s): cpu = 00:00:00.19 ; elapsed = 00:00:00.19 . Memory (MB): peak = 9060.164 ; gain = 0.000 ; free physical = 89779 ; free virtual = 165070
Ending Netlist Obfuscation Task | Checksum: 1ead737c4

Time (s): cpu = 00:00:04 ; elapsed = 00:00:00.97 . Memory (MB): peak = 9060.164 ; gain = 0.000 ; free physical = 89746 ; free virtual = 165038
INFO: [Common 17-83] Releasing license: Implementation
319 Infos, 307 Warnings, 0 Critical Warnings and 0 Errors encountered.
opt_design completed successfully
opt_design: Time (s): cpu = 00:03:26 ; elapsed = 00:01:48 . Memory (MB): peak = 9060.164 ; gain = 387.910 ; free physical = 89746 ; free virtual = 165037
source /home/miahafiz/NeuroRing_a_sudoku_v2/_x.hw.NUM_4096.CORE_10.FREQ_300/link/vivado/vpl/scripts/impl_1/_full_opt_post.tcl
source /home/miahafiz/NeuroRing_a_sudoku_v2/_x.hw.NUM_4096.CORE_10.FREQ_300/link/vivado/vpl/scripts/impl_1/_full_place_pre.tcl
CRITICAL WARNING: [Vivado 12-4430] You are lowering the severity from an ERROR. This can potentially lead to board damage or other functionality issues on hardware. If this is not desired, please run 'reset_property SEVERITY [get_drc_checks HDPR-5]' to undo this change.
INFO: [Chipscope 16-240] Debug cores have already been implemented
Command: place_design -directive Explore
Attempting to get a license for feature 'Implementation' and/or device 'xcu55c'
INFO: [Common 17-349] Got license for feature 'Implementation' and/or device 'xcu55c'
INFO: [Common 17-83] Releasing license: Implementation
INFO: [DRC 23-27] Running DRC with 8 threads
INFO: [Vivado_Tcl 4-198] DRC finished with 0 Errors
INFO: [Vivado_Tcl 4-199] Please refer to the DRC report (report_drc) for more information.
INFO: [Vivado_Tcl 4-2302] The placer was invoked with the 'Explore' directive.
Running DRC as a precondition to command place_design
INFO: [DRC 23-27] Running DRC with 8 threads
INFO: [Vivado_Tcl 4-198] DRC finished with 0 Errors
INFO: [Vivado_Tcl 4-199] Please refer to the DRC report (report_drc) for more information.
INFO: [Place 30-611] Multithreading enabled for place_design using a maximum of 8 CPUs

Starting Placer Task

Phase 1 Placer Initialization

Phase 1.1 Placer Initialization Netlist Sorting
Netlist sorting complete. Time (s): cpu = 00:00:00.21 ; elapsed = 00:00:00.22 . Memory (MB): peak = 9060.164 ; gain = 0.000 ; free physical = 89080 ; free virtual = 164372
Phase 1.1 Placer Initialization Netlist Sorting | Checksum: 130e09f40

Time (s): cpu = 00:00:04 ; elapsed = 00:00:02 . Memory (MB): peak = 9060.164 ; gain = 0.000 ; free physical = 89078 ; free virtual = 164370
Netlist sorting complete. Time (s): cpu = 00:00:00.19 ; elapsed = 00:00:00.24 . Memory (MB): peak = 9060.164 ; gain = 0.000 ; free physical = 88720 ; free virtual = 164012

Phase 1.2 IO Placement/ Clock Placement/ Build Placer Device
INFO: [Timing 38-35] Done setting XDC timing constraints.
Phase 1.2 IO Placement/ Clock Placement/ Build Placer Device | Checksum: 1b6ddd873

Time (s): cpu = 00:06:24 ; elapsed = 00:04:56 . Memory (MB): peak = 9911.039 ; gain = 850.875 ; free physical = 83229 ; free virtual = 158570

Phase 1.3 Build Placer Netlist Model
INFO: [Place 30-1040]   HIGH_PRIORITY Clock: hbm_aclk
INFO: [Place 30-1040]   HIGH_PRIORITY Clock: clk_kernel_00_unbuffered_net
INFO: [Place 30-1040]   HIGH_PRIORITY Clock: clk_out1_bd_39ab_clkwiz_level0_periph_0_1
INFO: [Place 30-1040]   HIGH_PRIORITY Clock: clk_out2_bd_39ab_clkwiz_level0_periph_0_1
INFO: [Place 30-1040]   HIGH_PRIORITY Clock: clk_kernel_01_unbuffered_net
INFO: [Place 30-1040]   HIGH_PRIORITY Clock: GTYE4_CHANNEL_TXOUTCLK[3]_7
Phase 1.3 Build Placer Netlist Model | Checksum: 25240e60e

Time (s): cpu = 00:10:52 ; elapsed = 00:06:54 . Memory (MB): peak = 11877.465 ; gain = 2817.301 ; free physical = 76790 ; free virtual = 152134

Phase 1.4 Constrain Clocks/Macros
Phase 1.4 Constrain Clocks/Macros | Checksum: 25240e60e

Time (s): cpu = 00:10:58 ; elapsed = 00:06:57 . Memory (MB): peak = 11877.465 ; gain = 2817.301 ; free physical = 76784 ; free virtual = 152129
Phase 1 Placer Initialization | Checksum: 25240e60e

Time (s): cpu = 00:11:15 ; elapsed = 00:07:11 . Memory (MB): peak = 11877.465 ; gain = 2817.301 ; free physical = 76769 ; free virtual = 152114

Phase 2 Global Placement

Phase 2.1 Floorplanning
INFO: [Place 30-2086] Applied CLOCK_LOW_FANOUT constraint to clock net level0_i/ulp/ulp_ucs/inst/aclk_kernel_00_hierarchy/clock_throttling_aclk_kernel_00/U0/Clk_Int_Cont and placed all loads in clock region(s) X4Y3
INFO: [Place 30-2086] Applied CLOCK_LOW_FANOUT constraint to clock net level0_i/ulp/ulp_ucs/inst/aclk_kernel_01_hierarchy/clock_throttling_aclk_kernel_01/U0/Clk_Int_Cont and placed all loads in clock region(s) X4Y2

Phase 2.1.1 Partition Driven Placement

Phase 2.1.1.1 PBP: Partition Driven Placement
Phase 2.1.1.1 PBP: Partition Driven Placement | Checksum: 29822e72f

Time (s): cpu = 00:18:39 ; elapsed = 00:10:16 . Memory (MB): peak = 11965.508 ; gain = 2905.344 ; free physical = 76487 ; free virtual = 151835

Phase 2.1.1.2 PBP: Clock Region Placement
WARNING: [Place 30-4550] Global clock net level0_i/blp/blp_i/ss_hif/inst/pcie/inst/bd_39ab_pcie_0_gt_top_i/diablo_gt.diablo_gt_phy_wrapper/phy_clk_i/CLK_USERCLK is an RM-internal clock and has a USER_CLOCK_ROOT (UCR) set as X7Y0 but this UCR is outside the routing footprint of the corresponding RM pblock ().
WARNING: [Place 30-4550] Global clock net level0_i/blp/blp_i/ss_hif/inst/pcie/inst/bufg_gt_sysclk_n_0 is an RM-internal clock and has a USER_CLOCK_ROOT (UCR) set as X7Y0 but this UCR is outside the routing footprint of the corresponding RM pblock ().
WARNING: [Place 30-4550] Global clock net level0_i/blp/blp_i/ss_hif/inst/pcie/inst/bd_39ab_pcie_0_gt_top_i/diablo_gt.diablo_gt_phy_wrapper/phy_clk_i/CLK_CORECLK is an RM-internal clock and has a USER_CLOCK_ROOT (UCR) set as X7Y0 but this UCR is outside the routing footprint of the corresponding RM pblock ().
WARNING: [Place 30-4550] Global clock net level0_i/blp/blp_i/ss_hif/inst/pcie/inst/bd_39ab_pcie_0_gt_top_i/diablo_gt.diablo_gt_phy_wrapper/phy_clk_i/CLK_PCLK2_GT is an RM-internal clock and has a USER_CLOCK_ROOT (UCR) set as X7Y0 but this UCR is outside the routing footprint of the corresponding RM pblock ().
WARNING: [Place 30-4550] Global clock net level0_i/blp/blp_i/ss_hif/inst/pcie/inst/bd_39ab_pcie_0_gt_top_i/diablo_gt.diablo_gt_phy_wrapper/phy_clk_i/CLK_INTCLK is an RM-internal clock and has a USER_CLOCK_ROOT (UCR) set as X7Y0 but this UCR is outside the routing footprint of the corresponding RM pblock ().
WARNING: [Place 30-4550] Global clock net level0_i/blp/blp_i/ss_hif/inst/pcie/inst/bd_39ab_pcie_0_gt_top_i/diablo_gt.diablo_gt_phy_wrapper/phy_clk_i/mcap_clk is an RM-internal clock and has a USER_CLOCK_ROOT (UCR) set as X7Y0 but this UCR is outside the routing footprint of the corresponding RM pblock ().
Phase 2.1.1.2 PBP: Clock Region Placement | Checksum: 23f216d87

Time (s): cpu = 00:19:23 ; elapsed = 00:10:58 . Memory (MB): peak = 12693.504 ; gain = 3633.340 ; free physical = 73912 ; free virtual = 149261

Phase 2.1.1.3 PBP: Discrete Incremental
Phase 2.1.1.3 PBP: Discrete Incremental | Checksum: 25e712d2a

Time (s): cpu = 00:19:33 ; elapsed = 00:11:06 . Memory (MB): peak = 12693.504 ; gain = 3633.340 ; free physical = 73896 ; free virtual = 149244

Phase 2.1.1.4 PBP: Compute Congestion
Phase 2.1.1.4 PBP: Compute Congestion | Checksum: 25e712d2a

Time (s): cpu = 00:20:48 ; elapsed = 00:11:25 . Memory (MB): peak = 12725.520 ; gain = 3665.355 ; free physical = 73877 ; free virtual = 149225

Phase 2.1.1.5 PBP: Macro Placement
Phase 2.1.1.5 PBP: Macro Placement | Checksum: 2920858d0

Time (s): cpu = 00:21:01 ; elapsed = 00:11:36 . Memory (MB): peak = 12725.520 ; gain = 3665.355 ; free physical = 73476 ; free virtual = 148824

Phase 2.1.1.6 PBP: UpdateTiming
Phase 2.1.1.6 PBP: UpdateTiming | Checksum: 23159e2d6

Time (s): cpu = 00:22:23 ; elapsed = 00:11:56 . Memory (MB): peak = 12725.520 ; gain = 3665.355 ; free physical = 73419 ; free virtual = 148767

Phase 2.1.1.7 PBP: Add part constraints
Phase 2.1.1.7 PBP: Add part constraints | Checksum: 23159e2d6

Time (s): cpu = 00:22:31 ; elapsed = 00:12:02 . Memory (MB): peak = 12725.520 ; gain = 3665.355 ; free physical = 73272 ; free virtual = 148621
Phase 2.1.1 Partition Driven Placement | Checksum: 23159e2d6

Time (s): cpu = 00:22:35 ; elapsed = 00:12:03 . Memory (MB): peak = 12725.520 ; gain = 3665.355 ; free physical = 73165 ; free virtual = 148514
Phase 2.1 Floorplanning | Checksum: 23159e2d6

Time (s): cpu = 00:22:39 ; elapsed = 00:12:04 . Memory (MB): peak = 12725.520 ; gain = 3665.355 ; free physical = 73046 ; free virtual = 148395

Phase 2.2 Physical Synthesis After Floorplan
INFO: [Physopt 32-46] Identified 18 candidate nets for critical-cell optimization.
INFO: [Physopt 32-81] Processed net level0_i/ulp/ulp_ucs/inst/gapping_demand/gpio_gapping_demand/U0/AXI_LITE_IPIF_I/I_SLAVE_ATTACHMENT/SR[0]. Replicated 1 times.
INFO: [Physopt 32-81] Processed net level0_i/ulp/ulp_ucs/inst/ucs_control_status/gpio_ucs_control_status/U0/AXI_LITE_IPIF_I/I_SLAVE_ATTACHMENT/SR[0]. Replicated 1 times.
INFO: [Physopt 32-81] Processed net level0_i/ulp/ulp_ucs/inst/axi_ic_ctrl_mgmt_top/xbar/inst/gen_sasd.crossbar_sasd_0/m_atarget_enc[0]. Replicated 1 times.
INFO: [Physopt 32-81] Processed net level0_i/ulp/ulp_ucs/inst/axi_ic_ctrl_mgmt_top/xbar/inst/gen_sasd.crossbar_sasd_0/m_atarget_enc[1]. Replicated 1 times.
INFO: [Physopt 32-81] Processed net level0_i/ulp/ulp_ucs/inst/axi_ic_ctrl_mgmt_top/xbar/inst/gen_sasd.crossbar_sasd_0/m_atarget_enc[2]. Replicated 1 times.
INFO: [Physopt 32-81] Processed net level0_i/ulp/ulp_ucs/inst/aclk_hbm_hierarchy/clkwiz_hbm/inst/AXI_LITE_IPIF_I/I_SLAVE_ATTACHMENT/SR[0]. Replicated 1 times.
INFO: [Physopt 32-81] Processed net level0_i/ulp/ulp_ucs/inst/aclk_kernel_00_hierarchy/clkwiz_aclk_kernel_00/inst/AXI_LITE_IPIF_I/I_SLAVE_ATTACHMENT/SR[0]. Replicated 1 times.
INFO: [Physopt 32-81] Processed net level0_i/ulp/ulp_ucs/inst/aclk_kernel_01_hierarchy/clkwiz_aclk_kernel_01/inst/AXI_LITE_IPIF_I/I_SLAVE_ATTACHMENT/SR[0]. Replicated 1 times.
INFO: [Physopt 32-81] Processed net level0_i/ulp/ulp_ucs/inst/build_info/U0/axi_lite_ipif_1/I_SLAVE_ATTACHMENT/rst. Replicated 1 times.
INFO: [Physopt 32-81] Processed net level0_i/ulp/axi_ic_ctrl_mgmt_slr1/xbar/inst/gen_sasd.crossbar_sasd_0/aresetn_d. Replicated 1 times.
INFO: [Physopt 32-81] Processed net level0_i/ulp/ulp_ucs/inst/aclk_hbm_hierarchy/clkwiz_hbm/inst/AXI_LITE_IPIF_I/I_SLAVE_ATTACHMENT/s_axi_rresp_i. Replicated 1 times.
INFO: [Physopt 32-81] Processed net level0_i/ulp/ulp_ucs/inst/aclk_kernel_00_hierarchy/clkwiz_aclk_kernel_00/inst/AXI_LITE_IPIF_I/I_SLAVE_ATTACHMENT/s_axi_rresp_i. Replicated 1 times.
INFO: [Physopt 32-81] Processed net level0_i/ulp/ulp_ucs/inst/aclk_kernel_01_hierarchy/clkwiz_aclk_kernel_01/inst/AXI_LITE_IPIF_I/I_SLAVE_ATTACHMENT/s_axi_rresp_i. Replicated 1 times.
INFO: [Physopt 32-81] Processed net level0_i/ulp/axi_ic_ctrl_mgmt_slr1/xbar/inst/gen_sasd.crossbar_sasd_0/addr_arbiter_inst/p_0_in1_in. Replicated 1 times.
INFO: [Physopt 32-81] Processed net level0_i/ulp/ulp_ucs/inst/build_info/U0/axi_lite_ipif_1/I_SLAVE_ATTACHMENT/s_axi_rresp_i. Replicated 1 times.
INFO: [Physopt 32-81] Processed net level0_i/ulp/ulp_ucs/inst/gapping_demand/gpio_gapping_demand/U0/AXI_LITE_IPIF_I/I_SLAVE_ATTACHMENT/s_axi_rresp_i. Replicated 1 times.
INFO: [Physopt 32-81] Processed net level0_i/ulp/ulp_ucs/inst/ucs_control_status/gpio_ucs_control_status/U0/AXI_LITE_IPIF_I/I_SLAVE_ATTACHMENT/s_axi_rresp_i. Replicated 1 times.
INFO: [Physopt 32-775] End 1 Pass. Optimized 17 nets or cells. Created 17 new cells, deleted 0 existing cell and moved 0 existing cell
Netlist sorting complete. Time (s): cpu = 00:00:00.28 ; elapsed = 00:00:00.32 . Memory (MB): peak = 12725.520 ; gain = 0.000 ; free physical = 72838 ; free virtual = 148187
Netlist sorting complete. Time (s): cpu = 00:00:00.17 ; elapsed = 00:00:00.2 . Memory (MB): peak = 12725.520 ; gain = 0.000 ; free physical = 72831 ; free virtual = 148180

Summary of Physical Synthesis Optimizations
============================================


-----------------------------------------------------------------------------------------------------------------------------------------------
|  Optimization                         |  Added Cells  |  Removed Cells  |  Optimized Cells/Nets  |  Dont Touch  |  Iterations  |  Elapsed   |
-----------------------------------------------------------------------------------------------------------------------------------------------
|  PSIP Post Floorplan SLR Replication  |           17  |              0  |                    17  |           0  |           1  |  00:00:21  |
|  Total                                |           17  |              0  |                    17  |           0  |           1  |  00:00:21  |
-----------------------------------------------------------------------------------------------------------------------------------------------


Phase 2.2 Physical Synthesis After Floorplan | Checksum: 234aa7545

Time (s): cpu = 00:24:47 ; elapsed = 00:12:41 . Memory (MB): peak = 12725.520 ; gain = 3665.355 ; free physical = 72401 ; free virtual = 147750

Phase 2.3 Update Timing before SLR Path Opt
Phase 2.3 Update Timing before SLR Path Opt | Checksum: 2ef924895

Time (s): cpu = 00:25:02 ; elapsed = 00:12:46 . Memory (MB): peak = 12725.520 ; gain = 3665.355 ; free physical = 72047 ; free virtual = 147397

Phase 2.4 Post-Processing in Floorplanning
Phase 2.4 Post-Processing in Floorplanning | Checksum: 236dd7fb3

Time (s): cpu = 00:25:07 ; elapsed = 00:12:49 . Memory (MB): peak = 12725.520 ; gain = 3665.355 ; free physical = 71546 ; free virtual = 146895

Phase 2.5 Global Place Phase1
Phase 2.5 Global Place Phase1 | Checksum: 2a7e5468c

Time (s): cpu = 00:54:36 ; elapsed = 00:24:34 . Memory (MB): peak = 13528.371 ; gain = 4468.207 ; free physical = 68108 ; free virtual = 143534

Phase 2.6 Global Place Phase2

Phase 2.6.1 UpdateTiming Before Physical Synthesis
Phase 2.6.1 UpdateTiming Before Physical Synthesis | Checksum: 21d097af7

Time (s): cpu = 00:56:02 ; elapsed = 00:24:52 . Memory (MB): peak = 13528.371 ; gain = 4468.207 ; free physical = 68111 ; free virtual = 143537

Phase 2.6.2 Physical Synthesis In Placer
INFO: [Physopt 32-1035] Found 134 LUTNM shape to break, 5484 LUT instances to create LUTNM shape
INFO: [Physopt 32-1044] Break lutnm for timing: one critical 53, two critical 81, total 134, new lutff created 0
INFO: [Physopt 32-1138] End 1 Pass. Optimized 2555 nets or LUTs. Breaked 134 LUTs, combined 2421 existing LUTs and moved 0 existing LUT
INFO: [Physopt 32-1030] Pass 1. Identified 146 candidate driver sets for equivalent driver rewiring.
INFO: [Physopt 32-661] Optimized 129 nets.  Re-placed 434 instances.
INFO: [Physopt 32-775] End 1 Pass. Optimized 129 nets or cells. Created 0 new cell, deleted 34 existing cells and moved 434 existing cells
Netlist sorting complete. Time (s): cpu = 00:00:00.81 ; elapsed = 00:00:00.87 . Memory (MB): peak = 13602.668 ; gain = 0.000 ; free physical = 68074 ; free virtual = 143500
INFO: [Physopt 32-1408] Pass 1. Identified 6 candidate nets for high-fanout optimization.
INFO: [Physopt 32-81] Processed net level0_i/ulp/SynapseRouter_1/inst/ap_rst_n_inv. Replicated 14 times.
INFO: [Physopt 32-81] Processed net level0_i/ulp/NeuroRing_0/inst/ap_rst_n_inv. Replicated 18 times.
INFO: [Physopt 32-81] Processed net level0_i/ulp/SynapseRouter_0/inst/ap_rst_n_inv. Replicated 13 times.
INFO: [Physopt 32-81] Processed net level0_i/ulp/NeuroRing_Poisson_0/inst/ap_rst_n_inv. Replicated 16 times.
INFO: [Physopt 32-81] Processed net level0_i/ulp/NeuroRing_0/inst/grp_NeuroRing_Pipeline_update_membrane_potential_fu_1455/fcmp_32ns_32ns_1_2_no_dsp_1_U108/ce_r. Replicated 7 times.
INFO: [Physopt 32-81] Processed net level0_i/ulp/NeuroRing_0/inst/grp_NeuroRing_Pipeline_update_membrane_potential_fu_1455/fmul_32ns_32ns_32_4_max_dsp_1_U94/ce_r. Replicated 7 times.
INFO: [Physopt 32-232] Optimized 6 nets. Created 75 new instances.
INFO: [Physopt 32-775] End 1 Pass. Optimized 6 nets or cells. Created 75 new cells, deleted 0 existing cell and moved 0 existing cell
Netlist sorting complete. Time (s): cpu = 00:00:01 ; elapsed = 00:00:01 . Memory (MB): peak = 13602.668 ; gain = 0.000 ; free physical = 68019 ; free virtual = 143444
INFO: [Physopt 32-76] Pass 1. Identified 7 candidate nets for fanout optimization.
INFO: [Physopt 32-81] Processed net level0_i/ulp/NeuroRing_Poisson_0/inst/SynapseSize_address0[7]. Replicated 9 times.
INFO: [Physopt 32-81] Processed net level0_i/ulp/NeuroRing_Poisson_0/inst/SynapseSize_address0[8]. Replicated 9 times.
INFO: [Physopt 32-81] Processed net level0_i/ulp/buffer_SynapseRouter_1_syn_forward_rt_left/inst/gen_fifo.xpm_fifo_axis_inst/xpm_fifo_base_inst/xpm_fifo_rst_inst/Q[0]. Replicated 8 times.
INFO: [Physopt 32-81] Processed net level0_i/ulp/NeuroRing_Poisson_0/inst/SynapseSize_address0[9]. Replicated 7 times.
INFO: [Physopt 32-81] Processed net level0_i/ulp/NeuroRing_Poisson_0/inst/phi_ln139_reg_1170_reg[1]_rep__7_n_4. Replicated 4 times.
INFO: [Physopt 32-81] Processed net level0_i/ulp/NeuroRing_Poisson_0/inst/SynapseSize_address0[10]. Replicated 6 times.
INFO: [Physopt 32-81] Processed net level0_i/ulp/buffer_SynapseRouter_1_syn_forward_rt_right/inst/gen_fifo.xpm_fifo_axis_inst/xpm_fifo_base_inst/rdp_inst/Q[11]. Replicated 5 times.
INFO: [Physopt 32-232] Optimized 7 nets. Created 48 new instances.
INFO: [Physopt 32-775] End 1 Pass. Optimized 7 nets or cells. Created 48 new cells, deleted 0 existing cell and moved 0 existing cell
Netlist sorting complete. Time (s): cpu = 00:00:00.27 ; elapsed = 00:00:00.27 . Memory (MB): peak = 13602.668 ; gain = 0.000 ; free physical = 67983 ; free virtual = 143409
INFO: [Physopt 32-46] Identified 5 candidate nets for critical-cell optimization.
INFO: [Physopt 32-571] Net level0_i/ulp/NeuroRing_Poisson_0/inst/SynapseSize_address0__0[0] was not replicated.
INFO: [Physopt 32-571] Net level0_i/ulp/NeuroRing_Poisson_0/inst/SynapseSize_address0__0[1] was not replicated.
INFO: [Physopt 32-571] Net level0_i/ulp/NeuroRing_Poisson_0/inst/SynapseSize_address0__0[2] was not replicated.
INFO: [Physopt 32-232] Optimized 0 net. Created 0 new instance.
INFO: [Physopt 32-775] End 1 Pass. Optimized 0 net or cell. Created 0 new cell, deleted 0 existing cell and moved 0 existing cell
INFO: [Physopt 32-896] DSP level0_i/blp/blp_i/ss_cmc/inst/microblaze_cmc/U0/MicroBlaze_Core_I/Performance.Core/Data_Flow_I/MUL_Unit_I/Use_HW_MUL.Using_DSP48_Architectures.Doing_mul64.Virtex_MUL64.dsp_module_I2/Using_DSP48E1.DSP48E1_I1/Using_FPGA.DSP48E1_I1 is not considered for optimization due to don't touch constraint
INFO: [Physopt 32-896] DSP level0_i/blp/blp_i/ss_cmc/inst/microblaze_cmc/U0/MicroBlaze_Core_I/Performance.Core/Data_Flow_I/MUL_Unit_I/Use_HW_MUL.Using_DSP48_Architectures.Doing_mul64.Virtex_MUL64.dsp_module_I3/Using_DSP48E1.DSP48E1_I1/Using_FPGA.DSP48E1_I1 is not considered for optimization due to don't touch constraint
INFO: [Physopt 32-896] DSP level0_i/blp/blp_i/ss_cmc/inst/microblaze_cmc/U0/MicroBlaze_Core_I/Performance.Core/Data_Flow_I/MUL_Unit_I/Use_HW_MUL.Using_DSP48_Architectures.Doing_mul64.Virtex_MUL64.dsp_module_I4/Using_DSP48E1.DSP48E1_I1/Using_FPGA.DSP48E1_I1 is not considered for optimization due to don't touch constraint
INFO: [Physopt 32-896] DSP level0_i/blp/blp_i/ss_cmc/inst/microblaze_cmc/U0/MicroBlaze_Core_I/Performance.Core/Data_Flow_I/MUL_Unit_I/Use_HW_MUL.Using_DSP48_Architectures.dsp_module_I1/Using_DSP48E1.DSP48E1_I1/Using_FPGA.DSP48E1_I1 is not considered for optimization due to don't touch constraint
INFO: [Physopt 32-456] No candidate cells for DSP register optimization found in the design.
INFO: [Physopt 32-775] End 2 Pass. Optimized 0 net or cell. Created 0 new cell, deleted 0 existing cell and moved 0 existing cell
INFO: [Physopt 32-1123] No candidate cells found for Shift Register to Pipeline optimization
INFO: [Physopt 32-775] End 2 Pass. Optimized 0 net or cell. Created 0 new cell, deleted 0 existing cell and moved 0 existing cell
INFO: [Physopt 32-1401] No candidate cells found for Shift Register optimization.
INFO: [Physopt 32-677] No candidate cells for Shift Register optimization found in the design
INFO: [Physopt 32-775] End 1 Pass. Optimized 0 net or cell. Created 0 new cell, deleted 0 existing cell and moved 0 existing cell
INFO: [Physopt 32-526] No candidate cells for BRAM register optimization found in the design
INFO: [Physopt 32-775] End 1 Pass. Optimized 0 net or cell. Created 0 new cell, deleted 0 existing cell and moved 0 existing cell
INFO: [Physopt 32-846] No candidate cells for URAM register optimization found in the design
INFO: [Physopt 32-775] End 1 Pass. Optimized 0 net or cell. Created 0 new cell, deleted 0 existing cell and moved 0 existing cell
INFO: [Physopt 32-846] No candidate cells for URAM register optimization found in the design
INFO: [Physopt 32-775] End 1 Pass. Optimized 0 net or cell. Created 0 new cell, deleted 0 existing cell and moved 0 existing cell
INFO: [Physopt 32-949] No candidate nets found for dynamic/static region interface net replication
INFO: [Physopt 32-775] End 1 Pass. Optimized 0 net or cell. Created 0 new cell, deleted 0 existing cell and moved 0 existing cell
Netlist sorting complete. Time (s): cpu = 00:00:00.14 ; elapsed = 00:00:00.14 . Memory (MB): peak = 13602.668 ; gain = 0.000 ; free physical = 67983 ; free virtual = 143409

Summary of Physical Synthesis Optimizations
============================================


-----------------------------------------------------------------------------------------------------------------------------------------------------------
|  Optimization                                     |  Added Cells  |  Removed Cells  |  Optimized Cells/Nets  |  Dont Touch  |  Iterations  |  Elapsed   |
-----------------------------------------------------------------------------------------------------------------------------------------------------------
|  LUT Combining                                    |          134  |           2421  |                  2555  |           0  |           1  |  00:00:04  |
|  Retime                                           |            0  |              0  |                     0  |           0  |           1  |  00:00:00  |
|  Equivalent Driver Rewiring                       |            0  |             34  |                   129  |           0  |           1  |  00:00:13  |
|  Very High Fanout                                 |           75  |              0  |                     6  |           0  |           1  |  00:00:05  |
|  Fanout                                           |           48  |              0  |                     7  |           0  |           1  |  00:00:01  |
|  Critical Cell                                    |            0  |              0  |                     0  |           0  |           1  |  00:00:00  |
|  DSP Register                                     |            0  |              0  |                     0  |           4  |           1  |  00:00:00  |
|  Shift Register to Pipeline                       |            0  |              0  |                     0  |           0  |           1  |  00:00:00  |
|  Shift Register                                   |            0  |              0  |                     0  |           0  |           1  |  00:00:00  |
|  BRAM Register                                    |            0  |              0  |                     0  |         199  |           1  |  00:00:00  |
|  URAM Register                                    |            0  |              0  |                     0  |           0  |           1  |  00:00:01  |
|  Dynamic/Static Region Interface Net Replication  |            0  |              0  |                     0  |           0  |           1  |  00:00:00  |
|  Total                                            |          257  |           2455  |                  2697  |         203  |          12  |  00:00:26  |
-----------------------------------------------------------------------------------------------------------------------------------------------------------


Phase 2.6.2 Physical Synthesis In Placer | Checksum: 2c5ac9ac6

Time (s): cpu = 00:57:58 ; elapsed = 00:25:51 . Memory (MB): peak = 13634.684 ; gain = 4574.520 ; free physical = 67812 ; free virtual = 143238
Phase 2.6 Global Place Phase2 | Checksum: 21f635718

Time (s): cpu = 01:04:00 ; elapsed = 00:28:10 . Memory (MB): peak = 13634.684 ; gain = 4574.520 ; free physical = 61894 ; free virtual = 137320
Phase 2 Global Placement | Checksum: 21f635718

Time (s): cpu = 01:04:04 ; elapsed = 00:28:11 . Memory (MB): peak = 13634.684 ; gain = 4574.520 ; free physical = 61817 ; free virtual = 137243

Phase 3 Detail Placement

Phase 3.1 Commit Multi Column Macros
Phase 3.1 Commit Multi Column Macros | Checksum: 207945072

Time (s): cpu = 01:06:36 ; elapsed = 00:29:12 . Memory (MB): peak = 13634.684 ; gain = 4574.520 ; free physical = 61779 ; free virtual = 137205

Phase 3.2 Commit Most Macros & LUTRAMs
Phase 3.2 Commit Most Macros & LUTRAMs | Checksum: 1a0f9c134

Time (s): cpu = 01:07:36 ; elapsed = 00:29:40 . Memory (MB): peak = 13634.684 ; gain = 4574.520 ; free physical = 61767 ; free virtual = 137193

Phase 3.3 Small Shape DP

Phase 3.3.1 Small Shape Clustering
Phase 3.3.1 Small Shape Clustering | Checksum: 19755d6c1

Time (s): cpu = 01:13:25 ; elapsed = 00:31:34 . Memory (MB): peak = 13634.684 ; gain = 4574.520 ; free physical = 61741 ; free virtual = 137167

Phase 3.3.2 Slice Area Swap

Phase 3.3.2.1 Slice Area Swap Initial
Phase 3.3.2.1 Slice Area Swap Initial | Checksum: 21167bebb

Time (s): cpu = 01:15:05 ; elapsed = 00:32:43 . Memory (MB): peak = 13634.684 ; gain = 4574.520 ; free physical = 61721 ; free virtual = 137147
Phase 3.3.2 Slice Area Swap | Checksum: 17546f021

Time (s): cpu = 01:16:07 ; elapsed = 00:33:34 . Memory (MB): peak = 13634.684 ; gain = 4574.520 ; free physical = 79714 ; free virtual = 155276
Phase 3.3 Small Shape DP | Checksum: 29cec036a

Time (s): cpu = 01:17:17 ; elapsed = 00:33:57 . Memory (MB): peak = 13634.684 ; gain = 4574.520 ; free physical = 83902 ; free virtual = 159850

Phase 3.4 Place Remaining
Phase 3.4 Place Remaining | Checksum: 29cec036a

Time (s): cpu = 01:17:25 ; elapsed = 00:34:00 . Memory (MB): peak = 13634.684 ; gain = 4574.520 ; free physical = 83914 ; free virtual = 159862

Phase 3.5 Re-assign LUT pins
Phase 3.5 Re-assign LUT pins | Checksum: 2a94de3c0

Time (s): cpu = 01:18:58 ; elapsed = 00:34:32 . Memory (MB): peak = 13634.684 ; gain = 4574.520 ; free physical = 83778 ; free virtual = 159726

Phase 3.6 Pipeline Register Optimization
Phase 3.6 Pipeline Register Optimization | Checksum: 2a94de3c0

Time (s): cpu = 01:19:21 ; elapsed = 00:34:49 . Memory (MB): peak = 13634.684 ; gain = 4574.520 ; free physical = 83800 ; free virtual = 159748

Phase 3.7 Fast Optimization
Phase 3.7 Fast Optimization | Checksum: 22d664521

Time (s): cpu = 01:24:08 ; elapsed = 00:35:56 . Memory (MB): peak = 13736.121 ; gain = 4675.957 ; free physical = 83703 ; free virtual = 159651
Phase 3 Detail Placement | Checksum: 22d664521

Time (s): cpu = 01:24:16 ; elapsed = 00:35:57 . Memory (MB): peak = 13736.121 ; gain = 4675.957 ; free physical = 83705 ; free virtual = 159653

Phase 4 Post Placement Optimization and Clean-Up

Phase 4.1 Post Commit Optimization
INFO: [Timing 38-35] Done setting XDC timing constraints.

Phase 4.1.1 Post Placement Optimization
Post Placement Optimization Initialization | Checksum: 2be2b0e85

Phase 4.1.1.1 BUFG Insertion

Starting Physical Synthesis Task

Phase 1 Physical Synthesis Initialization
INFO: [Physopt 32-721] Multithreading enabled for phys_opt_design using a maximum of 8 CPUs
INFO: [Physopt 32-619] Estimated Timing Summary | WNS=-0.289 | TNS=-8.690 |
Phase 1 Physical Synthesis Initialization | Checksum: 21fed9771

Time (s): cpu = 00:00:30 ; elapsed = 00:00:08 . Memory (MB): peak = 13873.387 ; gain = 0.000 ; free physical = 83590 ; free virtual = 159538
INFO: [Place 46-34] Processed net level0_i/ulp/NeuroRing_0/inst/grp_NeuroRing_Pipeline_update_membrane_potential_fu_1455/fadd_32ns_32ns_32_7_full_dsp_1_U55/ap_block_pp0_stage0_subdone_grp0_done_reg_reg, BUFG insertion was skipped due to possible timing degradation.
INFO: [Place 46-34] Processed net level0_i/ulp/NeuroRing_0/inst/regslice_both_SynapseStreamRight_V_data_V_U/p_0_in, BUFG insertion was skipped due to possible timing degradation.
INFO: [Place 46-34] Processed net level0_i/ulp/NeuroRing_Poisson_0/inst/regslice_both_SynapseStreamLeft_V_data_V_U/p_1_in, BUFG insertion was skipped due to possible timing degradation.
INFO: [Place 46-34] Processed net level0_i/ulp/NeuroRing_0/inst/grp_NeuroRing_Pipeline_update_membrane_potential_fu_1455/flow_control_loop_pipe_sequential_init_U/SR[0], BUFG insertion was skipped due to possible timing degradation.
INFO: [Place 46-34] Processed net level0_i/ulp/NeuroRing_Poisson_0/inst/grp_NeuroRing_Poisson_Pipeline_update_membrane_potential_fu_1253/flow_control_loop_pipe_sequential_init_U/SR[0], BUFG insertion was skipped due to possible timing degradation.
INFO: [Place 46-34] Processed net level0_i/ulp/NeuroRing_0/inst/regslice_both_SpikeInWeight_V_data_V_U/grp_NeuroRing_Pipeline_update_membrane_potential_fu_1455_grp_fu_4258_p_ce, BUFG insertion was skipped due to possible timing degradation.
INFO: [Place 46-35] Processed net level0_i/ulp/ulp_ucs/inst/aclk_hbm_hierarchy/clkwiz_hbm/inst/AXI_LITE_IPIF_I/I_SLAVE_ATTACHMENT/rst_reg_0, inserted BUFG to drive 1087 loads.
INFO: [Place 46-35] Processed net level0_i/ulp/ulp_ucs/inst/aclk_kernel_00_hierarchy/clkwiz_aclk_kernel_00/inst/AXI_LITE_IPIF_I/I_SLAVE_ATTACHMENT/rst_reg_0, inserted BUFG to drive 1087 loads.
INFO: [Place 46-35] Processed net level0_i/ulp/ulp_ucs/inst/aclk_kernel_01_hierarchy/clkwiz_aclk_kernel_01/inst/AXI_LITE_IPIF_I/I_SLAVE_ATTACHMENT/rst_reg_0, inserted BUFG to drive 1087 loads.
INFO: [Place 46-56] BUFG insertion identified 9 candidate nets. Inserted BUFG: 3, Replicated BUFG Driver: 0, Skipped due to Placement/Routing Conflicts: 0, Skipped due to Timing Degradation: 6, Skipped due to netlist editing failed: 0.
Ending Physical Synthesis Task | Checksum: 171d73d1a

Time (s): cpu = 00:01:17 ; elapsed = 00:00:36 . Memory (MB): peak = 13873.387 ; gain = 0.000 ; free physical = 83605 ; free virtual = 159554
Phase 4.1.1.1 BUFG Insertion | Checksum: 17df440ec

Time (s): cpu = 01:31:36 ; elapsed = 00:38:38 . Memory (MB): peak = 13873.387 ; gain = 4813.223 ; free physical = 83608 ; free virtual = 159556

Phase 4.1.1.2 BUFG Replication
INFO: [Place 46-63] BUFG replication identified 0 candidate nets: Replicated nets: 0, Replicated BUFGs: 0, Replicated BUFG Driver: 0, moved BUFGs: 0, Skipped due to Placement / Routing Conflict: 0, Skipped due to Timing: 0, Skipped due to constraints: 0
Phase 4.1.1.2 BUFG Replication | Checksum: 17df440ec

Time (s): cpu = 01:31:46 ; elapsed = 00:38:40 . Memory (MB): peak = 13873.387 ; gain = 4813.223 ; free physical = 83612 ; free virtual = 159560

Phase 4.1.1.3 Post Placement Timing Optimization
INFO: [Place 30-746] Post Placement Timing Summary WNS=-0.006. For the most accurate timing information please run report_timing.
Phase 4.1.1.3 Post Placement Timing Optimization | Checksum: 1a5918018

Time (s): cpu = 01:36:56 ; elapsed = 00:43:30 . Memory (MB): peak = 13873.387 ; gain = 4813.223 ; free physical = 83609 ; free virtual = 159558

Phase 4.1.1.4 Replication
INFO: [Place 46-19] Post Replication Timing Summary WNS=-0.006. For the most accurate timing information please run report_timing.
Phase 4.1.1.4 Replication | Checksum: 1a5918018

Time (s): cpu = 01:37:10 ; elapsed = 00:43:37 . Memory (MB): peak = 13873.387 ; gain = 4813.223 ; free physical = 83614 ; free virtual = 159563

Time (s): cpu = 01:37:10 ; elapsed = 00:43:37 . Memory (MB): peak = 13873.387 ; gain = 4813.223 ; free physical = 83614 ; free virtual = 159563
Phase 4.1 Post Commit Optimization | Checksum: 1a5918018

Time (s): cpu = 01:37:20 ; elapsed = 00:43:39 . Memory (MB): peak = 13873.387 ; gain = 4813.223 ; free physical = 83616 ; free virtual = 159565
Netlist sorting complete. Time (s): cpu = 00:00:00.44 ; elapsed = 00:00:00.45 . Memory (MB): peak = 13956.402 ; gain = 0.000 ; free physical = 83479 ; free virtual = 159429

Phase 4.2 Post Placement Cleanup
Phase 4.2 Post Placement Cleanup | Checksum: 1cdbf9961

Time (s): cpu = 01:40:19 ; elapsed = 00:44:53 . Memory (MB): peak = 13956.402 ; gain = 4896.238 ; free physical = 83483 ; free virtual = 159432

Phase 4.3 Placer Reporting

Phase 4.3.1 Print Estimated Congestion
INFO: [Place 30-612] Post-Placement Estimated Congestion 
 ________________________________________________________________________
|           | Global Congestion | Long Congestion   | Short Congestion  |
| Direction | Region Size       | Region Size       | Region Size       |
|___________|___________________|___________________|___________________|
|      North|              16x16|              16x16|              16x16|
|___________|___________________|___________________|___________________|
|      South|              16x16|              16x16|              16x16|
|___________|___________________|___________________|___________________|
|       East|                8x8|                4x4|              16x16|
|___________|___________________|___________________|___________________|
|       West|                4x4|                1x1|              16x16|
|___________|___________________|___________________|___________________|

SLR0:
 ________________________________________________________________________
|           | Global Congestion | Long Congestion   | Short Congestion  |
| Direction | Region Size       | Region Size       | Region Size       |
|___________|___________________|___________________|___________________|
|      North|                8x8|              16x16|              16x16|
|___________|___________________|___________________|___________________|
|      South|              16x16|              16x16|              16x16|
|___________|___________________|___________________|___________________|
|       East|                8x8|                4x4|              16x16|
|___________|___________________|___________________|___________________|
|       West|                4x4|                1x1|              16x16|
|___________|___________________|___________________|___________________|

SLR1:
 ________________________________________________________________________
|           | Global Congestion | Long Congestion   | Short Congestion  |
| Direction | Region Size       | Region Size       | Region Size       |
|___________|___________________|___________________|___________________|
|      North|              16x16|              16x16|              16x16|
|___________|___________________|___________________|___________________|
|      South|              16x16|              16x16|              16x16|
|___________|___________________|___________________|___________________|
|       East|                2x2|                1x1|              16x16|
|___________|___________________|___________________|___________________|
|       West|                4x4|                1x1|              16x16|
|___________|___________________|___________________|___________________|

SLR2:
 ________________________________________________________________________
|           | Global Congestion | Long Congestion   | Short Congestion  |
| Direction | Region Size       | Region Size       | Region Size       |
|___________|___________________|___________________|___________________|
|      North|                2x2|                4x4|                4x4|
|___________|___________________|___________________|___________________|
|      South|                4x4|                8x8|                2x2|
|___________|___________________|___________________|___________________|
|       East|                1x1|                1x1|                8x8|
|___________|___________________|___________________|___________________|
|       West|                1x1|                1x1|                8x8|
|___________|___________________|___________________|___________________|

Phase 4.3.1 Print Estimated Congestion | Checksum: 1cdbf9961

Time (s): cpu = 01:40:29 ; elapsed = 00:44:56 . Memory (MB): peak = 13956.402 ; gain = 4896.238 ; free physical = 83486 ; free virtual = 159435
Phase 4.3 Placer Reporting | Checksum: 1cdbf9961

Time (s): cpu = 01:40:38 ; elapsed = 00:44:57 . Memory (MB): peak = 13956.402 ; gain = 4896.238 ; free physical = 83488 ; free virtual = 159438

Phase 4.4 Final Placement Cleanup
Netlist sorting complete. Time (s): cpu = 00:00:00.24 ; elapsed = 00:00:00.23 . Memory (MB): peak = 13956.402 ; gain = 0.000 ; free physical = 83486 ; free virtual = 159435

Time (s): cpu = 01:40:38 ; elapsed = 00:44:58 . Memory (MB): peak = 13956.402 ; gain = 4896.238 ; free physical = 83486 ; free virtual = 159435
Phase 4 Post Placement Optimization and Clean-Up | Checksum: 1ab26ba2a

Time (s): cpu = 01:40:47 ; elapsed = 00:45:00 . Memory (MB): peak = 13956.402 ; gain = 4896.238 ; free physical = 83488 ; free virtual = 159438
Ending Placer Task | Checksum: 13839fa6b

Time (s): cpu = 01:40:57 ; elapsed = 00:45:02 . Memory (MB): peak = 13956.402 ; gain = 4896.238 ; free physical = 83490 ; free virtual = 159440
425 Infos, 313 Warnings, 1 Critical Warnings and 0 Errors encountered.
place_design completed successfully
place_design: Time (s): cpu = 01:42:45 ; elapsed = 00:45:40 . Memory (MB): peak = 13956.402 ; gain = 4896.238 ; free physical = 83480 ; free virtual = 159429
source /home/miahafiz/NeuroRing_a_sudoku_v2/_x.hw.NUM_4096.CORE_10.FREQ_300/link/vivado/vpl/scripts/impl_1/_full_place_post.tcl
report_accelerator_utilization: Time (s): cpu = 00:00:22 ; elapsed = 00:00:23 . Memory (MB): peak = 13956.402 ; gain = 0.000 ; free physical = 83470 ; free virtual = 159420
INFO: System Diagram: Run step: placed

report_utilization: Time (s): cpu = 00:00:44 ; elapsed = 00:00:45 . Memory (MB): peak = 13956.402 ; gain = 0.000 ; free physical = 83469 ; free virtual = 159419
report_utilization: Time (s): cpu = 00:00:29 ; elapsed = 00:00:30 . Memory (MB): peak = 13956.402 ; gain = 0.000 ; free physical = 83456 ; free virtual = 159407
Command: phys_opt_design -directive Explore
Attempting to get a license for feature 'Implementation' and/or device 'xcu55c'
INFO: [Common 17-349] Got license for feature 'Implementation' and/or device 'xcu55c'
INFO: [Vivado_Tcl 4-137] Directive used for phys_opt_design is: Explore

Starting Initial Update Timing Task
WARNING: [Timing 38-172] LUT was found on clock network. Both rising/falling clock edges are propagated from LUT output pin. Use set_clock_sense to specify if that clock should be inverted or not. e.g. set_clock_sense -positive/-negative level0_i/blp/blp_i/ss_cmp/inst/mgmt_debug_bridge/inst/bs_mux/inst/update_INST_0/O

Time (s): cpu = 00:03:23 ; elapsed = 00:00:49 . Memory (MB): peak = 13956.402 ; gain = 0.000 ; free physical = 83462 ; free virtual = 159413
INFO: [Vivado_Tcl 4-2279] Estimated Timing Summary | WNS= 0.003 | TNS= 0.000 | 
INFO: [Vivado_Tcl 4-383] Design worst setup slack (WNS) is greater than or equal to 0.000 ns. All physical synthesis setup optimizations will be skipped.
INFO: [Vivado_Tcl 4-232] No setup violation found. The netlist was not modified.
INFO: [Common 17-83] Releasing license: Implementation
431 Infos, 314 Warnings, 1 Critical Warnings and 0 Errors encountered.
phys_opt_design completed successfully
phys_opt_design: Time (s): cpu = 00:03:54 ; elapsed = 00:01:01 . Memory (MB): peak = 13956.402 ; gain = 0.000 ; free physical = 83467 ; free virtual = 159418
Command: route_design -directive Explore -tns_cleanup
Attempting to get a license for feature 'Implementation' and/or device 'xcu55c'
INFO: [Common 17-349] Got license for feature 'Implementation' and/or device 'xcu55c'


Starting Routing Task
INFO: [Route 35-270] Using Router directive 'Explore'.
INFO: [Route 35-254] Multithreading enabled for route_design using a maximum of 8 CPUs

Phase 1 Build RT Design
Checksum: PlaceDB: 4fec513e ConstDB: 0 ShapeSum: 3a8edab7 RouteDB: adbece76
Nodegraph reading from file.  Time (s): cpu = 00:00:02 ; elapsed = 00:00:02 . Memory (MB): peak = 13956.402 ; gain = 0.000 ; free physical = 83459 ; free virtual = 159410
Post Restoration Checksum: NetGraph: ef03c5e8 | NumContArr: 722df884 | Constraints: 5052540d | Timing: c2a8fa9d
Phase 1 Build RT Design | Checksum: 2742d0d16

Time (s): cpu = 00:05:03 ; elapsed = 00:01:35 . Memory (MB): peak = 13956.402 ; gain = 0.000 ; free physical = 83465 ; free virtual = 159416

Phase 2 Router Initialization

Phase 2.1 Fix Topology Constraints
Phase 2.1 Fix Topology Constraints | Checksum: 2742d0d16

Time (s): cpu = 00:05:29 ; elapsed = 00:01:40 . Memory (MB): peak = 13956.402 ; gain = 0.000 ; free physical = 83462 ; free virtual = 159413

Phase 2.2 Pre Route Cleanup
Phase 2.2 Pre Route Cleanup | Checksum: 2742d0d16

Time (s): cpu = 00:05:51 ; elapsed = 00:01:45 . Memory (MB): peak = 13956.402 ; gain = 0.000 ; free physical = 83471 ; free virtual = 159422
INFO: [Route 35-445] Local routing congestion detected. At least 377 CLBs have high pin utilization, which can impact runtime and timing closure. Top ten contiguous CLBs with high pin utilization are:
	(655 478) -> (655 482)	[CLEM_X130Y258 -> CLEM_X130Y254]
	(644 330) -> (644 333)	[CLEL_R_X127Y401 -> CLEL_R_X127Y398]
	(650 481) -> (650 484)	[CLEL_L_X129Y255 -> CLEL_L_X129Y252]
	(652 483) -> (652 486)	[CLEL_R_X129Y253 -> CLEL_R_X129Y250]
	(639 477) -> (639 478)	[CLEM_X126Y259 -> CLEM_X126Y258]
	(641 370) -> (641 371)	[CLEL_R_X126Y362 -> CLEL_R_X126Y361]
	(641 422) -> (641 423)	[CLEL_R_X126Y312 -> CLEL_R_X126Y311]
	(642 486) -> (642 487)	[CLEL_L_X127Y250 -> CLEL_L_X127Y249]

Phase 2.3 Global Clock Net Routing
 Number of Nodes with overlaps = 0
Phase 2.3 Global Clock Net Routing | Checksum: 2bd3fddc8

Time (s): cpu = 00:06:59 ; elapsed = 00:02:14 . Memory (MB): peak = 14055.887 ; gain = 99.484 ; free physical = 83289 ; free virtual = 159240

Phase 2.4 Update Timing
Phase 2.4 Update Timing | Checksum: 1cc724c9a

Time (s): cpu = 00:10:18 ; elapsed = 00:03:02 . Memory (MB): peak = 14055.887 ; gain = 99.484 ; free physical = 83273 ; free virtual = 159224
INFO: [Route 35-416] Intermediate Timing Summary | WNS=-0.021 | TNS=-0.173 | WHS=-0.178 | THS=-53.479|


Phase 2.5 Update Timing for Bus Skew

Phase 2.5.1 Update Timing
Phase 2.5.1 Update Timing | Checksum: 20f050c2b

Time (s): cpu = 00:17:34 ; elapsed = 00:04:56 . Memory (MB): peak = 14055.887 ; gain = 99.484 ; free physical = 83282 ; free virtual = 159233
INFO: [Route 35-416] Intermediate Timing Summary | WNS=-0.021 | TNS=-0.064 | WHS=-0.225 | THS=-81.171|

Phase 2.5 Update Timing for Bus Skew | Checksum: 2589c5a2a

Time (s): cpu = 00:17:55 ; elapsed = 00:05:05 . Memory (MB): peak = 14055.887 ; gain = 99.484 ; free physical = 83299 ; free virtual = 159250

Phase 2.6 Soft Constraint Pins - Fast Budgeting
Phase 2.6 Soft Constraint Pins - Fast Budgeting | Checksum: 2589c5a2a

Time (s): cpu = 00:18:17 ; elapsed = 00:05:10 . Memory (MB): peak = 14055.887 ; gain = 99.484 ; free physical = 83308 ; free virtual = 159259
INFO: [Route 35-445] Local routing congestion detected. At least 377 CLBs have high pin utilization, which can impact runtime and timing closure. Top ten contiguous CLBs with high pin utilization are:
	(655 478) -> (655 482)	[CLEM_X130Y258 -> CLEM_X130Y254]
	(644 330) -> (644 333)	[CLEL_R_X127Y401 -> CLEL_R_X127Y398]
	(650 481) -> (650 484)	[CLEL_L_X129Y255 -> CLEL_L_X129Y252]
	(652 483) -> (652 486)	[CLEL_R_X129Y253 -> CLEL_R_X129Y250]
	(639 477) -> (639 478)	[CLEM_X126Y259 -> CLEM_X126Y258]
	(641 370) -> (641 371)	[CLEL_R_X126Y362 -> CLEL_R_X126Y361]
	(641 422) -> (641 423)	[CLEL_R_X126Y312 -> CLEL_R_X126Y311]
	(642 486) -> (642 487)	[CLEL_L_X127Y250 -> CLEL_L_X127Y249]

Router Utilization Summary
  Global Vertical Routing Utilization    = 0.000595701 %
  Global Horizontal Routing Utilization  = 0.000656674 %
  Routable Net Status*
  *Does not include unroutable nets such as driverless and loadless.
  Run report_route_status for detailed report.
  Number of Failed Nets               = 228612
    (Failed Nets is the sum of unrouted and partially routed nets)
  Number of Unrouted Nets             = 203649
  Number of Partially Routed Nets     = 24963
  Number of Node Overlaps             = 0

Phase 2 Router Initialization | Checksum: 2efaa2560

Time (s): cpu = 00:18:58 ; elapsed = 00:05:20 . Memory (MB): peak = 14121.637 ; gain = 165.234 ; free physical = 83231 ; free virtual = 159182

Phase 3 Global Routing
Phase 3 Global Routing | Checksum: 2efaa2560

Time (s): cpu = 00:19:16 ; elapsed = 00:05:24 . Memory (MB): peak = 14121.637 ; gain = 165.234 ; free physical = 83235 ; free virtual = 159185

Phase 4 Initial Routing

Phase 4.1 Initial Net Routing Pass
WARNING: [Route 35-3387] High violations detected on bus-skew constraints. This can potentially cause WNS degradation and routing congestion.
Resolution: Please review the set_bus_skew constraints.
Phase 4.1 Initial Net Routing Pass | Checksum: 317b9cb5c

Time (s): cpu = 00:22:07 ; elapsed = 00:06:31 . Memory (MB): peak = 14121.637 ; gain = 165.234 ; free physical = 83152 ; free virtual = 159103
Phase 4 Initial Routing | Checksum: 318cd5fbd

Time (s): cpu = 00:22:41 ; elapsed = 00:06:37 . Memory (MB): peak = 14121.637 ; gain = 165.234 ; free physical = 83153 ; free virtual = 159104

INFO: [Route 35-449] Initial Estimated Congestion
 ________________________________________________________________________
|           | Global Congestion | Long Congestion   | Short Congestion  |
|           |___________________|___________________|___________________|
| Direction | Size   | % Tiles  | Size   | % Tiles  | Size   | % Tiles  |
|___________|________|__________|________|__________|________|__________|
|      NORTH|     8x8|      0.28|   16x16|      0.83|     4x4|      0.21|
|___________|________|__________|________|__________|________|__________|
|      SOUTH|     4x4|      0.26|   16x16|      1.11|     4x4|      0.13|
|___________|________|__________|________|__________|________|__________|
|       EAST|     8x8|      0.20|   16x16|      0.50|     8x8|      0.45|
|___________|________|__________|________|__________|________|__________|
|       WEST|     4x4|      0.06|     4x4|      0.20|     4x4|      0.22|
|___________|________|__________|________|__________|________|__________|
Congestion Report
LONG Congestion bounded by tiles (Lower Left Tile -> Upper Right Tile):
NORTH
	INT_X69Y120->INT_X76Y159 (CLEM_X69Y120->CLEL_R_X76Y159)
	INT_X72Y144->INT_X79Y151 (CLEM_X72Y144->CLEL_R_X79Y151)
	INT_X72Y136->INT_X79Y143 (CLEM_X72Y136->CLEL_R_X79Y143)
	INT_X72Y128->INT_X79Y135 (CLEM_X72Y128->CLEL_R_X79Y135)
	INT_X72Y120->INT_X79Y127 (CLEM_X72Y120->CLEL_R_X79Y127)
SOUTH
	INT_X51Y46->INT_X58Y101 (CLEM_X51Y46->CLEL_R_X58Y101)
	INT_X72Y184->INT_X79Y191 (CLEM_X72Y184->CLEL_R_X79Y191)
	INT_X72Y176->INT_X79Y183 (CLEM_X72Y176->CLEL_R_X79Y183)
	INT_X72Y183->INT_X79Y190 (CLEM_X72Y183->CLEL_R_X79Y190)
	INT_X72Y175->INT_X79Y182 (CLEM_X72Y175->CLEL_R_X79Y182)
EAST
	INT_X33Y84->INT_X40Y99 (CLEM_X33Y84->CLEL_R_X40Y99)
	INT_X72Y144->INT_X79Y151 (CLEM_X72Y144->CLEL_R_X79Y151)
	INT_X32Y96->INT_X39Y103 (CLEM_X32Y96->DSP_X39Y100)
	INT_X32Y95->INT_X39Y102 (CLEM_X32Y95->DSP_X39Y100)
	INT_X32Y94->INT_X39Y101 (CLEM_X32Y94->DSP_X39Y100)

Phase 5 Rip-up And Reroute

Phase 5.1 Global Iteration 0
 Number of Nodes with overlaps = 42297
 Number of Nodes with overlaps = 5226
 Number of Nodes with overlaps = 1080
 Number of Nodes with overlaps = 378
 Number of Nodes with overlaps = 159
 Number of Nodes with overlaps = 73
 Number of Nodes with overlaps = 41
 Number of Nodes with overlaps = 20
 Number of Nodes with overlaps = 11
 Number of Nodes with overlaps = 8
 Number of Nodes with overlaps = 6
 Number of Nodes with overlaps = 6
 Number of Nodes with overlaps = 4
 Number of Nodes with overlaps = 4
 Number of Nodes with overlaps = 2
 Number of Nodes with overlaps = 1
 Number of Nodes with overlaps = 1
 Number of Nodes with overlaps = 1
 Number of Nodes with overlaps = 1
 Number of Nodes with overlaps = 1
 Number of Nodes with overlaps = 1
 Number of Nodes with overlaps = 1
 Number of Nodes with overlaps = 1
 Number of Nodes with overlaps = 1
INFO: [Route 35-443] CLB routing congestion detected. Several CLBs have high routing utilization, which can impact timing closure. Congested CLBs and Nets are dumped in: iter_120_CongestedCLBsAndNets.txt
 Number of Nodes with overlaps = 1
 Number of Nodes with overlaps = 1
 Number of Nodes with overlaps = 0
INFO: [Route 35-416] Intermediate Timing Summary | WNS=-0.137 | TNS=-3.051 | WHS=-0.150 | THS=-28.111|

Phase 5.1 Global Iteration 0 | Checksum: 2bd9a890f

Time (s): cpu = 00:53:14 ; elapsed = 00:18:36 . Memory (MB): peak = 14121.637 ; gain = 165.234 ; free physical = 83339 ; free virtual = 159308

Phase 5.2 Global Iteration 1
 Number of Nodes with overlaps = 734
 Number of Nodes with overlaps = 118
 Number of Nodes with overlaps = 65
 Number of Nodes with overlaps = 44
 Number of Nodes with overlaps = 38
 Number of Nodes with overlaps = 25
 Number of Nodes with overlaps = 17
 Number of Nodes with overlaps = 14
 Number of Nodes with overlaps = 8
 Number of Nodes with overlaps = 3
 Number of Nodes with overlaps = 3
 Number of Nodes with overlaps = 2
 Number of Nodes with overlaps = 3
 Number of Nodes with overlaps = 1
 Number of Nodes with overlaps = 0
INFO: [Route 35-416] Intermediate Timing Summary | WNS=-0.020 | TNS=-0.189 | WHS=N/A    | THS=N/A    |

Phase 5.2 Global Iteration 1 | Checksum: 24585b429

Time (s): cpu = 01:02:27 ; elapsed = 00:22:52 . Memory (MB): peak = 14121.637 ; gain = 165.234 ; free physical = 83392 ; free virtual = 159364

Phase 5.3 Global Iteration 2
 Number of Nodes with overlaps = 389
 Number of Nodes with overlaps = 76
 Number of Nodes with overlaps = 49
 Number of Nodes with overlaps = 18
 Number of Nodes with overlaps = 16
 Number of Nodes with overlaps = 13
 Number of Nodes with overlaps = 10
 Number of Nodes with overlaps = 9
 Number of Nodes with overlaps = 5
 Number of Nodes with overlaps = 5
 Number of Nodes with overlaps = 3
 Number of Nodes with overlaps = 2
 Number of Nodes with overlaps = 2
 Number of Nodes with overlaps = 5
 Number of Nodes with overlaps = 3
 Number of Nodes with overlaps = 4
 Number of Nodes with overlaps = 4
 Number of Nodes with overlaps = 2
 Number of Nodes with overlaps = 2
INFO: [Route 35-443] CLB routing congestion detected. Several CLBs have high routing utilization, which can impact timing closure. Congested CLBs and Nets are dumped in: iter_100_CongestedCLBsAndNets.txt
 Number of Nodes with overlaps = 7
 Number of Nodes with overlaps = 2
 Number of Nodes with overlaps = 1
 Number of Nodes with overlaps = 0
INFO: [Route 35-416] Intermediate Timing Summary | WNS=-0.169 | TNS=-2.644 | WHS=N/A    | THS=N/A    |

Phase 5.3 Global Iteration 2 | Checksum: 2078bb80f

Time (s): cpu = 01:11:23 ; elapsed = 00:28:15 . Memory (MB): peak = 14121.637 ; gain = 165.234 ; free physical = 83152 ; free virtual = 159133
Phase 5 Rip-up And Reroute | Checksum: 2078bb80f

Time (s): cpu = 01:11:41 ; elapsed = 00:28:18 . Memory (MB): peak = 14121.637 ; gain = 165.234 ; free physical = 83147 ; free virtual = 159128

Phase 6 Delay and Skew Optimization

Phase 6.1 TNS Cleanup

Phase 6.1.1 Delay CleanUp
INFO: [Route 35-416] Intermediate Timing Summary | WNS=-0.020 | TNS=-0.189 | WHS=-0.016 | THS=-0.059 |

INFO: [Route 35-416] Intermediate Timing Summary | WNS=-0.020 | TNS=-0.189 | WHS=-0.016 | THS=-0.059 |

 Number of Nodes with overlaps = 0
INFO: [Route 35-416] Intermediate Timing Summary | WNS=-0.020 | TNS=-0.189 | WHS=-0.016 | THS=-0.059 |

 Number of Nodes with overlaps = 0
INFO: [Route 35-416] Intermediate Timing Summary | WNS=-0.020 | TNS=-0.189 | WHS=-0.016 | THS=-0.059 |

 Number of Nodes with overlaps = 0
INFO: [Route 35-416] Intermediate Timing Summary | WNS=-0.020 | TNS=-0.189 | WHS=-0.016 | THS=-0.059 |

 Number of Nodes with overlaps = 0
INFO: [Route 35-416] Intermediate Timing Summary | WNS=-0.020 | TNS=-0.189 | WHS=-0.016 | THS=-0.059 |

 Number of Nodes with overlaps = 0
INFO: [Route 35-416] Intermediate Timing Summary | WNS=-0.020 | TNS=-0.189 | WHS=-0.016 | THS=-0.059 |

 Number of Nodes with overlaps = 0
INFO: [Route 35-416] Intermediate Timing Summary | WNS=-0.020 | TNS=-0.189 | WHS=-0.016 | THS=-0.059 |

 Number of Nodes with overlaps = 0
INFO: [Route 35-416] Intermediate Timing Summary | WNS=-0.020 | TNS=-0.189 | WHS=-0.016 | THS=-0.059 |

 Number of Nodes with overlaps = 0
INFO: [Route 35-416] Intermediate Timing Summary | WNS=-0.020 | TNS=-0.189 | WHS=-0.016 | THS=-0.059 |

 Number of Nodes with overlaps = 0
INFO: [Route 35-416] Intermediate Timing Summary | WNS=-0.020 | TNS=-0.189 | WHS=-0.016 | THS=-0.059 |

 Number of Nodes with overlaps = 0
Phase 6.1.1 Delay CleanUp | Checksum: 21a638f7e

Time (s): cpu = 01:19:33 ; elapsed = 00:29:55 . Memory (MB): peak = 14121.637 ; gain = 165.234 ; free physical = 83205 ; free virtual = 159186
Phase 6.1 TNS Cleanup | Checksum: 21a638f7e

Time (s): cpu = 01:19:51 ; elapsed = 00:29:58 . Memory (MB): peak = 14121.637 ; gain = 165.234 ; free physical = 83216 ; free virtual = 159197

Phase 6.2 Clock Skew Optimization
Phase 6.2 Clock Skew Optimization | Checksum: 21a638f7e

Time (s): cpu = 01:20:08 ; elapsed = 00:30:02 . Memory (MB): peak = 14121.637 ; gain = 165.234 ; free physical = 83210 ; free virtual = 159191
Phase 6 Delay and Skew Optimization | Checksum: 21a638f7e

Time (s): cpu = 01:20:25 ; elapsed = 00:30:05 . Memory (MB): peak = 14121.637 ; gain = 165.234 ; free physical = 83210 ; free virtual = 159191

Phase 7 Post Hold Fix

Phase 7.1 Hold Fix Iter
INFO: [Route 35-416] Intermediate Timing Summary | WNS=-0.017 | TNS=-0.132 | WHS=-0.016 | THS=-0.059 |

Phase 7.1 Hold Fix Iter | Checksum: 270e107b9

Time (s): cpu = 01:23:09 ; elapsed = 00:30:39 . Memory (MB): peak = 14121.637 ; gain = 165.234 ; free physical = 83196 ; free virtual = 159177

Phase 7.2 Non Free Resource Hold Fix Iter
Phase 7.2 Non Free Resource Hold Fix Iter | Checksum: 26e481445

Time (s): cpu = 01:23:28 ; elapsed = 00:30:43 . Memory (MB): peak = 14121.637 ; gain = 165.234 ; free physical = 83196 ; free virtual = 159177
Phase 7 Post Hold Fix | Checksum: 26e481445

Time (s): cpu = 01:23:47 ; elapsed = 00:30:46 . Memory (MB): peak = 14121.637 ; gain = 165.234 ; free physical = 83208 ; free virtual = 159189

Phase 8 Route finalize

Router Utilization Summary
  Global Vertical Routing Utilization    = 4.43291 %
  Global Horizontal Routing Utilization  = 4.37941 %
  Routable Net Status*
  *Does not include unroutable nets such as driverless and loadless.
  Run report_route_status for detailed report.
  Number of Failed Nets               = 0
    (Failed Nets is the sum of unrouted and partially routed nets)
  Number of Unrouted Nets             = 0
  Number of Partially Routed Nets     = 0
  Number of Node Overlaps             = 0


--GLOBAL Congestion:
Utilization threshold used for congestion level computation: 0.85
Congestion Report
North Dir 1x1 Area, Max Cong = 90.1408%, Congestion bounded by tiles (Lower Left Tile -> Upper Right Tile):
   INT_X35Y97 -> INT_X35Y97
   INT_X38Y96 -> INT_X38Y96
   INT_X38Y95 -> INT_X38Y95
   INT_X58Y81 -> INT_X58Y81
South Dir 1x1 Area, Max Cong = 83.8863%, No Congested Regions.
East Dir 1x1 Area, Max Cong = 97.1154%, Congestion bounded by tiles (Lower Left Tile -> Upper Right Tile):
   INT_X125Y498 -> INT_X125Y498
   INT_X27Y99 -> INT_X27Y99
   INT_X30Y98 -> INT_X30Y98
   INT_X28Y97 -> INT_X28Y97
   INT_X32Y97 -> INT_X32Y97
West Dir 1x1 Area, Max Cong = 81.7308%, No Congested Regions.

------------------------------
Reporting congestion hotspots
------------------------------
Direction: North
----------------
Congested clusters found at Level 0
Effective congestion level: 1 Aspect Ratio: 1 Sparse Ratio: 0.75
Direction: South
----------------
Congested clusters found at Level 0
Effective congestion level: 0 Aspect Ratio: 1 Sparse Ratio: 0
Direction: East
----------------
Congested clusters found at Level 0
Effective congestion level: 1 Aspect Ratio: 0.333333 Sparse Ratio: 0.75
Direction: West
----------------
Congested clusters found at Level 0
Effective congestion level: 0 Aspect Ratio: 1 Sparse Ratio: 0

Phase 8 Route finalize | Checksum: 26e481445

Time (s): cpu = 01:24:29 ; elapsed = 00:30:54 . Memory (MB): peak = 14121.637 ; gain = 165.234 ; free physical = 83213 ; free virtual = 159194

Phase 9 Verifying routed nets

 Verification completed successfully
Phase 9 Verifying routed nets | Checksum: 26e481445

Time (s): cpu = 01:24:48 ; elapsed = 00:30:59 . Memory (MB): peak = 14121.637 ; gain = 165.234 ; free physical = 83214 ; free virtual = 159195

Phase 10 Depositing Routes
Phase 10 Depositing Routes | Checksum: 26e481445

Time (s): cpu = 01:26:02 ; elapsed = 00:31:32 . Memory (MB): peak = 14121.637 ; gain = 165.234 ; free physical = 83235 ; free virtual = 159216

Phase 11 Leaf Clock Prog Delay Opt

Phase 11.1 Optimize Skews

Phase 11.1.1 Leaf ClockOpt Init
Phase 11.1.1 Leaf ClockOpt Init | Checksum: 271c20e10

Time (s): cpu = 01:30:18 ; elapsed = 00:32:35 . Memory (MB): peak = 14121.637 ; gain = 165.234 ; free physical = 83244 ; free virtual = 159228
Phase 11.1 Optimize Skews | Checksum: 22e20e2bd

Time (s): cpu = 01:30:41 ; elapsed = 00:32:43 . Memory (MB): peak = 14121.637 ; gain = 165.234 ; free physical = 83233 ; free virtual = 159217

Phase 11.2 Post SkewOpt Delay Cleanup

Phase 11.2.1 Delay CleanUp
INFO: [Route 35-416] Intermediate Timing Summary | WNS=-0.017 | TNS=-0.132 | WHS=0.008  | THS=0.000  |

INFO: [Route 35-416] Intermediate Timing Summary | WNS=-0.017 | TNS=-0.132 | WHS=0.008  | THS=0.000  |

Phase 11.2.1 Delay CleanUp | Checksum: 1fb6ad4e9

Time (s): cpu = 01:34:09 ; elapsed = 00:33:22 . Memory (MB): peak = 14121.637 ; gain = 165.234 ; free physical = 83225 ; free virtual = 159209
Phase 11.2 Post SkewOpt Delay Cleanup | Checksum: 1fb6ad4e9

Time (s): cpu = 01:34:27 ; elapsed = 00:33:25 . Memory (MB): peak = 14121.637 ; gain = 165.234 ; free physical = 83216 ; free virtual = 159200

Phase 11.3 Post SkewOpt Hold Fix

Phase 11.3.1 Hold Fix Iter
INFO: [Route 35-416] Intermediate Timing Summary | WNS=-0.017 | TNS=-0.132 | WHS=0.008  | THS=0.000  |

Phase 11.3.1 Hold Fix Iter | Checksum: 2299a70aa

Time (s): cpu = 01:37:09 ; elapsed = 00:33:56 . Memory (MB): peak = 14121.637 ; gain = 165.234 ; free physical = 83226 ; free virtual = 159210
Phase 11.3 Post SkewOpt Hold Fix | Checksum: 20e8a0cc6

Time (s): cpu = 01:39:53 ; elapsed = 00:34:27 . Memory (MB): peak = 14121.637 ; gain = 165.234 ; free physical = 83252 ; free virtual = 159238
Phase 11 Leaf Clock Prog Delay Opt | Checksum: 1ed2122ff

Time (s): cpu = 01:42:33 ; elapsed = 00:34:58 . Memory (MB): peak = 14121.637 ; gain = 165.234 ; free physical = 83265 ; free virtual = 159252

Phase 12 Depositing Routes
Phase 12 Depositing Routes | Checksum: 1ed2122ff

Time (s): cpu = 01:43:30 ; elapsed = 00:35:20 . Memory (MB): peak = 14121.637 ; gain = 165.234 ; free physical = 83284 ; free virtual = 159271

Phase 13 Resolve XTalk
Phase 13 Resolve XTalk | Checksum: 1ed2122ff

Time (s): cpu = 01:43:48 ; elapsed = 00:35:25 . Memory (MB): peak = 14121.637 ; gain = 165.234 ; free physical = 83281 ; free virtual = 159270

Phase 14 Post Process Routing
Common:
   
SLR0

Initial Estimated Congestion
 ________________________________________________________________________
|           | Global Congestion | Long Congestion   | Short Congestion  |
|           |___________________|___________________|___________________|
| Direction | Size   | % Tiles  | Size   | % Tiles  | Size   | % Tiles  |
|___________|________|__________|________|__________|________|__________|
|      NORTH|     8x8|      0.85|   16x16|      2.41|     4x4|      0.62|
|___________|________|__________|________|__________|________|__________|
|      SOUTH|     4x4|      0.79|   16x16|      3.17|     4x4|      0.42|
|___________|________|__________|________|__________|________|__________|
|       EAST|     8x8|      0.59|   16x16|      1.48|     8x8|      1.35|
|___________|________|__________|________|__________|________|__________|
|       WEST|     4x4|      0.16|     4x4|      0.55|     4x4|      0.62|
|___________|________|__________|________|__________|________|__________|

SLR1

Initial Estimated Congestion
 ________________________________________________________________________
|           | Global Congestion | Long Congestion   | Short Congestion  |
|           |___________________|___________________|___________________|
| Direction | Size   | % Tiles  | Size   | % Tiles  | Size   | % Tiles  |
|___________|________|__________|________|__________|________|__________|
|      NORTH|     1x1|      0.00|     1x1|      0.03|     1x1|      0.00|
|___________|________|__________|________|__________|________|__________|
|      SOUTH|     1x1|      0.00|     2x2|      0.01|     1x1|      0.00|
|___________|________|__________|________|__________|________|__________|
|       EAST|     1x1|      0.00|     1x1|      0.00|     1x1|      0.00|
|___________|________|__________|________|__________|________|__________|
|       WEST|     1x1|      0.00|     1x1|      0.00|     1x1|      0.00|
|___________|________|__________|________|__________|________|__________|

SLR2

Initial Estimated Congestion
 ________________________________________________________________________
|           | Global Congestion | Long Congestion   | Short Congestion  |
|           |___________________|___________________|___________________|
| Direction | Size   | % Tiles  | Size   | % Tiles  | Size   | % Tiles  |
|___________|________|__________|________|__________|________|__________|
|      NORTH|     1x1|      0.01|     2x2|      0.17|     1x1|      0.01|
|___________|________|__________|________|__________|________|__________|
|      SOUTH|     1x1|      0.00|     2x2|      0.14|     1x1|      0.00|
|___________|________|__________|________|__________|________|__________|
|       EAST|     2x2|      0.01|     1x1|      0.01|     2x2|      0.01|
|___________|________|__________|________|__________|________|__________|
|       WEST|     1x1|      0.01|     2x2|      0.06|     2x2|      0.03|
|___________|________|__________|________|__________|________|__________|


Phase 14 Post Process Routing | Checksum: 1ed2122ff

Time (s): cpu = 01:44:14 ; elapsed = 00:35:32 . Memory (MB): peak = 14121.637 ; gain = 165.234 ; free physical = 83277 ; free virtual = 159267

Phase 15 Post Router Timing
INFO: [Route 35-57] Estimated Timing Summary | WNS=-0.017 | TNS=-0.132 | WHS=0.008  | THS=0.000  |

WARNING: [Route 35-328] Router estimated timing not met.
Resolution: For a complete and accurate timing signoff, report_timing_summary must be run after route_design. Alternatively, route_design can be run with the -timing_summary option to enable a complete timing signoff at the end of route_design.
Phase 15 Post Router Timing | Checksum: 1ed2122ff

Time (s): cpu = 01:44:32 ; elapsed = 00:35:35 . Memory (MB): peak = 14121.637 ; gain = 165.234 ; free physical = 83275 ; free virtual = 159265
Skip laguna hold fix in PhysOpt in Router as non-negative WHS value: 9.03988e-12 .
Time taken to check if laguna hold fix is required (in secs): 0
Skip PhysOpt in Router because non-negative WNS value: 2.93809e-12 .

Phase 16 Route finalize
Phase 16 Route finalize | Checksum: 1ed2122ff

Time (s): cpu = 01:48:36 ; elapsed = 00:36:20 . Memory (MB): peak = 14121.637 ; gain = 165.234 ; free physical = 83265 ; free virtual = 159255
INFO: [Route 35-61] The design met the timing requirement.
Total Elapsed time in route_design: 2181.82 secs

Phase 17 Post-Route Event Processing
INFO: [Constraints 18-12546] INFO: Running DFX DRC before completing route_design
INFO: [Constraints 18-12545] INFO: DFX DRC finished with 0 Errors
Phase 17 Post-Route Event Processing | Checksum: 1a79df3f8

Time (s): cpu = 01:49:29 ; elapsed = 00:37:04 . Memory (MB): peak = 14121.637 ; gain = 165.234 ; free physical = 83299 ; free virtual = 159289
INFO: [Route 35-16] Router Completed Successfully
Ending Routing Task | Checksum: 1a79df3f8

Time (s): cpu = 01:49:43 ; elapsed = 00:37:07 . Memory (MB): peak = 14121.637 ; gain = 165.234 ; free physical = 83301 ; free virtual = 159290

Routing Is Done.
INFO: [Common 17-83] Releasing license: Implementation
465 Infos, 316 Warnings, 1 Critical Warnings and 0 Errors encountered.
route_design completed successfully
route_design: Time (s): cpu = 01:50:17 ; elapsed = 00:37:41 . Memory (MB): peak = 14121.637 ; gain = 165.234 ; free physical = 83296 ; free virtual = 159286
INFO: [Vivado 12-24828] Executing command : report_timing_summary -max_paths 10 -file hw_bb_locked_timing_summary_routed.rpt -pb hw_bb_locked_timing_summary_routed.pb -rpx hw_bb_locked_timing_summary_routed.rpx
INFO: [Timing 38-91] UpdateTimingParams: Speed grade: -2L, Temperature grade: E, Delay Type: min_max.
INFO: [Timing 38-191] Multithreading enabled for timing update using a maximum of 8 CPUs
WARNING: [Timing 38-436] There are set_bus_skew constraint(s) in this design. Please run report_bus_skew to ensure that bus skew requirements are met.
report_timing_summary: Time (s): cpu = 00:01:48 ; elapsed = 00:00:35 . Memory (MB): peak = 14121.637 ; gain = 0.000 ; free physical = 83221 ; free virtual = 159240
generate_parallel_reports: Time (s): cpu = 00:01:48 ; elapsed = 00:00:35 . Memory (MB): peak = 14121.637 ; gain = 0.000 ; free physical = 83221 ; free virtual = 159240
source /home/miahafiz/NeuroRing_a_sudoku_v2/_x.hw.NUM_4096.CORE_10.FREQ_300/link/vivado/vpl/scripts/impl_1/_full_route_post.tcl
report_accelerator_utilization: Time (s): cpu = 00:00:34 ; elapsed = 00:00:35 . Memory (MB): peak = 14121.637 ; gain = 0.000 ; free physical = 83247 ; free virtual = 159266
INFO: System Diagram: Run step: routed

report_utilization: Time (s): cpu = 00:00:59 ; elapsed = 00:01:00 . Memory (MB): peak = 14121.637 ; gain = 0.000 ; free physical = 83259 ; free virtual = 159278
report_utilization: Time (s): cpu = 00:00:29 ; elapsed = 00:00:30 . Memory (MB): peak = 14121.637 ; gain = 0.000 ; free physical = 83110 ; free virtual = 159130
get_utilization: Time (s): cpu = 00:00:23 ; elapsed = 00:00:24 . Memory (MB): peak = 14121.637 ; gain = 0.000 ; free physical = 83120 ; free virtual = 159140
WARNING: Unable to find metadata file: /home/miahafiz/NeuroRing_a_sudoku_v2/_x.hw.NUM_4096.CORE_10.FREQ_300/link/int/debug_ip_layout.rtd
Command: report_power
Running Vector-less Activity Propagation...

Finished Running Vector-less Activity Propagation
WARNING: [Power 33-404] DATARATE_xx properties have zero value for HBM Instance level0_i/ulp/hmss_0/inst/hbm_inst/inst/ONE_STACK.u_hbm_top/ONE_STACK_HBM.hbm_one_stack_intf. Please ensure correct values are entered for DATARATE to do an accurate power analysis.
WARNING: [Power 33-332] Found switching activity that implies high-fanout reset nets being asserted for excessive periods of time which may result in inaccurate power analysis.
Resolution: To review and fix problems, please run Power Constraints Advisor in the GUI from Tools > Power Constraints Advisor or run report_power with the -advisory option to generate a text report.
Copyright 1986-2022 Xilinx, Inc. All Rights Reserved. Copyright 2022-2025 Advanced Micro Devices, Inc. All Rights Reserved.
-------------------------------------------------------------------------------------------------------------------------------------------------
| Tool Version     : Vivado v.2025.1 (lin64) Build 6140274 Wed May 21 22:58:25 MDT 2025
| Date             : Wed Feb 25 14:51:13 2026
| Host             : cyberdeck running 64-bit Ubuntu 22.04.5 LTS
| Command          : report_power
| Design           : level0_wrapper
| Device           : xcu55c-fsvh2892-2L-e
| Design State     : routed
| Grade            : extended
| Process          : typical
| Characterization : Production
-------------------------------------------------------------------------------------------------------------------------------------------------

Power Report

Table of Contents
-----------------
1. Summary
1.1 On-Chip Components
1.2 Power Supply Summary
1.3 Confidence Level
2. Settings
2.1 Environment
2.2 Clock Constraints
3. Detailed Reports
3.1 By Hierarchy

1. Summary
----------

+--------------------------+--------------+
| Total On-Chip Power (W)  | 23.441       |
|   FPGA Power (W)         | 21.437       |
|   HBM Power (W)          | 2.004        |
| Design Power Budget (W)  | 123.000      |
| Power Budget Margin (W)  | 99.559 (MET) |
| Dynamic (W)              | 15.427       |
| Device Static (W)        | 8.013        |
| Effective TJA (C/W)      | 0.8          |
| Max Ambient (C)          | 82.4         |
| Junction Temperature (C) | 72.6         |
| Confidence Level         | Low          |
| Setting File             | ---          |
| Simulation Activity File | ---          |
| Design Nets Matched      | NA           |
+--------------------------+--------------+


1.1 On-Chip Components
----------------------

+--------------------------+-----------+----------+-----------+-----------------+
| On-Chip                  | Power (W) | Used     | Available | Utilization (%) |
+--------------------------+-----------+----------+-----------+-----------------+
| Clocks                   |     2.261 |       69 |       --- |             --- |
| CLB Logic                |     1.608 |   568037 |       --- |             --- |
|   LUT as Logic           |     1.065 |   190521 |   1303680 |           14.61 |
|   LUT as Distributed RAM |     0.237 |     6760 |    600960 |            1.12 |
|   Register               |     0.148 |   282226 |   2607360 |           10.82 |
|   LUT as Shift Register  |     0.127 |     7713 |    600960 |            1.28 |
|   CARRY8                 |     0.031 |     3791 |    162960 |            2.33 |
|   Others                 |    <0.001 |    12522 |       --- |             --- |
|   F7/F8 Muxes            |     0.000 |     7836 |   1303680 |            0.60 |
|   BUFG                   |     0.000 |        3 |        96 |            3.13 |
| Signals                  |     2.123 |   445071 |       --- |             --- |
| Block RAM                |     1.424 |      538 |      2016 |           26.69 |
| URAM                     |     0.319 |       90 |       960 |            9.38 |
| HBM                      |     2.431 |        1 |         2 |           50.00 |
| MMCM                     |     0.003 |        0 |       --- |             --- |
| PLL                      |     0.054 |        1 |       --- |             --- |
| DSPs                     |     0.292 |      200 |      9024 |            2.22 |
| I/O                      |     0.006 |       12 |       624 |            1.92 |
| GTY                      |     4.360 |       16 |        40 |           40.00 |
| Hard IPs                 |     0.538 |        1 |       --- |             --- |
|   PCIE                   |     0.538 |        1 |       --- |             --- |
| Static Power             |     8.013 |          |           |                 |
|   HBM Static             |     0.683 |          |           |                 |
|   Device Static          |     7.330 |          |           |                 |
| Total                    |    23.431 |          |           |                 |
+--------------------------+-----------+----------+-----------+-----------------+


1.2 Power Supply Summary
------------------------

+---------------------+-------------+-----------+-------------+------------+-------------+-------------+--------------+
| Source              | Voltage (V) | Total (A) | Dynamic (A) | Static (A) | Powerup (A) | Budget (A)  | Margin (A)   |
+---------------------+-------------+-----------+-------------+------------+-------------+-------------+--------------+
| 0V85_VCCINT         |       0.850 |    16.754 |      10.719 |      6.035 |       NA    |     100.000 | 83.246 (MET) |
|    Vccint           |       0.850 |    16.754 |      10.719 |      6.035 |       NA    | Grouped     | NA           |
| 0V85_VCCINT_IO      |       0.850 |     1.815 |       0.997 |      0.817 |       NA    |      30.000 | 28.185 (MET) |
|    Vccint_io        |       0.850 |     1.502 |       0.851 |      0.651 |       NA    | Grouped     | NA           |
|    Vccbram          |       0.850 |     0.313 |       0.147 |      0.167 |       NA    | Grouped     | NA           |
| 0V9_AVCC            |       0.900 |     0.696 |       0.616 |      0.080 |       NA    | Unspecified | NA           |
|    VMGTAVCC (GTY)   |       0.900 |     0.696 |       0.616 |      0.080 |       NA    | Grouped     | NA           |
| 1V2_AVTT            |       1.200 |     2.560 |       2.536 |      0.024 |       NA    | Unspecified | NA           |
|    VMGTAVTT (GTY)   |       1.200 |     2.560 |       2.536 |      0.024 |       NA    | Grouped     | NA           |
| 1V2_HBM             |       1.200 |     1.034 |       0.706 |      0.328 |       NA    | Unspecified | NA           |
|    VCC_HBM          |       1.200 |     1.034 |       0.706 |      0.328 |       NA    | Grouped     | NA           |
| 1V8                 |       1.800 |     0.957 |       0.176 |      0.781 |       NA    |       4.000 | 3.043 (MET)  |
|    Vccaux           |       1.800 |     0.799 |       0.080 |      0.719 |       NA    | Grouped     | NA           |
|    Vccaux_io        |       1.800 |     0.038 |       0.003 |      0.035 |       NA    | Grouped     | NA           |
|    VMGTVCCAUX (GTY) |       1.800 |     0.096 |       0.093 |      0.002 |       NA    | Grouped     | NA           |
|    Vcco18           |       1.800 |     0.000 |       0.000 |      0.000 |       NA    | Grouped     | NA           |
|    Vccadc           |       1.800 |     0.024 |       0.000 |      0.024 |       NA    | Grouped     | NA           |
| 2V5_VPP             |       2.500 |     0.065 |       0.016 |      0.049 |       NA    |       0.300 | 0.235 (MET)  |
|    VCCAUX_HBM       |       2.500 |     0.065 |       0.016 |      0.049 |       NA    | Grouped     | NA           |
| Vcco33              |       3.300 |     0.000 |       0.000 |      0.000 |       NA    | Unspecified | NA           |
| Vcco25              |       2.500 |     0.000 |       0.000 |      0.000 |       NA    | Unspecified | NA           |
| Vcco15              |       1.500 |     0.000 |       0.000 |      0.000 |       NA    | Unspecified | NA           |
| Vcco135             |       1.350 |     0.000 |       0.000 |      0.000 |       NA    | Unspecified | NA           |
| Vcco12              |       1.200 |     0.000 |       0.000 |      0.000 |       NA    | Unspecified | NA           |
| Vcco10              |       1.000 |     0.000 |       0.000 |      0.000 |       NA    | Unspecified | NA           |
| VCC_IO_HBM          |       1.200 |     0.695 |       0.555 |      0.140 |       NA    | Unspecified | NA           |
+---------------------+-------------+-----------+-------------+------------+-------------+-------------+--------------+


1.3 Confidence Level
--------------------

+-----------------------------+------------+--------------------------------------------------------+------------------------------------------------------------------------------------------------------------+
| User Input Data             | Confidence | Details                                                | Action                                                                                                     |
+-----------------------------+------------+--------------------------------------------------------+------------------------------------------------------------------------------------------------------------+
| Design implementation state | High       | Design is routed                                       |                                                                                                            |
| Clock nodes activity        | High       | User specified more than 95% of clocks                 |                                                                                                            |
| I/O nodes activity          | Low        | More than 75% of inputs are missing user specification | Provide missing input activity with simulation results or by editing the "By Resource Type -> I/Os" view   |
| Internal nodes activity     | Medium     | User specified less than 25% of internal nodes         | Provide missing internal nodes activity with simulation results or by editing the "By Resource Type" views |
| Device models               | High       | Device models are Production                           |                                                                                                            |
|                             |            |                                                        |                                                                                                            |
| Overall confidence level    | Low        |                                                        |                                                                                                            |
+-----------------------------+------------+--------------------------------------------------------+------------------------------------------------------------------------------------------------------------+


2. Settings
-----------

2.1 Environment
---------------

+-----------------------+--------------------------+
| Ambient Temp (C)      | 55.0                     |
| ThetaJA (C/W)         | 0.8                      |
| Airflow (LFM)         | 250                      |
| Heat Sink             | medium (Medium Profile)  |
| ThetaSA (C/W)         | 0.5                      |
| Board Selection       | medium (10"x10")         |
| # of Board Layers     | 12to15 (12 to 15 Layers) |
| Board Temperature (C) | 25.0                     |
+-----------------------+--------------------------+


2.2 Clock Constraints
---------------------

+--------------------------------------------------------------------------------------------------------------------------------------------------------------------------------------------------------------------------------------------------------------------------------------------------------------------------------------------------------------------------------------------------------------------------+-----------------------------------------------------------------------------------------------------------------------------------------------------------------------------------------------------------------------------------------------------------------------------------------------------------------------------------------------------------------------------------------------------------+-----------------+
| Clock                                                                                                                                                                                                                                                                                                                                                                                                                    | Domain                                                                                                                                                                                                                                                                                                                                                                                                    | Constraint (ns) |
+--------------------------------------------------------------------------------------------------------------------------------------------------------------------------------------------------------------------------------------------------------------------------------------------------------------------------------------------------------------------------------------------------------------------------+-----------------------------------------------------------------------------------------------------------------------------------------------------------------------------------------------------------------------------------------------------------------------------------------------------------------------------------------------------------------------------------------------------------+-----------------+
| GTYE4_CHANNEL_QPLL0CLK[0]_4                                                                                                                                                                                                                                                                                                                                                                                              | level0_i/blp/blp_i/ss_hif/inst/pcie/inst/bd_39ab_pcie_0_gt_top_i/diablo_gt.diablo_gt_phy_wrapper/gt_wizard.gtwizard_top_i/bd_39ab_pcie_0_gt_i/inst/gen_gtwizard_gtye4_top.bd_39ab_pcie_0_gt_gtwizard_gtye4_inst/gen_gtwizard_gtye4.gen_common.gen_common_container[24].gen_enabled_common.gtye4_common_wrapper_inst/common_inst/GTYE4_CHANNEL_QPLL0CLK[0]                                                 |             0.2 |
| GTYE4_CHANNEL_QPLL0CLK[0]_5                                                                                                                                                                                                                                                                                                                                                                                              | level0_i/blp/blp_i/ss_hif/inst/pcie/inst/bd_39ab_pcie_0_gt_top_i/diablo_gt.diablo_gt_phy_wrapper/gt_wizard.gtwizard_top_i/bd_39ab_pcie_0_gt_i/inst/gen_gtwizard_gtye4_top.bd_39ab_pcie_0_gt_gtwizard_gtye4_inst/gen_gtwizard_gtye4.gen_common.gen_common_container[25].gen_enabled_common.gtye4_common_wrapper_inst/common_inst/GTYE4_CHANNEL_QPLL0CLK[0]                                                 |             0.2 |
| GTYE4_CHANNEL_QPLL0CLK[0]_6                                                                                                                                                                                                                                                                                                                                                                                              | level0_i/blp/blp_i/ss_hif/inst/pcie/inst/bd_39ab_pcie_0_gt_top_i/diablo_gt.diablo_gt_phy_wrapper/gt_wizard.gtwizard_top_i/bd_39ab_pcie_0_gt_i/inst/gen_gtwizard_gtye4_top.bd_39ab_pcie_0_gt_gtwizard_gtye4_inst/gen_gtwizard_gtye4.gen_common.gen_common_container[26].gen_enabled_common.gtye4_common_wrapper_inst/common_inst/GTYE4_CHANNEL_QPLL0CLK[0]                                                 |             0.2 |
| GTYE4_CHANNEL_QPLL0CLK[0]_7                                                                                                                                                                                                                                                                                                                                                                                              | level0_i/blp/blp_i/ss_hif/inst/pcie/inst/bd_39ab_pcie_0_gt_top_i/diablo_gt.diablo_gt_phy_wrapper/gt_wizard.gtwizard_top_i/bd_39ab_pcie_0_gt_i/inst/gen_gtwizard_gtye4_top.bd_39ab_pcie_0_gt_gtwizard_gtye4_inst/gen_gtwizard_gtye4.gen_common.gen_common_container[27].gen_enabled_common.gtye4_common_wrapper_inst/common_inst/GTYE4_CHANNEL_QPLL0CLK[0]                                                 |             0.2 |
| GTYE4_CHANNEL_QPLL0REFCLK[0]_4                                                                                                                                                                                                                                                                                                                                                                                           | level0_i/blp/blp_i/ss_hif/inst/pcie/inst/bd_39ab_pcie_0_gt_top_i/diablo_gt.diablo_gt_phy_wrapper/gt_wizard.gtwizard_top_i/bd_39ab_pcie_0_gt_i/inst/gen_gtwizard_gtye4_top.bd_39ab_pcie_0_gt_gtwizard_gtye4_inst/gen_gtwizard_gtye4.gen_common.gen_common_container[24].gen_enabled_common.gtye4_common_wrapper_inst/common_inst/GTYE4_CHANNEL_QPLL0REFCLK[0]                                              |            10.0 |
| GTYE4_CHANNEL_QPLL0REFCLK[0]_5                                                                                                                                                                                                                                                                                                                                                                                           | level0_i/blp/blp_i/ss_hif/inst/pcie/inst/bd_39ab_pcie_0_gt_top_i/diablo_gt.diablo_gt_phy_wrapper/gt_wizard.gtwizard_top_i/bd_39ab_pcie_0_gt_i/inst/gen_gtwizard_gtye4_top.bd_39ab_pcie_0_gt_gtwizard_gtye4_inst/gen_gtwizard_gtye4.gen_common.gen_common_container[25].gen_enabled_common.gtye4_common_wrapper_inst/common_inst/GTYE4_CHANNEL_QPLL0REFCLK[0]                                              |            10.0 |
| GTYE4_CHANNEL_QPLL0REFCLK[0]_6                                                                                                                                                                                                                                                                                                                                                                                           | level0_i/blp/blp_i/ss_hif/inst/pcie/inst/bd_39ab_pcie_0_gt_top_i/diablo_gt.diablo_gt_phy_wrapper/gt_wizard.gtwizard_top_i/bd_39ab_pcie_0_gt_i/inst/gen_gtwizard_gtye4_top.bd_39ab_pcie_0_gt_gtwizard_gtye4_inst/gen_gtwizard_gtye4.gen_common.gen_common_container[26].gen_enabled_common.gtye4_common_wrapper_inst/common_inst/GTYE4_CHANNEL_QPLL0REFCLK[0]                                              |            10.0 |
| GTYE4_CHANNEL_QPLL0REFCLK[0]_7                                                                                                                                                                                                                                                                                                                                                                                           | level0_i/blp/blp_i/ss_hif/inst/pcie/inst/bd_39ab_pcie_0_gt_top_i/diablo_gt.diablo_gt_phy_wrapper/gt_wizard.gtwizard_top_i/bd_39ab_pcie_0_gt_i/inst/gen_gtwizard_gtye4_top.bd_39ab_pcie_0_gt_gtwizard_gtye4_inst/gen_gtwizard_gtye4.gen_common.gen_common_container[27].gen_enabled_common.gtye4_common_wrapper_inst/common_inst/GTYE4_CHANNEL_QPLL0REFCLK[0]                                              |            10.0 |
| GTYE4_CHANNEL_QPLL1CLK[0]_4                                                                                                                                                                                                                                                                                                                                                                                              | level0_i/blp/blp_i/ss_hif/inst/pcie/inst/bd_39ab_pcie_0_gt_top_i/diablo_gt.diablo_gt_phy_wrapper/gt_wizard.gtwizard_top_i/bd_39ab_pcie_0_gt_i/inst/gen_gtwizard_gtye4_top.bd_39ab_pcie_0_gt_gtwizard_gtye4_inst/gen_gtwizard_gtye4.gen_common.gen_common_container[24].gen_enabled_common.gtye4_common_wrapper_inst/common_inst/GTYE4_CHANNEL_QPLL1CLK[0]                                                 |             0.2 |
| GTYE4_CHANNEL_QPLL1CLK[0]_5                                                                                                                                                                                                                                                                                                                                                                                              | level0_i/blp/blp_i/ss_hif/inst/pcie/inst/bd_39ab_pcie_0_gt_top_i/diablo_gt.diablo_gt_phy_wrapper/gt_wizard.gtwizard_top_i/bd_39ab_pcie_0_gt_i/inst/gen_gtwizard_gtye4_top.bd_39ab_pcie_0_gt_gtwizard_gtye4_inst/gen_gtwizard_gtye4.gen_common.gen_common_container[25].gen_enabled_common.gtye4_common_wrapper_inst/common_inst/GTYE4_CHANNEL_QPLL1CLK[0]                                                 |             0.2 |
| GTYE4_CHANNEL_QPLL1CLK[0]_6                                                                                                                                                                                                                                                                                                                                                                                              | level0_i/blp/blp_i/ss_hif/inst/pcie/inst/bd_39ab_pcie_0_gt_top_i/diablo_gt.diablo_gt_phy_wrapper/gt_wizard.gtwizard_top_i/bd_39ab_pcie_0_gt_i/inst/gen_gtwizard_gtye4_top.bd_39ab_pcie_0_gt_gtwizard_gtye4_inst/gen_gtwizard_gtye4.gen_common.gen_common_container[26].gen_enabled_common.gtye4_common_wrapper_inst/common_inst/GTYE4_CHANNEL_QPLL1CLK[0]                                                 |             0.2 |
| GTYE4_CHANNEL_QPLL1CLK[0]_7                                                                                                                                                                                                                                                                                                                                                                                              | level0_i/blp/blp_i/ss_hif/inst/pcie/inst/bd_39ab_pcie_0_gt_top_i/diablo_gt.diablo_gt_phy_wrapper/gt_wizard.gtwizard_top_i/bd_39ab_pcie_0_gt_i/inst/gen_gtwizard_gtye4_top.bd_39ab_pcie_0_gt_gtwizard_gtye4_inst/gen_gtwizard_gtye4.gen_common.gen_common_container[27].gen_enabled_common.gtye4_common_wrapper_inst/common_inst/GTYE4_CHANNEL_QPLL1CLK[0]                                                 |             0.2 |
| GTYE4_CHANNEL_QPLL1REFCLK[0]_4                                                                                                                                                                                                                                                                                                                                                                                           | level0_i/blp/blp_i/ss_hif/inst/pcie/inst/bd_39ab_pcie_0_gt_top_i/diablo_gt.diablo_gt_phy_wrapper/gt_wizard.gtwizard_top_i/bd_39ab_pcie_0_gt_i/inst/gen_gtwizard_gtye4_top.bd_39ab_pcie_0_gt_gtwizard_gtye4_inst/gen_gtwizard_gtye4.gen_common.gen_common_container[24].gen_enabled_common.gtye4_common_wrapper_inst/common_inst/GTYE4_CHANNEL_QPLL1REFCLK[0]                                              |            10.0 |
| GTYE4_CHANNEL_QPLL1REFCLK[0]_5                                                                                                                                                                                                                                                                                                                                                                                           | level0_i/blp/blp_i/ss_hif/inst/pcie/inst/bd_39ab_pcie_0_gt_top_i/diablo_gt.diablo_gt_phy_wrapper/gt_wizard.gtwizard_top_i/bd_39ab_pcie_0_gt_i/inst/gen_gtwizard_gtye4_top.bd_39ab_pcie_0_gt_gtwizard_gtye4_inst/gen_gtwizard_gtye4.gen_common.gen_common_container[25].gen_enabled_common.gtye4_common_wrapper_inst/common_inst/GTYE4_CHANNEL_QPLL1REFCLK[0]                                              |            10.0 |
| GTYE4_CHANNEL_QPLL1REFCLK[0]_6                                                                                                                                                                                                                                                                                                                                                                                           | level0_i/blp/blp_i/ss_hif/inst/pcie/inst/bd_39ab_pcie_0_gt_top_i/diablo_gt.diablo_gt_phy_wrapper/gt_wizard.gtwizard_top_i/bd_39ab_pcie_0_gt_i/inst/gen_gtwizard_gtye4_top.bd_39ab_pcie_0_gt_gtwizard_gtye4_inst/gen_gtwizard_gtye4.gen_common.gen_common_container[26].gen_enabled_common.gtye4_common_wrapper_inst/common_inst/GTYE4_CHANNEL_QPLL1REFCLK[0]                                              |            10.0 |
| GTYE4_CHANNEL_QPLL1REFCLK[0]_7                                                                                                                                                                                                                                                                                                                                                                                           | level0_i/blp/blp_i/ss_hif/inst/pcie/inst/bd_39ab_pcie_0_gt_top_i/diablo_gt.diablo_gt_phy_wrapper/gt_wizard.gtwizard_top_i/bd_39ab_pcie_0_gt_i/inst/gen_gtwizard_gtye4_top.bd_39ab_pcie_0_gt_gtwizard_gtye4_inst/gen_gtwizard_gtye4.gen_common.gen_common_container[27].gen_enabled_common.gtye4_common_wrapper_inst/common_inst/GTYE4_CHANNEL_QPLL1REFCLK[0]                                              |            10.0 |
| GTYE4_CHANNEL_TXOUTCLK[0]_4                                                                                                                                                                                                                                                                                                                                                                                              | level0_i/blp/blp_i/ss_hif/inst/pcie/inst/bd_39ab_pcie_0_gt_top_i/diablo_gt.diablo_gt_phy_wrapper/gt_wizard.gtwizard_top_i/bd_39ab_pcie_0_gt_i/inst/gen_gtwizard_gtye4_top.bd_39ab_pcie_0_gt_gtwizard_gtye4_inst/gen_gtwizard_gtye4.gen_channel_container[24].gen_enabled_channel.gtye4_channel_wrapper_inst/channel_inst/GTYE4_CHANNEL_TXOUTCLK[0]                                                        |             2.0 |
| GTYE4_CHANNEL_TXOUTCLK[0]_5                                                                                                                                                                                                                                                                                                                                                                                              | level0_i/blp/blp_i/ss_hif/inst/pcie/inst/bd_39ab_pcie_0_gt_top_i/diablo_gt.diablo_gt_phy_wrapper/gt_wizard.gtwizard_top_i/bd_39ab_pcie_0_gt_i/inst/gen_gtwizard_gtye4_top.bd_39ab_pcie_0_gt_gtwizard_gtye4_inst/gen_gtwizard_gtye4.gen_channel_container[25].gen_enabled_channel.gtye4_channel_wrapper_inst/channel_inst/GTYE4_CHANNEL_TXOUTCLK[0]                                                        |             2.0 |
| GTYE4_CHANNEL_TXOUTCLK[0]_6                                                                                                                                                                                                                                                                                                                                                                                              | level0_i/blp/blp_i/ss_hif/inst/pcie/inst/bd_39ab_pcie_0_gt_top_i/diablo_gt.diablo_gt_phy_wrapper/gt_wizard.gtwizard_top_i/bd_39ab_pcie_0_gt_i/inst/gen_gtwizard_gtye4_top.bd_39ab_pcie_0_gt_gtwizard_gtye4_inst/gen_gtwizard_gtye4.gen_channel_container[26].gen_enabled_channel.gtye4_channel_wrapper_inst/channel_inst/GTYE4_CHANNEL_TXOUTCLK[0]                                                        |             2.0 |
| GTYE4_CHANNEL_TXOUTCLK[0]_7                                                                                                                                                                                                                                                                                                                                                                                              | level0_i/blp/blp_i/ss_hif/inst/pcie/inst/bd_39ab_pcie_0_gt_top_i/diablo_gt.diablo_gt_phy_wrapper/gt_wizard.gtwizard_top_i/bd_39ab_pcie_0_gt_i/inst/gen_gtwizard_gtye4_top.bd_39ab_pcie_0_gt_gtwizard_gtye4_inst/gen_gtwizard_gtye4.gen_channel_container[27].gen_enabled_channel.gtye4_channel_wrapper_inst/channel_inst/GTYE4_CHANNEL_TXOUTCLK[0]                                                        |             2.0 |
| GTYE4_CHANNEL_TXOUTCLK[1]_4                                                                                                                                                                                                                                                                                                                                                                                              | level0_i/blp/blp_i/ss_hif/inst/pcie/inst/bd_39ab_pcie_0_gt_top_i/diablo_gt.diablo_gt_phy_wrapper/gt_wizard.gtwizard_top_i/bd_39ab_pcie_0_gt_i/inst/gen_gtwizard_gtye4_top.bd_39ab_pcie_0_gt_gtwizard_gtye4_inst/gen_gtwizard_gtye4.gen_channel_container[24].gen_enabled_channel.gtye4_channel_wrapper_inst/channel_inst/GTYE4_CHANNEL_TXOUTCLK[1]                                                        |             2.0 |
| GTYE4_CHANNEL_TXOUTCLK[1]_5                                                                                                                                                                                                                                                                                                                                                                                              | level0_i/blp/blp_i/ss_hif/inst/pcie/inst/bd_39ab_pcie_0_gt_top_i/diablo_gt.diablo_gt_phy_wrapper/gt_wizard.gtwizard_top_i/bd_39ab_pcie_0_gt_i/inst/gen_gtwizard_gtye4_top.bd_39ab_pcie_0_gt_gtwizard_gtye4_inst/gen_gtwizard_gtye4.gen_channel_container[25].gen_enabled_channel.gtye4_channel_wrapper_inst/channel_inst/GTYE4_CHANNEL_TXOUTCLK[1]                                                        |             2.0 |
| GTYE4_CHANNEL_TXOUTCLK[1]_6                                                                                                                                                                                                                                                                                                                                                                                              | level0_i/blp/blp_i/ss_hif/inst/pcie/inst/bd_39ab_pcie_0_gt_top_i/diablo_gt.diablo_gt_phy_wrapper/gt_wizard.gtwizard_top_i/bd_39ab_pcie_0_gt_i/inst/gen_gtwizard_gtye4_top.bd_39ab_pcie_0_gt_gtwizard_gtye4_inst/gen_gtwizard_gtye4.gen_channel_container[26].gen_enabled_channel.gtye4_channel_wrapper_inst/channel_inst/GTYE4_CHANNEL_TXOUTCLK[1]                                                        |             2.0 |
| GTYE4_CHANNEL_TXOUTCLK[1]_7                                                                                                                                                                                                                                                                                                                                                                                              | level0_i/blp/blp_i/ss_hif/inst/pcie/inst/bd_39ab_pcie_0_gt_top_i/diablo_gt.diablo_gt_phy_wrapper/gt_wizard.gtwizard_top_i/bd_39ab_pcie_0_gt_i/inst/gen_gtwizard_gtye4_top.bd_39ab_pcie_0_gt_gtwizard_gtye4_inst/gen_gtwizard_gtye4.gen_channel_container[27].gen_enabled_channel.gtye4_channel_wrapper_inst/channel_inst/GTYE4_CHANNEL_TXOUTCLK[1]                                                        |             2.0 |
| GTYE4_CHANNEL_TXOUTCLK[2]_4                                                                                                                                                                                                                                                                                                                                                                                              | level0_i/blp/blp_i/ss_hif/inst/pcie/inst/bd_39ab_pcie_0_gt_top_i/diablo_gt.diablo_gt_phy_wrapper/gt_wizard.gtwizard_top_i/bd_39ab_pcie_0_gt_i/inst/gen_gtwizard_gtye4_top.bd_39ab_pcie_0_gt_gtwizard_gtye4_inst/gen_gtwizard_gtye4.gen_channel_container[24].gen_enabled_channel.gtye4_channel_wrapper_inst/channel_inst/GTYE4_CHANNEL_TXOUTCLK[2]                                                        |             2.0 |
| GTYE4_CHANNEL_TXOUTCLK[2]_5                                                                                                                                                                                                                                                                                                                                                                                              | level0_i/blp/blp_i/ss_hif/inst/pcie/inst/bd_39ab_pcie_0_gt_top_i/diablo_gt.diablo_gt_phy_wrapper/gt_wizard.gtwizard_top_i/bd_39ab_pcie_0_gt_i/inst/gen_gtwizard_gtye4_top.bd_39ab_pcie_0_gt_gtwizard_gtye4_inst/gen_gtwizard_gtye4.gen_channel_container[25].gen_enabled_channel.gtye4_channel_wrapper_inst/channel_inst/GTYE4_CHANNEL_TXOUTCLK[2]                                                        |             2.0 |
| GTYE4_CHANNEL_TXOUTCLK[2]_6                                                                                                                                                                                                                                                                                                                                                                                              | level0_i/blp/blp_i/ss_hif/inst/pcie/inst/bd_39ab_pcie_0_gt_top_i/diablo_gt.diablo_gt_phy_wrapper/gt_wizard.gtwizard_top_i/bd_39ab_pcie_0_gt_i/inst/gen_gtwizard_gtye4_top.bd_39ab_pcie_0_gt_gtwizard_gtye4_inst/gen_gtwizard_gtye4.gen_channel_container[26].gen_enabled_channel.gtye4_channel_wrapper_inst/channel_inst/GTYE4_CHANNEL_TXOUTCLK[2]                                                        |             2.0 |
| GTYE4_CHANNEL_TXOUTCLK[2]_7                                                                                                                                                                                                                                                                                                                                                                                              | level0_i/blp/blp_i/ss_hif/inst/pcie/inst/bd_39ab_pcie_0_gt_top_i/diablo_gt.diablo_gt_phy_wrapper/gt_wizard.gtwizard_top_i/bd_39ab_pcie_0_gt_i/inst/gen_gtwizard_gtye4_top.bd_39ab_pcie_0_gt_gtwizard_gtye4_inst/gen_gtwizard_gtye4.gen_channel_container[27].gen_enabled_channel.gtye4_channel_wrapper_inst/channel_inst/GTYE4_CHANNEL_TXOUTCLK[2]                                                        |             2.0 |
| GTYE4_CHANNEL_TXOUTCLK[3]_4                                                                                                                                                                                                                                                                                                                                                                                              | level0_i/blp/blp_i/ss_hif/inst/pcie/inst/bd_39ab_pcie_0_gt_top_i/diablo_gt.diablo_gt_phy_wrapper/gt_wizard.gtwizard_top_i/bd_39ab_pcie_0_gt_i/inst/gen_gtwizard_gtye4_top.bd_39ab_pcie_0_gt_gtwizard_gtye4_inst/gen_gtwizard_gtye4.gen_channel_container[24].gen_enabled_channel.gtye4_channel_wrapper_inst/channel_inst/GTYE4_CHANNEL_TXOUTCLK[3]                                                        |             2.0 |
| GTYE4_CHANNEL_TXOUTCLK[3]_5                                                                                                                                                                                                                                                                                                                                                                                              | level0_i/blp/blp_i/ss_hif/inst/pcie/inst/bd_39ab_pcie_0_gt_top_i/diablo_gt.diablo_gt_phy_wrapper/gt_wizard.gtwizard_top_i/bd_39ab_pcie_0_gt_i/inst/gen_gtwizard_gtye4_top.bd_39ab_pcie_0_gt_gtwizard_gtye4_inst/gen_gtwizard_gtye4.gen_channel_container[25].gen_enabled_channel.gtye4_channel_wrapper_inst/channel_inst/GTYE4_CHANNEL_TXOUTCLK[3]                                                        |             2.0 |
| GTYE4_CHANNEL_TXOUTCLK[3]_6                                                                                                                                                                                                                                                                                                                                                                                              | level0_i/blp/blp_i/ss_hif/inst/pcie/inst/bd_39ab_pcie_0_gt_top_i/diablo_gt.diablo_gt_phy_wrapper/gt_wizard.gtwizard_top_i/bd_39ab_pcie_0_gt_i/inst/gen_gtwizard_gtye4_top.bd_39ab_pcie_0_gt_gtwizard_gtye4_inst/gen_gtwizard_gtye4.gen_channel_container[26].gen_enabled_channel.gtye4_channel_wrapper_inst/channel_inst/GTYE4_CHANNEL_TXOUTCLK[3]                                                        |             2.0 |
| GTYE4_CHANNEL_TXOUTCLK[3]_7                                                                                                                                                                                                                                                                                                                                                                                              | level0_i/blp/blp_i/ss_hif/inst/pcie/inst/bd_39ab_pcie_0_gt_top_i/diablo_gt.diablo_gt_phy_wrapper/gt_wizard.gtwizard_top_i/bd_39ab_pcie_0_gt_i/inst/gen_gtwizard_gtye4_top.bd_39ab_pcie_0_gt_gtwizard_gtye4_inst/gen_gtwizard_gtye4.gen_channel_container[27].gen_enabled_channel.gtye4_channel_wrapper_inst/channel_inst/GTYE4_CHANNEL_TXOUTCLK[3]                                                        |             2.0 |
| clk_kernel_00_unbuffered_net                                                                                                                                                                                                                                                                                                                                                                                             | level0_i/ulp/ulp_ucs/inst/aclk_kernel_00_hierarchy/clkwiz_aclk_kernel_00/inst/CLK_CORE_DRP_I/clk_inst/clk_out1                                                                                                                                                                                                                                                                                            |             3.3 |
| clk_kernel_01_unbuffered_net                                                                                                                                                                                                                                                                                                                                                                                             | level0_i/ulp/ulp_ucs/inst/aclk_kernel_01_hierarchy/clkwiz_aclk_kernel_01/inst/CLK_CORE_DRP_I/clk_inst/clk_out1                                                                                                                                                                                                                                                                                            |             2.0 |
| clk_out1_bd_39ab_clkwiz_level0_periph_0_1                                                                                                                                                                                                                                                                                                                                                                                | level0_i/blp/blp_i/ss_hif/inst/clkwiz_level0_periph/inst/clk_out1_bd_39ab_clkwiz_level0_periph_0                                                                                                                                                                                                                                                                                                          |            10.0 |
| clk_out2_bd_39ab_clkwiz_level0_periph_0_1                                                                                                                                                                                                                                                                                                                                                                                | level0_i/blp/blp_i/ss_hif/inst/clkwiz_level0_periph/inst/clk_out2_bd_39ab_clkwiz_level0_periph_0                                                                                                                                                                                                                                                                                                          |            20.0 |
| dma_ip_axi_aclk_1                                                                                                                                                                                                                                                                                                                                                                                                        | level0_i/blp/blp_i/ss_hif/inst/pcie/inst/bd_39ab_pcie_0_gt_top_i/diablo_gt.diablo_gt_phy_wrapper/phy_clk_i/CLK_USERCLK                                                                                                                                                                                                                                                                                    |             4.0 |
| hbm_aclk                                                                                                                                                                                                                                                                                                                                                                                                                 | level0_i/ulp/ulp_ucs/inst/aclk_hbm_hierarchy/clkwiz_hbm/inst/CLK_CORE_DRP_I/clk_inst/clk_out1_bd_22c0_clkwiz_hbm_0                                                                                                                                                                                                                                                                                        |             2.2 |
| io_clk_freerun_00_clk_p                                                                                                                                                                                                                                                                                                                                                                                                  | io_clk_freerun_00_clk_p                                                                                                                                                                                                                                                                                                                                                                                   |            10.0 |
| io_clk_pcie_00_clk_p                                                                                                                                                                                                                                                                                                                                                                                                     | io_clk_pcie_00_clk_p                                                                                                                                                                                                                                                                                                                                                                                      |            10.0 |
| level0_i/blp/blp_i/ss_cmp/inst/jtag_fallback/inst/bs_switch/inst/BSCAN_SWITCH.N_EXT_BSCAN.bscan_inst/SERIES7_BSCAN.bscan_inst/INTERNAL_TCK                                                                                                                                                                                                                                                                               | level0_i/blp/blp_i/ss_cmp/inst/jtag_fallback/inst/bs_switch/inst/BSCAN_SWITCH.N_EXT_BSCAN.bscan_inst/BSCAN_SWITCH.N_EXT_BSCAN.tck_bs                                                                                                                                                                                                                                                                      |            50.0 |
| level0_i/blp/blp_i/ss_cmp/inst/mdm_board_control/U0/No_Dbg_Reg_Access.BUFG_DRCK/Using_FPGA.Native/O                                                                                                                                                                                                                                                                                                                      | level0_i/blp/blp_i/ss_cmp/inst/mdm_board_control/U0/No_Dbg_Reg_Access.BUFG_DRCK/Dbg_Clk_0                                                                                                                                                                                                                                                                                                                 |           160.0 |
| level0_i/blp/blp_i/ss_cmp/inst/mdm_board_control/U0/Use_External.Use_BSCANID.No_Dbg_Reg_Access.BUFG_UPDATE/Using_FPGA.Native/O                                                                                                                                                                                                                                                                                           | level0_i/blp/blp_i/ss_cmp/inst/mdm_board_control/U0/Use_External.Use_BSCANID.No_Dbg_Reg_Access.BUFG_UPDATE/Dbg_Update_0                                                                                                                                                                                                                                                                                   |           100.0 |
| level0_i/blp/blp_i/ss_cmp/inst/mgmt_debug_bridge/inst/axi_jtag/inst/u_jtag_proc/tck_i_reg/Q                                                                                                                                                                                                                                                                                                                              | level0_i/blp/blp_i/ss_cmp/inst/mgmt_debug_bridge/inst/axi_jtag/inst/u_jtag_proc/tck                                                                                                                                                                                                                                                                                                                       |           160.0 |
| level0_i/blp/blp_i/ss_cmp/inst/mgmt_debug_bridge/inst/bsip/inst/USE_SOFTBSCAN.U_BSCAN_TAP/U_BASETAP/U_TAP/UPDATEDR_O_reg/Q                                                                                                                                                                                                                                                                                               | level0_i/blp/blp_i/ss_cmp/inst/mgmt_debug_bridge/inst/bsip/inst/USE_SOFTBSCAN.U_BSCAN_TAP/U_BASETAP/U_TAP/UPDATEDR_O                                                                                                                                                                                                                                                                                      |           160.0 |
| level0_i/blp/blp_i/ss_hif/inst/pcie/inst/bd_39ab_pcie_0_gt_top_i/diablo_gt.diablo_gt_phy_wrapper/gt_wizard.gtwizard_top_i/bd_39ab_pcie_0_gt_i/inst/gen_gtwizard_gtye4_top.bd_39ab_pcie_0_gt_gtwizard_gtye4_inst/gen_gtwizard_gtye4.gen_cpll_cal_gtye4.gen_cpll_cal_inst[0].gen_inst_cpll_cal.gtwizard_ultrascale_v1_7_10_gtye4_cpll_cal_inst/gtwizard_ultrascale_v1_7_10_gtye4_cpll_cal_tx_i/bufg_gt_txoutclkmon_inst/O  | level0_i/blp/blp_i/ss_hif/inst/pcie/inst/bd_39ab_pcie_0_gt_top_i/diablo_gt.diablo_gt_phy_wrapper/gt_wizard.gtwizard_top_i/bd_39ab_pcie_0_gt_i/inst/gen_gtwizard_gtye4_top.bd_39ab_pcie_0_gt_gtwizard_gtye4_inst/gen_gtwizard_gtye4.gen_cpll_cal_gtye4.gen_cpll_cal_inst[0].gen_inst_cpll_cal.gtwizard_ultrascale_v1_7_10_gtye4_cpll_cal_inst/gtwizard_ultrascale_v1_7_10_gtye4_cpll_cal_tx_i/txoutclkmon  |             8.0 |
| level0_i/blp/blp_i/ss_hif/inst/pcie/inst/bd_39ab_pcie_0_gt_top_i/diablo_gt.diablo_gt_phy_wrapper/gt_wizard.gtwizard_top_i/bd_39ab_pcie_0_gt_i/inst/gen_gtwizard_gtye4_top.bd_39ab_pcie_0_gt_gtwizard_gtye4_inst/gen_gtwizard_gtye4.gen_cpll_cal_gtye4.gen_cpll_cal_inst[10].gen_inst_cpll_cal.gtwizard_ultrascale_v1_7_10_gtye4_cpll_cal_inst/gtwizard_ultrascale_v1_7_10_gtye4_cpll_cal_tx_i/bufg_gt_txoutclkmon_inst/O | level0_i/blp/blp_i/ss_hif/inst/pcie/inst/bd_39ab_pcie_0_gt_top_i/diablo_gt.diablo_gt_phy_wrapper/gt_wizard.gtwizard_top_i/bd_39ab_pcie_0_gt_i/inst/gen_gtwizard_gtye4_top.bd_39ab_pcie_0_gt_gtwizard_gtye4_inst/gen_gtwizard_gtye4.gen_cpll_cal_gtye4.gen_cpll_cal_inst[10].gen_inst_cpll_cal.gtwizard_ultrascale_v1_7_10_gtye4_cpll_cal_inst/gtwizard_ultrascale_v1_7_10_gtye4_cpll_cal_tx_i/txoutclkmon |             8.0 |
| level0_i/blp/blp_i/ss_hif/inst/pcie/inst/bd_39ab_pcie_0_gt_top_i/diablo_gt.diablo_gt_phy_wrapper/gt_wizard.gtwizard_top_i/bd_39ab_pcie_0_gt_i/inst/gen_gtwizard_gtye4_top.bd_39ab_pcie_0_gt_gtwizard_gtye4_inst/gen_gtwizard_gtye4.gen_cpll_cal_gtye4.gen_cpll_cal_inst[11].gen_inst_cpll_cal.gtwizard_ultrascale_v1_7_10_gtye4_cpll_cal_inst/gtwizard_ultrascale_v1_7_10_gtye4_cpll_cal_tx_i/bufg_gt_txoutclkmon_inst/O | level0_i/blp/blp_i/ss_hif/inst/pcie/inst/bd_39ab_pcie_0_gt_top_i/diablo_gt.diablo_gt_phy_wrapper/gt_wizard.gtwizard_top_i/bd_39ab_pcie_0_gt_i/inst/gen_gtwizard_gtye4_top.bd_39ab_pcie_0_gt_gtwizard_gtye4_inst/gen_gtwizard_gtye4.gen_cpll_cal_gtye4.gen_cpll_cal_inst[11].gen_inst_cpll_cal.gtwizard_ultrascale_v1_7_10_gtye4_cpll_cal_inst/gtwizard_ultrascale_v1_7_10_gtye4_cpll_cal_tx_i/txoutclkmon |             8.0 |
| level0_i/blp/blp_i/ss_hif/inst/pcie/inst/bd_39ab_pcie_0_gt_top_i/diablo_gt.diablo_gt_phy_wrapper/gt_wizard.gtwizard_top_i/bd_39ab_pcie_0_gt_i/inst/gen_gtwizard_gtye4_top.bd_39ab_pcie_0_gt_gtwizard_gtye4_inst/gen_gtwizard_gtye4.gen_cpll_cal_gtye4.gen_cpll_cal_inst[12].gen_inst_cpll_cal.gtwizard_ultrascale_v1_7_10_gtye4_cpll_cal_inst/gtwizard_ultrascale_v1_7_10_gtye4_cpll_cal_tx_i/bufg_gt_txoutclkmon_inst/O | level0_i/blp/blp_i/ss_hif/inst/pcie/inst/bd_39ab_pcie_0_gt_top_i/diablo_gt.diablo_gt_phy_wrapper/gt_wizard.gtwizard_top_i/bd_39ab_pcie_0_gt_i/inst/gen_gtwizard_gtye4_top.bd_39ab_pcie_0_gt_gtwizard_gtye4_inst/gen_gtwizard_gtye4.gen_cpll_cal_gtye4.gen_cpll_cal_inst[12].gen_inst_cpll_cal.gtwizard_ultrascale_v1_7_10_gtye4_cpll_cal_inst/gtwizard_ultrascale_v1_7_10_gtye4_cpll_cal_tx_i/txoutclkmon |             8.0 |
| level0_i/blp/blp_i/ss_hif/inst/pcie/inst/bd_39ab_pcie_0_gt_top_i/diablo_gt.diablo_gt_phy_wrapper/gt_wizard.gtwizard_top_i/bd_39ab_pcie_0_gt_i/inst/gen_gtwizard_gtye4_top.bd_39ab_pcie_0_gt_gtwizard_gtye4_inst/gen_gtwizard_gtye4.gen_cpll_cal_gtye4.gen_cpll_cal_inst[13].gen_inst_cpll_cal.gtwizard_ultrascale_v1_7_10_gtye4_cpll_cal_inst/gtwizard_ultrascale_v1_7_10_gtye4_cpll_cal_tx_i/bufg_gt_txoutclkmon_inst/O | level0_i/blp/blp_i/ss_hif/inst/pcie/inst/bd_39ab_pcie_0_gt_top_i/diablo_gt.diablo_gt_phy_wrapper/gt_wizard.gtwizard_top_i/bd_39ab_pcie_0_gt_i/inst/gen_gtwizard_gtye4_top.bd_39ab_pcie_0_gt_gtwizard_gtye4_inst/gen_gtwizard_gtye4.gen_cpll_cal_gtye4.gen_cpll_cal_inst[13].gen_inst_cpll_cal.gtwizard_ultrascale_v1_7_10_gtye4_cpll_cal_inst/gtwizard_ultrascale_v1_7_10_gtye4_cpll_cal_tx_i/txoutclkmon |             8.0 |
| level0_i/blp/blp_i/ss_hif/inst/pcie/inst/bd_39ab_pcie_0_gt_top_i/diablo_gt.diablo_gt_phy_wrapper/gt_wizard.gtwizard_top_i/bd_39ab_pcie_0_gt_i/inst/gen_gtwizard_gtye4_top.bd_39ab_pcie_0_gt_gtwizard_gtye4_inst/gen_gtwizard_gtye4.gen_cpll_cal_gtye4.gen_cpll_cal_inst[14].gen_inst_cpll_cal.gtwizard_ultrascale_v1_7_10_gtye4_cpll_cal_inst/gtwizard_ultrascale_v1_7_10_gtye4_cpll_cal_tx_i/bufg_gt_txoutclkmon_inst/O | level0_i/blp/blp_i/ss_hif/inst/pcie/inst/bd_39ab_pcie_0_gt_top_i/diablo_gt.diablo_gt_phy_wrapper/gt_wizard.gtwizard_top_i/bd_39ab_pcie_0_gt_i/inst/gen_gtwizard_gtye4_top.bd_39ab_pcie_0_gt_gtwizard_gtye4_inst/gen_gtwizard_gtye4.gen_cpll_cal_gtye4.gen_cpll_cal_inst[14].gen_inst_cpll_cal.gtwizard_ultrascale_v1_7_10_gtye4_cpll_cal_inst/gtwizard_ultrascale_v1_7_10_gtye4_cpll_cal_tx_i/txoutclkmon |             8.0 |
| level0_i/blp/blp_i/ss_hif/inst/pcie/inst/bd_39ab_pcie_0_gt_top_i/diablo_gt.diablo_gt_phy_wrapper/gt_wizard.gtwizard_top_i/bd_39ab_pcie_0_gt_i/inst/gen_gtwizard_gtye4_top.bd_39ab_pcie_0_gt_gtwizard_gtye4_inst/gen_gtwizard_gtye4.gen_cpll_cal_gtye4.gen_cpll_cal_inst[15].gen_inst_cpll_cal.gtwizard_ultrascale_v1_7_10_gtye4_cpll_cal_inst/gtwizard_ultrascale_v1_7_10_gtye4_cpll_cal_tx_i/bufg_gt_txoutclkmon_inst/O | level0_i/blp/blp_i/ss_hif/inst/pcie/inst/bd_39ab_pcie_0_gt_top_i/diablo_gt.diablo_gt_phy_wrapper/gt_wizard.gtwizard_top_i/bd_39ab_pcie_0_gt_i/inst/gen_gtwizard_gtye4_top.bd_39ab_pcie_0_gt_gtwizard_gtye4_inst/gen_gtwizard_gtye4.gen_cpll_cal_gtye4.gen_cpll_cal_inst[15].gen_inst_cpll_cal.gtwizard_ultrascale_v1_7_10_gtye4_cpll_cal_inst/gtwizard_ultrascale_v1_7_10_gtye4_cpll_cal_tx_i/txoutclkmon |             8.0 |
| level0_i/blp/blp_i/ss_hif/inst/pcie/inst/bd_39ab_pcie_0_gt_top_i/diablo_gt.diablo_gt_phy_wrapper/gt_wizard.gtwizard_top_i/bd_39ab_pcie_0_gt_i/inst/gen_gtwizard_gtye4_top.bd_39ab_pcie_0_gt_gtwizard_gtye4_inst/gen_gtwizard_gtye4.gen_cpll_cal_gtye4.gen_cpll_cal_inst[1].gen_inst_cpll_cal.gtwizard_ultrascale_v1_7_10_gtye4_cpll_cal_inst/gtwizard_ultrascale_v1_7_10_gtye4_cpll_cal_tx_i/bufg_gt_txoutclkmon_inst/O  | level0_i/blp/blp_i/ss_hif/inst/pcie/inst/bd_39ab_pcie_0_gt_top_i/diablo_gt.diablo_gt_phy_wrapper/gt_wizard.gtwizard_top_i/bd_39ab_pcie_0_gt_i/inst/gen_gtwizard_gtye4_top.bd_39ab_pcie_0_gt_gtwizard_gtye4_inst/gen_gtwizard_gtye4.gen_cpll_cal_gtye4.gen_cpll_cal_inst[1].gen_inst_cpll_cal.gtwizard_ultrascale_v1_7_10_gtye4_cpll_cal_inst/gtwizard_ultrascale_v1_7_10_gtye4_cpll_cal_tx_i/txoutclkmon  |             8.0 |
| level0_i/blp/blp_i/ss_hif/inst/pcie/inst/bd_39ab_pcie_0_gt_top_i/diablo_gt.diablo_gt_phy_wrapper/gt_wizard.gtwizard_top_i/bd_39ab_pcie_0_gt_i/inst/gen_gtwizard_gtye4_top.bd_39ab_pcie_0_gt_gtwizard_gtye4_inst/gen_gtwizard_gtye4.gen_cpll_cal_gtye4.gen_cpll_cal_inst[2].gen_inst_cpll_cal.gtwizard_ultrascale_v1_7_10_gtye4_cpll_cal_inst/gtwizard_ultrascale_v1_7_10_gtye4_cpll_cal_tx_i/bufg_gt_txoutclkmon_inst/O  | level0_i/blp/blp_i/ss_hif/inst/pcie/inst/bd_39ab_pcie_0_gt_top_i/diablo_gt.diablo_gt_phy_wrapper/gt_wizard.gtwizard_top_i/bd_39ab_pcie_0_gt_i/inst/gen_gtwizard_gtye4_top.bd_39ab_pcie_0_gt_gtwizard_gtye4_inst/gen_gtwizard_gtye4.gen_cpll_cal_gtye4.gen_cpll_cal_inst[2].gen_inst_cpll_cal.gtwizard_ultrascale_v1_7_10_gtye4_cpll_cal_inst/gtwizard_ultrascale_v1_7_10_gtye4_cpll_cal_tx_i/txoutclkmon  |             8.0 |
| level0_i/blp/blp_i/ss_hif/inst/pcie/inst/bd_39ab_pcie_0_gt_top_i/diablo_gt.diablo_gt_phy_wrapper/gt_wizard.gtwizard_top_i/bd_39ab_pcie_0_gt_i/inst/gen_gtwizard_gtye4_top.bd_39ab_pcie_0_gt_gtwizard_gtye4_inst/gen_gtwizard_gtye4.gen_cpll_cal_gtye4.gen_cpll_cal_inst[3].gen_inst_cpll_cal.gtwizard_ultrascale_v1_7_10_gtye4_cpll_cal_inst/gtwizard_ultrascale_v1_7_10_gtye4_cpll_cal_tx_i/bufg_gt_txoutclkmon_inst/O  | level0_i/blp/blp_i/ss_hif/inst/pcie/inst/bd_39ab_pcie_0_gt_top_i/diablo_gt.diablo_gt_phy_wrapper/gt_wizard.gtwizard_top_i/bd_39ab_pcie_0_gt_i/inst/gen_gtwizard_gtye4_top.bd_39ab_pcie_0_gt_gtwizard_gtye4_inst/gen_gtwizard_gtye4.gen_cpll_cal_gtye4.gen_cpll_cal_inst[3].gen_inst_cpll_cal.gtwizard_ultrascale_v1_7_10_gtye4_cpll_cal_inst/gtwizard_ultrascale_v1_7_10_gtye4_cpll_cal_tx_i/txoutclkmon  |             8.0 |
| level0_i/blp/blp_i/ss_hif/inst/pcie/inst/bd_39ab_pcie_0_gt_top_i/diablo_gt.diablo_gt_phy_wrapper/gt_wizard.gtwizard_top_i/bd_39ab_pcie_0_gt_i/inst/gen_gtwizard_gtye4_top.bd_39ab_pcie_0_gt_gtwizard_gtye4_inst/gen_gtwizard_gtye4.gen_cpll_cal_gtye4.gen_cpll_cal_inst[4].gen_inst_cpll_cal.gtwizard_ultrascale_v1_7_10_gtye4_cpll_cal_inst/gtwizard_ultrascale_v1_7_10_gtye4_cpll_cal_tx_i/bufg_gt_txoutclkmon_inst/O  | level0_i/blp/blp_i/ss_hif/inst/pcie/inst/bd_39ab_pcie_0_gt_top_i/diablo_gt.diablo_gt_phy_wrapper/gt_wizard.gtwizard_top_i/bd_39ab_pcie_0_gt_i/inst/gen_gtwizard_gtye4_top.bd_39ab_pcie_0_gt_gtwizard_gtye4_inst/gen_gtwizard_gtye4.gen_cpll_cal_gtye4.gen_cpll_cal_inst[4].gen_inst_cpll_cal.gtwizard_ultrascale_v1_7_10_gtye4_cpll_cal_inst/gtwizard_ultrascale_v1_7_10_gtye4_cpll_cal_tx_i/txoutclkmon  |             8.0 |
| level0_i/blp/blp_i/ss_hif/inst/pcie/inst/bd_39ab_pcie_0_gt_top_i/diablo_gt.diablo_gt_phy_wrapper/gt_wizard.gtwizard_top_i/bd_39ab_pcie_0_gt_i/inst/gen_gtwizard_gtye4_top.bd_39ab_pcie_0_gt_gtwizard_gtye4_inst/gen_gtwizard_gtye4.gen_cpll_cal_gtye4.gen_cpll_cal_inst[5].gen_inst_cpll_cal.gtwizard_ultrascale_v1_7_10_gtye4_cpll_cal_inst/gtwizard_ultrascale_v1_7_10_gtye4_cpll_cal_tx_i/bufg_gt_txoutclkmon_inst/O  | level0_i/blp/blp_i/ss_hif/inst/pcie/inst/bd_39ab_pcie_0_gt_top_i/diablo_gt.diablo_gt_phy_wrapper/gt_wizard.gtwizard_top_i/bd_39ab_pcie_0_gt_i/inst/gen_gtwizard_gtye4_top.bd_39ab_pcie_0_gt_gtwizard_gtye4_inst/gen_gtwizard_gtye4.gen_cpll_cal_gtye4.gen_cpll_cal_inst[5].gen_inst_cpll_cal.gtwizard_ultrascale_v1_7_10_gtye4_cpll_cal_inst/gtwizard_ultrascale_v1_7_10_gtye4_cpll_cal_tx_i/txoutclkmon  |             8.0 |
| level0_i/blp/blp_i/ss_hif/inst/pcie/inst/bd_39ab_pcie_0_gt_top_i/diablo_gt.diablo_gt_phy_wrapper/gt_wizard.gtwizard_top_i/bd_39ab_pcie_0_gt_i/inst/gen_gtwizard_gtye4_top.bd_39ab_pcie_0_gt_gtwizard_gtye4_inst/gen_gtwizard_gtye4.gen_cpll_cal_gtye4.gen_cpll_cal_inst[6].gen_inst_cpll_cal.gtwizard_ultrascale_v1_7_10_gtye4_cpll_cal_inst/gtwizard_ultrascale_v1_7_10_gtye4_cpll_cal_tx_i/bufg_gt_txoutclkmon_inst/O  | level0_i/blp/blp_i/ss_hif/inst/pcie/inst/bd_39ab_pcie_0_gt_top_i/diablo_gt.diablo_gt_phy_wrapper/gt_wizard.gtwizard_top_i/bd_39ab_pcie_0_gt_i/inst/gen_gtwizard_gtye4_top.bd_39ab_pcie_0_gt_gtwizard_gtye4_inst/gen_gtwizard_gtye4.gen_cpll_cal_gtye4.gen_cpll_cal_inst[6].gen_inst_cpll_cal.gtwizard_ultrascale_v1_7_10_gtye4_cpll_cal_inst/gtwizard_ultrascale_v1_7_10_gtye4_cpll_cal_tx_i/txoutclkmon  |             8.0 |
| level0_i/blp/blp_i/ss_hif/inst/pcie/inst/bd_39ab_pcie_0_gt_top_i/diablo_gt.diablo_gt_phy_wrapper/gt_wizard.gtwizard_top_i/bd_39ab_pcie_0_gt_i/inst/gen_gtwizard_gtye4_top.bd_39ab_pcie_0_gt_gtwizard_gtye4_inst/gen_gtwizard_gtye4.gen_cpll_cal_gtye4.gen_cpll_cal_inst[7].gen_inst_cpll_cal.gtwizard_ultrascale_v1_7_10_gtye4_cpll_cal_inst/gtwizard_ultrascale_v1_7_10_gtye4_cpll_cal_tx_i/bufg_gt_txoutclkmon_inst/O  | level0_i/blp/blp_i/ss_hif/inst/pcie/inst/bd_39ab_pcie_0_gt_top_i/diablo_gt.diablo_gt_phy_wrapper/gt_wizard.gtwizard_top_i/bd_39ab_pcie_0_gt_i/inst/gen_gtwizard_gtye4_top.bd_39ab_pcie_0_gt_gtwizard_gtye4_inst/gen_gtwizard_gtye4.gen_cpll_cal_gtye4.gen_cpll_cal_inst[7].gen_inst_cpll_cal.gtwizard_ultrascale_v1_7_10_gtye4_cpll_cal_inst/gtwizard_ultrascale_v1_7_10_gtye4_cpll_cal_tx_i/txoutclkmon  |             8.0 |
| level0_i/blp/blp_i/ss_hif/inst/pcie/inst/bd_39ab_pcie_0_gt_top_i/diablo_gt.diablo_gt_phy_wrapper/gt_wizard.gtwizard_top_i/bd_39ab_pcie_0_gt_i/inst/gen_gtwizard_gtye4_top.bd_39ab_pcie_0_gt_gtwizard_gtye4_inst/gen_gtwizard_gtye4.gen_cpll_cal_gtye4.gen_cpll_cal_inst[8].gen_inst_cpll_cal.gtwizard_ultrascale_v1_7_10_gtye4_cpll_cal_inst/gtwizard_ultrascale_v1_7_10_gtye4_cpll_cal_tx_i/bufg_gt_txoutclkmon_inst/O  | level0_i/blp/blp_i/ss_hif/inst/pcie/inst/bd_39ab_pcie_0_gt_top_i/diablo_gt.diablo_gt_phy_wrapper/gt_wizard.gtwizard_top_i/bd_39ab_pcie_0_gt_i/inst/gen_gtwizard_gtye4_top.bd_39ab_pcie_0_gt_gtwizard_gtye4_inst/gen_gtwizard_gtye4.gen_cpll_cal_gtye4.gen_cpll_cal_inst[8].gen_inst_cpll_cal.gtwizard_ultrascale_v1_7_10_gtye4_cpll_cal_inst/gtwizard_ultrascale_v1_7_10_gtye4_cpll_cal_tx_i/txoutclkmon  |             8.0 |
| level0_i/blp/blp_i/ss_hif/inst/pcie/inst/bd_39ab_pcie_0_gt_top_i/diablo_gt.diablo_gt_phy_wrapper/gt_wizard.gtwizard_top_i/bd_39ab_pcie_0_gt_i/inst/gen_gtwizard_gtye4_top.bd_39ab_pcie_0_gt_gtwizard_gtye4_inst/gen_gtwizard_gtye4.gen_cpll_cal_gtye4.gen_cpll_cal_inst[9].gen_inst_cpll_cal.gtwizard_ultrascale_v1_7_10_gtye4_cpll_cal_inst/gtwizard_ultrascale_v1_7_10_gtye4_cpll_cal_tx_i/bufg_gt_txoutclkmon_inst/O  | level0_i/blp/blp_i/ss_hif/inst/pcie/inst/bd_39ab_pcie_0_gt_top_i/diablo_gt.diablo_gt_phy_wrapper/gt_wizard.gtwizard_top_i/bd_39ab_pcie_0_gt_i/inst/gen_gtwizard_gtye4_top.bd_39ab_pcie_0_gt_gtwizard_gtye4_inst/gen_gtwizard_gtye4.gen_cpll_cal_gtye4.gen_cpll_cal_inst[9].gen_inst_cpll_cal.gtwizard_ultrascale_v1_7_10_gtye4_cpll_cal_inst/gtwizard_ultrascale_v1_7_10_gtye4_cpll_cal_tx_i/txoutclkmon  |             8.0 |
| level0_i/blp/blp_i/ss_hif/inst/pcie/inst/bd_39ab_pcie_0_gt_top_i/diablo_gt.diablo_gt_phy_wrapper/phy_clk_i/bufg_gt_intclk/O                                                                                                                                                                                                                                                                                              | level0_i/blp/blp_i/ss_hif/inst/pcie/inst/bd_39ab_pcie_0_gt_top_i/diablo_gt.diablo_gt_phy_wrapper/phy_clk_i/CLK_INTCLK                                                                                                                                                                                                                                                                                     |          1000.0 |
| level0_i/ulp/ulp_cmp/inst/user_debug_bridge/inst/axi_jtag/inst/u_jtag_proc/tck_i_reg/Q                                                                                                                                                                                                                                                                                                                                   | level0_i/ulp/ulp_cmp/inst/user_debug_bridge/inst/axi_jtag/inst/u_jtag_proc/tck                                                                                                                                                                                                                                                                                                                            |           160.0 |
| level0_i/ulp/ulp_cmp/inst/user_debug_bridge/inst/bsip/inst/USE_SOFTBSCAN.U_BSCAN_TAP/U_BASETAP/U_TAP/UPDATEDR_O_reg/Q                                                                                                                                                                                                                                                                                                    | level0_i/ulp/ulp_cmp/inst/user_debug_bridge/inst/bsip/inst/USE_SOFTBSCAN.U_BSCAN_TAP/U_BASETAP/U_TAP/UPDATEDR_O                                                                                                                                                                                                                                                                                           |           160.0 |
| mcap_clk_1                                                                                                                                                                                                                                                                                                                                                                                                               | level0_i/blp/blp_i/ss_hif/inst/pcie/inst/bd_39ab_pcie_0_gt_top_i/diablo_gt.diablo_gt_phy_wrapper/phy_clk_i/mcap_clk                                                                                                                                                                                                                                                                                       |             8.0 |
| pipe_clk_1                                                                                                                                                                                                                                                                                                                                                                                                               | level0_i/blp/blp_i/ss_hif/inst/pcie/inst/bd_39ab_pcie_0_gt_top_i/diablo_gt.diablo_gt_phy_wrapper/phy_clk_i/CLK_PCLK2_GT                                                                                                                                                                                                                                                                                   |             4.0 |
+--------------------------------------------------------------------------------------------------------------------------------------------------------------------------------------------------------------------------------------------------------------------------------------------------------------------------------------------------------------------------------------------------------------------------+-----------------------------------------------------------------------------------------------------------------------------------------------------------------------------------------------------------------------------------------------------------------------------------------------------------------------------------------------------------------------------------------------------------+-----------------+


3. Detailed Reports
-------------------

3.1 By Hierarchy
----------------

+-----------------------------------------------------+-----------+
| Name                                                | Power (W) |
+-----------------------------------------------------+-----------+
| level0_wrapper                                      |    15.418 |
|   level0_i                                          |    15.417 |
|     blp                                             |     7.647 |
|       blp_i                                         |     7.647 |
|     ii_level0_pipe                                  |     0.067 |
|       inst                                          |     0.067 |
|     ulp                                             |     7.703 |
|       NeuroRing_0                                   |     1.786 |
|       NeuroRing_Poisson_0                           |     0.729 |
|       SLR0                                          |     0.035 |
|       SLR1                                          |     0.005 |
|       SLR2                                          |     0.005 |
|       SynapseRouter_0                               |     0.555 |
|       SynapseRouter_1                               |     0.567 |
|       axi_ic_ctrl_mgmt_slr1                         |     0.001 |
|       buffer_NeuroRing_0_SynapseStreamLeft          |     0.013 |
|       buffer_NeuroRing_0_SynapseStreamRight         |     0.020 |
|       buffer_NeuroRing_Poisson_0_SynapseStreamLeft  |     0.013 |
|       buffer_NeuroRing_Poisson_0_SynapseStreamRight |     0.014 |
|       buffer_SynapseRouter_0_SpikeOutWeight         |     0.027 |
|       buffer_SynapseRouter_0_syn_forward_rt_left    |     0.051 |
|       buffer_SynapseRouter_0_syn_forward_rt_right   |     0.048 |
|       buffer_SynapseRouter_1_SpikeOutWeight         |     0.024 |
|       buffer_SynapseRouter_1_syn_forward_rt_left    |     0.112 |
|       buffer_SynapseRouter_1_syn_forward_rt_right   |     0.112 |
|       hmss_0                                        |     3.515 |
|       ulp_cmp                                       |     0.002 |
|       ulp_ucs                                       |     0.068 |
+-----------------------------------------------------+-----------+


468 Infos, 319 Warnings, 1 Critical Warnings and 0 Errors encountered.
report_power completed successfully
report_power: Time (s): cpu = 00:03:17 ; elapsed = 00:01:10 . Memory (MB): peak = 14193.809 ; gain = 72.172 ; free physical = 83161 ; free virtual = 159182
INFO: [Timing 38-480] Writing timing data to binary archive.
Write ShapeDB Complete: Time (s): cpu = 00:00:04 ; elapsed = 00:00:00.93 . Memory (MB): peak = 14193.809 ; gain = 0.000 ; free physical = 83099 ; free virtual = 159189
Wrote PlaceDB: Time (s): cpu = 00:01:04 ; elapsed = 00:00:20 . Memory (MB): peak = 14193.809 ; gain = 0.000 ; free physical = 82600 ; free virtual = 159152
Wrote PulsedLatchDB: Time (s): cpu = 00:00:00 ; elapsed = 00:00:00 . Memory (MB): peak = 14193.809 ; gain = 0.000 ; free physical = 82611 ; free virtual = 159167
Writing XDEF routing.
Writing XDEF routing logical nets.
Writing XDEF routing special nets.
Wrote RouteStorage: Time (s): cpu = 00:00:23 ; elapsed = 00:00:08 . Memory (MB): peak = 14193.809 ; gain = 0.000 ; free physical = 82510 ; free virtual = 159185
Wrote Netlist Cache: Time (s): cpu = 00:00:00.59 ; elapsed = 00:00:00.53 . Memory (MB): peak = 14193.809 ; gain = 0.000 ; free physical = 82466 ; free virtual = 159183
Wrote Device Cache: Time (s): cpu = 00:00:00.04 ; elapsed = 00:00:00.05 . Memory (MB): peak = 14193.809 ; gain = 0.000 ; free physical = 82472 ; free virtual = 159191
Write Physdb Complete: Time (s): cpu = 00:01:34 ; elapsed = 00:00:34 . Memory (MB): peak = 14193.809 ; gain = 0.000 ; free physical = 82469 ; free virtual = 159190
INFO: [Common 17-1381] The checkpoint '/home/miahafiz/NeuroRing_a_sudoku_v2/_x.hw.NUM_4096.CORE_10.FREQ_300/link/vivado/vpl/prj/prj.runs/impl_1/level0_wrapper_routed.dcp' has been generated.
write_checkpoint: Time (s): cpu = 00:02:13 ; elapsed = 00:01:20 . Memory (MB): peak = 14193.809 ; gain = 0.000 ; free physical = 82996 ; free virtual = 159208
Starting optional post-route physical design optimization.
Command: phys_opt_design -directive Explore
Attempting to get a license for feature 'Implementation' and/or device 'xcu55c'
INFO: [Common 17-349] Got license for feature 'Implementation' and/or device 'xcu55c'
INFO: [Vivado_Tcl 4-241] Physical synthesis in post route mode 
INFO: [Vivado_Tcl 4-137] Directive used for phys_opt_design is: Explore
INFO: [Vivado_Tcl 4-2279] Estimated Timing Summary | WNS= 0.003 | TNS= 0.000 | 
INFO: [Vivado_Tcl 4-383] Design worst setup slack (WNS) is greater than or equal to 0.000 ns. All physical synthesis setup optimizations will be skipped.
INFO: [Vivado_Tcl 4-232] No setup violation found. The netlist was not modified.
INFO: [Common 17-83] Releasing license: Implementation
477 Infos, 319 Warnings, 1 Critical Warnings and 0 Errors encountered.
phys_opt_design completed successfully
phys_opt_design: Time (s): cpu = 00:00:05 ; elapsed = 00:00:05 . Memory (MB): peak = 14193.809 ; gain = 0.000 ; free physical = 82997 ; free virtual = 159208
INFO: [Vivado 12-24828] Executing command : report_timing_summary -max_paths 10 -file hw_bb_locked_timing_summary_postroute_physopted.rpt -pb hw_bb_locked_timing_summary_postroute_physopted.pb -rpx hw_bb_locked_timing_summary_postroute_physopted.rpx -warn_on_violation 
INFO: [Timing 38-91] UpdateTimingParams: Speed grade: -2L, Temperature grade: E, Delay Type: min_max.
INFO: [Timing 38-191] Multithreading enabled for timing update using a maximum of 8 CPUs
WARNING: [Timing 38-436] There are set_bus_skew constraint(s) in this design. Please run report_bus_skew to ensure that bus skew requirements are met.
report_timing_summary: Time (s): cpu = 00:00:51 ; elapsed = 00:00:21 . Memory (MB): peak = 14193.809 ; gain = 0.000 ; free physical = 82976 ; free virtual = 159217
generate_parallel_reports: Time (s): cpu = 00:00:51 ; elapsed = 00:00:21 . Memory (MB): peak = 14193.809 ; gain = 0.000 ; free physical = 82976 ; free virtual = 159217
source /home/miahafiz/NeuroRing_a_sudoku_v2/_x.hw.NUM_4096.CORE_10.FREQ_300/link/vivado/vpl/scripts/impl_1/_full_post_route_phys_opt_post.tcl
INFO: [Timing 38-480] Writing timing data to binary archive.
Write ShapeDB Complete: Time (s): cpu = 00:00:04 ; elapsed = 00:00:00.91 . Memory (MB): peak = 14193.809 ; gain = 0.000 ; free physical = 82905 ; free virtual = 159231
Wrote PlaceDB: Time (s): cpu = 00:01:04 ; elapsed = 00:00:20 . Memory (MB): peak = 14193.809 ; gain = 0.000 ; free physical = 82458 ; free virtual = 159232
Wrote PulsedLatchDB: Time (s): cpu = 00:00:00 ; elapsed = 00:00:00 . Memory (MB): peak = 14193.809 ; gain = 0.000 ; free physical = 82468 ; free virtual = 159243
Writing XDEF routing.
Writing XDEF routing logical nets.
Writing XDEF routing special nets.
Wrote RouteStorage: Time (s): cpu = 00:00:22 ; elapsed = 00:00:08 . Memory (MB): peak = 14193.809 ; gain = 0.000 ; free physical = 82332 ; free virtual = 159225
Wrote Netlist Cache: Time (s): cpu = 00:00:01 ; elapsed = 00:00:00.57 . Memory (MB): peak = 14193.809 ; gain = 0.000 ; free physical = 82285 ; free virtual = 159221
Wrote Device Cache: Time (s): cpu = 00:00:00.09 ; elapsed = 00:00:00.05 . Memory (MB): peak = 14193.809 ; gain = 0.000 ; free physical = 82290 ; free virtual = 159229
Write Physdb Complete: Time (s): cpu = 00:01:30 ; elapsed = 00:00:31 . Memory (MB): peak = 14193.809 ; gain = 0.000 ; free physical = 82282 ; free virtual = 159222
INFO: [Common 17-1381] The checkpoint '/home/miahafiz/NeuroRing_a_sudoku_v2/_x.hw.NUM_4096.CORE_10.FREQ_300/link/vivado/vpl/prj/prj.runs/impl_1/level0_wrapper_postroute_physopt.dcp' has been generated.
write_checkpoint: Time (s): cpu = 00:02:07 ; elapsed = 00:01:16 . Memory (MB): peak = 14193.809 ; gain = 0.000 ; free physical = 82842 ; free virtual = 159272
Finished optional post-route physical design optimization.
source /home/miahafiz/NeuroRing_a_sudoku_v2/_x.hw.NUM_4096.CORE_10.FREQ_300/link/vivado/vpl/scripts/impl_1/_full_write_bitstream_pre.tcl
Starting auto-frequency scaling ...
kernel clock 'ulp_ucs/aclk_kernel_00':
   clock pin path     : level0_i/ulp/ulp_ucs/aclk_kernel_00
   original frequency : 300.0 MHz
kernel clock 'ulp_ucs/aclk_kernel_01':
   clock pin path     : level0_i/ulp/ulp_ucs/aclk_kernel_01
   original frequency : 500.0 MHz

system clock 'hbm_aclk':
   clock pin path     : level0_i/ulp/ulp_ucs/inst/aclk_hbm_hierarchy/clkwiz_hbm/inst/CLK_CORE_DRP_I/clk_inst/mmcme4_adv_inst/CLKOUT0
   original frequency : 450.0 MHz

WARNING: [Vivado 12-1008] No clocks found for command 'get_clocks -of_objects [get_pins level0_i/ulp/ulp_ucs/aclk_kernel_01]'.
Resolution: Verify the create_clock command was called to create the clock object before it is referenced.
INFO: [Vivado 12-626] No clocks found. Please use 'create_clock' or 'create_generated_clock' command to create clocks.
INFO: Pin level0_i/ulp/ulp_ucs/aclk_kernel_01 has no clock
INFO: [OCL_UTIL] clock is 'hbm_aclk' for pin 'level0_i/ulp/ulp_ucs/inst/aclk_hbm_hierarchy/clkwiz_hbm/inst/CLK_CORE_DRP_I/clk_inst/mmcme4_adv_inst/CLKOUT0'
INFO: [OCL_UTIL] clock is 'clk_kernel_00_unbuffered_net' for pin 'level0_i/ulp/ulp_ucs/aclk_kernel_00'
Auto-frequency scaling completed
kernel clock 'ulp_ucs/aclk_kernel_01':
   original frequency : 500.0 MHz
   scaled frequency   : 500.0 MHz
WARNING: [Vivado 12-1008] No clocks found for command 'get_clocks -of_objects [get_pins level0_i/ulp/ulp_ucs/aclk_kernel_01]'.
Resolution: Verify the create_clock command was called to create the clock object before it is referenced.
INFO: [Vivado 12-626] No clocks found. Please use 'create_clock' or 'create_generated_clock' command to create clocks.
kernel clock 'ulp_ucs/aclk_kernel_00':
   original frequency : 300.0 MHz
   scaled frequency   : 302.1 MHz
WARNING: The auto scaled frequency '302.1 MHz' exceeds the original specified frequency. The compiler will select the original specified frequency of '300.0' MHz.
WARNING: [Timing 38-436] There are set_bus_skew constraint(s) in this design. Please run report_bus_skew to ensure that bus skew requirements are met.
report_timing_summary: Time (s): cpu = 00:00:46 ; elapsed = 00:00:18 . Memory (MB): peak = 14193.809 ; gain = 0.000 ; free physical = 82853 ; free virtual = 159282
system clock 'hbm_aclk':
   original frequency : 450.0 MHz
   scaled frequency   : 469.4 MHz
WARNING: The auto scaled frequency '469.4 MHz' exceeds the original specified frequency. The compiler will select the original specified frequency of '450.0' MHz.
Command: write_bitstream -force -cell level0_i/ulp level0_i_ulp_my_rm_partial.bit
Attempting to get a license for feature 'Implementation' and/or device 'xcu55c'
INFO: [Common 17-349] Got license for feature 'Implementation' and/or device 'xcu55c'
Running DRC as a precondition to command write_bitstream
INFO: [IP_Flow 19-1839] IP Catalog is up to date.
INFO: [DRC 23-27] Running DRC with 8 threads
INFO: [Vivado 12-3199] DRC finished with 0 Errors
INFO: [Vivado 12-3200] Please refer to the DRC report (report_drc) for more information.
Partition "pblock_dynamic_region" Reconfigurable Module "level0_i/ulp"
INFO: [Vivado 12-4077] No full design bitstream will be created with the use of the -cell option.
Process Partition "pblock_dynamic_region"
INFO: [Designutils 20-2272] Running write_bitstream with 8 threads.
Loading data files...
Loading site data...
Loading route data...
Processing options...
Creating bitmap...
Creating bitstream...
Partial bitstream contains 415277632 bits.
Writing bitstream ./level0_i_ulp_my_rm_partial.bit...
INFO: [Vivado 12-1842] Bitgen Completed Successfully.
INFO: [Common 17-83] Releasing license: Implementation
493 Infos, 323 Warnings, 1 Critical Warnings and 0 Errors encountered.
write_bitstream completed successfully
write_bitstream: Time (s): cpu = 00:22:14 ; elapsed = 00:10:01 . Memory (MB): peak = 15321.793 ; gain = 1127.984 ; free physical = 81682 ; free virtual = 158165
source /home/miahafiz/NeuroRing_a_sudoku_v2/_x.hw.NUM_4096.CORE_10.FREQ_300/link/vivado/vpl/scripts/impl_1/_full_write_bitstream_post.tcl
INFO: [Common 17-206] Exiting Vivado at Wed Feb 25 15:04:48 2026...
