
*** Running vivado
    with args -log ulp.vds -m64 -product Vivado -mode batch -messageDb vivado.pb -notrace -source ulp.tcl


****** Vivado v2025.1 (64-bit)
  **** SW Build 6140274 on Wed May 21 22:58:25 MDT 2025
  **** IP Build 6138677 on Thu May 22 03:10:11 MDT 2025
  **** SharedData Build 6139179 on Tue May 20 17:58:58 MDT 2025
  **** Start of session at: Fri Feb 27 13:27:20 2026
    ** Copyright 1986-2022 Xilinx, Inc. All Rights Reserved.
    ** Copyright 2022-2025 Advanced Micro Devices, Inc. All Rights Reserved.

source ulp.tcl -notrace
INFO: Dispatch client connection id - 35645
create_project: Time (s): cpu = 00:00:10 ; elapsed = 00:00:11 . Memory (MB): peak = 1545.719 ; gain = 0.023 ; free physical = 46971 ; free virtual = 93602
INFO: [IP_Flow 19-234] Refreshing IP repositories
INFO: [IP_Flow 19-1700] Loaded user IP repository '/home/miahafiz/NeuroRing_a_2048/_x.hw.NUM_2048.CORE_10.FREQ_300/link/int/xo/ip_repo/xilinx_com_hls_SynapseRouter_1_0'.
INFO: [IP_Flow 19-1700] Loaded user IP repository '/home/miahafiz/NeuroRing_a_2048/_x.hw.NUM_2048.CORE_10.FREQ_300/link/int/xo/ip_repo/xilinx_com_user_krnl_aurora_1_0'.
INFO: [IP_Flow 19-1700] Loaded user IP repository '/home/miahafiz/NeuroRing_a_2048/_x.hw.NUM_2048.CORE_10.FREQ_300/link/int/xo/ip_repo/xilinx_com_hls_NeuroRing_1_0'.
INFO: [IP_Flow 19-1700] Loaded user IP repository '/home/miahafiz/NeuroRing_a_2048/_x.hw.NUM_2048.CORE_10.FREQ_300/link/vivado/vpl/.local/hw_platform/iprepo'.
INFO: [IP_Flow 19-1700] Loaded user IP repository '/opt/xilinx/2025.1/Vitis/data/cache/xilinx'.
INFO: [IP_Flow 19-1700] Loaded user IP repository '/home/miahafiz/NeuroRing_a_2048/_x.hw.NUM_2048.CORE_10.FREQ_300/link/vivado/vpl/.local/hw_platform/ipcache'.
INFO: [IP_Flow 19-1700] Loaded user IP repository '/opt/xilinx/2025.1/Vitis/data/vitis/ip'.
INFO: [IP_Flow 19-2313] Loaded Vivado IP repository '/opt/xilinx/2025.1/Vivado/data/ip'.
WARNING: [IP_Flow 19-1663] Duplicate IP found for 'xilinx.com:ip:axi_clk_metadata_adapter:1.0'. The one found in IP location '/home/miahafiz/NeuroRing_a_2048/_x.hw.NUM_2048.CORE_10.FREQ_300/link/vivado/vpl/.local/hw_platform/iprepo/ipdefs/other_ipdefs/axi_clk_metadata_adapter_v1_0' will take precedence over the same IP in location /home/miahafiz/NeuroRing_a_2048/_x.hw.NUM_2048.CORE_10.FREQ_300/link/vivado/vpl/.local/hw_platform/iprepo/ipdefs/pxi_ii_infra/axi_clk_metadata_adapter_v1_0
WARNING: [IP_Flow 19-1663] Duplicate IP found for 'xilinx.com:ip:axis_clk_metadata_adapter:1.0'. The one found in IP location '/home/miahafiz/NeuroRing_a_2048/_x.hw.NUM_2048.CORE_10.FREQ_300/link/vivado/vpl/.local/hw_platform/iprepo/ipdefs/other_ipdefs/axis_clk_metadata_adapter_v1_0' will take precedence over the same IP in location /home/miahafiz/NeuroRing_a_2048/_x.hw.NUM_2048.CORE_10.FREQ_300/link/vivado/vpl/.local/hw_platform/iprepo/ipdefs/pxi_ii_infra/axis_clk_metadata_adapter_v1_0
WARNING: [IP_Flow 19-1663] Duplicate IP found for 'xilinx.com:ip:clk_metadata_adapter:1.0'. The one found in IP location '/home/miahafiz/NeuroRing_a_2048/_x.hw.NUM_2048.CORE_10.FREQ_300/link/vivado/vpl/.local/hw_platform/iprepo/ipdefs/other_ipdefs/clk_metadata_adapter_v1_0' will take precedence over the same IP in location /home/miahafiz/NeuroRing_a_2048/_x.hw.NUM_2048.CORE_10.FREQ_300/link/vivado/vpl/.local/hw_platform/iprepo/ipdefs/pxi_ii_infra/clk_metadata_adapter_v1_0
WARNING: [IP_Flow 19-1663] Duplicate IP found for 'xilinx.com:ip:pipeline_reg:1.0'. The one found in IP location '/home/miahafiz/NeuroRing_a_2048/_x.hw.NUM_2048.CORE_10.FREQ_300/link/vivado/vpl/.local/hw_platform/iprepo/ipdefs/other_ipdefs/pipeline_reg_v1_0' will take precedence over the same IP in location /home/miahafiz/NeuroRing_a_2048/_x.hw.NUM_2048.CORE_10.FREQ_300/link/vivado/vpl/.local/hw_platform/iprepo/ipdefs/pxi_ii_infra/pipeline_reg_v1_0
INFO: [Project 1-5698] Found the below utility IPs instantiated in block design /home/miahafiz/NeuroRing_a_2048/_x.hw.NUM_2048.CORE_10.FREQ_300/link/vivado/vpl/prj/prj.srcs/my_rm/bd/ulp/ulp.bd which have equivalent inline hdl with improved performance and reduced diskspace.
It is recommended to migrate these utility IPs to inline hdl  using the command upgrade_project -migrate_to_inline_hdl.  The utility IPs may be deprecated in future releases.
More information on inline hdl is available in UG994.
Utility IP Component Instances:
 ulp_satellite_gpio_slice_1_0
ulp_ii_level0_wire_ulp_s_irq_cu_00_1_interrupt_concat_0
ulp_ii_level0_wire_ulp_s_irq_cu_00_1_interrupt_concat_0_0
ulp_ii_level0_wire_ulp_s_irq_cu_00_1_interrupt_concat_1_0
ulp_ii_level0_wire_ulp_s_irq_cu_00_1_interrupt_concat_2_0
ulp_ii_level0_wire_ulp_s_irq_cu_00_1_interrupt_concat_3_0
ulp_irq_const_tieoff_0
add_files: Time (s): cpu = 00:00:17 ; elapsed = 00:00:31 . Memory (MB): peak = 1948.125 ; gain = 48.812 ; free physical = 43393 ; free virtual = 91258
Command: synth_design -top ulp -part xcu55c-fsvh2892-2L-e -incremental_mode off -mode out_of_context
Starting synth_design
Attempting to get a license for feature 'Synthesis' and/or device 'xcu55c'
INFO: [Common 17-349] Got license for feature 'Synthesis' and/or device 'xcu55c'
INFO: [Device 21-403] Loading part xcu55c-fsvh2892-2L-e
INFO: [Synth 8-7079] Multithreading enabled for synth_design using a maximum of 1 processes.
INFO: [Synth 8-7078] Launching helper process for spawning children vivado processes
INFO: [Synth 8-7075] Helper process launched with PID 2784561
---------------------------------------------------------------------------------
Starting RTL Elaboration : Time (s): cpu = 00:00:06 ; elapsed = 00:00:07 . Memory (MB): peak = 4617.395 ; gain = 0.000 ; free physical = 42083 ; free virtual = 88515
---------------------------------------------------------------------------------
INFO: [Synth 8-6157] synthesizing module 'ulp' [/home/miahafiz/NeuroRing_a_2048/_x.hw.NUM_2048.CORE_10.FREQ_300/link/vivado/vpl/prj/prj.gen/my_rm/bd/ulp/synth/ulp.v:8979]
INFO: [Synth 8-6157] synthesizing module 'ulp_NeuroRing_0_0' [/home/miahafiz/NeuroRing_a_2048/_x.hw.NUM_2048.CORE_10.FREQ_300/link/vivado/vpl/prj/prj.runs/my_rm_synth_1/.Xil/Vivado-2779866-cyberdeck/realtime/ulp_NeuroRing_0_0_stub.v:6]
INFO: [Synth 8-6155] done synthesizing module 'ulp_NeuroRing_0_0' (0#1) [/home/miahafiz/NeuroRing_a_2048/_x.hw.NUM_2048.CORE_10.FREQ_300/link/vivado/vpl/prj/prj.runs/my_rm_synth_1/.Xil/Vivado-2779866-cyberdeck/realtime/ulp_NeuroRing_0_0_stub.v:6]
WARNING: [Synth 8-7071] port 'm_axi_gmem_syn_ARREGION' of module 'ulp_NeuroRing_0_0' is unconnected for instance 'NeuroRing_0' [/home/miahafiz/NeuroRing_a_2048/_x.hw.NUM_2048.CORE_10.FREQ_300/link/vivado/vpl/prj/prj.gen/my_rm/bd/ulp/synth/ulp.v:11159]
WARNING: [Synth 8-7071] port 'm_axi_gmem_syn_AWREGION' of module 'ulp_NeuroRing_0_0' is unconnected for instance 'NeuroRing_0' [/home/miahafiz/NeuroRing_a_2048/_x.hw.NUM_2048.CORE_10.FREQ_300/link/vivado/vpl/prj/prj.gen/my_rm/bd/ulp/synth/ulp.v:11159]
WARNING: [Synth 8-7071] port 'm_axi_gmem_syn_WID' of module 'ulp_NeuroRing_0_0' is unconnected for instance 'NeuroRing_0' [/home/miahafiz/NeuroRing_a_2048/_x.hw.NUM_2048.CORE_10.FREQ_300/link/vivado/vpl/prj/prj.gen/my_rm/bd/ulp/synth/ulp.v:11159]
WARNING: [Synth 8-7023] instance 'NeuroRing_0' of module 'ulp_NeuroRing_0_0' has 78 connections declared, but only 75 given [/home/miahafiz/NeuroRing_a_2048/_x.hw.NUM_2048.CORE_10.FREQ_300/link/vivado/vpl/prj/prj.gen/my_rm/bd/ulp/synth/ulp.v:11159]
INFO: [Synth 8-6157] synthesizing module 'ulp_NeuroRing_1_0' [/home/miahafiz/NeuroRing_a_2048/_x.hw.NUM_2048.CORE_10.FREQ_300/link/vivado/vpl/prj/prj.runs/my_rm_synth_1/.Xil/Vivado-2779866-cyberdeck/realtime/ulp_NeuroRing_1_0_stub.v:6]
INFO: [Synth 8-6155] done synthesizing module 'ulp_NeuroRing_1_0' (0#1) [/home/miahafiz/NeuroRing_a_2048/_x.hw.NUM_2048.CORE_10.FREQ_300/link/vivado/vpl/prj/prj.runs/my_rm_synth_1/.Xil/Vivado-2779866-cyberdeck/realtime/ulp_NeuroRing_1_0_stub.v:6]
WARNING: [Synth 8-7071] port 'm_axi_gmem_syn_ARREGION' of module 'ulp_NeuroRing_1_0' is unconnected for instance 'NeuroRing_1' [/home/miahafiz/NeuroRing_a_2048/_x.hw.NUM_2048.CORE_10.FREQ_300/link/vivado/vpl/prj/prj.gen/my_rm/bd/ulp/synth/ulp.v:11235]
WARNING: [Synth 8-7071] port 'm_axi_gmem_syn_AWREGION' of module 'ulp_NeuroRing_1_0' is unconnected for instance 'NeuroRing_1' [/home/miahafiz/NeuroRing_a_2048/_x.hw.NUM_2048.CORE_10.FREQ_300/link/vivado/vpl/prj/prj.gen/my_rm/bd/ulp/synth/ulp.v:11235]
WARNING: [Synth 8-7071] port 'm_axi_gmem_syn_WID' of module 'ulp_NeuroRing_1_0' is unconnected for instance 'NeuroRing_1' [/home/miahafiz/NeuroRing_a_2048/_x.hw.NUM_2048.CORE_10.FREQ_300/link/vivado/vpl/prj/prj.gen/my_rm/bd/ulp/synth/ulp.v:11235]
WARNING: [Synth 8-7023] instance 'NeuroRing_1' of module 'ulp_NeuroRing_1_0' has 78 connections declared, but only 75 given [/home/miahafiz/NeuroRing_a_2048/_x.hw.NUM_2048.CORE_10.FREQ_300/link/vivado/vpl/prj/prj.gen/my_rm/bd/ulp/synth/ulp.v:11235]
INFO: [Synth 8-6157] synthesizing module 'ulp_NeuroRing_2_0' [/home/miahafiz/NeuroRing_a_2048/_x.hw.NUM_2048.CORE_10.FREQ_300/link/vivado/vpl/prj/prj.runs/my_rm_synth_1/.Xil/Vivado-2779866-cyberdeck/realtime/ulp_NeuroRing_2_0_stub.v:6]
INFO: [Synth 8-6155] done synthesizing module 'ulp_NeuroRing_2_0' (0#1) [/home/miahafiz/NeuroRing_a_2048/_x.hw.NUM_2048.CORE_10.FREQ_300/link/vivado/vpl/prj/prj.runs/my_rm_synth_1/.Xil/Vivado-2779866-cyberdeck/realtime/ulp_NeuroRing_2_0_stub.v:6]
WARNING: [Synth 8-7071] port 'm_axi_gmem_syn_ARREGION' of module 'ulp_NeuroRing_2_0' is unconnected for instance 'NeuroRing_2' [/home/miahafiz/NeuroRing_a_2048/_x.hw.NUM_2048.CORE_10.FREQ_300/link/vivado/vpl/prj/prj.gen/my_rm/bd/ulp/synth/ulp.v:11311]
WARNING: [Synth 8-7071] port 'm_axi_gmem_syn_AWREGION' of module 'ulp_NeuroRing_2_0' is unconnected for instance 'NeuroRing_2' [/home/miahafiz/NeuroRing_a_2048/_x.hw.NUM_2048.CORE_10.FREQ_300/link/vivado/vpl/prj/prj.gen/my_rm/bd/ulp/synth/ulp.v:11311]
WARNING: [Synth 8-7071] port 'm_axi_gmem_syn_WID' of module 'ulp_NeuroRing_2_0' is unconnected for instance 'NeuroRing_2' [/home/miahafiz/NeuroRing_a_2048/_x.hw.NUM_2048.CORE_10.FREQ_300/link/vivado/vpl/prj/prj.gen/my_rm/bd/ulp/synth/ulp.v:11311]
WARNING: [Synth 8-7023] instance 'NeuroRing_2' of module 'ulp_NeuroRing_2_0' has 78 connections declared, but only 75 given [/home/miahafiz/NeuroRing_a_2048/_x.hw.NUM_2048.CORE_10.FREQ_300/link/vivado/vpl/prj/prj.gen/my_rm/bd/ulp/synth/ulp.v:11311]
INFO: [Synth 8-6157] synthesizing module 'ulp_NeuroRing_3_0' [/home/miahafiz/NeuroRing_a_2048/_x.hw.NUM_2048.CORE_10.FREQ_300/link/vivado/vpl/prj/prj.runs/my_rm_synth_1/.Xil/Vivado-2779866-cyberdeck/realtime/ulp_NeuroRing_3_0_stub.v:6]
INFO: [Synth 8-6155] done synthesizing module 'ulp_NeuroRing_3_0' (0#1) [/home/miahafiz/NeuroRing_a_2048/_x.hw.NUM_2048.CORE_10.FREQ_300/link/vivado/vpl/prj/prj.runs/my_rm_synth_1/.Xil/Vivado-2779866-cyberdeck/realtime/ulp_NeuroRing_3_0_stub.v:6]
WARNING: [Synth 8-7071] port 'm_axi_gmem_syn_ARREGION' of module 'ulp_NeuroRing_3_0' is unconnected for instance 'NeuroRing_3' [/home/miahafiz/NeuroRing_a_2048/_x.hw.NUM_2048.CORE_10.FREQ_300/link/vivado/vpl/prj/prj.gen/my_rm/bd/ulp/synth/ulp.v:11387]
WARNING: [Synth 8-7071] port 'm_axi_gmem_syn_AWREGION' of module 'ulp_NeuroRing_3_0' is unconnected for instance 'NeuroRing_3' [/home/miahafiz/NeuroRing_a_2048/_x.hw.NUM_2048.CORE_10.FREQ_300/link/vivado/vpl/prj/prj.gen/my_rm/bd/ulp/synth/ulp.v:11387]
WARNING: [Synth 8-7071] port 'm_axi_gmem_syn_WID' of module 'ulp_NeuroRing_3_0' is unconnected for instance 'NeuroRing_3' [/home/miahafiz/NeuroRing_a_2048/_x.hw.NUM_2048.CORE_10.FREQ_300/link/vivado/vpl/prj/prj.gen/my_rm/bd/ulp/synth/ulp.v:11387]
WARNING: [Synth 8-7023] instance 'NeuroRing_3' of module 'ulp_NeuroRing_3_0' has 78 connections declared, but only 75 given [/home/miahafiz/NeuroRing_a_2048/_x.hw.NUM_2048.CORE_10.FREQ_300/link/vivado/vpl/prj/prj.gen/my_rm/bd/ulp/synth/ulp.v:11387]
INFO: [Synth 8-6157] synthesizing module 'ulp_NeuroRing_4_0' [/home/miahafiz/NeuroRing_a_2048/_x.hw.NUM_2048.CORE_10.FREQ_300/link/vivado/vpl/prj/prj.runs/my_rm_synth_1/.Xil/Vivado-2779866-cyberdeck/realtime/ulp_NeuroRing_4_0_stub.v:6]
INFO: [Synth 8-6155] done synthesizing module 'ulp_NeuroRing_4_0' (0#1) [/home/miahafiz/NeuroRing_a_2048/_x.hw.NUM_2048.CORE_10.FREQ_300/link/vivado/vpl/prj/prj.runs/my_rm_synth_1/.Xil/Vivado-2779866-cyberdeck/realtime/ulp_NeuroRing_4_0_stub.v:6]
WARNING: [Synth 8-7071] port 'm_axi_gmem_syn_ARREGION' of module 'ulp_NeuroRing_4_0' is unconnected for instance 'NeuroRing_4' [/home/miahafiz/NeuroRing_a_2048/_x.hw.NUM_2048.CORE_10.FREQ_300/link/vivado/vpl/prj/prj.gen/my_rm/bd/ulp/synth/ulp.v:11463]
WARNING: [Synth 8-7071] port 'm_axi_gmem_syn_AWREGION' of module 'ulp_NeuroRing_4_0' is unconnected for instance 'NeuroRing_4' [/home/miahafiz/NeuroRing_a_2048/_x.hw.NUM_2048.CORE_10.FREQ_300/link/vivado/vpl/prj/prj.gen/my_rm/bd/ulp/synth/ulp.v:11463]
WARNING: [Synth 8-7071] port 'm_axi_gmem_syn_WID' of module 'ulp_NeuroRing_4_0' is unconnected for instance 'NeuroRing_4' [/home/miahafiz/NeuroRing_a_2048/_x.hw.NUM_2048.CORE_10.FREQ_300/link/vivado/vpl/prj/prj.gen/my_rm/bd/ulp/synth/ulp.v:11463]
WARNING: [Synth 8-7023] instance 'NeuroRing_4' of module 'ulp_NeuroRing_4_0' has 78 connections declared, but only 75 given [/home/miahafiz/NeuroRing_a_2048/_x.hw.NUM_2048.CORE_10.FREQ_300/link/vivado/vpl/prj/prj.gen/my_rm/bd/ulp/synth/ulp.v:11463]
INFO: [Synth 8-6157] synthesizing module 'ulp_NeuroRing_5_0' [/home/miahafiz/NeuroRing_a_2048/_x.hw.NUM_2048.CORE_10.FREQ_300/link/vivado/vpl/prj/prj.runs/my_rm_synth_1/.Xil/Vivado-2779866-cyberdeck/realtime/ulp_NeuroRing_5_0_stub.v:6]
INFO: [Synth 8-6155] done synthesizing module 'ulp_NeuroRing_5_0' (0#1) [/home/miahafiz/NeuroRing_a_2048/_x.hw.NUM_2048.CORE_10.FREQ_300/link/vivado/vpl/prj/prj.runs/my_rm_synth_1/.Xil/Vivado-2779866-cyberdeck/realtime/ulp_NeuroRing_5_0_stub.v:6]
WARNING: [Synth 8-7071] port 'm_axi_gmem_syn_ARREGION' of module 'ulp_NeuroRing_5_0' is unconnected for instance 'NeuroRing_5' [/home/miahafiz/NeuroRing_a_2048/_x.hw.NUM_2048.CORE_10.FREQ_300/link/vivado/vpl/prj/prj.gen/my_rm/bd/ulp/synth/ulp.v:11539]
WARNING: [Synth 8-7071] port 'm_axi_gmem_syn_AWREGION' of module 'ulp_NeuroRing_5_0' is unconnected for instance 'NeuroRing_5' [/home/miahafiz/NeuroRing_a_2048/_x.hw.NUM_2048.CORE_10.FREQ_300/link/vivado/vpl/prj/prj.gen/my_rm/bd/ulp/synth/ulp.v:11539]
WARNING: [Synth 8-7071] port 'm_axi_gmem_syn_WID' of module 'ulp_NeuroRing_5_0' is unconnected for instance 'NeuroRing_5' [/home/miahafiz/NeuroRing_a_2048/_x.hw.NUM_2048.CORE_10.FREQ_300/link/vivado/vpl/prj/prj.gen/my_rm/bd/ulp/synth/ulp.v:11539]
WARNING: [Synth 8-7023] instance 'NeuroRing_5' of module 'ulp_NeuroRing_5_0' has 78 connections declared, but only 75 given [/home/miahafiz/NeuroRing_a_2048/_x.hw.NUM_2048.CORE_10.FREQ_300/link/vivado/vpl/prj/prj.gen/my_rm/bd/ulp/synth/ulp.v:11539]
INFO: [Synth 8-6157] synthesizing module 'ulp_NeuroRing_6_0' [/home/miahafiz/NeuroRing_a_2048/_x.hw.NUM_2048.CORE_10.FREQ_300/link/vivado/vpl/prj/prj.runs/my_rm_synth_1/.Xil/Vivado-2779866-cyberdeck/realtime/ulp_NeuroRing_6_0_stub.v:6]
INFO: [Synth 8-6155] done synthesizing module 'ulp_NeuroRing_6_0' (0#1) [/home/miahafiz/NeuroRing_a_2048/_x.hw.NUM_2048.CORE_10.FREQ_300/link/vivado/vpl/prj/prj.runs/my_rm_synth_1/.Xil/Vivado-2779866-cyberdeck/realtime/ulp_NeuroRing_6_0_stub.v:6]
WARNING: [Synth 8-7071] port 'm_axi_gmem_syn_ARREGION' of module 'ulp_NeuroRing_6_0' is unconnected for instance 'NeuroRing_6' [/home/miahafiz/NeuroRing_a_2048/_x.hw.NUM_2048.CORE_10.FREQ_300/link/vivado/vpl/prj/prj.gen/my_rm/bd/ulp/synth/ulp.v:11615]
WARNING: [Synth 8-7071] port 'm_axi_gmem_syn_AWREGION' of module 'ulp_NeuroRing_6_0' is unconnected for instance 'NeuroRing_6' [/home/miahafiz/NeuroRing_a_2048/_x.hw.NUM_2048.CORE_10.FREQ_300/link/vivado/vpl/prj/prj.gen/my_rm/bd/ulp/synth/ulp.v:11615]
WARNING: [Synth 8-7071] port 'm_axi_gmem_syn_WID' of module 'ulp_NeuroRing_6_0' is unconnected for instance 'NeuroRing_6' [/home/miahafiz/NeuroRing_a_2048/_x.hw.NUM_2048.CORE_10.FREQ_300/link/vivado/vpl/prj/prj.gen/my_rm/bd/ulp/synth/ulp.v:11615]
WARNING: [Synth 8-7023] instance 'NeuroRing_6' of module 'ulp_NeuroRing_6_0' has 78 connections declared, but only 75 given [/home/miahafiz/NeuroRing_a_2048/_x.hw.NUM_2048.CORE_10.FREQ_300/link/vivado/vpl/prj/prj.gen/my_rm/bd/ulp/synth/ulp.v:11615]
INFO: [Synth 8-6157] synthesizing module 'ulp_NeuroRing_7_0' [/home/miahafiz/NeuroRing_a_2048/_x.hw.NUM_2048.CORE_10.FREQ_300/link/vivado/vpl/prj/prj.runs/my_rm_synth_1/.Xil/Vivado-2779866-cyberdeck/realtime/ulp_NeuroRing_7_0_stub.v:6]
INFO: [Synth 8-6155] done synthesizing module 'ulp_NeuroRing_7_0' (0#1) [/home/miahafiz/NeuroRing_a_2048/_x.hw.NUM_2048.CORE_10.FREQ_300/link/vivado/vpl/prj/prj.runs/my_rm_synth_1/.Xil/Vivado-2779866-cyberdeck/realtime/ulp_NeuroRing_7_0_stub.v:6]
WARNING: [Synth 8-7071] port 'm_axi_gmem_syn_ARREGION' of module 'ulp_NeuroRing_7_0' is unconnected for instance 'NeuroRing_7' [/home/miahafiz/NeuroRing_a_2048/_x.hw.NUM_2048.CORE_10.FREQ_300/link/vivado/vpl/prj/prj.gen/my_rm/bd/ulp/synth/ulp.v:11691]
WARNING: [Synth 8-7071] port 'm_axi_gmem_syn_AWREGION' of module 'ulp_NeuroRing_7_0' is unconnected for instance 'NeuroRing_7' [/home/miahafiz/NeuroRing_a_2048/_x.hw.NUM_2048.CORE_10.FREQ_300/link/vivado/vpl/prj/prj.gen/my_rm/bd/ulp/synth/ulp.v:11691]
WARNING: [Synth 8-7071] port 'm_axi_gmem_syn_WID' of module 'ulp_NeuroRing_7_0' is unconnected for instance 'NeuroRing_7' [/home/miahafiz/NeuroRing_a_2048/_x.hw.NUM_2048.CORE_10.FREQ_300/link/vivado/vpl/prj/prj.gen/my_rm/bd/ulp/synth/ulp.v:11691]
WARNING: [Synth 8-7023] instance 'NeuroRing_7' of module 'ulp_NeuroRing_7_0' has 78 connections declared, but only 75 given [/home/miahafiz/NeuroRing_a_2048/_x.hw.NUM_2048.CORE_10.FREQ_300/link/vivado/vpl/prj/prj.gen/my_rm/bd/ulp/synth/ulp.v:11691]
INFO: [Synth 8-6157] synthesizing module 'ulp_NeuroRing_8_0' [/home/miahafiz/NeuroRing_a_2048/_x.hw.NUM_2048.CORE_10.FREQ_300/link/vivado/vpl/prj/prj.runs/my_rm_synth_1/.Xil/Vivado-2779866-cyberdeck/realtime/ulp_NeuroRing_8_0_stub.v:6]
INFO: [Synth 8-6155] done synthesizing module 'ulp_NeuroRing_8_0' (0#1) [/home/miahafiz/NeuroRing_a_2048/_x.hw.NUM_2048.CORE_10.FREQ_300/link/vivado/vpl/prj/prj.runs/my_rm_synth_1/.Xil/Vivado-2779866-cyberdeck/realtime/ulp_NeuroRing_8_0_stub.v:6]
WARNING: [Synth 8-7071] port 'm_axi_gmem_syn_ARREGION' of module 'ulp_NeuroRing_8_0' is unconnected for instance 'NeuroRing_8' [/home/miahafiz/NeuroRing_a_2048/_x.hw.NUM_2048.CORE_10.FREQ_300/link/vivado/vpl/prj/prj.gen/my_rm/bd/ulp/synth/ulp.v:11767]
WARNING: [Synth 8-7071] port 'm_axi_gmem_syn_AWREGION' of module 'ulp_NeuroRing_8_0' is unconnected for instance 'NeuroRing_8' [/home/miahafiz/NeuroRing_a_2048/_x.hw.NUM_2048.CORE_10.FREQ_300/link/vivado/vpl/prj/prj.gen/my_rm/bd/ulp/synth/ulp.v:11767]
WARNING: [Synth 8-7071] port 'm_axi_gmem_syn_WID' of module 'ulp_NeuroRing_8_0' is unconnected for instance 'NeuroRing_8' [/home/miahafiz/NeuroRing_a_2048/_x.hw.NUM_2048.CORE_10.FREQ_300/link/vivado/vpl/prj/prj.gen/my_rm/bd/ulp/synth/ulp.v:11767]
WARNING: [Synth 8-7023] instance 'NeuroRing_8' of module 'ulp_NeuroRing_8_0' has 78 connections declared, but only 75 given [/home/miahafiz/NeuroRing_a_2048/_x.hw.NUM_2048.CORE_10.FREQ_300/link/vivado/vpl/prj/prj.gen/my_rm/bd/ulp/synth/ulp.v:11767]
INFO: [Synth 8-6157] synthesizing module 'ulp_NeuroRing_9_0' [/home/miahafiz/NeuroRing_a_2048/_x.hw.NUM_2048.CORE_10.FREQ_300/link/vivado/vpl/prj/prj.runs/my_rm_synth_1/.Xil/Vivado-2779866-cyberdeck/realtime/ulp_NeuroRing_9_0_stub.v:6]
INFO: [Synth 8-6155] done synthesizing module 'ulp_NeuroRing_9_0' (0#1) [/home/miahafiz/NeuroRing_a_2048/_x.hw.NUM_2048.CORE_10.FREQ_300/link/vivado/vpl/prj/prj.runs/my_rm_synth_1/.Xil/Vivado-2779866-cyberdeck/realtime/ulp_NeuroRing_9_0_stub.v:6]
WARNING: [Synth 8-7071] port 'm_axi_gmem_syn_ARREGION' of module 'ulp_NeuroRing_9_0' is unconnected for instance 'NeuroRing_9' [/home/miahafiz/NeuroRing_a_2048/_x.hw.NUM_2048.CORE_10.FREQ_300/link/vivado/vpl/prj/prj.gen/my_rm/bd/ulp/synth/ulp.v:11843]
WARNING: [Synth 8-7071] port 'm_axi_gmem_syn_AWREGION' of module 'ulp_NeuroRing_9_0' is unconnected for instance 'NeuroRing_9' [/home/miahafiz/NeuroRing_a_2048/_x.hw.NUM_2048.CORE_10.FREQ_300/link/vivado/vpl/prj/prj.gen/my_rm/bd/ulp/synth/ulp.v:11843]
WARNING: [Synth 8-7071] port 'm_axi_gmem_syn_WID' of module 'ulp_NeuroRing_9_0' is unconnected for instance 'NeuroRing_9' [/home/miahafiz/NeuroRing_a_2048/_x.hw.NUM_2048.CORE_10.FREQ_300/link/vivado/vpl/prj/prj.gen/my_rm/bd/ulp/synth/ulp.v:11843]
WARNING: [Synth 8-7023] instance 'NeuroRing_9' of module 'ulp_NeuroRing_9_0' has 78 connections declared, but only 75 given [/home/miahafiz/NeuroRing_a_2048/_x.hw.NUM_2048.CORE_10.FREQ_300/link/vivado/vpl/prj/prj.gen/my_rm/bd/ulp/synth/ulp.v:11843]
INFO: [Synth 8-6157] synthesizing module 'SLR0_imp_NYMDU0' [/home/miahafiz/NeuroRing_a_2048/_x.hw.NUM_2048.CORE_10.FREQ_300/link/vivado/vpl/prj/prj.gen/my_rm/bd/ulp/synth/ulp.v:13]
INFO: [Synth 8-6157] synthesizing module 'ulp_axi_gpio_null_0' [/home/miahafiz/NeuroRing_a_2048/_x.hw.NUM_2048.CORE_10.FREQ_300/link/vivado/vpl/prj/prj.runs/my_rm_synth_1/.Xil/Vivado-2779866-cyberdeck/realtime/ulp_axi_gpio_null_0_stub.v:6]
INFO: [Synth 8-6155] done synthesizing module 'ulp_axi_gpio_null_0' (0#1) [/home/miahafiz/NeuroRing_a_2048/_x.hw.NUM_2048.CORE_10.FREQ_300/link/vivado/vpl/prj/prj.runs/my_rm_synth_1/.Xil/Vivado-2779866-cyberdeck/realtime/ulp_axi_gpio_null_0_stub.v:6]
WARNING: [Synth 8-7071] port 'gpio_io_o' of module 'ulp_axi_gpio_null_0' is unconnected for instance 'axi_gpio_null' [/home/miahafiz/NeuroRing_a_2048/_x.hw.NUM_2048.CORE_10.FREQ_300/link/vivado/vpl/prj/prj.gen/my_rm/bd/ulp/synth/ulp.v:150]
WARNING: [Synth 8-7071] port 'gpio_io_t' of module 'ulp_axi_gpio_null_0' is unconnected for instance 'axi_gpio_null' [/home/miahafiz/NeuroRing_a_2048/_x.hw.NUM_2048.CORE_10.FREQ_300/link/vivado/vpl/prj/prj.gen/my_rm/bd/ulp/synth/ulp.v:150]
WARNING: [Synth 8-7023] instance 'axi_gpio_null' of module 'ulp_axi_gpio_null_0' has 22 connections declared, but only 20 given [/home/miahafiz/NeuroRing_a_2048/_x.hw.NUM_2048.CORE_10.FREQ_300/link/vivado/vpl/prj/prj.gen/my_rm/bd/ulp/synth/ulp.v:150]
INFO: [Synth 8-6157] synthesizing module 'ulp_axi_vip_ctrl_userpf_0' [/home/miahafiz/NeuroRing_a_2048/_x.hw.NUM_2048.CORE_10.FREQ_300/link/vivado/vpl/prj/prj.runs/my_rm_synth_1/.Xil/Vivado-2779866-cyberdeck/realtime/ulp_axi_vip_ctrl_userpf_0_stub.v:6]
INFO: [Synth 8-6155] done synthesizing module 'ulp_axi_vip_ctrl_userpf_0' (0#1) [/home/miahafiz/NeuroRing_a_2048/_x.hw.NUM_2048.CORE_10.FREQ_300/link/vivado/vpl/prj/prj.runs/my_rm_synth_1/.Xil/Vivado-2779866-cyberdeck/realtime/ulp_axi_vip_ctrl_userpf_0_stub.v:6]
INFO: [Synth 8-6157] synthesizing module 'ulp_interconnect_axilite_user_0' [/home/miahafiz/NeuroRing_a_2048/_x.hw.NUM_2048.CORE_10.FREQ_300/link/vivado/vpl/prj/prj.gen/my_rm/bd/ulp/synth/ulp.v:15453]
INFO: [Synth 8-6157] synthesizing module 's00_couplers_imp_14WTDU7' [/home/miahafiz/NeuroRing_a_2048/_x.hw.NUM_2048.CORE_10.FREQ_300/link/vivado/vpl/prj/prj.gen/my_rm/bd/ulp/synth/ulp.v:8357]
INFO: [Synth 8-6157] synthesizing module 'ulp_interconnect_axilite_user_imp_auto_cc_0' [/home/miahafiz/NeuroRing_a_2048/_x.hw.NUM_2048.CORE_10.FREQ_300/link/vivado/vpl/prj/prj.runs/my_rm_synth_1/.Xil/Vivado-2779866-cyberdeck/realtime/ulp_interconnect_axilite_user_imp_auto_cc_0_stub.v:6]
INFO: [Synth 8-6155] done synthesizing module 'ulp_interconnect_axilite_user_imp_auto_cc_0' (0#1) [/home/miahafiz/NeuroRing_a_2048/_x.hw.NUM_2048.CORE_10.FREQ_300/link/vivado/vpl/prj/prj.runs/my_rm_synth_1/.Xil/Vivado-2779866-cyberdeck/realtime/ulp_interconnect_axilite_user_imp_auto_cc_0_stub.v:6]
WARNING: [Synth 8-7071] port 'm_axi_awprot' of module 'ulp_interconnect_axilite_user_imp_auto_cc_0' is unconnected for instance 'auto_cc' [/home/miahafiz/NeuroRing_a_2048/_x.hw.NUM_2048.CORE_10.FREQ_300/link/vivado/vpl/prj/prj.gen/my_rm/bd/ulp/synth/ulp.v:8499]
WARNING: [Synth 8-7071] port 'm_axi_arprot' of module 'ulp_interconnect_axilite_user_imp_auto_cc_0' is unconnected for instance 'auto_cc' [/home/miahafiz/NeuroRing_a_2048/_x.hw.NUM_2048.CORE_10.FREQ_300/link/vivado/vpl/prj/prj.gen/my_rm/bd/ulp/synth/ulp.v:8499]
WARNING: [Synth 8-7023] instance 'auto_cc' of module 'ulp_interconnect_axilite_user_imp_auto_cc_0' has 42 connections declared, but only 40 given [/home/miahafiz/NeuroRing_a_2048/_x.hw.NUM_2048.CORE_10.FREQ_300/link/vivado/vpl/prj/prj.gen/my_rm/bd/ulp/synth/ulp.v:8499]
INFO: [Synth 8-6157] synthesizing module 'ulp_interconnect_axilite_user_imp_s00_regslice_0' [/home/miahafiz/NeuroRing_a_2048/_x.hw.NUM_2048.CORE_10.FREQ_300/link/vivado/vpl/prj/prj.runs/my_rm_synth_1/.Xil/Vivado-2779866-cyberdeck/realtime/ulp_interconnect_axilite_user_imp_s00_regslice_0_stub.v:6]
INFO: [Synth 8-6155] done synthesizing module 'ulp_interconnect_axilite_user_imp_s00_regslice_0' (0#1) [/home/miahafiz/NeuroRing_a_2048/_x.hw.NUM_2048.CORE_10.FREQ_300/link/vivado/vpl/prj/prj.runs/my_rm_synth_1/.Xil/Vivado-2779866-cyberdeck/realtime/ulp_interconnect_axilite_user_imp_s00_regslice_0_stub.v:6]
INFO: [Synth 8-6155] done synthesizing module 's00_couplers_imp_14WTDU7' (0#1) [/home/miahafiz/NeuroRing_a_2048/_x.hw.NUM_2048.CORE_10.FREQ_300/link/vivado/vpl/prj/prj.gen/my_rm/bd/ulp/synth/ulp.v:8357]
INFO: [Synth 8-6155] done synthesizing module 'ulp_interconnect_axilite_user_0' (0#1) [/home/miahafiz/NeuroRing_a_2048/_x.hw.NUM_2048.CORE_10.FREQ_300/link/vivado/vpl/prj/prj.gen/my_rm/bd/ulp/synth/ulp.v:15453]
INFO: [Synth 8-6157] synthesizing module 'ulp_regslice_control_userpf_0' [/home/miahafiz/NeuroRing_a_2048/_x.hw.NUM_2048.CORE_10.FREQ_300/link/vivado/vpl/prj/prj.runs/my_rm_synth_1/.Xil/Vivado-2779866-cyberdeck/realtime/ulp_regslice_control_userpf_0_stub.v:6]
INFO: [Synth 8-6155] done synthesizing module 'ulp_regslice_control_userpf_0' (0#1) [/home/miahafiz/NeuroRing_a_2048/_x.hw.NUM_2048.CORE_10.FREQ_300/link/vivado/vpl/prj/prj.runs/my_rm_synth_1/.Xil/Vivado-2779866-cyberdeck/realtime/ulp_regslice_control_userpf_0_stub.v:6]
INFO: [Synth 8-6155] done synthesizing module 'SLR0_imp_NYMDU0' (0#1) [/home/miahafiz/NeuroRing_a_2048/_x.hw.NUM_2048.CORE_10.FREQ_300/link/vivado/vpl/prj/prj.gen/my_rm/bd/ulp/synth/ulp.v:13]
INFO: [Synth 8-6157] synthesizing module 'SLR1_imp_1UA2LF1' [/home/miahafiz/NeuroRing_a_2048/_x.hw.NUM_2048.CORE_10.FREQ_300/link/vivado/vpl/prj/prj.gen/my_rm/bd/ulp/synth/ulp.v:298]
INFO: [Synth 8-6157] synthesizing module 'ulp_axi_gpio_null_1' [/home/miahafiz/NeuroRing_a_2048/_x.hw.NUM_2048.CORE_10.FREQ_300/link/vivado/vpl/prj/prj.runs/my_rm_synth_1/.Xil/Vivado-2779866-cyberdeck/realtime/ulp_axi_gpio_null_1_stub.v:6]
INFO: [Synth 8-6155] done synthesizing module 'ulp_axi_gpio_null_1' (0#1) [/home/miahafiz/NeuroRing_a_2048/_x.hw.NUM_2048.CORE_10.FREQ_300/link/vivado/vpl/prj/prj.runs/my_rm_synth_1/.Xil/Vivado-2779866-cyberdeck/realtime/ulp_axi_gpio_null_1_stub.v:6]
WARNING: [Synth 8-7071] port 'gpio_io_o' of module 'ulp_axi_gpio_null_1' is unconnected for instance 'axi_gpio_null' [/home/miahafiz/NeuroRing_a_2048/_x.hw.NUM_2048.CORE_10.FREQ_300/link/vivado/vpl/prj/prj.gen/my_rm/bd/ulp/synth/ulp.v:1557]
WARNING: [Synth 8-7071] port 'gpio_io_t' of module 'ulp_axi_gpio_null_1' is unconnected for instance 'axi_gpio_null' [/home/miahafiz/NeuroRing_a_2048/_x.hw.NUM_2048.CORE_10.FREQ_300/link/vivado/vpl/prj/prj.gen/my_rm/bd/ulp/synth/ulp.v:1557]
WARNING: [Synth 8-7023] instance 'axi_gpio_null' of module 'ulp_axi_gpio_null_1' has 22 connections declared, but only 20 given [/home/miahafiz/NeuroRing_a_2048/_x.hw.NUM_2048.CORE_10.FREQ_300/link/vivado/vpl/prj/prj.gen/my_rm/bd/ulp/synth/ulp.v:1557]
INFO: [Synth 8-6157] synthesizing module 'ulp_axi_vip_ctrl_userpf_1' [/home/miahafiz/NeuroRing_a_2048/_x.hw.NUM_2048.CORE_10.FREQ_300/link/vivado/vpl/prj/prj.runs/my_rm_synth_1/.Xil/Vivado-2779866-cyberdeck/realtime/ulp_axi_vip_ctrl_userpf_1_stub.v:6]
INFO: [Synth 8-6155] done synthesizing module 'ulp_axi_vip_ctrl_userpf_1' (0#1) [/home/miahafiz/NeuroRing_a_2048/_x.hw.NUM_2048.CORE_10.FREQ_300/link/vivado/vpl/prj/prj.runs/my_rm_synth_1/.Xil/Vivado-2779866-cyberdeck/realtime/ulp_axi_vip_ctrl_userpf_1_stub.v:6]
INFO: [Synth 8-6157] synthesizing module 'ulp_interconnect_axilite_user_1' [/home/miahafiz/NeuroRing_a_2048/_x.hw.NUM_2048.CORE_10.FREQ_300/link/vivado/vpl/prj/prj.gen/my_rm/bd/ulp/synth/ulp.v:15623]
INFO: [Synth 8-6157] synthesizing module 'i00_couplers_imp_1WJPM99' [/home/miahafiz/NeuroRing_a_2048/_x.hw.NUM_2048.CORE_10.FREQ_300/link/vivado/vpl/prj/prj.gen/my_rm/bd/ulp/synth/ulp.v:2409]
INFO: [Synth 8-6155] done synthesizing module 'i00_couplers_imp_1WJPM99' (0#1) [/home/miahafiz/NeuroRing_a_2048/_x.hw.NUM_2048.CORE_10.FREQ_300/link/vivado/vpl/prj/prj.gen/my_rm/bd/ulp/synth/ulp.v:2409]
INFO: [Synth 8-6157] synthesizing module 'i01_couplers_imp_BTJTRC' [/home/miahafiz/NeuroRing_a_2048/_x.hw.NUM_2048.CORE_10.FREQ_300/link/vivado/vpl/prj/prj.gen/my_rm/bd/ulp/synth/ulp.v:2536]
INFO: [Synth 8-6155] done synthesizing module 'i01_couplers_imp_BTJTRC' (0#1) [/home/miahafiz/NeuroRing_a_2048/_x.hw.NUM_2048.CORE_10.FREQ_300/link/vivado/vpl/prj/prj.gen/my_rm/bd/ulp/synth/ulp.v:2536]
INFO: [Synth 8-6157] synthesizing module 'i02_couplers_imp_15ZF4BQ' [/home/miahafiz/NeuroRing_a_2048/_x.hw.NUM_2048.CORE_10.FREQ_300/link/vivado/vpl/prj/prj.gen/my_rm/bd/ulp/synth/ulp.v:2663]
INFO: [Synth 8-6155] done synthesizing module 'i02_couplers_imp_15ZF4BQ' (0#1) [/home/miahafiz/NeuroRing_a_2048/_x.hw.NUM_2048.CORE_10.FREQ_300/link/vivado/vpl/prj/prj.gen/my_rm/bd/ulp/synth/ulp.v:2663]
INFO: [Synth 8-6157] synthesizing module 'm00_couplers_imp_YSZRM6' [/home/miahafiz/NeuroRing_a_2048/_x.hw.NUM_2048.CORE_10.FREQ_300/link/vivado/vpl/prj/prj.gen/my_rm/bd/ulp/synth/ulp.v:2917]
INFO: [Synth 8-6157] synthesizing module 'ulp_interconnect_axilite_user_imp_auto_cc_1' [/home/miahafiz/NeuroRing_a_2048/_x.hw.NUM_2048.CORE_10.FREQ_300/link/vivado/vpl/prj/prj.runs/my_rm_synth_1/.Xil/Vivado-2779866-cyberdeck/realtime/ulp_interconnect_axilite_user_imp_auto_cc_1_stub.v:6]
INFO: [Synth 8-6155] done synthesizing module 'ulp_interconnect_axilite_user_imp_auto_cc_1' (0#1) [/home/miahafiz/NeuroRing_a_2048/_x.hw.NUM_2048.CORE_10.FREQ_300/link/vivado/vpl/prj/prj.runs/my_rm_synth_1/.Xil/Vivado-2779866-cyberdeck/realtime/ulp_interconnect_axilite_user_imp_auto_cc_1_stub.v:6]
INFO: [Synth 8-6157] synthesizing module 'ulp_interconnect_axilite_user_imp_m00_regslice_0' [/home/miahafiz/NeuroRing_a_2048/_x.hw.NUM_2048.CORE_10.FREQ_300/link/vivado/vpl/prj/prj.runs/my_rm_synth_1/.Xil/Vivado-2779866-cyberdeck/realtime/ulp_interconnect_axilite_user_imp_m00_regslice_0_stub.v:6]
INFO: [Synth 8-6155] done synthesizing module 'ulp_interconnect_axilite_user_imp_m00_regslice_0' (0#1) [/home/miahafiz/NeuroRing_a_2048/_x.hw.NUM_2048.CORE_10.FREQ_300/link/vivado/vpl/prj/prj.runs/my_rm_synth_1/.Xil/Vivado-2779866-cyberdeck/realtime/ulp_interconnect_axilite_user_imp_m00_regslice_0_stub.v:6]
WARNING: [Synth 8-7071] port 'm_axi_awprot' of module 'ulp_interconnect_axilite_user_imp_m00_regslice_0' is unconnected for instance 'm00_regslice' [/home/miahafiz/NeuroRing_a_2048/_x.hw.NUM_2048.CORE_10.FREQ_300/link/vivado/vpl/prj/prj.gen/my_rm/bd/ulp/synth/ulp.v:3102]
WARNING: [Synth 8-7071] port 'm_axi_arprot' of module 'ulp_interconnect_axilite_user_imp_m00_regslice_0' is unconnected for instance 'm00_regslice' [/home/miahafiz/NeuroRing_a_2048/_x.hw.NUM_2048.CORE_10.FREQ_300/link/vivado/vpl/prj/prj.gen/my_rm/bd/ulp/synth/ulp.v:3102]
WARNING: [Synth 8-7023] instance 'm00_regslice' of module 'ulp_interconnect_axilite_user_imp_m00_regslice_0' has 40 connections declared, but only 38 given [/home/miahafiz/NeuroRing_a_2048/_x.hw.NUM_2048.CORE_10.FREQ_300/link/vivado/vpl/prj/prj.gen/my_rm/bd/ulp/synth/ulp.v:3102]
INFO: [Synth 8-6155] done synthesizing module 'm00_couplers_imp_YSZRM6' (0#1) [/home/miahafiz/NeuroRing_a_2048/_x.hw.NUM_2048.CORE_10.FREQ_300/link/vivado/vpl/prj/prj.gen/my_rm/bd/ulp/synth/ulp.v:2917]
INFO: [Synth 8-6157] synthesizing module 'm01_couplers_imp_18N64GB' [/home/miahafiz/NeuroRing_a_2048/_x.hw.NUM_2048.CORE_10.FREQ_300/link/vivado/vpl/prj/prj.gen/my_rm/bd/ulp/synth/ulp.v:3143]
INFO: [Synth 8-6157] synthesizing module 'ulp_interconnect_axilite_user_imp_auto_cc_2' [/home/miahafiz/NeuroRing_a_2048/_x.hw.NUM_2048.CORE_10.FREQ_300/link/vivado/vpl/prj/prj.runs/my_rm_synth_1/.Xil/Vivado-2779866-cyberdeck/realtime/ulp_interconnect_axilite_user_imp_auto_cc_2_stub.v:6]
INFO: [Synth 8-6155] done synthesizing module 'ulp_interconnect_axilite_user_imp_auto_cc_2' (0#1) [/home/miahafiz/NeuroRing_a_2048/_x.hw.NUM_2048.CORE_10.FREQ_300/link/vivado/vpl/prj/prj.runs/my_rm_synth_1/.Xil/Vivado-2779866-cyberdeck/realtime/ulp_interconnect_axilite_user_imp_auto_cc_2_stub.v:6]
INFO: [Synth 8-6157] synthesizing module 'ulp_interconnect_axilite_user_imp_m01_regslice_0' [/home/miahafiz/NeuroRing_a_2048/_x.hw.NUM_2048.CORE_10.FREQ_300/link/vivado/vpl/prj/prj.runs/my_rm_synth_1/.Xil/Vivado-2779866-cyberdeck/realtime/ulp_interconnect_axilite_user_imp_m01_regslice_0_stub.v:6]
INFO: [Synth 8-6155] done synthesizing module 'ulp_interconnect_axilite_user_imp_m01_regslice_0' (0#1) [/home/miahafiz/NeuroRing_a_2048/_x.hw.NUM_2048.CORE_10.FREQ_300/link/vivado/vpl/prj/prj.runs/my_rm_synth_1/.Xil/Vivado-2779866-cyberdeck/realtime/ulp_interconnect_axilite_user_imp_m01_regslice_0_stub.v:6]
WARNING: [Synth 8-7071] port 'm_axi_awprot' of module 'ulp_interconnect_axilite_user_imp_m01_regslice_0' is unconnected for instance 'm01_regslice' [/home/miahafiz/NeuroRing_a_2048/_x.hw.NUM_2048.CORE_10.FREQ_300/link/vivado/vpl/prj/prj.gen/my_rm/bd/ulp/synth/ulp.v:3328]
WARNING: [Synth 8-7071] port 'm_axi_arprot' of module 'ulp_interconnect_axilite_user_imp_m01_regslice_0' is unconnected for instance 'm01_regslice' [/home/miahafiz/NeuroRing_a_2048/_x.hw.NUM_2048.CORE_10.FREQ_300/link/vivado/vpl/prj/prj.gen/my_rm/bd/ulp/synth/ulp.v:3328]
WARNING: [Synth 8-7023] instance 'm01_regslice' of module 'ulp_interconnect_axilite_user_imp_m01_regslice_0' has 40 connections declared, but only 38 given [/home/miahafiz/NeuroRing_a_2048/_x.hw.NUM_2048.CORE_10.FREQ_300/link/vivado/vpl/prj/prj.gen/my_rm/bd/ulp/synth/ulp.v:3328]
INFO: [Synth 8-6155] done synthesizing module 'm01_couplers_imp_18N64GB' (0#1) [/home/miahafiz/NeuroRing_a_2048/_x.hw.NUM_2048.CORE_10.FREQ_300/link/vivado/vpl/prj/prj.gen/my_rm/bd/ulp/synth/ulp.v:3143]
INFO: [Synth 8-6157] synthesizing module 'm02_couplers_imp_83EN5X' [/home/miahafiz/NeuroRing_a_2048/_x.hw.NUM_2048.CORE_10.FREQ_300/link/vivado/vpl/prj/prj.gen/my_rm/bd/ulp/synth/ulp.v:3484]
INFO: [Synth 8-6157] synthesizing module 'ulp_interconnect_axilite_user_imp_auto_cc_3' [/home/miahafiz/NeuroRing_a_2048/_x.hw.NUM_2048.CORE_10.FREQ_300/link/vivado/vpl/prj/prj.runs/my_rm_synth_1/.Xil/Vivado-2779866-cyberdeck/realtime/ulp_interconnect_axilite_user_imp_auto_cc_3_stub.v:6]
INFO: [Synth 8-6155] done synthesizing module 'ulp_interconnect_axilite_user_imp_auto_cc_3' (0#1) [/home/miahafiz/NeuroRing_a_2048/_x.hw.NUM_2048.CORE_10.FREQ_300/link/vivado/vpl/prj/prj.runs/my_rm_synth_1/.Xil/Vivado-2779866-cyberdeck/realtime/ulp_interconnect_axilite_user_imp_auto_cc_3_stub.v:6]
INFO: [Synth 8-6157] synthesizing module 'ulp_interconnect_axilite_user_imp_m02_regslice_0' [/home/miahafiz/NeuroRing_a_2048/_x.hw.NUM_2048.CORE_10.FREQ_300/link/vivado/vpl/prj/prj.runs/my_rm_synth_1/.Xil/Vivado-2779866-cyberdeck/realtime/ulp_interconnect_axilite_user_imp_m02_regslice_0_stub.v:6]
INFO: [Synth 8-6155] done synthesizing module 'ulp_interconnect_axilite_user_imp_m02_regslice_0' (0#1) [/home/miahafiz/NeuroRing_a_2048/_x.hw.NUM_2048.CORE_10.FREQ_300/link/vivado/vpl/prj/prj.runs/my_rm_synth_1/.Xil/Vivado-2779866-cyberdeck/realtime/ulp_interconnect_axilite_user_imp_m02_regslice_0_stub.v:6]
WARNING: [Synth 8-7071] port 'm_axi_awprot' of module 'ulp_interconnect_axilite_user_imp_m02_regslice_0' is unconnected for instance 'm02_regslice' [/home/miahafiz/NeuroRing_a_2048/_x.hw.NUM_2048.CORE_10.FREQ_300/link/vivado/vpl/prj/prj.gen/my_rm/bd/ulp/synth/ulp.v:3669]
WARNING: [Synth 8-7071] port 'm_axi_arprot' of module 'ulp_interconnect_axilite_user_imp_m02_regslice_0' is unconnected for instance 'm02_regslice' [/home/miahafiz/NeuroRing_a_2048/_x.hw.NUM_2048.CORE_10.FREQ_300/link/vivado/vpl/prj/prj.gen/my_rm/bd/ulp/synth/ulp.v:3669]
WARNING: [Synth 8-7023] instance 'm02_regslice' of module 'ulp_interconnect_axilite_user_imp_m02_regslice_0' has 40 connections declared, but only 38 given [/home/miahafiz/NeuroRing_a_2048/_x.hw.NUM_2048.CORE_10.FREQ_300/link/vivado/vpl/prj/prj.gen/my_rm/bd/ulp/synth/ulp.v:3669]
INFO: [Synth 8-6155] done synthesizing module 'm02_couplers_imp_83EN5X' (0#1) [/home/miahafiz/NeuroRing_a_2048/_x.hw.NUM_2048.CORE_10.FREQ_300/link/vivado/vpl/prj/prj.gen/my_rm/bd/ulp/synth/ulp.v:3484]
INFO: [Synth 8-6157] synthesizing module 'm03_couplers_imp_1HH4B40' [/home/miahafiz/NeuroRing_a_2048/_x.hw.NUM_2048.CORE_10.FREQ_300/link/vivado/vpl/prj/prj.gen/my_rm/bd/ulp/synth/ulp.v:3710]
INFO: [Synth 8-6157] synthesizing module 'ulp_interconnect_axilite_user_imp_auto_cc_4' [/home/miahafiz/NeuroRing_a_2048/_x.hw.NUM_2048.CORE_10.FREQ_300/link/vivado/vpl/prj/prj.runs/my_rm_synth_1/.Xil/Vivado-2779866-cyberdeck/realtime/ulp_interconnect_axilite_user_imp_auto_cc_4_stub.v:6]
INFO: [Synth 8-6155] done synthesizing module 'ulp_interconnect_axilite_user_imp_auto_cc_4' (0#1) [/home/miahafiz/NeuroRing_a_2048/_x.hw.NUM_2048.CORE_10.FREQ_300/link/vivado/vpl/prj/prj.runs/my_rm_synth_1/.Xil/Vivado-2779866-cyberdeck/realtime/ulp_interconnect_axilite_user_imp_auto_cc_4_stub.v:6]
INFO: [Synth 8-6157] synthesizing module 'ulp_interconnect_axilite_user_imp_m03_regslice_0' [/home/miahafiz/NeuroRing_a_2048/_x.hw.NUM_2048.CORE_10.FREQ_300/link/vivado/vpl/prj/prj.runs/my_rm_synth_1/.Xil/Vivado-2779866-cyberdeck/realtime/ulp_interconnect_axilite_user_imp_m03_regslice_0_stub.v:6]
INFO: [Synth 8-6155] done synthesizing module 'ulp_interconnect_axilite_user_imp_m03_regslice_0' (0#1) [/home/miahafiz/NeuroRing_a_2048/_x.hw.NUM_2048.CORE_10.FREQ_300/link/vivado/vpl/prj/prj.runs/my_rm_synth_1/.Xil/Vivado-2779866-cyberdeck/realtime/ulp_interconnect_axilite_user_imp_m03_regslice_0_stub.v:6]
WARNING: [Synth 8-7071] port 'm_axi_awprot' of module 'ulp_interconnect_axilite_user_imp_m03_regslice_0' is unconnected for instance 'm03_regslice' [/home/miahafiz/NeuroRing_a_2048/_x.hw.NUM_2048.CORE_10.FREQ_300/link/vivado/vpl/prj/prj.gen/my_rm/bd/ulp/synth/ulp.v:3895]
WARNING: [Synth 8-7071] port 'm_axi_arprot' of module 'ulp_interconnect_axilite_user_imp_m03_regslice_0' is unconnected for instance 'm03_regslice' [/home/miahafiz/NeuroRing_a_2048/_x.hw.NUM_2048.CORE_10.FREQ_300/link/vivado/vpl/prj/prj.gen/my_rm/bd/ulp/synth/ulp.v:3895]
WARNING: [Synth 8-7023] instance 'm03_regslice' of module 'ulp_interconnect_axilite_user_imp_m03_regslice_0' has 40 connections declared, but only 38 given [/home/miahafiz/NeuroRing_a_2048/_x.hw.NUM_2048.CORE_10.FREQ_300/link/vivado/vpl/prj/prj.gen/my_rm/bd/ulp/synth/ulp.v:3895]
INFO: [Synth 8-6155] done synthesizing module 'm03_couplers_imp_1HH4B40' (0#1) [/home/miahafiz/NeuroRing_a_2048/_x.hw.NUM_2048.CORE_10.FREQ_300/link/vivado/vpl/prj/prj.gen/my_rm/bd/ulp/synth/ulp.v:3710]
INFO: [Synth 8-6157] synthesizing module 'm04_couplers_imp_1GNQK9K' [/home/miahafiz/NeuroRing_a_2048/_x.hw.NUM_2048.CORE_10.FREQ_300/link/vivado/vpl/prj/prj.gen/my_rm/bd/ulp/synth/ulp.v:3936]
INFO: [Synth 8-6157] synthesizing module 'ulp_interconnect_axilite_user_imp_auto_cc_5' [/home/miahafiz/NeuroRing_a_2048/_x.hw.NUM_2048.CORE_10.FREQ_300/link/vivado/vpl/prj/prj.runs/my_rm_synth_1/.Xil/Vivado-2779866-cyberdeck/realtime/ulp_interconnect_axilite_user_imp_auto_cc_5_stub.v:6]
INFO: [Synth 8-6155] done synthesizing module 'ulp_interconnect_axilite_user_imp_auto_cc_5' (0#1) [/home/miahafiz/NeuroRing_a_2048/_x.hw.NUM_2048.CORE_10.FREQ_300/link/vivado/vpl/prj/prj.runs/my_rm_synth_1/.Xil/Vivado-2779866-cyberdeck/realtime/ulp_interconnect_axilite_user_imp_auto_cc_5_stub.v:6]
INFO: [Synth 8-6157] synthesizing module 'ulp_interconnect_axilite_user_imp_m04_regslice_0' [/home/miahafiz/NeuroRing_a_2048/_x.hw.NUM_2048.CORE_10.FREQ_300/link/vivado/vpl/prj/prj.runs/my_rm_synth_1/.Xil/Vivado-2779866-cyberdeck/realtime/ulp_interconnect_axilite_user_imp_m04_regslice_0_stub.v:6]
INFO: [Synth 8-6155] done synthesizing module 'ulp_interconnect_axilite_user_imp_m04_regslice_0' (0#1) [/home/miahafiz/NeuroRing_a_2048/_x.hw.NUM_2048.CORE_10.FREQ_300/link/vivado/vpl/prj/prj.runs/my_rm_synth_1/.Xil/Vivado-2779866-cyberdeck/realtime/ulp_interconnect_axilite_user_imp_m04_regslice_0_stub.v:6]
WARNING: [Synth 8-7071] port 'm_axi_awprot' of module 'ulp_interconnect_axilite_user_imp_m04_regslice_0' is unconnected for instance 'm04_regslice' [/home/miahafiz/NeuroRing_a_2048/_x.hw.NUM_2048.CORE_10.FREQ_300/link/vivado/vpl/prj/prj.gen/my_rm/bd/ulp/synth/ulp.v:4121]
WARNING: [Synth 8-7071] port 'm_axi_arprot' of module 'ulp_interconnect_axilite_user_imp_m04_regslice_0' is unconnected for instance 'm04_regslice' [/home/miahafiz/NeuroRing_a_2048/_x.hw.NUM_2048.CORE_10.FREQ_300/link/vivado/vpl/prj/prj.gen/my_rm/bd/ulp/synth/ulp.v:4121]
WARNING: [Synth 8-7023] instance 'm04_regslice' of module 'ulp_interconnect_axilite_user_imp_m04_regslice_0' has 40 connections declared, but only 38 given [/home/miahafiz/NeuroRing_a_2048/_x.hw.NUM_2048.CORE_10.FREQ_300/link/vivado/vpl/prj/prj.gen/my_rm/bd/ulp/synth/ulp.v:4121]
INFO: [Synth 8-6155] done synthesizing module 'm04_couplers_imp_1GNQK9K' (0#1) [/home/miahafiz/NeuroRing_a_2048/_x.hw.NUM_2048.CORE_10.FREQ_300/link/vivado/vpl/prj/prj.gen/my_rm/bd/ulp/synth/ulp.v:3936]
INFO: [Synth 8-6157] synthesizing module 'm05_couplers_imp_QQN1JX' [/home/miahafiz/NeuroRing_a_2048/_x.hw.NUM_2048.CORE_10.FREQ_300/link/vivado/vpl/prj/prj.gen/my_rm/bd/ulp/synth/ulp.v:4162]
INFO: [Synth 8-6157] synthesizing module 'ulp_interconnect_axilite_user_imp_auto_cc_6' [/home/miahafiz/NeuroRing_a_2048/_x.hw.NUM_2048.CORE_10.FREQ_300/link/vivado/vpl/prj/prj.runs/my_rm_synth_1/.Xil/Vivado-2779866-cyberdeck/realtime/ulp_interconnect_axilite_user_imp_auto_cc_6_stub.v:6]
INFO: [Synth 8-6155] done synthesizing module 'ulp_interconnect_axilite_user_imp_auto_cc_6' (0#1) [/home/miahafiz/NeuroRing_a_2048/_x.hw.NUM_2048.CORE_10.FREQ_300/link/vivado/vpl/prj/prj.runs/my_rm_synth_1/.Xil/Vivado-2779866-cyberdeck/realtime/ulp_interconnect_axilite_user_imp_auto_cc_6_stub.v:6]
INFO: [Synth 8-6157] synthesizing module 'ulp_interconnect_axilite_user_imp_m05_regslice_0' [/home/miahafiz/NeuroRing_a_2048/_x.hw.NUM_2048.CORE_10.FREQ_300/link/vivado/vpl/prj/prj.runs/my_rm_synth_1/.Xil/Vivado-2779866-cyberdeck/realtime/ulp_interconnect_axilite_user_imp_m05_regslice_0_stub.v:6]
INFO: [Synth 8-6155] done synthesizing module 'ulp_interconnect_axilite_user_imp_m05_regslice_0' (0#1) [/home/miahafiz/NeuroRing_a_2048/_x.hw.NUM_2048.CORE_10.FREQ_300/link/vivado/vpl/prj/prj.runs/my_rm_synth_1/.Xil/Vivado-2779866-cyberdeck/realtime/ulp_interconnect_axilite_user_imp_m05_regslice_0_stub.v:6]
WARNING: [Synth 8-7071] port 'm_axi_awprot' of module 'ulp_interconnect_axilite_user_imp_m05_regslice_0' is unconnected for instance 'm05_regslice' [/home/miahafiz/NeuroRing_a_2048/_x.hw.NUM_2048.CORE_10.FREQ_300/link/vivado/vpl/prj/prj.gen/my_rm/bd/ulp/synth/ulp.v:4347]
WARNING: [Synth 8-7071] port 'm_axi_arprot' of module 'ulp_interconnect_axilite_user_imp_m05_regslice_0' is unconnected for instance 'm05_regslice' [/home/miahafiz/NeuroRing_a_2048/_x.hw.NUM_2048.CORE_10.FREQ_300/link/vivado/vpl/prj/prj.gen/my_rm/bd/ulp/synth/ulp.v:4347]
WARNING: [Synth 8-7023] instance 'm05_regslice' of module 'ulp_interconnect_axilite_user_imp_m05_regslice_0' has 40 connections declared, but only 38 given [/home/miahafiz/NeuroRing_a_2048/_x.hw.NUM_2048.CORE_10.FREQ_300/link/vivado/vpl/prj/prj.gen/my_rm/bd/ulp/synth/ulp.v:4347]
INFO: [Synth 8-6155] done synthesizing module 'm05_couplers_imp_QQN1JX' (0#1) [/home/miahafiz/NeuroRing_a_2048/_x.hw.NUM_2048.CORE_10.FREQ_300/link/vivado/vpl/prj/prj.gen/my_rm/bd/ulp/synth/ulp.v:4162]
INFO: [Synth 8-6157] synthesizing module 'm06_couplers_imp_1PHBL8Z' [/home/miahafiz/NeuroRing_a_2048/_x.hw.NUM_2048.CORE_10.FREQ_300/link/vivado/vpl/prj/prj.gen/my_rm/bd/ulp/synth/ulp.v:4388]
INFO: [Synth 8-6157] synthesizing module 'ulp_interconnect_axilite_user_imp_auto_cc_7' [/home/miahafiz/NeuroRing_a_2048/_x.hw.NUM_2048.CORE_10.FREQ_300/link/vivado/vpl/prj/prj.runs/my_rm_synth_1/.Xil/Vivado-2779866-cyberdeck/realtime/ulp_interconnect_axilite_user_imp_auto_cc_7_stub.v:6]
INFO: [Synth 8-6155] done synthesizing module 'ulp_interconnect_axilite_user_imp_auto_cc_7' (0#1) [/home/miahafiz/NeuroRing_a_2048/_x.hw.NUM_2048.CORE_10.FREQ_300/link/vivado/vpl/prj/prj.runs/my_rm_synth_1/.Xil/Vivado-2779866-cyberdeck/realtime/ulp_interconnect_axilite_user_imp_auto_cc_7_stub.v:6]
INFO: [Synth 8-6157] synthesizing module 'ulp_interconnect_axilite_user_imp_m06_regslice_0' [/home/miahafiz/NeuroRing_a_2048/_x.hw.NUM_2048.CORE_10.FREQ_300/link/vivado/vpl/prj/prj.runs/my_rm_synth_1/.Xil/Vivado-2779866-cyberdeck/realtime/ulp_interconnect_axilite_user_imp_m06_regslice_0_stub.v:6]
INFO: [Synth 8-6155] done synthesizing module 'ulp_interconnect_axilite_user_imp_m06_regslice_0' (0#1) [/home/miahafiz/NeuroRing_a_2048/_x.hw.NUM_2048.CORE_10.FREQ_300/link/vivado/vpl/prj/prj.runs/my_rm_synth_1/.Xil/Vivado-2779866-cyberdeck/realtime/ulp_interconnect_axilite_user_imp_m06_regslice_0_stub.v:6]
WARNING: [Synth 8-7071] port 'm_axi_awprot' of module 'ulp_interconnect_axilite_user_imp_m06_regslice_0' is unconnected for instance 'm06_regslice' [/home/miahafiz/NeuroRing_a_2048/_x.hw.NUM_2048.CORE_10.FREQ_300/link/vivado/vpl/prj/prj.gen/my_rm/bd/ulp/synth/ulp.v:4573]
WARNING: [Synth 8-7071] port 'm_axi_arprot' of module 'ulp_interconnect_axilite_user_imp_m06_regslice_0' is unconnected for instance 'm06_regslice' [/home/miahafiz/NeuroRing_a_2048/_x.hw.NUM_2048.CORE_10.FREQ_300/link/vivado/vpl/prj/prj.gen/my_rm/bd/ulp/synth/ulp.v:4573]
WARNING: [Synth 8-7023] instance 'm06_regslice' of module 'ulp_interconnect_axilite_user_imp_m06_regslice_0' has 40 connections declared, but only 38 given [/home/miahafiz/NeuroRing_a_2048/_x.hw.NUM_2048.CORE_10.FREQ_300/link/vivado/vpl/prj/prj.gen/my_rm/bd/ulp/synth/ulp.v:4573]
INFO: [Synth 8-6155] done synthesizing module 'm06_couplers_imp_1PHBL8Z' (0#1) [/home/miahafiz/NeuroRing_a_2048/_x.hw.NUM_2048.CORE_10.FREQ_300/link/vivado/vpl/prj/prj.gen/my_rm/bd/ulp/synth/ulp.v:4388]
INFO: [Synth 8-6157] synthesizing module 'm07_couplers_imp_5FBQ' [/home/miahafiz/NeuroRing_a_2048/_x.hw.NUM_2048.CORE_10.FREQ_300/link/vivado/vpl/prj/prj.gen/my_rm/bd/ulp/synth/ulp.v:4614]
INFO: [Synth 8-6157] synthesizing module 'ulp_interconnect_axilite_user_imp_auto_cc_8' [/home/miahafiz/NeuroRing_a_2048/_x.hw.NUM_2048.CORE_10.FREQ_300/link/vivado/vpl/prj/prj.runs/my_rm_synth_1/.Xil/Vivado-2779866-cyberdeck/realtime/ulp_interconnect_axilite_user_imp_auto_cc_8_stub.v:6]
INFO: [Synth 8-6155] done synthesizing module 'ulp_interconnect_axilite_user_imp_auto_cc_8' (0#1) [/home/miahafiz/NeuroRing_a_2048/_x.hw.NUM_2048.CORE_10.FREQ_300/link/vivado/vpl/prj/prj.runs/my_rm_synth_1/.Xil/Vivado-2779866-cyberdeck/realtime/ulp_interconnect_axilite_user_imp_auto_cc_8_stub.v:6]
INFO: [Synth 8-6157] synthesizing module 'ulp_interconnect_axilite_user_imp_m07_regslice_0' [/home/miahafiz/NeuroRing_a_2048/_x.hw.NUM_2048.CORE_10.FREQ_300/link/vivado/vpl/prj/prj.runs/my_rm_synth_1/.Xil/Vivado-2779866-cyberdeck/realtime/ulp_interconnect_axilite_user_imp_m07_regslice_0_stub.v:6]
INFO: [Synth 8-6155] done synthesizing module 'ulp_interconnect_axilite_user_imp_m07_regslice_0' (0#1) [/home/miahafiz/NeuroRing_a_2048/_x.hw.NUM_2048.CORE_10.FREQ_300/link/vivado/vpl/prj/prj.runs/my_rm_synth_1/.Xil/Vivado-2779866-cyberdeck/realtime/ulp_interconnect_axilite_user_imp_m07_regslice_0_stub.v:6]
WARNING: [Synth 8-7071] port 'm_axi_awprot' of module 'ulp_interconnect_axilite_user_imp_m07_regslice_0' is unconnected for instance 'm07_regslice' [/home/miahafiz/NeuroRing_a_2048/_x.hw.NUM_2048.CORE_10.FREQ_300/link/vivado/vpl/prj/prj.gen/my_rm/bd/ulp/synth/ulp.v:4799]
WARNING: [Synth 8-7071] port 'm_axi_arprot' of module 'ulp_interconnect_axilite_user_imp_m07_regslice_0' is unconnected for instance 'm07_regslice' [/home/miahafiz/NeuroRing_a_2048/_x.hw.NUM_2048.CORE_10.FREQ_300/link/vivado/vpl/prj/prj.gen/my_rm/bd/ulp/synth/ulp.v:4799]
WARNING: [Synth 8-7023] instance 'm07_regslice' of module 'ulp_interconnect_axilite_user_imp_m07_regslice_0' has 40 connections declared, but only 38 given [/home/miahafiz/NeuroRing_a_2048/_x.hw.NUM_2048.CORE_10.FREQ_300/link/vivado/vpl/prj/prj.gen/my_rm/bd/ulp/synth/ulp.v:4799]
INFO: [Synth 8-6155] done synthesizing module 'm07_couplers_imp_5FBQ' (0#1) [/home/miahafiz/NeuroRing_a_2048/_x.hw.NUM_2048.CORE_10.FREQ_300/link/vivado/vpl/prj/prj.gen/my_rm/bd/ulp/synth/ulp.v:4614]
INFO: [Synth 8-6157] synthesizing module 'm08_couplers_imp_AY1R6R' [/home/miahafiz/NeuroRing_a_2048/_x.hw.NUM_2048.CORE_10.FREQ_300/link/vivado/vpl/prj/prj.gen/my_rm/bd/ulp/synth/ulp.v:4840]
INFO: [Synth 8-6157] synthesizing module 'ulp_interconnect_axilite_user_imp_auto_cc_9' [/home/miahafiz/NeuroRing_a_2048/_x.hw.NUM_2048.CORE_10.FREQ_300/link/vivado/vpl/prj/prj.runs/my_rm_synth_1/.Xil/Vivado-2779866-cyberdeck/realtime/ulp_interconnect_axilite_user_imp_auto_cc_9_stub.v:6]
INFO: [Synth 8-6155] done synthesizing module 'ulp_interconnect_axilite_user_imp_auto_cc_9' (0#1) [/home/miahafiz/NeuroRing_a_2048/_x.hw.NUM_2048.CORE_10.FREQ_300/link/vivado/vpl/prj/prj.runs/my_rm_synth_1/.Xil/Vivado-2779866-cyberdeck/realtime/ulp_interconnect_axilite_user_imp_auto_cc_9_stub.v:6]
INFO: [Synth 8-6157] synthesizing module 'ulp_interconnect_axilite_user_imp_m08_regslice_0' [/home/miahafiz/NeuroRing_a_2048/_x.hw.NUM_2048.CORE_10.FREQ_300/link/vivado/vpl/prj/prj.runs/my_rm_synth_1/.Xil/Vivado-2779866-cyberdeck/realtime/ulp_interconnect_axilite_user_imp_m08_regslice_0_stub.v:6]
INFO: [Synth 8-6155] done synthesizing module 'ulp_interconnect_axilite_user_imp_m08_regslice_0' (0#1) [/home/miahafiz/NeuroRing_a_2048/_x.hw.NUM_2048.CORE_10.FREQ_300/link/vivado/vpl/prj/prj.runs/my_rm_synth_1/.Xil/Vivado-2779866-cyberdeck/realtime/ulp_interconnect_axilite_user_imp_m08_regslice_0_stub.v:6]
WARNING: [Synth 8-7071] port 'm_axi_awprot' of module 'ulp_interconnect_axilite_user_imp_m08_regslice_0' is unconnected for instance 'm08_regslice' [/home/miahafiz/NeuroRing_a_2048/_x.hw.NUM_2048.CORE_10.FREQ_300/link/vivado/vpl/prj/prj.gen/my_rm/bd/ulp/synth/ulp.v:5025]
WARNING: [Synth 8-7071] port 'm_axi_arprot' of module 'ulp_interconnect_axilite_user_imp_m08_regslice_0' is unconnected for instance 'm08_regslice' [/home/miahafiz/NeuroRing_a_2048/_x.hw.NUM_2048.CORE_10.FREQ_300/link/vivado/vpl/prj/prj.gen/my_rm/bd/ulp/synth/ulp.v:5025]
WARNING: [Synth 8-7023] instance 'm08_regslice' of module 'ulp_interconnect_axilite_user_imp_m08_regslice_0' has 40 connections declared, but only 38 given [/home/miahafiz/NeuroRing_a_2048/_x.hw.NUM_2048.CORE_10.FREQ_300/link/vivado/vpl/prj/prj.gen/my_rm/bd/ulp/synth/ulp.v:5025]
INFO: [Synth 8-6155] done synthesizing module 'm08_couplers_imp_AY1R6R' (0#1) [/home/miahafiz/NeuroRing_a_2048/_x.hw.NUM_2048.CORE_10.FREQ_300/link/vivado/vpl/prj/prj.gen/my_rm/bd/ulp/synth/ulp.v:4840]
INFO: [Synth 8-6157] synthesizing module 'm09_couplers_imp_1XM5AW6' [/home/miahafiz/NeuroRing_a_2048/_x.hw.NUM_2048.CORE_10.FREQ_300/link/vivado/vpl/prj/prj.gen/my_rm/bd/ulp/synth/ulp.v:5066]
INFO: [Synth 8-6157] synthesizing module 'ulp_interconnect_axilite_user_imp_auto_cc_10' [/home/miahafiz/NeuroRing_a_2048/_x.hw.NUM_2048.CORE_10.FREQ_300/link/vivado/vpl/prj/prj.runs/my_rm_synth_1/.Xil/Vivado-2779866-cyberdeck/realtime/ulp_interconnect_axilite_user_imp_auto_cc_10_stub.v:6]
INFO: [Synth 8-6155] done synthesizing module 'ulp_interconnect_axilite_user_imp_auto_cc_10' (0#1) [/home/miahafiz/NeuroRing_a_2048/_x.hw.NUM_2048.CORE_10.FREQ_300/link/vivado/vpl/prj/prj.runs/my_rm_synth_1/.Xil/Vivado-2779866-cyberdeck/realtime/ulp_interconnect_axilite_user_imp_auto_cc_10_stub.v:6]
INFO: [Synth 8-6157] synthesizing module 'ulp_interconnect_axilite_user_imp_m09_regslice_0' [/home/miahafiz/NeuroRing_a_2048/_x.hw.NUM_2048.CORE_10.FREQ_300/link/vivado/vpl/prj/prj.runs/my_rm_synth_1/.Xil/Vivado-2779866-cyberdeck/realtime/ulp_interconnect_axilite_user_imp_m09_regslice_0_stub.v:6]
INFO: [Synth 8-6155] done synthesizing module 'ulp_interconnect_axilite_user_imp_m09_regslice_0' (0#1) [/home/miahafiz/NeuroRing_a_2048/_x.hw.NUM_2048.CORE_10.FREQ_300/link/vivado/vpl/prj/prj.runs/my_rm_synth_1/.Xil/Vivado-2779866-cyberdeck/realtime/ulp_interconnect_axilite_user_imp_m09_regslice_0_stub.v:6]
WARNING: [Synth 8-7071] port 'm_axi_awprot' of module 'ulp_interconnect_axilite_user_imp_m09_regslice_0' is unconnected for instance 'm09_regslice' [/home/miahafiz/NeuroRing_a_2048/_x.hw.NUM_2048.CORE_10.FREQ_300/link/vivado/vpl/prj/prj.gen/my_rm/bd/ulp/synth/ulp.v:5251]
WARNING: [Synth 8-7071] port 'm_axi_arprot' of module 'ulp_interconnect_axilite_user_imp_m09_regslice_0' is unconnected for instance 'm09_regslice' [/home/miahafiz/NeuroRing_a_2048/_x.hw.NUM_2048.CORE_10.FREQ_300/link/vivado/vpl/prj/prj.gen/my_rm/bd/ulp/synth/ulp.v:5251]
WARNING: [Synth 8-7023] instance 'm09_regslice' of module 'ulp_interconnect_axilite_user_imp_m09_regslice_0' has 40 connections declared, but only 38 given [/home/miahafiz/NeuroRing_a_2048/_x.hw.NUM_2048.CORE_10.FREQ_300/link/vivado/vpl/prj/prj.gen/my_rm/bd/ulp/synth/ulp.v:5251]
INFO: [Synth 8-6155] done synthesizing module 'm09_couplers_imp_1XM5AW6' (0#1) [/home/miahafiz/NeuroRing_a_2048/_x.hw.NUM_2048.CORE_10.FREQ_300/link/vivado/vpl/prj/prj.gen/my_rm/bd/ulp/synth/ulp.v:5066]
INFO: [Synth 8-6157] synthesizing module 'm10_couplers_imp_1QAFRP4' [/home/miahafiz/NeuroRing_a_2048/_x.hw.NUM_2048.CORE_10.FREQ_300/link/vivado/vpl/prj/prj.gen/my_rm/bd/ulp/synth/ulp.v:5292]
INFO: [Synth 8-6157] synthesizing module 'ulp_interconnect_axilite_user_imp_auto_cc_11' [/home/miahafiz/NeuroRing_a_2048/_x.hw.NUM_2048.CORE_10.FREQ_300/link/vivado/vpl/prj/prj.runs/my_rm_synth_1/.Xil/Vivado-2779866-cyberdeck/realtime/ulp_interconnect_axilite_user_imp_auto_cc_11_stub.v:6]
INFO: [Synth 8-6155] done synthesizing module 'ulp_interconnect_axilite_user_imp_auto_cc_11' (0#1) [/home/miahafiz/NeuroRing_a_2048/_x.hw.NUM_2048.CORE_10.FREQ_300/link/vivado/vpl/prj/prj.runs/my_rm_synth_1/.Xil/Vivado-2779866-cyberdeck/realtime/ulp_interconnect_axilite_user_imp_auto_cc_11_stub.v:6]
INFO: [Synth 8-6157] synthesizing module 'ulp_interconnect_axilite_user_imp_m10_regslice_0' [/home/miahafiz/NeuroRing_a_2048/_x.hw.NUM_2048.CORE_10.FREQ_300/link/vivado/vpl/prj/prj.runs/my_rm_synth_1/.Xil/Vivado-2779866-cyberdeck/realtime/ulp_interconnect_axilite_user_imp_m10_regslice_0_stub.v:6]
INFO: [Synth 8-6155] done synthesizing module 'ulp_interconnect_axilite_user_imp_m10_regslice_0' (0#1) [/home/miahafiz/NeuroRing_a_2048/_x.hw.NUM_2048.CORE_10.FREQ_300/link/vivado/vpl/prj/prj.runs/my_rm_synth_1/.Xil/Vivado-2779866-cyberdeck/realtime/ulp_interconnect_axilite_user_imp_m10_regslice_0_stub.v:6]
WARNING: [Synth 8-7071] port 'm_axi_awprot' of module 'ulp_interconnect_axilite_user_imp_m10_regslice_0' is unconnected for instance 'm10_regslice' [/home/miahafiz/NeuroRing_a_2048/_x.hw.NUM_2048.CORE_10.FREQ_300/link/vivado/vpl/prj/prj.gen/my_rm/bd/ulp/synth/ulp.v:5477]
WARNING: [Synth 8-7071] port 'm_axi_arprot' of module 'ulp_interconnect_axilite_user_imp_m10_regslice_0' is unconnected for instance 'm10_regslice' [/home/miahafiz/NeuroRing_a_2048/_x.hw.NUM_2048.CORE_10.FREQ_300/link/vivado/vpl/prj/prj.gen/my_rm/bd/ulp/synth/ulp.v:5477]
WARNING: [Synth 8-7023] instance 'm10_regslice' of module 'ulp_interconnect_axilite_user_imp_m10_regslice_0' has 40 connections declared, but only 38 given [/home/miahafiz/NeuroRing_a_2048/_x.hw.NUM_2048.CORE_10.FREQ_300/link/vivado/vpl/prj/prj.gen/my_rm/bd/ulp/synth/ulp.v:5477]
INFO: [Synth 8-6155] done synthesizing module 'm10_couplers_imp_1QAFRP4' (0#1) [/home/miahafiz/NeuroRing_a_2048/_x.hw.NUM_2048.CORE_10.FREQ_300/link/vivado/vpl/prj/prj.gen/my_rm/bd/ulp/synth/ulp.v:5292]
INFO: [Synth 8-6157] synthesizing module 'm11_couplers_imp_H6FREL' [/home/miahafiz/NeuroRing_a_2048/_x.hw.NUM_2048.CORE_10.FREQ_300/link/vivado/vpl/prj/prj.gen/my_rm/bd/ulp/synth/ulp.v:5518]
INFO: [Synth 8-6157] synthesizing module 'ulp_interconnect_axilite_user_imp_auto_cc_12' [/home/miahafiz/NeuroRing_a_2048/_x.hw.NUM_2048.CORE_10.FREQ_300/link/vivado/vpl/prj/prj.runs/my_rm_synth_1/.Xil/Vivado-2779866-cyberdeck/realtime/ulp_interconnect_axilite_user_imp_auto_cc_12_stub.v:6]
INFO: [Synth 8-6155] done synthesizing module 'ulp_interconnect_axilite_user_imp_auto_cc_12' (0#1) [/home/miahafiz/NeuroRing_a_2048/_x.hw.NUM_2048.CORE_10.FREQ_300/link/vivado/vpl/prj/prj.runs/my_rm_synth_1/.Xil/Vivado-2779866-cyberdeck/realtime/ulp_interconnect_axilite_user_imp_auto_cc_12_stub.v:6]
INFO: [Synth 8-6157] synthesizing module 'ulp_interconnect_axilite_user_imp_m11_regslice_0' [/home/miahafiz/NeuroRing_a_2048/_x.hw.NUM_2048.CORE_10.FREQ_300/link/vivado/vpl/prj/prj.runs/my_rm_synth_1/.Xil/Vivado-2779866-cyberdeck/realtime/ulp_interconnect_axilite_user_imp_m11_regslice_0_stub.v:6]
INFO: [Synth 8-6155] done synthesizing module 'ulp_interconnect_axilite_user_imp_m11_regslice_0' (0#1) [/home/miahafiz/NeuroRing_a_2048/_x.hw.NUM_2048.CORE_10.FREQ_300/link/vivado/vpl/prj/prj.runs/my_rm_synth_1/.Xil/Vivado-2779866-cyberdeck/realtime/ulp_interconnect_axilite_user_imp_m11_regslice_0_stub.v:6]
WARNING: [Synth 8-7071] port 'm_axi_awprot' of module 'ulp_interconnect_axilite_user_imp_m11_regslice_0' is unconnected for instance 'm11_regslice' [/home/miahafiz/NeuroRing_a_2048/_x.hw.NUM_2048.CORE_10.FREQ_300/link/vivado/vpl/prj/prj.gen/my_rm/bd/ulp/synth/ulp.v:5703]
WARNING: [Synth 8-7071] port 'm_axi_arprot' of module 'ulp_interconnect_axilite_user_imp_m11_regslice_0' is unconnected for instance 'm11_regslice' [/home/miahafiz/NeuroRing_a_2048/_x.hw.NUM_2048.CORE_10.FREQ_300/link/vivado/vpl/prj/prj.gen/my_rm/bd/ulp/synth/ulp.v:5703]
WARNING: [Synth 8-7023] instance 'm11_regslice' of module 'ulp_interconnect_axilite_user_imp_m11_regslice_0' has 40 connections declared, but only 38 given [/home/miahafiz/NeuroRing_a_2048/_x.hw.NUM_2048.CORE_10.FREQ_300/link/vivado/vpl/prj/prj.gen/my_rm/bd/ulp/synth/ulp.v:5703]
INFO: [Synth 8-6155] done synthesizing module 'm11_couplers_imp_H6FREL' (0#1) [/home/miahafiz/NeuroRing_a_2048/_x.hw.NUM_2048.CORE_10.FREQ_300/link/vivado/vpl/prj/prj.gen/my_rm/bd/ulp/synth/ulp.v:5518]
INFO: [Synth 8-6157] synthesizing module 'm12_couplers_imp_ZJXZ1V' [/home/miahafiz/NeuroRing_a_2048/_x.hw.NUM_2048.CORE_10.FREQ_300/link/vivado/vpl/prj/prj.gen/my_rm/bd/ulp/synth/ulp.v:5744]
INFO: [Synth 8-6157] synthesizing module 'ulp_interconnect_axilite_user_imp_auto_cc_13' [/home/miahafiz/NeuroRing_a_2048/_x.hw.NUM_2048.CORE_10.FREQ_300/link/vivado/vpl/prj/prj.runs/my_rm_synth_1/.Xil/Vivado-2779866-cyberdeck/realtime/ulp_interconnect_axilite_user_imp_auto_cc_13_stub.v:6]
INFO: [Synth 8-6155] done synthesizing module 'ulp_interconnect_axilite_user_imp_auto_cc_13' (0#1) [/home/miahafiz/NeuroRing_a_2048/_x.hw.NUM_2048.CORE_10.FREQ_300/link/vivado/vpl/prj/prj.runs/my_rm_synth_1/.Xil/Vivado-2779866-cyberdeck/realtime/ulp_interconnect_axilite_user_imp_auto_cc_13_stub.v:6]
INFO: [Synth 8-6157] synthesizing module 'ulp_interconnect_axilite_user_imp_m12_regslice_0' [/home/miahafiz/NeuroRing_a_2048/_x.hw.NUM_2048.CORE_10.FREQ_300/link/vivado/vpl/prj/prj.runs/my_rm_synth_1/.Xil/Vivado-2779866-cyberdeck/realtime/ulp_interconnect_axilite_user_imp_m12_regslice_0_stub.v:6]
INFO: [Synth 8-6155] done synthesizing module 'ulp_interconnect_axilite_user_imp_m12_regslice_0' (0#1) [/home/miahafiz/NeuroRing_a_2048/_x.hw.NUM_2048.CORE_10.FREQ_300/link/vivado/vpl/prj/prj.runs/my_rm_synth_1/.Xil/Vivado-2779866-cyberdeck/realtime/ulp_interconnect_axilite_user_imp_m12_regslice_0_stub.v:6]
WARNING: [Synth 8-7071] port 'm_axi_awprot' of module 'ulp_interconnect_axilite_user_imp_m12_regslice_0' is unconnected for instance 'm12_regslice' [/home/miahafiz/NeuroRing_a_2048/_x.hw.NUM_2048.CORE_10.FREQ_300/link/vivado/vpl/prj/prj.gen/my_rm/bd/ulp/synth/ulp.v:5929]
WARNING: [Synth 8-7071] port 'm_axi_arprot' of module 'ulp_interconnect_axilite_user_imp_m12_regslice_0' is unconnected for instance 'm12_regslice' [/home/miahafiz/NeuroRing_a_2048/_x.hw.NUM_2048.CORE_10.FREQ_300/link/vivado/vpl/prj/prj.gen/my_rm/bd/ulp/synth/ulp.v:5929]
WARNING: [Synth 8-7023] instance 'm12_regslice' of module 'ulp_interconnect_axilite_user_imp_m12_regslice_0' has 40 connections declared, but only 38 given [/home/miahafiz/NeuroRing_a_2048/_x.hw.NUM_2048.CORE_10.FREQ_300/link/vivado/vpl/prj/prj.gen/my_rm/bd/ulp/synth/ulp.v:5929]
INFO: [Synth 8-6155] done synthesizing module 'm12_couplers_imp_ZJXZ1V' (0#1) [/home/miahafiz/NeuroRing_a_2048/_x.hw.NUM_2048.CORE_10.FREQ_300/link/vivado/vpl/prj/prj.gen/my_rm/bd/ulp/synth/ulp.v:5744]
INFO: [Synth 8-6157] synthesizing module 'm13_couplers_imp_Q00YLY' [/home/miahafiz/NeuroRing_a_2048/_x.hw.NUM_2048.CORE_10.FREQ_300/link/vivado/vpl/prj/prj.gen/my_rm/bd/ulp/synth/ulp.v:5970]
INFO: [Synth 8-6157] synthesizing module 'ulp_interconnect_axilite_user_imp_auto_cc_14' [/home/miahafiz/NeuroRing_a_2048/_x.hw.NUM_2048.CORE_10.FREQ_300/link/vivado/vpl/prj/prj.runs/my_rm_synth_1/.Xil/Vivado-2779866-cyberdeck/realtime/ulp_interconnect_axilite_user_imp_auto_cc_14_stub.v:6]
INFO: [Synth 8-6155] done synthesizing module 'ulp_interconnect_axilite_user_imp_auto_cc_14' (0#1) [/home/miahafiz/NeuroRing_a_2048/_x.hw.NUM_2048.CORE_10.FREQ_300/link/vivado/vpl/prj/prj.runs/my_rm_synth_1/.Xil/Vivado-2779866-cyberdeck/realtime/ulp_interconnect_axilite_user_imp_auto_cc_14_stub.v:6]
INFO: [Synth 8-6157] synthesizing module 'ulp_interconnect_axilite_user_imp_m13_regslice_0' [/home/miahafiz/NeuroRing_a_2048/_x.hw.NUM_2048.CORE_10.FREQ_300/link/vivado/vpl/prj/prj.runs/my_rm_synth_1/.Xil/Vivado-2779866-cyberdeck/realtime/ulp_interconnect_axilite_user_imp_m13_regslice_0_stub.v:6]
INFO: [Synth 8-6155] done synthesizing module 'ulp_interconnect_axilite_user_imp_m13_regslice_0' (0#1) [/home/miahafiz/NeuroRing_a_2048/_x.hw.NUM_2048.CORE_10.FREQ_300/link/vivado/vpl/prj/prj.runs/my_rm_synth_1/.Xil/Vivado-2779866-cyberdeck/realtime/ulp_interconnect_axilite_user_imp_m13_regslice_0_stub.v:6]
WARNING: [Synth 8-7071] port 'm_axi_awprot' of module 'ulp_interconnect_axilite_user_imp_m13_regslice_0' is unconnected for instance 'm13_regslice' [/home/miahafiz/NeuroRing_a_2048/_x.hw.NUM_2048.CORE_10.FREQ_300/link/vivado/vpl/prj/prj.gen/my_rm/bd/ulp/synth/ulp.v:6155]
WARNING: [Synth 8-7071] port 'm_axi_arprot' of module 'ulp_interconnect_axilite_user_imp_m13_regslice_0' is unconnected for instance 'm13_regslice' [/home/miahafiz/NeuroRing_a_2048/_x.hw.NUM_2048.CORE_10.FREQ_300/link/vivado/vpl/prj/prj.gen/my_rm/bd/ulp/synth/ulp.v:6155]
WARNING: [Synth 8-7023] instance 'm13_regslice' of module 'ulp_interconnect_axilite_user_imp_m13_regslice_0' has 40 connections declared, but only 38 given [/home/miahafiz/NeuroRing_a_2048/_x.hw.NUM_2048.CORE_10.FREQ_300/link/vivado/vpl/prj/prj.gen/my_rm/bd/ulp/synth/ulp.v:6155]
INFO: [Synth 8-6155] done synthesizing module 'm13_couplers_imp_Q00YLY' (0#1) [/home/miahafiz/NeuroRing_a_2048/_x.hw.NUM_2048.CORE_10.FREQ_300/link/vivado/vpl/prj/prj.gen/my_rm/bd/ulp/synth/ulp.v:5970]
INFO: [Synth 8-6157] synthesizing module 'm14_couplers_imp_93DKRY' [/home/miahafiz/NeuroRing_a_2048/_x.hw.NUM_2048.CORE_10.FREQ_300/link/vivado/vpl/prj/prj.gen/my_rm/bd/ulp/synth/ulp.v:6196]
INFO: [Synth 8-6157] synthesizing module 'ulp_interconnect_axilite_user_imp_auto_cc_15' [/home/miahafiz/NeuroRing_a_2048/_x.hw.NUM_2048.CORE_10.FREQ_300/link/vivado/vpl/prj/prj.runs/my_rm_synth_1/.Xil/Vivado-2779866-cyberdeck/realtime/ulp_interconnect_axilite_user_imp_auto_cc_15_stub.v:6]
INFO: [Synth 8-6155] done synthesizing module 'ulp_interconnect_axilite_user_imp_auto_cc_15' (0#1) [/home/miahafiz/NeuroRing_a_2048/_x.hw.NUM_2048.CORE_10.FREQ_300/link/vivado/vpl/prj/prj.runs/my_rm_synth_1/.Xil/Vivado-2779866-cyberdeck/realtime/ulp_interconnect_axilite_user_imp_auto_cc_15_stub.v:6]
INFO: [Synth 8-6157] synthesizing module 'ulp_interconnect_axilite_user_imp_m14_regslice_0' [/home/miahafiz/NeuroRing_a_2048/_x.hw.NUM_2048.CORE_10.FREQ_300/link/vivado/vpl/prj/prj.runs/my_rm_synth_1/.Xil/Vivado-2779866-cyberdeck/realtime/ulp_interconnect_axilite_user_imp_m14_regslice_0_stub.v:6]
INFO: [Synth 8-6155] done synthesizing module 'ulp_interconnect_axilite_user_imp_m14_regslice_0' (0#1) [/home/miahafiz/NeuroRing_a_2048/_x.hw.NUM_2048.CORE_10.FREQ_300/link/vivado/vpl/prj/prj.runs/my_rm_synth_1/.Xil/Vivado-2779866-cyberdeck/realtime/ulp_interconnect_axilite_user_imp_m14_regslice_0_stub.v:6]
WARNING: [Synth 8-7071] port 'm_axi_awprot' of module 'ulp_interconnect_axilite_user_imp_m14_regslice_0' is unconnected for instance 'm14_regslice' [/home/miahafiz/NeuroRing_a_2048/_x.hw.NUM_2048.CORE_10.FREQ_300/link/vivado/vpl/prj/prj.gen/my_rm/bd/ulp/synth/ulp.v:6381]
WARNING: [Synth 8-7071] port 'm_axi_arprot' of module 'ulp_interconnect_axilite_user_imp_m14_regslice_0' is unconnected for instance 'm14_regslice' [/home/miahafiz/NeuroRing_a_2048/_x.hw.NUM_2048.CORE_10.FREQ_300/link/vivado/vpl/prj/prj.gen/my_rm/bd/ulp/synth/ulp.v:6381]
WARNING: [Synth 8-7023] instance 'm14_regslice' of module 'ulp_interconnect_axilite_user_imp_m14_regslice_0' has 40 connections declared, but only 38 given [/home/miahafiz/NeuroRing_a_2048/_x.hw.NUM_2048.CORE_10.FREQ_300/link/vivado/vpl/prj/prj.gen/my_rm/bd/ulp/synth/ulp.v:6381]
INFO: [Synth 8-6155] done synthesizing module 'm14_couplers_imp_93DKRY' (0#1) [/home/miahafiz/NeuroRing_a_2048/_x.hw.NUM_2048.CORE_10.FREQ_300/link/vivado/vpl/prj/prj.gen/my_rm/bd/ulp/synth/ulp.v:6196]
INFO: [Synth 8-6157] synthesizing module 'm15_couplers_imp_1YAAEAZ' [/home/miahafiz/NeuroRing_a_2048/_x.hw.NUM_2048.CORE_10.FREQ_300/link/vivado/vpl/prj/prj.gen/my_rm/bd/ulp/synth/ulp.v:6422]
INFO: [Synth 8-6157] synthesizing module 'ulp_interconnect_axilite_user_imp_auto_cc_16' [/home/miahafiz/NeuroRing_a_2048/_x.hw.NUM_2048.CORE_10.FREQ_300/link/vivado/vpl/prj/prj.runs/my_rm_synth_1/.Xil/Vivado-2779866-cyberdeck/realtime/ulp_interconnect_axilite_user_imp_auto_cc_16_stub.v:6]
INFO: [Synth 8-6155] done synthesizing module 'ulp_interconnect_axilite_user_imp_auto_cc_16' (0#1) [/home/miahafiz/NeuroRing_a_2048/_x.hw.NUM_2048.CORE_10.FREQ_300/link/vivado/vpl/prj/prj.runs/my_rm_synth_1/.Xil/Vivado-2779866-cyberdeck/realtime/ulp_interconnect_axilite_user_imp_auto_cc_16_stub.v:6]
INFO: [Synth 8-6157] synthesizing module 'ulp_interconnect_axilite_user_imp_m15_regslice_0' [/home/miahafiz/NeuroRing_a_2048/_x.hw.NUM_2048.CORE_10.FREQ_300/link/vivado/vpl/prj/prj.runs/my_rm_synth_1/.Xil/Vivado-2779866-cyberdeck/realtime/ulp_interconnect_axilite_user_imp_m15_regslice_0_stub.v:6]
INFO: [Synth 8-6155] done synthesizing module 'ulp_interconnect_axilite_user_imp_m15_regslice_0' (0#1) [/home/miahafiz/NeuroRing_a_2048/_x.hw.NUM_2048.CORE_10.FREQ_300/link/vivado/vpl/prj/prj.runs/my_rm_synth_1/.Xil/Vivado-2779866-cyberdeck/realtime/ulp_interconnect_axilite_user_imp_m15_regslice_0_stub.v:6]
WARNING: [Synth 8-7071] port 'm_axi_awprot' of module 'ulp_interconnect_axilite_user_imp_m15_regslice_0' is unconnected for instance 'm15_regslice' [/home/miahafiz/NeuroRing_a_2048/_x.hw.NUM_2048.CORE_10.FREQ_300/link/vivado/vpl/prj/prj.gen/my_rm/bd/ulp/synth/ulp.v:6607]
WARNING: [Synth 8-7071] port 'm_axi_arprot' of module 'ulp_interconnect_axilite_user_imp_m15_regslice_0' is unconnected for instance 'm15_regslice' [/home/miahafiz/NeuroRing_a_2048/_x.hw.NUM_2048.CORE_10.FREQ_300/link/vivado/vpl/prj/prj.gen/my_rm/bd/ulp/synth/ulp.v:6607]
WARNING: [Synth 8-7023] instance 'm15_regslice' of module 'ulp_interconnect_axilite_user_imp_m15_regslice_0' has 40 connections declared, but only 38 given [/home/miahafiz/NeuroRing_a_2048/_x.hw.NUM_2048.CORE_10.FREQ_300/link/vivado/vpl/prj/prj.gen/my_rm/bd/ulp/synth/ulp.v:6607]
INFO: [Synth 8-6155] done synthesizing module 'm15_couplers_imp_1YAAEAZ' (0#1) [/home/miahafiz/NeuroRing_a_2048/_x.hw.NUM_2048.CORE_10.FREQ_300/link/vivado/vpl/prj/prj.gen/my_rm/bd/ulp/synth/ulp.v:6422]
INFO: [Synth 8-6157] synthesizing module 'm16_couplers_imp_HXBL0L' [/home/miahafiz/NeuroRing_a_2048/_x.hw.NUM_2048.CORE_10.FREQ_300/link/vivado/vpl/prj/prj.gen/my_rm/bd/ulp/synth/ulp.v:6648]
INFO: [Synth 8-6157] synthesizing module 'ulp_interconnect_axilite_user_imp_auto_cc_17' [/home/miahafiz/NeuroRing_a_2048/_x.hw.NUM_2048.CORE_10.FREQ_300/link/vivado/vpl/prj/prj.runs/my_rm_synth_1/.Xil/Vivado-2779866-cyberdeck/realtime/ulp_interconnect_axilite_user_imp_auto_cc_17_stub.v:6]
INFO: [Synth 8-6155] done synthesizing module 'ulp_interconnect_axilite_user_imp_auto_cc_17' (0#1) [/home/miahafiz/NeuroRing_a_2048/_x.hw.NUM_2048.CORE_10.FREQ_300/link/vivado/vpl/prj/prj.runs/my_rm_synth_1/.Xil/Vivado-2779866-cyberdeck/realtime/ulp_interconnect_axilite_user_imp_auto_cc_17_stub.v:6]
INFO: [Synth 8-6157] synthesizing module 'ulp_interconnect_axilite_user_imp_m16_regslice_0' [/home/miahafiz/NeuroRing_a_2048/_x.hw.NUM_2048.CORE_10.FREQ_300/link/vivado/vpl/prj/prj.runs/my_rm_synth_1/.Xil/Vivado-2779866-cyberdeck/realtime/ulp_interconnect_axilite_user_imp_m16_regslice_0_stub.v:6]
INFO: [Synth 8-6155] done synthesizing module 'ulp_interconnect_axilite_user_imp_m16_regslice_0' (0#1) [/home/miahafiz/NeuroRing_a_2048/_x.hw.NUM_2048.CORE_10.FREQ_300/link/vivado/vpl/prj/prj.runs/my_rm_synth_1/.Xil/Vivado-2779866-cyberdeck/realtime/ulp_interconnect_axilite_user_imp_m16_regslice_0_stub.v:6]
WARNING: [Synth 8-7071] port 'm_axi_awprot' of module 'ulp_interconnect_axilite_user_imp_m16_regslice_0' is unconnected for instance 'm16_regslice' [/home/miahafiz/NeuroRing_a_2048/_x.hw.NUM_2048.CORE_10.FREQ_300/link/vivado/vpl/prj/prj.gen/my_rm/bd/ulp/synth/ulp.v:6833]
WARNING: [Synth 8-7071] port 'm_axi_arprot' of module 'ulp_interconnect_axilite_user_imp_m16_regslice_0' is unconnected for instance 'm16_regslice' [/home/miahafiz/NeuroRing_a_2048/_x.hw.NUM_2048.CORE_10.FREQ_300/link/vivado/vpl/prj/prj.gen/my_rm/bd/ulp/synth/ulp.v:6833]
WARNING: [Synth 8-7023] instance 'm16_regslice' of module 'ulp_interconnect_axilite_user_imp_m16_regslice_0' has 40 connections declared, but only 38 given [/home/miahafiz/NeuroRing_a_2048/_x.hw.NUM_2048.CORE_10.FREQ_300/link/vivado/vpl/prj/prj.gen/my_rm/bd/ulp/synth/ulp.v:6833]
INFO: [Synth 8-6155] done synthesizing module 'm16_couplers_imp_HXBL0L' (0#1) [/home/miahafiz/NeuroRing_a_2048/_x.hw.NUM_2048.CORE_10.FREQ_300/link/vivado/vpl/prj/prj.gen/my_rm/bd/ulp/synth/ulp.v:6648]
INFO: [Synth 8-6157] synthesizing module 'm17_couplers_imp_17KPG2O' [/home/miahafiz/NeuroRing_a_2048/_x.hw.NUM_2048.CORE_10.FREQ_300/link/vivado/vpl/prj/prj.gen/my_rm/bd/ulp/synth/ulp.v:6874]
INFO: [Synth 8-6157] synthesizing module 'ulp_interconnect_axilite_user_imp_auto_cc_18' [/home/miahafiz/NeuroRing_a_2048/_x.hw.NUM_2048.CORE_10.FREQ_300/link/vivado/vpl/prj/prj.runs/my_rm_synth_1/.Xil/Vivado-2779866-cyberdeck/realtime/ulp_interconnect_axilite_user_imp_auto_cc_18_stub.v:6]
INFO: [Synth 8-6155] done synthesizing module 'ulp_interconnect_axilite_user_imp_auto_cc_18' (0#1) [/home/miahafiz/NeuroRing_a_2048/_x.hw.NUM_2048.CORE_10.FREQ_300/link/vivado/vpl/prj/prj.runs/my_rm_synth_1/.Xil/Vivado-2779866-cyberdeck/realtime/ulp_interconnect_axilite_user_imp_auto_cc_18_stub.v:6]
INFO: [Synth 8-6157] synthesizing module 'ulp_interconnect_axilite_user_imp_m17_regslice_0' [/home/miahafiz/NeuroRing_a_2048/_x.hw.NUM_2048.CORE_10.FREQ_300/link/vivado/vpl/prj/prj.runs/my_rm_synth_1/.Xil/Vivado-2779866-cyberdeck/realtime/ulp_interconnect_axilite_user_imp_m17_regslice_0_stub.v:6]
INFO: [Synth 8-6155] done synthesizing module 'ulp_interconnect_axilite_user_imp_m17_regslice_0' (0#1) [/home/miahafiz/NeuroRing_a_2048/_x.hw.NUM_2048.CORE_10.FREQ_300/link/vivado/vpl/prj/prj.runs/my_rm_synth_1/.Xil/Vivado-2779866-cyberdeck/realtime/ulp_interconnect_axilite_user_imp_m17_regslice_0_stub.v:6]
WARNING: [Synth 8-7071] port 'm_axi_awprot' of module 'ulp_interconnect_axilite_user_imp_m17_regslice_0' is unconnected for instance 'm17_regslice' [/home/miahafiz/NeuroRing_a_2048/_x.hw.NUM_2048.CORE_10.FREQ_300/link/vivado/vpl/prj/prj.gen/my_rm/bd/ulp/synth/ulp.v:7059]
WARNING: [Synth 8-7071] port 'm_axi_arprot' of module 'ulp_interconnect_axilite_user_imp_m17_regslice_0' is unconnected for instance 'm17_regslice' [/home/miahafiz/NeuroRing_a_2048/_x.hw.NUM_2048.CORE_10.FREQ_300/link/vivado/vpl/prj/prj.gen/my_rm/bd/ulp/synth/ulp.v:7059]
WARNING: [Synth 8-7023] instance 'm17_regslice' of module 'ulp_interconnect_axilite_user_imp_m17_regslice_0' has 40 connections declared, but only 38 given [/home/miahafiz/NeuroRing_a_2048/_x.hw.NUM_2048.CORE_10.FREQ_300/link/vivado/vpl/prj/prj.gen/my_rm/bd/ulp/synth/ulp.v:7059]
INFO: [Synth 8-6155] done synthesizing module 'm17_couplers_imp_17KPG2O' (0#1) [/home/miahafiz/NeuroRing_a_2048/_x.hw.NUM_2048.CORE_10.FREQ_300/link/vivado/vpl/prj/prj.gen/my_rm/bd/ulp/synth/ulp.v:6874]
INFO: [Synth 8-6157] synthesizing module 'm18_couplers_imp_1FQRXJP' [/home/miahafiz/NeuroRing_a_2048/_x.hw.NUM_2048.CORE_10.FREQ_300/link/vivado/vpl/prj/prj.gen/my_rm/bd/ulp/synth/ulp.v:7100]
INFO: [Synth 8-6157] synthesizing module 'ulp_interconnect_axilite_user_imp_auto_cc_19' [/home/miahafiz/NeuroRing_a_2048/_x.hw.NUM_2048.CORE_10.FREQ_300/link/vivado/vpl/prj/prj.runs/my_rm_synth_1/.Xil/Vivado-2779866-cyberdeck/realtime/ulp_interconnect_axilite_user_imp_auto_cc_19_stub.v:6]
INFO: [Synth 8-6155] done synthesizing module 'ulp_interconnect_axilite_user_imp_auto_cc_19' (0#1) [/home/miahafiz/NeuroRing_a_2048/_x.hw.NUM_2048.CORE_10.FREQ_300/link/vivado/vpl/prj/prj.runs/my_rm_synth_1/.Xil/Vivado-2779866-cyberdeck/realtime/ulp_interconnect_axilite_user_imp_auto_cc_19_stub.v:6]
INFO: [Synth 8-6157] synthesizing module 'ulp_interconnect_axilite_user_imp_m18_regslice_0' [/home/miahafiz/NeuroRing_a_2048/_x.hw.NUM_2048.CORE_10.FREQ_300/link/vivado/vpl/prj/prj.runs/my_rm_synth_1/.Xil/Vivado-2779866-cyberdeck/realtime/ulp_interconnect_axilite_user_imp_m18_regslice_0_stub.v:6]
INFO: [Synth 8-6155] done synthesizing module 'ulp_interconnect_axilite_user_imp_m18_regslice_0' (0#1) [/home/miahafiz/NeuroRing_a_2048/_x.hw.NUM_2048.CORE_10.FREQ_300/link/vivado/vpl/prj/prj.runs/my_rm_synth_1/.Xil/Vivado-2779866-cyberdeck/realtime/ulp_interconnect_axilite_user_imp_m18_regslice_0_stub.v:6]
WARNING: [Synth 8-7071] port 'm_axi_awprot' of module 'ulp_interconnect_axilite_user_imp_m18_regslice_0' is unconnected for instance 'm18_regslice' [/home/miahafiz/NeuroRing_a_2048/_x.hw.NUM_2048.CORE_10.FREQ_300/link/vivado/vpl/prj/prj.gen/my_rm/bd/ulp/synth/ulp.v:7285]
WARNING: [Synth 8-7071] port 'm_axi_arprot' of module 'ulp_interconnect_axilite_user_imp_m18_regslice_0' is unconnected for instance 'm18_regslice' [/home/miahafiz/NeuroRing_a_2048/_x.hw.NUM_2048.CORE_10.FREQ_300/link/vivado/vpl/prj/prj.gen/my_rm/bd/ulp/synth/ulp.v:7285]
WARNING: [Synth 8-7023] instance 'm18_regslice' of module 'ulp_interconnect_axilite_user_imp_m18_regslice_0' has 40 connections declared, but only 38 given [/home/miahafiz/NeuroRing_a_2048/_x.hw.NUM_2048.CORE_10.FREQ_300/link/vivado/vpl/prj/prj.gen/my_rm/bd/ulp/synth/ulp.v:7285]
INFO: [Synth 8-6155] done synthesizing module 'm18_couplers_imp_1FQRXJP' (0#1) [/home/miahafiz/NeuroRing_a_2048/_x.hw.NUM_2048.CORE_10.FREQ_300/link/vivado/vpl/prj/prj.gen/my_rm/bd/ulp/synth/ulp.v:7100]
INFO: [Synth 8-6157] synthesizing module 'm19_couplers_imp_STZ500' [/home/miahafiz/NeuroRing_a_2048/_x.hw.NUM_2048.CORE_10.FREQ_300/link/vivado/vpl/prj/prj.gen/my_rm/bd/ulp/synth/ulp.v:7326]
INFO: [Synth 8-6157] synthesizing module 'ulp_interconnect_axilite_user_imp_auto_cc_20' [/home/miahafiz/NeuroRing_a_2048/_x.hw.NUM_2048.CORE_10.FREQ_300/link/vivado/vpl/prj/prj.runs/my_rm_synth_1/.Xil/Vivado-2779866-cyberdeck/realtime/ulp_interconnect_axilite_user_imp_auto_cc_20_stub.v:6]
INFO: [Synth 8-6155] done synthesizing module 'ulp_interconnect_axilite_user_imp_auto_cc_20' (0#1) [/home/miahafiz/NeuroRing_a_2048/_x.hw.NUM_2048.CORE_10.FREQ_300/link/vivado/vpl/prj/prj.runs/my_rm_synth_1/.Xil/Vivado-2779866-cyberdeck/realtime/ulp_interconnect_axilite_user_imp_auto_cc_20_stub.v:6]
INFO: [Synth 8-6157] synthesizing module 'ulp_interconnect_axilite_user_imp_m19_regslice_0' [/home/miahafiz/NeuroRing_a_2048/_x.hw.NUM_2048.CORE_10.FREQ_300/link/vivado/vpl/prj/prj.runs/my_rm_synth_1/.Xil/Vivado-2779866-cyberdeck/realtime/ulp_interconnect_axilite_user_imp_m19_regslice_0_stub.v:6]
INFO: [Synth 8-6155] done synthesizing module 'ulp_interconnect_axilite_user_imp_m19_regslice_0' (0#1) [/home/miahafiz/NeuroRing_a_2048/_x.hw.NUM_2048.CORE_10.FREQ_300/link/vivado/vpl/prj/prj.runs/my_rm_synth_1/.Xil/Vivado-2779866-cyberdeck/realtime/ulp_interconnect_axilite_user_imp_m19_regslice_0_stub.v:6]
WARNING: [Synth 8-7071] port 'm_axi_awprot' of module 'ulp_interconnect_axilite_user_imp_m19_regslice_0' is unconnected for instance 'm19_regslice' [/home/miahafiz/NeuroRing_a_2048/_x.hw.NUM_2048.CORE_10.FREQ_300/link/vivado/vpl/prj/prj.gen/my_rm/bd/ulp/synth/ulp.v:7511]
WARNING: [Synth 8-7071] port 'm_axi_arprot' of module 'ulp_interconnect_axilite_user_imp_m19_regslice_0' is unconnected for instance 'm19_regslice' [/home/miahafiz/NeuroRing_a_2048/_x.hw.NUM_2048.CORE_10.FREQ_300/link/vivado/vpl/prj/prj.gen/my_rm/bd/ulp/synth/ulp.v:7511]
WARNING: [Synth 8-7023] instance 'm19_regslice' of module 'ulp_interconnect_axilite_user_imp_m19_regslice_0' has 40 connections declared, but only 38 given [/home/miahafiz/NeuroRing_a_2048/_x.hw.NUM_2048.CORE_10.FREQ_300/link/vivado/vpl/prj/prj.gen/my_rm/bd/ulp/synth/ulp.v:7511]
INFO: [Synth 8-6155] done synthesizing module 'm19_couplers_imp_STZ500' (0#1) [/home/miahafiz/NeuroRing_a_2048/_x.hw.NUM_2048.CORE_10.FREQ_300/link/vivado/vpl/prj/prj.gen/my_rm/bd/ulp/synth/ulp.v:7326]
INFO: [Synth 8-6157] synthesizing module 'm20_couplers_imp_17BEYOZ' [/home/miahafiz/NeuroRing_a_2048/_x.hw.NUM_2048.CORE_10.FREQ_300/link/vivado/vpl/prj/prj.gen/my_rm/bd/ulp/synth/ulp.v:7552]
INFO: [Synth 8-6157] synthesizing module 'ulp_interconnect_axilite_user_imp_auto_cc_21' [/home/miahafiz/NeuroRing_a_2048/_x.hw.NUM_2048.CORE_10.FREQ_300/link/vivado/vpl/prj/prj.runs/my_rm_synth_1/.Xil/Vivado-2779866-cyberdeck/realtime/ulp_interconnect_axilite_user_imp_auto_cc_21_stub.v:6]
INFO: [Synth 8-6155] done synthesizing module 'ulp_interconnect_axilite_user_imp_auto_cc_21' (0#1) [/home/miahafiz/NeuroRing_a_2048/_x.hw.NUM_2048.CORE_10.FREQ_300/link/vivado/vpl/prj/prj.runs/my_rm_synth_1/.Xil/Vivado-2779866-cyberdeck/realtime/ulp_interconnect_axilite_user_imp_auto_cc_21_stub.v:6]
INFO: [Synth 8-6157] synthesizing module 'ulp_interconnect_axilite_user_imp_m20_regslice_0' [/home/miahafiz/NeuroRing_a_2048/_x.hw.NUM_2048.CORE_10.FREQ_300/link/vivado/vpl/prj/prj.runs/my_rm_synth_1/.Xil/Vivado-2779866-cyberdeck/realtime/ulp_interconnect_axilite_user_imp_m20_regslice_0_stub.v:6]
INFO: [Synth 8-6155] done synthesizing module 'ulp_interconnect_axilite_user_imp_m20_regslice_0' (0#1) [/home/miahafiz/NeuroRing_a_2048/_x.hw.NUM_2048.CORE_10.FREQ_300/link/vivado/vpl/prj/prj.runs/my_rm_synth_1/.Xil/Vivado-2779866-cyberdeck/realtime/ulp_interconnect_axilite_user_imp_m20_regslice_0_stub.v:6]
WARNING: [Synth 8-7071] port 'm_axi_awprot' of module 'ulp_interconnect_axilite_user_imp_m20_regslice_0' is unconnected for instance 'm20_regslice' [/home/miahafiz/NeuroRing_a_2048/_x.hw.NUM_2048.CORE_10.FREQ_300/link/vivado/vpl/prj/prj.gen/my_rm/bd/ulp/synth/ulp.v:7737]
WARNING: [Synth 8-7071] port 'm_axi_arprot' of module 'ulp_interconnect_axilite_user_imp_m20_regslice_0' is unconnected for instance 'm20_regslice' [/home/miahafiz/NeuroRing_a_2048/_x.hw.NUM_2048.CORE_10.FREQ_300/link/vivado/vpl/prj/prj.gen/my_rm/bd/ulp/synth/ulp.v:7737]
WARNING: [Synth 8-7023] instance 'm20_regslice' of module 'ulp_interconnect_axilite_user_imp_m20_regslice_0' has 40 connections declared, but only 38 given [/home/miahafiz/NeuroRing_a_2048/_x.hw.NUM_2048.CORE_10.FREQ_300/link/vivado/vpl/prj/prj.gen/my_rm/bd/ulp/synth/ulp.v:7737]
INFO: [Synth 8-6155] done synthesizing module 'm20_couplers_imp_17BEYOZ' (0#1) [/home/miahafiz/NeuroRing_a_2048/_x.hw.NUM_2048.CORE_10.FREQ_300/link/vivado/vpl/prj/prj.gen/my_rm/bd/ulp/synth/ulp.v:7552]
INFO: [Synth 8-6157] synthesizing module 'm21_couplers_imp_I6LQJQ' [/home/miahafiz/NeuroRing_a_2048/_x.hw.NUM_2048.CORE_10.FREQ_300/link/vivado/vpl/prj/prj.gen/my_rm/bd/ulp/synth/ulp.v:7778]
INFO: [Synth 8-6157] synthesizing module 'ulp_interconnect_axilite_user_imp_auto_cc_22' [/home/miahafiz/NeuroRing_a_2048/_x.hw.NUM_2048.CORE_10.FREQ_300/link/vivado/vpl/prj/prj.runs/my_rm_synth_1/.Xil/Vivado-2779866-cyberdeck/realtime/ulp_interconnect_axilite_user_imp_auto_cc_22_stub.v:6]
INFO: [Synth 8-6155] done synthesizing module 'ulp_interconnect_axilite_user_imp_auto_cc_22' (0#1) [/home/miahafiz/NeuroRing_a_2048/_x.hw.NUM_2048.CORE_10.FREQ_300/link/vivado/vpl/prj/prj.runs/my_rm_synth_1/.Xil/Vivado-2779866-cyberdeck/realtime/ulp_interconnect_axilite_user_imp_auto_cc_22_stub.v:6]
INFO: [Synth 8-6157] synthesizing module 'ulp_interconnect_axilite_user_imp_m21_regslice_0' [/home/miahafiz/NeuroRing_a_2048/_x.hw.NUM_2048.CORE_10.FREQ_300/link/vivado/vpl/prj/prj.runs/my_rm_synth_1/.Xil/Vivado-2779866-cyberdeck/realtime/ulp_interconnect_axilite_user_imp_m21_regslice_0_stub.v:6]
INFO: [Synth 8-6155] done synthesizing module 'ulp_interconnect_axilite_user_imp_m21_regslice_0' (0#1) [/home/miahafiz/NeuroRing_a_2048/_x.hw.NUM_2048.CORE_10.FREQ_300/link/vivado/vpl/prj/prj.runs/my_rm_synth_1/.Xil/Vivado-2779866-cyberdeck/realtime/ulp_interconnect_axilite_user_imp_m21_regslice_0_stub.v:6]
WARNING: [Synth 8-7071] port 'm_axi_awprot' of module 'ulp_interconnect_axilite_user_imp_m21_regslice_0' is unconnected for instance 'm21_regslice' [/home/miahafiz/NeuroRing_a_2048/_x.hw.NUM_2048.CORE_10.FREQ_300/link/vivado/vpl/prj/prj.gen/my_rm/bd/ulp/synth/ulp.v:7963]
WARNING: [Synth 8-7071] port 'm_axi_arprot' of module 'ulp_interconnect_axilite_user_imp_m21_regslice_0' is unconnected for instance 'm21_regslice' [/home/miahafiz/NeuroRing_a_2048/_x.hw.NUM_2048.CORE_10.FREQ_300/link/vivado/vpl/prj/prj.gen/my_rm/bd/ulp/synth/ulp.v:7963]
WARNING: [Synth 8-7023] instance 'm21_regslice' of module 'ulp_interconnect_axilite_user_imp_m21_regslice_0' has 40 connections declared, but only 38 given [/home/miahafiz/NeuroRing_a_2048/_x.hw.NUM_2048.CORE_10.FREQ_300/link/vivado/vpl/prj/prj.gen/my_rm/bd/ulp/synth/ulp.v:7963]
INFO: [Synth 8-6155] done synthesizing module 'm21_couplers_imp_I6LQJQ' (0#1) [/home/miahafiz/NeuroRing_a_2048/_x.hw.NUM_2048.CORE_10.FREQ_300/link/vivado/vpl/prj/prj.gen/my_rm/bd/ulp/synth/ulp.v:7778]
INFO: [Synth 8-6157] synthesizing module 'm22_couplers_imp_1XZRBS8' [/home/miahafiz/NeuroRing_a_2048/_x.hw.NUM_2048.CORE_10.FREQ_300/link/vivado/vpl/prj/prj.gen/my_rm/bd/ulp/synth/ulp.v:8004]
INFO: [Synth 8-6157] synthesizing module 'ulp_interconnect_axilite_user_imp_auto_cc_23' [/home/miahafiz/NeuroRing_a_2048/_x.hw.NUM_2048.CORE_10.FREQ_300/link/vivado/vpl/prj/prj.runs/my_rm_synth_1/.Xil/Vivado-2779866-cyberdeck/realtime/ulp_interconnect_axilite_user_imp_auto_cc_23_stub.v:6]
INFO: [Synth 8-6155] done synthesizing module 'ulp_interconnect_axilite_user_imp_auto_cc_23' (0#1) [/home/miahafiz/NeuroRing_a_2048/_x.hw.NUM_2048.CORE_10.FREQ_300/link/vivado/vpl/prj/prj.runs/my_rm_synth_1/.Xil/Vivado-2779866-cyberdeck/realtime/ulp_interconnect_axilite_user_imp_auto_cc_23_stub.v:6]
INFO: [Synth 8-6157] synthesizing module 'ulp_interconnect_axilite_user_imp_m22_regslice_0' [/home/miahafiz/NeuroRing_a_2048/_x.hw.NUM_2048.CORE_10.FREQ_300/link/vivado/vpl/prj/prj.runs/my_rm_synth_1/.Xil/Vivado-2779866-cyberdeck/realtime/ulp_interconnect_axilite_user_imp_m22_regslice_0_stub.v:6]
INFO: [Synth 8-6155] done synthesizing module 'ulp_interconnect_axilite_user_imp_m22_regslice_0' (0#1) [/home/miahafiz/NeuroRing_a_2048/_x.hw.NUM_2048.CORE_10.FREQ_300/link/vivado/vpl/prj/prj.runs/my_rm_synth_1/.Xil/Vivado-2779866-cyberdeck/realtime/ulp_interconnect_axilite_user_imp_m22_regslice_0_stub.v:6]
WARNING: [Synth 8-7071] port 'm_axi_awprot' of module 'ulp_interconnect_axilite_user_imp_m22_regslice_0' is unconnected for instance 'm22_regslice' [/home/miahafiz/NeuroRing_a_2048/_x.hw.NUM_2048.CORE_10.FREQ_300/link/vivado/vpl/prj/prj.gen/my_rm/bd/ulp/synth/ulp.v:8189]
WARNING: [Synth 8-7071] port 'm_axi_arprot' of module 'ulp_interconnect_axilite_user_imp_m22_regslice_0' is unconnected for instance 'm22_regslice' [/home/miahafiz/NeuroRing_a_2048/_x.hw.NUM_2048.CORE_10.FREQ_300/link/vivado/vpl/prj/prj.gen/my_rm/bd/ulp/synth/ulp.v:8189]
WARNING: [Synth 8-7023] instance 'm22_regslice' of module 'ulp_interconnect_axilite_user_imp_m22_regslice_0' has 40 connections declared, but only 38 given [/home/miahafiz/NeuroRing_a_2048/_x.hw.NUM_2048.CORE_10.FREQ_300/link/vivado/vpl/prj/prj.gen/my_rm/bd/ulp/synth/ulp.v:8189]
INFO: [Synth 8-6155] done synthesizing module 'm22_couplers_imp_1XZRBS8' (0#1) [/home/miahafiz/NeuroRing_a_2048/_x.hw.NUM_2048.CORE_10.FREQ_300/link/vivado/vpl/prj/prj.gen/my_rm/bd/ulp/synth/ulp.v:8004]
INFO: [Synth 8-6157] synthesizing module 's00_couplers_imp_1MXEOQC' [/home/miahafiz/NeuroRing_a_2048/_x.hw.NUM_2048.CORE_10.FREQ_300/link/vivado/vpl/prj/prj.gen/my_rm/bd/ulp/synth/ulp.v:8583]
INFO: [Synth 8-6157] synthesizing module 'ulp_interconnect_axilite_user_imp_s00_regslice_1' [/home/miahafiz/NeuroRing_a_2048/_x.hw.NUM_2048.CORE_10.FREQ_300/link/vivado/vpl/prj/prj.runs/my_rm_synth_1/.Xil/Vivado-2779866-cyberdeck/realtime/ulp_interconnect_axilite_user_imp_s00_regslice_1_stub.v:6]
INFO: [Synth 8-6155] done synthesizing module 'ulp_interconnect_axilite_user_imp_s00_regslice_1' (0#1) [/home/miahafiz/NeuroRing_a_2048/_x.hw.NUM_2048.CORE_10.FREQ_300/link/vivado/vpl/prj/prj.runs/my_rm_synth_1/.Xil/Vivado-2779866-cyberdeck/realtime/ulp_interconnect_axilite_user_imp_s00_regslice_1_stub.v:6]
INFO: [Synth 8-6155] done synthesizing module 's00_couplers_imp_1MXEOQC' (0#1) [/home/miahafiz/NeuroRing_a_2048/_x.hw.NUM_2048.CORE_10.FREQ_300/link/vivado/vpl/prj/prj.gen/my_rm/bd/ulp/synth/ulp.v:8583]
INFO: [Synth 8-6157] synthesizing module 'ulp_interconnect_axilite_user_imp_tier2_xbar_0_0' [/home/miahafiz/NeuroRing_a_2048/_x.hw.NUM_2048.CORE_10.FREQ_300/link/vivado/vpl/prj/prj.runs/my_rm_synth_1/.Xil/Vivado-2779866-cyberdeck/realtime/ulp_interconnect_axilite_user_imp_tier2_xbar_0_0_stub.v:6]
INFO: [Synth 8-6155] done synthesizing module 'ulp_interconnect_axilite_user_imp_tier2_xbar_0_0' (0#1) [/home/miahafiz/NeuroRing_a_2048/_x.hw.NUM_2048.CORE_10.FREQ_300/link/vivado/vpl/prj/prj.runs/my_rm_synth_1/.Xil/Vivado-2779866-cyberdeck/realtime/ulp_interconnect_axilite_user_imp_tier2_xbar_0_0_stub.v:6]
INFO: [Synth 8-6157] synthesizing module 'ulp_interconnect_axilite_user_imp_tier2_xbar_1_0' [/home/miahafiz/NeuroRing_a_2048/_x.hw.NUM_2048.CORE_10.FREQ_300/link/vivado/vpl/prj/prj.runs/my_rm_synth_1/.Xil/Vivado-2779866-cyberdeck/realtime/ulp_interconnect_axilite_user_imp_tier2_xbar_1_0_stub.v:6]
INFO: [Synth 8-6155] done synthesizing module 'ulp_interconnect_axilite_user_imp_tier2_xbar_1_0' (0#1) [/home/miahafiz/NeuroRing_a_2048/_x.hw.NUM_2048.CORE_10.FREQ_300/link/vivado/vpl/prj/prj.runs/my_rm_synth_1/.Xil/Vivado-2779866-cyberdeck/realtime/ulp_interconnect_axilite_user_imp_tier2_xbar_1_0_stub.v:6]
INFO: [Synth 8-6157] synthesizing module 'ulp_interconnect_axilite_user_imp_tier2_xbar_2_0' [/home/miahafiz/NeuroRing_a_2048/_x.hw.NUM_2048.CORE_10.FREQ_300/link/vivado/vpl/prj/prj.runs/my_rm_synth_1/.Xil/Vivado-2779866-cyberdeck/realtime/ulp_interconnect_axilite_user_imp_tier2_xbar_2_0_stub.v:6]
INFO: [Common 17-14] Message 'Synth 8-6157' appears 100 times and further instances of the messages will be disabled.
INFO: [Synth 8-6155] done synthesizing module 'ulp_interconnect_axilite_user_imp_tier2_xbar_2_0' (0#1) [/home/miahafiz/NeuroRing_a_2048/_x.hw.NUM_2048.CORE_10.FREQ_300/link/vivado/vpl/prj/prj.runs/my_rm_synth_1/.Xil/Vivado-2779866-cyberdeck/realtime/ulp_interconnect_axilite_user_imp_tier2_xbar_2_0_stub.v:6]
INFO: [Synth 8-6155] done synthesizing module 'ulp_interconnect_axilite_user_upgraded_ipi_imp_xbar_0' (0#1) [/home/miahafiz/NeuroRing_a_2048/_x.hw.NUM_2048.CORE_10.FREQ_300/link/vivado/vpl/prj/prj.runs/my_rm_synth_1/.Xil/Vivado-2779866-cyberdeck/realtime/ulp_interconnect_axilite_user_upgraded_ipi_imp_xbar_0_stub.v:6]
INFO: [Synth 8-6155] done synthesizing module 'ulp_interconnect_axilite_user_1' (0#1) [/home/miahafiz/NeuroRing_a_2048/_x.hw.NUM_2048.CORE_10.FREQ_300/link/vivado/vpl/prj/prj.gen/my_rm/bd/ulp/synth/ulp.v:15623]
INFO: [Synth 8-6155] done synthesizing module 'ulp_regslice_control_userpf_1' (0#1) [/home/miahafiz/NeuroRing_a_2048/_x.hw.NUM_2048.CORE_10.FREQ_300/link/vivado/vpl/prj/prj.runs/my_rm_synth_1/.Xil/Vivado-2779866-cyberdeck/realtime/ulp_regslice_control_userpf_1_stub.v:6]
INFO: [Common 17-14] Message 'Synth 8-6155' appears 100 times and further instances of the messages will be disabled.
WARNING: [Synth 8-7071] port 'gpio_io_o' of module 'ulp_axi_gpio_null_2' is unconnected for instance 'axi_gpio_null' [/home/miahafiz/NeuroRing_a_2048/_x.hw.NUM_2048.CORE_10.FREQ_300/link/vivado/vpl/prj/prj.gen/my_rm/bd/ulp/synth/ulp.v:2261]
WARNING: [Synth 8-7071] port 'gpio_io_t' of module 'ulp_axi_gpio_null_2' is unconnected for instance 'axi_gpio_null' [/home/miahafiz/NeuroRing_a_2048/_x.hw.NUM_2048.CORE_10.FREQ_300/link/vivado/vpl/prj/prj.gen/my_rm/bd/ulp/synth/ulp.v:2261]
WARNING: [Synth 8-7023] instance 'axi_gpio_null' of module 'ulp_axi_gpio_null_2' has 22 connections declared, but only 20 given [/home/miahafiz/NeuroRing_a_2048/_x.hw.NUM_2048.CORE_10.FREQ_300/link/vivado/vpl/prj/prj.gen/my_rm/bd/ulp/synth/ulp.v:2261]
WARNING: [Synth 8-7071] port 'm_axi_awprot' of module 'ulp_interconnect_axilite_user_imp_auto_cc_24' is unconnected for instance 'auto_cc' [/home/miahafiz/NeuroRing_a_2048/_x.hw.NUM_2048.CORE_10.FREQ_300/link/vivado/vpl/prj/prj.gen/my_rm/bd/ulp/synth/ulp.v:8895]
WARNING: [Synth 8-7071] port 'm_axi_arprot' of module 'ulp_interconnect_axilite_user_imp_auto_cc_24' is unconnected for instance 'auto_cc' [/home/miahafiz/NeuroRing_a_2048/_x.hw.NUM_2048.CORE_10.FREQ_300/link/vivado/vpl/prj/prj.gen/my_rm/bd/ulp/synth/ulp.v:8895]
WARNING: [Synth 8-7023] instance 'auto_cc' of module 'ulp_interconnect_axilite_user_imp_auto_cc_24' has 42 connections declared, but only 40 given [/home/miahafiz/NeuroRing_a_2048/_x.hw.NUM_2048.CORE_10.FREQ_300/link/vivado/vpl/prj/prj.gen/my_rm/bd/ulp/synth/ulp.v:8895]
WARNING: [Synth 8-689] width (3) of port connection 'm_axi_arprot' does not match port width (6) of module 'ulp_axi_ic_ctrl_mgmt_slr1_upgraded_ipi_imp_xbar_0' [/home/miahafiz/NeuroRing_a_2048/_x.hw.NUM_2048.CORE_10.FREQ_300/link/vivado/vpl/prj/prj.gen/my_rm/bd/ulp/synth/ulp.v:15414]
WARNING: [Synth 8-689] width (3) of port connection 'm_axi_awprot' does not match port width (6) of module 'ulp_axi_ic_ctrl_mgmt_slr1_upgraded_ipi_imp_xbar_0' [/home/miahafiz/NeuroRing_a_2048/_x.hw.NUM_2048.CORE_10.FREQ_300/link/vivado/vpl/prj/prj.gen/my_rm/bd/ulp/synth/ulp.v:15418]
WARNING: [Synth 8-7071] port 'm_axis_tstrb' of module 'ulp_buffer_SynapseRouter_0_syn_forward_rt_left_0' is unconnected for instance 'buffer_SynapseRouter_0_syn_forward_rt_left' [/home/miahafiz/NeuroRing_a_2048/_x.hw.NUM_2048.CORE_10.FREQ_300/link/vivado/vpl/prj/prj.gen/my_rm/bd/ulp/synth/ulp.v:13439]
WARNING: [Synth 8-7071] port 'm_axis_tkeep' of module 'ulp_buffer_SynapseRouter_0_syn_forward_rt_left_0' is unconnected for instance 'buffer_SynapseRouter_0_syn_forward_rt_left' [/home/miahafiz/NeuroRing_a_2048/_x.hw.NUM_2048.CORE_10.FREQ_300/link/vivado/vpl/prj/prj.gen/my_rm/bd/ulp/synth/ulp.v:13439]
WARNING: [Synth 8-7071] port 'm_axis_tlast' of module 'ulp_buffer_SynapseRouter_0_syn_forward_rt_left_0' is unconnected for instance 'buffer_SynapseRouter_0_syn_forward_rt_left' [/home/miahafiz/NeuroRing_a_2048/_x.hw.NUM_2048.CORE_10.FREQ_300/link/vivado/vpl/prj/prj.gen/my_rm/bd/ulp/synth/ulp.v:13439]
WARNING: [Synth 8-7023] instance 'buffer_SynapseRouter_0_syn_forward_rt_left' of module 'ulp_buffer_SynapseRouter_0_syn_forward_rt_left_0' has 14 connections declared, but only 11 given [/home/miahafiz/NeuroRing_a_2048/_x.hw.NUM_2048.CORE_10.FREQ_300/link/vivado/vpl/prj/prj.gen/my_rm/bd/ulp/synth/ulp.v:13439]
WARNING: [Synth 8-7071] port 'm_axis_tstrb' of module 'ulp_buffer_SynapseRouter_9_syn_forward_rt_right_0' is unconnected for instance 'buffer_SynapseRouter_9_syn_forward_rt_right' [/home/miahafiz/NeuroRing_a_2048/_x.hw.NUM_2048.CORE_10.FREQ_300/link/vivado/vpl/prj/prj.gen/my_rm/bd/ulp/synth/ulp.v:13856]
WARNING: [Synth 8-7071] port 'm_axis_tkeep' of module 'ulp_buffer_SynapseRouter_9_syn_forward_rt_right_0' is unconnected for instance 'buffer_SynapseRouter_9_syn_forward_rt_right' [/home/miahafiz/NeuroRing_a_2048/_x.hw.NUM_2048.CORE_10.FREQ_300/link/vivado/vpl/prj/prj.gen/my_rm/bd/ulp/synth/ulp.v:13856]
WARNING: [Synth 8-7071] port 'm_axis_tlast' of module 'ulp_buffer_SynapseRouter_9_syn_forward_rt_right_0' is unconnected for instance 'buffer_SynapseRouter_9_syn_forward_rt_right' [/home/miahafiz/NeuroRing_a_2048/_x.hw.NUM_2048.CORE_10.FREQ_300/link/vivado/vpl/prj/prj.gen/my_rm/bd/ulp/synth/ulp.v:13856]
WARNING: [Synth 8-7023] instance 'buffer_SynapseRouter_9_syn_forward_rt_right' of module 'ulp_buffer_SynapseRouter_9_syn_forward_rt_right_0' has 14 connections declared, but only 11 given [/home/miahafiz/NeuroRing_a_2048/_x.hw.NUM_2048.CORE_10.FREQ_300/link/vivado/vpl/prj/prj.gen/my_rm/bd/ulp/synth/ulp.v:13856]
WARNING: [Synth 8-7071] port 'ULP_M_AXI_CTRL_MGMT_00_arprot' of module 'ulp_ii_level0_wire_0' is unconnected for instance 'ii_level0_wire' [/home/miahafiz/NeuroRing_a_2048/_x.hw.NUM_2048.CORE_10.FREQ_300/link/vivado/vpl/prj/prj.gen/my_rm/bd/ulp/synth/ulp.v:14325]
WARNING: [Synth 8-7071] port 'ULP_M_AXI_CTRL_MGMT_00_awprot' of module 'ulp_ii_level0_wire_0' is unconnected for instance 'ii_level0_wire' [/home/miahafiz/NeuroRing_a_2048/_x.hw.NUM_2048.CORE_10.FREQ_300/link/vivado/vpl/prj/prj.gen/my_rm/bd/ulp/synth/ulp.v:14325]
WARNING: [Synth 8-7071] port 'ULP_M_AXI_CTRL_MGMT_00_wstrb' of module 'ulp_ii_level0_wire_0' is unconnected for instance 'ii_level0_wire' [/home/miahafiz/NeuroRing_a_2048/_x.hw.NUM_2048.CORE_10.FREQ_300/link/vivado/vpl/prj/prj.gen/my_rm/bd/ulp/synth/ulp.v:14325]
WARNING: [Synth 8-7071] port 'ULP_S_AXI_DATA_C2H_00_arready' of module 'ulp_ii_level0_wire_0' is unconnected for instance 'ii_level0_wire' [/home/miahafiz/NeuroRing_a_2048/_x.hw.NUM_2048.CORE_10.FREQ_300/link/vivado/vpl/prj/prj.gen/my_rm/bd/ulp/synth/ulp.v:14325]
WARNING: [Synth 8-7071] port 'ULP_S_AXI_DATA_C2H_00_awready' of module 'ulp_ii_level0_wire_0' is unconnected for instance 'ii_level0_wire' [/home/miahafiz/NeuroRing_a_2048/_x.hw.NUM_2048.CORE_10.FREQ_300/link/vivado/vpl/prj/prj.gen/my_rm/bd/ulp/synth/ulp.v:14325]
WARNING: [Synth 8-7071] port 'ULP_S_AXI_DATA_C2H_00_bid' of module 'ulp_ii_level0_wire_0' is unconnected for instance 'ii_level0_wire' [/home/miahafiz/NeuroRing_a_2048/_x.hw.NUM_2048.CORE_10.FREQ_300/link/vivado/vpl/prj/prj.gen/my_rm/bd/ulp/synth/ulp.v:14325]
WARNING: [Synth 8-7071] port 'ULP_S_AXI_DATA_C2H_00_bresp' of module 'ulp_ii_level0_wire_0' is unconnected for instance 'ii_level0_wire' [/home/miahafiz/NeuroRing_a_2048/_x.hw.NUM_2048.CORE_10.FREQ_300/link/vivado/vpl/prj/prj.gen/my_rm/bd/ulp/synth/ulp.v:14325]
WARNING: [Synth 8-7071] port 'ULP_S_AXI_DATA_C2H_00_bvalid' of module 'ulp_ii_level0_wire_0' is unconnected for instance 'ii_level0_wire' [/home/miahafiz/NeuroRing_a_2048/_x.hw.NUM_2048.CORE_10.FREQ_300/link/vivado/vpl/prj/prj.gen/my_rm/bd/ulp/synth/ulp.v:14325]
INFO: [Common 17-14] Message 'Synth 8-7071' appears 100 times and further instances of the messages will be disabled.
WARNING: [Synth 8-7023] instance 'ii_level0_wire' of module 'ulp_ii_level0_wire_0' has 354 connections declared, but only 340 given [/home/miahafiz/NeuroRing_a_2048/_x.hw.NUM_2048.CORE_10.FREQ_300/link/vivado/vpl/prj/prj.gen/my_rm/bd/ulp/synth/ulp.v:14325]
WARNING: [Synth 8-7023] instance 'proc_sys_reset_ctrl_slr0' of module 'ulp_proc_sys_reset_ctrl_slr0_0' has 10 connections declared, but only 6 given [/home/miahafiz/NeuroRing_a_2048/_x.hw.NUM_2048.CORE_10.FREQ_300/link/vivado/vpl/prj/prj.gen/my_rm/bd/ulp/synth/ulp.v:14876]
WARNING: [Synth 8-7023] instance 'proc_sys_reset_ctrl_slr1' of module 'ulp_proc_sys_reset_ctrl_slr1_0' has 10 connections declared, but only 6 given [/home/miahafiz/NeuroRing_a_2048/_x.hw.NUM_2048.CORE_10.FREQ_300/link/vivado/vpl/prj/prj.gen/my_rm/bd/ulp/synth/ulp.v:14883]
WARNING: [Synth 8-7023] instance 'proc_sys_reset_ctrl_slr2' of module 'ulp_proc_sys_reset_ctrl_slr2_0' has 10 connections declared, but only 6 given [/home/miahafiz/NeuroRing_a_2048/_x.hw.NUM_2048.CORE_10.FREQ_300/link/vivado/vpl/prj/prj.gen/my_rm/bd/ulp/synth/ulp.v:14890]
WARNING: [Synth 8-4446] all outputs are unconnected for this instance and logic may be removed [/home/miahafiz/NeuroRing_a_2048/_x.hw.NUM_2048.CORE_10.FREQ_300/link/vivado/vpl/prj/prj.gen/my_rm/bd/ulp/synth/ulp.v:14897]
WARNING: [Synth 8-7023] instance 'proc_sys_reset_freerun_slr0' of module 'ulp_proc_sys_reset_freerun_slr0_0' has 10 connections declared, but only 5 given [/home/miahafiz/NeuroRing_a_2048/_x.hw.NUM_2048.CORE_10.FREQ_300/link/vivado/vpl/prj/prj.gen/my_rm/bd/ulp/synth/ulp.v:14897]
WARNING: [Synth 8-4446] all outputs are unconnected for this instance and logic may be removed [/home/miahafiz/NeuroRing_a_2048/_x.hw.NUM_2048.CORE_10.FREQ_300/link/vivado/vpl/prj/prj.gen/my_rm/bd/ulp/synth/ulp.v:14903]
WARNING: [Synth 8-7023] instance 'proc_sys_reset_freerun_slr1' of module 'ulp_proc_sys_reset_freerun_slr1_0' has 10 connections declared, but only 5 given [/home/miahafiz/NeuroRing_a_2048/_x.hw.NUM_2048.CORE_10.FREQ_300/link/vivado/vpl/prj/prj.gen/my_rm/bd/ulp/synth/ulp.v:14903]
WARNING: [Synth 8-4446] all outputs are unconnected for this instance and logic may be removed [/home/miahafiz/NeuroRing_a_2048/_x.hw.NUM_2048.CORE_10.FREQ_300/link/vivado/vpl/prj/prj.gen/my_rm/bd/ulp/synth/ulp.v:14909]
WARNING: [Synth 8-7023] instance 'proc_sys_reset_freerun_slr2' of module 'ulp_proc_sys_reset_freerun_slr2_0' has 10 connections declared, but only 5 given [/home/miahafiz/NeuroRing_a_2048/_x.hw.NUM_2048.CORE_10.FREQ_300/link/vivado/vpl/prj/prj.gen/my_rm/bd/ulp/synth/ulp.v:14909]
WARNING: [Synth 8-7023] instance 'proc_sys_reset_kernel2_slr0' of module 'ulp_proc_sys_reset_kernel2_slr0_0' has 10 connections declared, but only 6 given [/home/miahafiz/NeuroRing_a_2048/_x.hw.NUM_2048.CORE_10.FREQ_300/link/vivado/vpl/prj/prj.gen/my_rm/bd/ulp/synth/ulp.v:14915]
WARNING: [Synth 8-7023] instance 'proc_sys_reset_kernel2_slr1' of module 'ulp_proc_sys_reset_kernel2_slr1_0' has 10 connections declared, but only 6 given [/home/miahafiz/NeuroRing_a_2048/_x.hw.NUM_2048.CORE_10.FREQ_300/link/vivado/vpl/prj/prj.gen/my_rm/bd/ulp/synth/ulp.v:14922]
WARNING: [Synth 8-7023] instance 'proc_sys_reset_kernel2_slr2' of module 'ulp_proc_sys_reset_kernel2_slr2_0' has 10 connections declared, but only 6 given [/home/miahafiz/NeuroRing_a_2048/_x.hw.NUM_2048.CORE_10.FREQ_300/link/vivado/vpl/prj/prj.gen/my_rm/bd/ulp/synth/ulp.v:14929]
WARNING: [Synth 8-7023] instance 'proc_sys_reset_kernel_slr0' of module 'ulp_proc_sys_reset_kernel_slr0_0' has 10 connections declared, but only 6 given [/home/miahafiz/NeuroRing_a_2048/_x.hw.NUM_2048.CORE_10.FREQ_300/link/vivado/vpl/prj/prj.gen/my_rm/bd/ulp/synth/ulp.v:14936]
WARNING: [Synth 8-7023] instance 'proc_sys_reset_kernel_slr1' of module 'ulp_proc_sys_reset_kernel_slr1_0' has 10 connections declared, but only 6 given [/home/miahafiz/NeuroRing_a_2048/_x.hw.NUM_2048.CORE_10.FREQ_300/link/vivado/vpl/prj/prj.gen/my_rm/bd/ulp/synth/ulp.v:14943]
WARNING: [Synth 8-7023] instance 'proc_sys_reset_kernel_slr2' of module 'ulp_proc_sys_reset_kernel_slr2_0' has 10 connections declared, but only 6 given [/home/miahafiz/NeuroRing_a_2048/_x.hw.NUM_2048.CORE_10.FREQ_300/link/vivado/vpl/prj/prj.gen/my_rm/bd/ulp/synth/ulp.v:14950]
WARNING: [Synth 8-7129] Port Din[3] in module xlslice_v1_0_5_xlslice is either unconnected or has no load
WARNING: [Synth 8-7129] Port Din[2] in module xlslice_v1_0_5_xlslice is either unconnected or has no load
WARNING: [Synth 8-7129] Port Din[0] in module xlslice_v1_0_5_xlslice is either unconnected or has no load
WARNING: [Synth 8-7129] Port In32[0] in module xlconcat_v2_1_7_xlconcat__parameterized0 is either unconnected or has no load
WARNING: [Synth 8-7129] Port In33[0] in module xlconcat_v2_1_7_xlconcat__parameterized0 is either unconnected or has no load
WARNING: [Synth 8-7129] Port In34[0] in module xlconcat_v2_1_7_xlconcat__parameterized0 is either unconnected or has no load
WARNING: [Synth 8-7129] Port In35[0] in module xlconcat_v2_1_7_xlconcat__parameterized0 is either unconnected or has no load
WARNING: [Synth 8-7129] Port In36[0] in module xlconcat_v2_1_7_xlconcat__parameterized0 is either unconnected or has no load
WARNING: [Synth 8-7129] Port In37[0] in module xlconcat_v2_1_7_xlconcat__parameterized0 is either unconnected or has no load
WARNING: [Synth 8-7129] Port In38[0] in module xlconcat_v2_1_7_xlconcat__parameterized0 is either unconnected or has no load
WARNING: [Synth 8-7129] Port In39[0] in module xlconcat_v2_1_7_xlconcat__parameterized0 is either unconnected or has no load
WARNING: [Synth 8-7129] Port In40[0] in module xlconcat_v2_1_7_xlconcat__parameterized0 is either unconnected or has no load
WARNING: [Synth 8-7129] Port In41[0] in module xlconcat_v2_1_7_xlconcat__parameterized0 is either unconnected or has no load
WARNING: [Synth 8-7129] Port In42[0] in module xlconcat_v2_1_7_xlconcat__parameterized0 is either unconnected or has no load
WARNING: [Synth 8-7129] Port In43[0] in module xlconcat_v2_1_7_xlconcat__parameterized0 is either unconnected or has no load
WARNING: [Synth 8-7129] Port In44[0] in module xlconcat_v2_1_7_xlconcat__parameterized0 is either unconnected or has no load
WARNING: [Synth 8-7129] Port In45[0] in module xlconcat_v2_1_7_xlconcat__parameterized0 is either unconnected or has no load
WARNING: [Synth 8-7129] Port In46[0] in module xlconcat_v2_1_7_xlconcat__parameterized0 is either unconnected or has no load
WARNING: [Synth 8-7129] Port In47[0] in module xlconcat_v2_1_7_xlconcat__parameterized0 is either unconnected or has no load
WARNING: [Synth 8-7129] Port In48[0] in module xlconcat_v2_1_7_xlconcat__parameterized0 is either unconnected or has no load
WARNING: [Synth 8-7129] Port In49[0] in module xlconcat_v2_1_7_xlconcat__parameterized0 is either unconnected or has no load
WARNING: [Synth 8-7129] Port In50[0] in module xlconcat_v2_1_7_xlconcat__parameterized0 is either unconnected or has no load
WARNING: [Synth 8-7129] Port In51[0] in module xlconcat_v2_1_7_xlconcat__parameterized0 is either unconnected or has no load
WARNING: [Synth 8-7129] Port In52[0] in module xlconcat_v2_1_7_xlconcat__parameterized0 is either unconnected or has no load
WARNING: [Synth 8-7129] Port In53[0] in module xlconcat_v2_1_7_xlconcat__parameterized0 is either unconnected or has no load
WARNING: [Synth 8-7129] Port In54[0] in module xlconcat_v2_1_7_xlconcat__parameterized0 is either unconnected or has no load
WARNING: [Synth 8-7129] Port In55[0] in module xlconcat_v2_1_7_xlconcat__parameterized0 is either unconnected or has no load
WARNING: [Synth 8-7129] Port In56[0] in module xlconcat_v2_1_7_xlconcat__parameterized0 is either unconnected or has no load
WARNING: [Synth 8-7129] Port In57[0] in module xlconcat_v2_1_7_xlconcat__parameterized0 is either unconnected or has no load
WARNING: [Synth 8-7129] Port In58[0] in module xlconcat_v2_1_7_xlconcat__parameterized0 is either unconnected or has no load
WARNING: [Synth 8-7129] Port In59[0] in module xlconcat_v2_1_7_xlconcat__parameterized0 is either unconnected or has no load
WARNING: [Synth 8-7129] Port In60[0] in module xlconcat_v2_1_7_xlconcat__parameterized0 is either unconnected or has no load
WARNING: [Synth 8-7129] Port In61[0] in module xlconcat_v2_1_7_xlconcat__parameterized0 is either unconnected or has no load
WARNING: [Synth 8-7129] Port In62[0] in module xlconcat_v2_1_7_xlconcat__parameterized0 is either unconnected or has no load
WARNING: [Synth 8-7129] Port In63[0] in module xlconcat_v2_1_7_xlconcat__parameterized0 is either unconnected or has no load
WARNING: [Synth 8-7129] Port In64[0] in module xlconcat_v2_1_7_xlconcat__parameterized0 is either unconnected or has no load
WARNING: [Synth 8-7129] Port In65[0] in module xlconcat_v2_1_7_xlconcat__parameterized0 is either unconnected or has no load
WARNING: [Synth 8-7129] Port In66[0] in module xlconcat_v2_1_7_xlconcat__parameterized0 is either unconnected or has no load
WARNING: [Synth 8-7129] Port In67[0] in module xlconcat_v2_1_7_xlconcat__parameterized0 is either unconnected or has no load
WARNING: [Synth 8-7129] Port In68[0] in module xlconcat_v2_1_7_xlconcat__parameterized0 is either unconnected or has no load
WARNING: [Synth 8-7129] Port In69[0] in module xlconcat_v2_1_7_xlconcat__parameterized0 is either unconnected or has no load
WARNING: [Synth 8-7129] Port In70[0] in module xlconcat_v2_1_7_xlconcat__parameterized0 is either unconnected or has no load
WARNING: [Synth 8-7129] Port In71[0] in module xlconcat_v2_1_7_xlconcat__parameterized0 is either unconnected or has no load
WARNING: [Synth 8-7129] Port In72[0] in module xlconcat_v2_1_7_xlconcat__parameterized0 is either unconnected or has no load
WARNING: [Synth 8-7129] Port In73[0] in module xlconcat_v2_1_7_xlconcat__parameterized0 is either unconnected or has no load
WARNING: [Synth 8-7129] Port In74[0] in module xlconcat_v2_1_7_xlconcat__parameterized0 is either unconnected or has no load
WARNING: [Synth 8-7129] Port In75[0] in module xlconcat_v2_1_7_xlconcat__parameterized0 is either unconnected or has no load
WARNING: [Synth 8-7129] Port In76[0] in module xlconcat_v2_1_7_xlconcat__parameterized0 is either unconnected or has no load
WARNING: [Synth 8-7129] Port In77[0] in module xlconcat_v2_1_7_xlconcat__parameterized0 is either unconnected or has no load
WARNING: [Synth 8-7129] Port In78[0] in module xlconcat_v2_1_7_xlconcat__parameterized0 is either unconnected or has no load
WARNING: [Synth 8-7129] Port In79[0] in module xlconcat_v2_1_7_xlconcat__parameterized0 is either unconnected or has no load
WARNING: [Synth 8-7129] Port In80[0] in module xlconcat_v2_1_7_xlconcat__parameterized0 is either unconnected or has no load
WARNING: [Synth 8-7129] Port In81[0] in module xlconcat_v2_1_7_xlconcat__parameterized0 is either unconnected or has no load
WARNING: [Synth 8-7129] Port In82[0] in module xlconcat_v2_1_7_xlconcat__parameterized0 is either unconnected or has no load
WARNING: [Synth 8-7129] Port In83[0] in module xlconcat_v2_1_7_xlconcat__parameterized0 is either unconnected or has no load
WARNING: [Synth 8-7129] Port In84[0] in module xlconcat_v2_1_7_xlconcat__parameterized0 is either unconnected or has no load
WARNING: [Synth 8-7129] Port In85[0] in module xlconcat_v2_1_7_xlconcat__parameterized0 is either unconnected or has no load
WARNING: [Synth 8-7129] Port In86[0] in module xlconcat_v2_1_7_xlconcat__parameterized0 is either unconnected or has no load
WARNING: [Synth 8-7129] Port In87[0] in module xlconcat_v2_1_7_xlconcat__parameterized0 is either unconnected or has no load
WARNING: [Synth 8-7129] Port In88[0] in module xlconcat_v2_1_7_xlconcat__parameterized0 is either unconnected or has no load
WARNING: [Synth 8-7129] Port In89[0] in module xlconcat_v2_1_7_xlconcat__parameterized0 is either unconnected or has no load
WARNING: [Synth 8-7129] Port In90[0] in module xlconcat_v2_1_7_xlconcat__parameterized0 is either unconnected or has no load
WARNING: [Synth 8-7129] Port In91[0] in module xlconcat_v2_1_7_xlconcat__parameterized0 is either unconnected or has no load
WARNING: [Synth 8-7129] Port In92[0] in module xlconcat_v2_1_7_xlconcat__parameterized0 is either unconnected or has no load
WARNING: [Synth 8-7129] Port In93[0] in module xlconcat_v2_1_7_xlconcat__parameterized0 is either unconnected or has no load
WARNING: [Synth 8-7129] Port In94[0] in module xlconcat_v2_1_7_xlconcat__parameterized0 is either unconnected or has no load
WARNING: [Synth 8-7129] Port In95[0] in module xlconcat_v2_1_7_xlconcat__parameterized0 is either unconnected or has no load
WARNING: [Synth 8-7129] Port In96[0] in module xlconcat_v2_1_7_xlconcat__parameterized0 is either unconnected or has no load
WARNING: [Synth 8-7129] Port In97[0] in module xlconcat_v2_1_7_xlconcat__parameterized0 is either unconnected or has no load
WARNING: [Synth 8-7129] Port In98[0] in module xlconcat_v2_1_7_xlconcat__parameterized0 is either unconnected or has no load
WARNING: [Synth 8-7129] Port In99[0] in module xlconcat_v2_1_7_xlconcat__parameterized0 is either unconnected or has no load
WARNING: [Synth 8-7129] Port In100[0] in module xlconcat_v2_1_7_xlconcat__parameterized0 is either unconnected or has no load
WARNING: [Synth 8-7129] Port In101[0] in module xlconcat_v2_1_7_xlconcat__parameterized0 is either unconnected or has no load
WARNING: [Synth 8-7129] Port In102[0] in module xlconcat_v2_1_7_xlconcat__parameterized0 is either unconnected or has no load
WARNING: [Synth 8-7129] Port In103[0] in module xlconcat_v2_1_7_xlconcat__parameterized0 is either unconnected or has no load
WARNING: [Synth 8-7129] Port In104[0] in module xlconcat_v2_1_7_xlconcat__parameterized0 is either unconnected or has no load
WARNING: [Synth 8-7129] Port In105[0] in module xlconcat_v2_1_7_xlconcat__parameterized0 is either unconnected or has no load
WARNING: [Synth 8-7129] Port In106[0] in module xlconcat_v2_1_7_xlconcat__parameterized0 is either unconnected or has no load
WARNING: [Synth 8-7129] Port In107[0] in module xlconcat_v2_1_7_xlconcat__parameterized0 is either unconnected or has no load
WARNING: [Synth 8-7129] Port In108[0] in module xlconcat_v2_1_7_xlconcat__parameterized0 is either unconnected or has no load
WARNING: [Synth 8-7129] Port In109[0] in module xlconcat_v2_1_7_xlconcat__parameterized0 is either unconnected or has no load
WARNING: [Synth 8-7129] Port In110[0] in module xlconcat_v2_1_7_xlconcat__parameterized0 is either unconnected or has no load
WARNING: [Synth 8-7129] Port In111[0] in module xlconcat_v2_1_7_xlconcat__parameterized0 is either unconnected or has no load
WARNING: [Synth 8-7129] Port In112[0] in module xlconcat_v2_1_7_xlconcat__parameterized0 is either unconnected or has no load
WARNING: [Synth 8-7129] Port In113[0] in module xlconcat_v2_1_7_xlconcat__parameterized0 is either unconnected or has no load
WARNING: [Synth 8-7129] Port In114[0] in module xlconcat_v2_1_7_xlconcat__parameterized0 is either unconnected or has no load
WARNING: [Synth 8-7129] Port In115[0] in module xlconcat_v2_1_7_xlconcat__parameterized0 is either unconnected or has no load
WARNING: [Synth 8-7129] Port In116[0] in module xlconcat_v2_1_7_xlconcat__parameterized0 is either unconnected or has no load
WARNING: [Synth 8-7129] Port In117[0] in module xlconcat_v2_1_7_xlconcat__parameterized0 is either unconnected or has no load
WARNING: [Synth 8-7129] Port In118[0] in module xlconcat_v2_1_7_xlconcat__parameterized0 is either unconnected or has no load
WARNING: [Synth 8-7129] Port In119[0] in module xlconcat_v2_1_7_xlconcat__parameterized0 is either unconnected or has no load
WARNING: [Synth 8-7129] Port In120[0] in module xlconcat_v2_1_7_xlconcat__parameterized0 is either unconnected or has no load
WARNING: [Synth 8-7129] Port In121[0] in module xlconcat_v2_1_7_xlconcat__parameterized0 is either unconnected or has no load
WARNING: [Synth 8-7129] Port In122[0] in module xlconcat_v2_1_7_xlconcat__parameterized0 is either unconnected or has no load
WARNING: [Synth 8-7129] Port In123[0] in module xlconcat_v2_1_7_xlconcat__parameterized0 is either unconnected or has no load
WARNING: [Synth 8-7129] Port In124[0] in module xlconcat_v2_1_7_xlconcat__parameterized0 is either unconnected or has no load
WARNING: [Synth 8-7129] Port In125[0] in module xlconcat_v2_1_7_xlconcat__parameterized0 is either unconnected or has no load
WARNING: [Synth 8-7129] Port In126[0] in module xlconcat_v2_1_7_xlconcat__parameterized0 is either unconnected or has no load
WARNING: [Synth 8-7129] Port In127[0] in module xlconcat_v2_1_7_xlconcat__parameterized0 is either unconnected or has no load
WARNING: [Synth 8-7129] Port In4[0] in module xlconcat_v2_1_7_xlconcat is either unconnected or has no load
INFO: [Common 17-14] Message 'Synth 8-7129' appears 100 times and further instances of the messages will be disabled.
---------------------------------------------------------------------------------
Finished RTL Elaboration : Time (s): cpu = 00:00:10 ; elapsed = 00:00:12 . Memory (MB): peak = 4617.395 ; gain = 0.000 ; free physical = 44453 ; free virtual = 90886
---------------------------------------------------------------------------------
---------------------------------------------------------------------------------
Start Handling Custom Attributes
---------------------------------------------------------------------------------
---------------------------------------------------------------------------------
Finished Handling Custom Attributes : Time (s): cpu = 00:00:10 ; elapsed = 00:00:12 . Memory (MB): peak = 4617.395 ; gain = 0.000 ; free physical = 44446 ; free virtual = 90878
---------------------------------------------------------------------------------
---------------------------------------------------------------------------------
Finished RTL Optimization Phase 1 : Time (s): cpu = 00:00:10 ; elapsed = 00:00:12 . Memory (MB): peak = 4617.395 ; gain = 0.000 ; free physical = 44446 ; free virtual = 90878
---------------------------------------------------------------------------------
Netlist sorting complete. Time (s): cpu = 00:00:00.36 ; elapsed = 00:00:00.36 . Memory (MB): peak = 4617.395 ; gain = 0.000 ; free physical = 43211 ; free virtual = 89650
INFO: [Project 1-570] Preparing netlist for logic optimization

Processing XDC Constraints
Initializing timing engine
Parsing XDC File [/home/miahafiz/NeuroRing_a_2048/_x.hw.NUM_2048.CORE_10.FREQ_300/link/vivado/vpl/prj/prj.gen/my_rm/bd/ulp/ip/ulp_NeuroRing_0_0/ulp_NeuroRing_0_0/ulp_NeuroRing_7_0_in_context.xdc] for cell 'NeuroRing_0'
Finished Parsing XDC File [/home/miahafiz/NeuroRing_a_2048/_x.hw.NUM_2048.CORE_10.FREQ_300/link/vivado/vpl/prj/prj.gen/my_rm/bd/ulp/ip/ulp_NeuroRing_0_0/ulp_NeuroRing_0_0/ulp_NeuroRing_7_0_in_context.xdc] for cell 'NeuroRing_0'
Parsing XDC File [/home/miahafiz/NeuroRing_a_2048/_x.hw.NUM_2048.CORE_10.FREQ_300/link/vivado/vpl/prj/prj.gen/my_rm/bd/ulp/ip/ulp_NeuroRing_1_0/ulp_NeuroRing_1_0/ulp_NeuroRing_7_0_in_context.xdc] for cell 'NeuroRing_1'
Finished Parsing XDC File [/home/miahafiz/NeuroRing_a_2048/_x.hw.NUM_2048.CORE_10.FREQ_300/link/vivado/vpl/prj/prj.gen/my_rm/bd/ulp/ip/ulp_NeuroRing_1_0/ulp_NeuroRing_1_0/ulp_NeuroRing_7_0_in_context.xdc] for cell 'NeuroRing_1'
Parsing XDC File [/home/miahafiz/NeuroRing_a_2048/_x.hw.NUM_2048.CORE_10.FREQ_300/link/vivado/vpl/prj/prj.gen/my_rm/bd/ulp/ip/ulp_NeuroRing_2_0/ulp_NeuroRing_2_0/ulp_NeuroRing_7_0_in_context.xdc] for cell 'NeuroRing_2'
Finished Parsing XDC File [/home/miahafiz/NeuroRing_a_2048/_x.hw.NUM_2048.CORE_10.FREQ_300/link/vivado/vpl/prj/prj.gen/my_rm/bd/ulp/ip/ulp_NeuroRing_2_0/ulp_NeuroRing_2_0/ulp_NeuroRing_7_0_in_context.xdc] for cell 'NeuroRing_2'
Parsing XDC File [/home/miahafiz/NeuroRing_a_2048/_x.hw.NUM_2048.CORE_10.FREQ_300/link/vivado/vpl/prj/prj.gen/my_rm/bd/ulp/ip/ulp_NeuroRing_3_0/ulp_NeuroRing_3_0/ulp_NeuroRing_7_0_in_context.xdc] for cell 'NeuroRing_3'
Finished Parsing XDC File [/home/miahafiz/NeuroRing_a_2048/_x.hw.NUM_2048.CORE_10.FREQ_300/link/vivado/vpl/prj/prj.gen/my_rm/bd/ulp/ip/ulp_NeuroRing_3_0/ulp_NeuroRing_3_0/ulp_NeuroRing_7_0_in_context.xdc] for cell 'NeuroRing_3'
Parsing XDC File [/home/miahafiz/NeuroRing_a_2048/_x.hw.NUM_2048.CORE_10.FREQ_300/link/vivado/vpl/prj/prj.gen/my_rm/bd/ulp/ip/ulp_NeuroRing_4_0/ulp_NeuroRing_4_0/ulp_NeuroRing_7_0_in_context.xdc] for cell 'NeuroRing_4'
Finished Parsing XDC File [/home/miahafiz/NeuroRing_a_2048/_x.hw.NUM_2048.CORE_10.FREQ_300/link/vivado/vpl/prj/prj.gen/my_rm/bd/ulp/ip/ulp_NeuroRing_4_0/ulp_NeuroRing_4_0/ulp_NeuroRing_7_0_in_context.xdc] for cell 'NeuroRing_4'
Parsing XDC File [/home/miahafiz/NeuroRing_a_2048/_x.hw.NUM_2048.CORE_10.FREQ_300/link/vivado/vpl/prj/prj.gen/my_rm/bd/ulp/ip/ulp_NeuroRing_5_0/ulp_NeuroRing_5_0/ulp_NeuroRing_7_0_in_context.xdc] for cell 'NeuroRing_5'
Finished Parsing XDC File [/home/miahafiz/NeuroRing_a_2048/_x.hw.NUM_2048.CORE_10.FREQ_300/link/vivado/vpl/prj/prj.gen/my_rm/bd/ulp/ip/ulp_NeuroRing_5_0/ulp_NeuroRing_5_0/ulp_NeuroRing_7_0_in_context.xdc] for cell 'NeuroRing_5'
Parsing XDC File [/home/miahafiz/NeuroRing_a_2048/_x.hw.NUM_2048.CORE_10.FREQ_300/link/vivado/vpl/prj/prj.gen/my_rm/bd/ulp/ip/ulp_NeuroRing_6_0/ulp_NeuroRing_6_0/ulp_NeuroRing_7_0_in_context.xdc] for cell 'NeuroRing_6'
Finished Parsing XDC File [/home/miahafiz/NeuroRing_a_2048/_x.hw.NUM_2048.CORE_10.FREQ_300/link/vivado/vpl/prj/prj.gen/my_rm/bd/ulp/ip/ulp_NeuroRing_6_0/ulp_NeuroRing_6_0/ulp_NeuroRing_7_0_in_context.xdc] for cell 'NeuroRing_6'
Parsing XDC File [/home/miahafiz/NeuroRing_a_2048/_x.hw.NUM_2048.CORE_10.FREQ_300/link/vivado/vpl/prj/prj.gen/my_rm/bd/ulp/ip/ulp_NeuroRing_7_0/ulp_NeuroRing_7_0/ulp_NeuroRing_7_0_in_context.xdc] for cell 'NeuroRing_7'
Finished Parsing XDC File [/home/miahafiz/NeuroRing_a_2048/_x.hw.NUM_2048.CORE_10.FREQ_300/link/vivado/vpl/prj/prj.gen/my_rm/bd/ulp/ip/ulp_NeuroRing_7_0/ulp_NeuroRing_7_0/ulp_NeuroRing_7_0_in_context.xdc] for cell 'NeuroRing_7'
Parsing XDC File [/home/miahafiz/NeuroRing_a_2048/_x.hw.NUM_2048.CORE_10.FREQ_300/link/vivado/vpl/prj/prj.gen/my_rm/bd/ulp/ip/ulp_NeuroRing_8_0/ulp_NeuroRing_8_0/ulp_NeuroRing_7_0_in_context.xdc] for cell 'NeuroRing_8'
Finished Parsing XDC File [/home/miahafiz/NeuroRing_a_2048/_x.hw.NUM_2048.CORE_10.FREQ_300/link/vivado/vpl/prj/prj.gen/my_rm/bd/ulp/ip/ulp_NeuroRing_8_0/ulp_NeuroRing_8_0/ulp_NeuroRing_7_0_in_context.xdc] for cell 'NeuroRing_8'
Parsing XDC File [/home/miahafiz/NeuroRing_a_2048/_x.hw.NUM_2048.CORE_10.FREQ_300/link/vivado/vpl/prj/prj.gen/my_rm/bd/ulp/ip/ulp_NeuroRing_9_0/ulp_NeuroRing_9_0/ulp_NeuroRing_7_0_in_context.xdc] for cell 'NeuroRing_9'
Finished Parsing XDC File [/home/miahafiz/NeuroRing_a_2048/_x.hw.NUM_2048.CORE_10.FREQ_300/link/vivado/vpl/prj/prj.gen/my_rm/bd/ulp/ip/ulp_NeuroRing_9_0/ulp_NeuroRing_9_0/ulp_NeuroRing_7_0_in_context.xdc] for cell 'NeuroRing_9'
Parsing XDC File [/home/miahafiz/NeuroRing_a_2048/_x.hw.NUM_2048.CORE_10.FREQ_300/link/vivado/vpl/prj/prj.gen/my_rm/bd/ulp/ip/ulp_SynapseRouter_0_0/ulp_SynapseRouter_0_0/ulp_SynapseRouter_1_0_in_context.xdc] for cell 'SynapseRouter_0'
Finished Parsing XDC File [/home/miahafiz/NeuroRing_a_2048/_x.hw.NUM_2048.CORE_10.FREQ_300/link/vivado/vpl/prj/prj.gen/my_rm/bd/ulp/ip/ulp_SynapseRouter_0_0/ulp_SynapseRouter_0_0/ulp_SynapseRouter_1_0_in_context.xdc] for cell 'SynapseRouter_0'
Parsing XDC File [/home/miahafiz/NeuroRing_a_2048/_x.hw.NUM_2048.CORE_10.FREQ_300/link/vivado/vpl/prj/prj.gen/my_rm/bd/ulp/ip/ulp_SynapseRouter_1_0/ulp_SynapseRouter_1_0/ulp_SynapseRouter_1_0_in_context.xdc] for cell 'SynapseRouter_1'
Finished Parsing XDC File [/home/miahafiz/NeuroRing_a_2048/_x.hw.NUM_2048.CORE_10.FREQ_300/link/vivado/vpl/prj/prj.gen/my_rm/bd/ulp/ip/ulp_SynapseRouter_1_0/ulp_SynapseRouter_1_0/ulp_SynapseRouter_1_0_in_context.xdc] for cell 'SynapseRouter_1'
Parsing XDC File [/home/miahafiz/NeuroRing_a_2048/_x.hw.NUM_2048.CORE_10.FREQ_300/link/vivado/vpl/prj/prj.gen/my_rm/bd/ulp/ip/ulp_SynapseRouter_2_0/ulp_SynapseRouter_2_0/ulp_SynapseRouter_1_0_in_context.xdc] for cell 'SynapseRouter_2'
Finished Parsing XDC File [/home/miahafiz/NeuroRing_a_2048/_x.hw.NUM_2048.CORE_10.FREQ_300/link/vivado/vpl/prj/prj.gen/my_rm/bd/ulp/ip/ulp_SynapseRouter_2_0/ulp_SynapseRouter_2_0/ulp_SynapseRouter_1_0_in_context.xdc] for cell 'SynapseRouter_2'
Parsing XDC File [/home/miahafiz/NeuroRing_a_2048/_x.hw.NUM_2048.CORE_10.FREQ_300/link/vivado/vpl/prj/prj.gen/my_rm/bd/ulp/ip/ulp_SynapseRouter_3_0/ulp_SynapseRouter_3_0/ulp_SynapseRouter_1_0_in_context.xdc] for cell 'SynapseRouter_3'
Finished Parsing XDC File [/home/miahafiz/NeuroRing_a_2048/_x.hw.NUM_2048.CORE_10.FREQ_300/link/vivado/vpl/prj/prj.gen/my_rm/bd/ulp/ip/ulp_SynapseRouter_3_0/ulp_SynapseRouter_3_0/ulp_SynapseRouter_1_0_in_context.xdc] for cell 'SynapseRouter_3'
Parsing XDC File [/home/miahafiz/NeuroRing_a_2048/_x.hw.NUM_2048.CORE_10.FREQ_300/link/vivado/vpl/prj/prj.gen/my_rm/bd/ulp/ip/ulp_SynapseRouter_4_0/ulp_SynapseRouter_4_0/ulp_SynapseRouter_1_0_in_context.xdc] for cell 'SynapseRouter_4'
Finished Parsing XDC File [/home/miahafiz/NeuroRing_a_2048/_x.hw.NUM_2048.CORE_10.FREQ_300/link/vivado/vpl/prj/prj.gen/my_rm/bd/ulp/ip/ulp_SynapseRouter_4_0/ulp_SynapseRouter_4_0/ulp_SynapseRouter_1_0_in_context.xdc] for cell 'SynapseRouter_4'
Parsing XDC File [/home/miahafiz/NeuroRing_a_2048/_x.hw.NUM_2048.CORE_10.FREQ_300/link/vivado/vpl/prj/prj.gen/my_rm/bd/ulp/ip/ulp_SynapseRouter_5_0/ulp_SynapseRouter_5_0/ulp_SynapseRouter_1_0_in_context.xdc] for cell 'SynapseRouter_5'
Finished Parsing XDC File [/home/miahafiz/NeuroRing_a_2048/_x.hw.NUM_2048.CORE_10.FREQ_300/link/vivado/vpl/prj/prj.gen/my_rm/bd/ulp/ip/ulp_SynapseRouter_5_0/ulp_SynapseRouter_5_0/ulp_SynapseRouter_1_0_in_context.xdc] for cell 'SynapseRouter_5'
Parsing XDC File [/home/miahafiz/NeuroRing_a_2048/_x.hw.NUM_2048.CORE_10.FREQ_300/link/vivado/vpl/prj/prj.gen/my_rm/bd/ulp/ip/ulp_SynapseRouter_6_0/ulp_SynapseRouter_6_0/ulp_SynapseRouter_1_0_in_context.xdc] for cell 'SynapseRouter_6'
Finished Parsing XDC File [/home/miahafiz/NeuroRing_a_2048/_x.hw.NUM_2048.CORE_10.FREQ_300/link/vivado/vpl/prj/prj.gen/my_rm/bd/ulp/ip/ulp_SynapseRouter_6_0/ulp_SynapseRouter_6_0/ulp_SynapseRouter_1_0_in_context.xdc] for cell 'SynapseRouter_6'
Parsing XDC File [/home/miahafiz/NeuroRing_a_2048/_x.hw.NUM_2048.CORE_10.FREQ_300/link/vivado/vpl/prj/prj.gen/my_rm/bd/ulp/ip/ulp_SynapseRouter_7_0/ulp_SynapseRouter_7_0/ulp_SynapseRouter_1_0_in_context.xdc] for cell 'SynapseRouter_7'
Finished Parsing XDC File [/home/miahafiz/NeuroRing_a_2048/_x.hw.NUM_2048.CORE_10.FREQ_300/link/vivado/vpl/prj/prj.gen/my_rm/bd/ulp/ip/ulp_SynapseRouter_7_0/ulp_SynapseRouter_7_0/ulp_SynapseRouter_1_0_in_context.xdc] for cell 'SynapseRouter_7'
Parsing XDC File [/home/miahafiz/NeuroRing_a_2048/_x.hw.NUM_2048.CORE_10.FREQ_300/link/vivado/vpl/prj/prj.gen/my_rm/bd/ulp/ip/ulp_SynapseRouter_8_0/ulp_SynapseRouter_8_0/ulp_SynapseRouter_1_0_in_context.xdc] for cell 'SynapseRouter_8'
Finished Parsing XDC File [/home/miahafiz/NeuroRing_a_2048/_x.hw.NUM_2048.CORE_10.FREQ_300/link/vivado/vpl/prj/prj.gen/my_rm/bd/ulp/ip/ulp_SynapseRouter_8_0/ulp_SynapseRouter_8_0/ulp_SynapseRouter_1_0_in_context.xdc] for cell 'SynapseRouter_8'
Parsing XDC File [/home/miahafiz/NeuroRing_a_2048/_x.hw.NUM_2048.CORE_10.FREQ_300/link/vivado/vpl/prj/prj.gen/my_rm/bd/ulp/ip/ulp_SynapseRouter_9_0/ulp_SynapseRouter_9_0/ulp_SynapseRouter_1_0_in_context.xdc] for cell 'SynapseRouter_9'
Finished Parsing XDC File [/home/miahafiz/NeuroRing_a_2048/_x.hw.NUM_2048.CORE_10.FREQ_300/link/vivado/vpl/prj/prj.gen/my_rm/bd/ulp/ip/ulp_SynapseRouter_9_0/ulp_SynapseRouter_9_0/ulp_SynapseRouter_1_0_in_context.xdc] for cell 'SynapseRouter_9'
Parsing XDC File [/home/miahafiz/NeuroRing_a_2048/_x.hw.NUM_2048.CORE_10.FREQ_300/link/vivado/vpl/prj/prj.gen/my_rm/bd/ulp/ip/ulp_axi_gpio_null_0/ulp_axi_gpio_null_0/ulp_axi_gpio_null_0_in_context.xdc] for cell 'SLR0/axi_gpio_null'
Finished Parsing XDC File [/home/miahafiz/NeuroRing_a_2048/_x.hw.NUM_2048.CORE_10.FREQ_300/link/vivado/vpl/prj/prj.gen/my_rm/bd/ulp/ip/ulp_axi_gpio_null_0/ulp_axi_gpio_null_0/ulp_axi_gpio_null_0_in_context.xdc] for cell 'SLR0/axi_gpio_null'
Parsing XDC File [/home/miahafiz/NeuroRing_a_2048/_x.hw.NUM_2048.CORE_10.FREQ_300/link/vivado/vpl/prj/prj.gen/my_rm/bd/ulp/ip/ulp_axi_gpio_null_1/ulp_axi_gpio_null_1/ulp_axi_gpio_null_0_in_context.xdc] for cell 'SLR1/axi_gpio_null'
Finished Parsing XDC File [/home/miahafiz/NeuroRing_a_2048/_x.hw.NUM_2048.CORE_10.FREQ_300/link/vivado/vpl/prj/prj.gen/my_rm/bd/ulp/ip/ulp_axi_gpio_null_1/ulp_axi_gpio_null_1/ulp_axi_gpio_null_0_in_context.xdc] for cell 'SLR1/axi_gpio_null'
Parsing XDC File [/home/miahafiz/NeuroRing_a_2048/_x.hw.NUM_2048.CORE_10.FREQ_300/link/vivado/vpl/prj/prj.gen/my_rm/bd/ulp/ip/ulp_axi_gpio_null_2/ulp_axi_gpio_null_2/ulp_axi_gpio_null_0_in_context.xdc] for cell 'SLR2/axi_gpio_null'
Finished Parsing XDC File [/home/miahafiz/NeuroRing_a_2048/_x.hw.NUM_2048.CORE_10.FREQ_300/link/vivado/vpl/prj/prj.gen/my_rm/bd/ulp/ip/ulp_axi_gpio_null_2/ulp_axi_gpio_null_2/ulp_axi_gpio_null_0_in_context.xdc] for cell 'SLR2/axi_gpio_null'
Parsing XDC File [/home/miahafiz/NeuroRing_a_2048/_x.hw.NUM_2048.CORE_10.FREQ_300/link/vivado/vpl/prj/prj.gen/my_rm/bd/ulp/ip/ulp_axi_ic_ctrl_mgmt_slr1_upgraded_ipi_imp_xbar_0/ulp_axi_ic_ctrl_mgmt_slr1_upgraded_ipi_imp_xbar_0/ulp_axi_ic_ctrl_mgmt_slr1_upgraded_ipi_imp_xbar_0_in_context.xdc] for cell 'axi_ic_ctrl_mgmt_slr1/xbar'
Finished Parsing XDC File [/home/miahafiz/NeuroRing_a_2048/_x.hw.NUM_2048.CORE_10.FREQ_300/link/vivado/vpl/prj/prj.gen/my_rm/bd/ulp/ip/ulp_axi_ic_ctrl_mgmt_slr1_upgraded_ipi_imp_xbar_0/ulp_axi_ic_ctrl_mgmt_slr1_upgraded_ipi_imp_xbar_0/ulp_axi_ic_ctrl_mgmt_slr1_upgraded_ipi_imp_xbar_0_in_context.xdc] for cell 'axi_ic_ctrl_mgmt_slr1/xbar'
Parsing XDC File [/home/miahafiz/NeuroRing_a_2048/_x.hw.NUM_2048.CORE_10.FREQ_300/link/vivado/vpl/prj/prj.gen/my_rm/bd/ulp/ip/ulp_axi_vip_ctrl_userpf_0/ulp_axi_vip_ctrl_userpf_0/ulp_axi_vip_ctrl_userpf_0_in_context.xdc] for cell 'SLR0/axi_vip_ctrl_userpf'
Finished Parsing XDC File [/home/miahafiz/NeuroRing_a_2048/_x.hw.NUM_2048.CORE_10.FREQ_300/link/vivado/vpl/prj/prj.gen/my_rm/bd/ulp/ip/ulp_axi_vip_ctrl_userpf_0/ulp_axi_vip_ctrl_userpf_0/ulp_axi_vip_ctrl_userpf_0_in_context.xdc] for cell 'SLR0/axi_vip_ctrl_userpf'
Parsing XDC File [/home/miahafiz/NeuroRing_a_2048/_x.hw.NUM_2048.CORE_10.FREQ_300/link/vivado/vpl/prj/prj.gen/my_rm/bd/ulp/ip/ulp_axi_vip_ctrl_userpf_1/ulp_axi_vip_ctrl_userpf_1/ulp_axi_vip_ctrl_userpf_0_in_context.xdc] for cell 'SLR1/axi_vip_ctrl_userpf'
Finished Parsing XDC File [/home/miahafiz/NeuroRing_a_2048/_x.hw.NUM_2048.CORE_10.FREQ_300/link/vivado/vpl/prj/prj.gen/my_rm/bd/ulp/ip/ulp_axi_vip_ctrl_userpf_1/ulp_axi_vip_ctrl_userpf_1/ulp_axi_vip_ctrl_userpf_0_in_context.xdc] for cell 'SLR1/axi_vip_ctrl_userpf'
Parsing XDC File [/home/miahafiz/NeuroRing_a_2048/_x.hw.NUM_2048.CORE_10.FREQ_300/link/vivado/vpl/prj/prj.gen/my_rm/bd/ulp/ip/ulp_axi_vip_ctrl_userpf_2/ulp_axi_vip_ctrl_userpf_2/ulp_axi_vip_ctrl_userpf_0_in_context.xdc] for cell 'SLR2/axi_vip_ctrl_userpf'
Finished Parsing XDC File [/home/miahafiz/NeuroRing_a_2048/_x.hw.NUM_2048.CORE_10.FREQ_300/link/vivado/vpl/prj/prj.gen/my_rm/bd/ulp/ip/ulp_axi_vip_ctrl_userpf_2/ulp_axi_vip_ctrl_userpf_2/ulp_axi_vip_ctrl_userpf_0_in_context.xdc] for cell 'SLR2/axi_vip_ctrl_userpf'
Parsing XDC File [/home/miahafiz/NeuroRing_a_2048/_x.hw.NUM_2048.CORE_10.FREQ_300/link/vivado/vpl/prj/prj.gen/my_rm/bd/ulp/ip/ulp_axi_vip_data_0/ulp_axi_vip_data_0/ulp_axi_vip_data_0_in_context.xdc] for cell 'axi_vip_data'
Finished Parsing XDC File [/home/miahafiz/NeuroRing_a_2048/_x.hw.NUM_2048.CORE_10.FREQ_300/link/vivado/vpl/prj/prj.gen/my_rm/bd/ulp/ip/ulp_axi_vip_data_0/ulp_axi_vip_data_0/ulp_axi_vip_data_0_in_context.xdc] for cell 'axi_vip_data'
Parsing XDC File [/home/miahafiz/NeuroRing_a_2048/_x.hw.NUM_2048.CORE_10.FREQ_300/link/vivado/vpl/prj/prj.gen/my_rm/bd/ulp/ip/ulp_buffer_NeuroRing_0_SynapseStreamLeft_0/ulp_buffer_NeuroRing_0_SynapseStreamLeft_0/ulp_buffer_NeuroRing_6_SynapseStreamRight_0_in_context.xdc] for cell 'buffer_NeuroRing_0_SynapseStreamLeft'
Finished Parsing XDC File [/home/miahafiz/NeuroRing_a_2048/_x.hw.NUM_2048.CORE_10.FREQ_300/link/vivado/vpl/prj/prj.gen/my_rm/bd/ulp/ip/ulp_buffer_NeuroRing_0_SynapseStreamLeft_0/ulp_buffer_NeuroRing_0_SynapseStreamLeft_0/ulp_buffer_NeuroRing_6_SynapseStreamRight_0_in_context.xdc] for cell 'buffer_NeuroRing_0_SynapseStreamLeft'
Parsing XDC File [/home/miahafiz/NeuroRing_a_2048/_x.hw.NUM_2048.CORE_10.FREQ_300/link/vivado/vpl/prj/prj.gen/my_rm/bd/ulp/ip/ulp_buffer_NeuroRing_0_SynapseStreamRight_0/ulp_buffer_NeuroRing_0_SynapseStreamRight_0/ulp_buffer_NeuroRing_6_SynapseStreamRight_0_in_context.xdc] for cell 'buffer_NeuroRing_0_SynapseStreamRight'
Finished Parsing XDC File [/home/miahafiz/NeuroRing_a_2048/_x.hw.NUM_2048.CORE_10.FREQ_300/link/vivado/vpl/prj/prj.gen/my_rm/bd/ulp/ip/ulp_buffer_NeuroRing_0_SynapseStreamRight_0/ulp_buffer_NeuroRing_0_SynapseStreamRight_0/ulp_buffer_NeuroRing_6_SynapseStreamRight_0_in_context.xdc] for cell 'buffer_NeuroRing_0_SynapseStreamRight'
Parsing XDC File [/home/miahafiz/NeuroRing_a_2048/_x.hw.NUM_2048.CORE_10.FREQ_300/link/vivado/vpl/prj/prj.gen/my_rm/bd/ulp/ip/ulp_buffer_NeuroRing_1_SynapseStreamLeft_0/ulp_buffer_NeuroRing_1_SynapseStreamLeft_0/ulp_buffer_NeuroRing_6_SynapseStreamRight_0_in_context.xdc] for cell 'buffer_NeuroRing_1_SynapseStreamLeft'
Finished Parsing XDC File [/home/miahafiz/NeuroRing_a_2048/_x.hw.NUM_2048.CORE_10.FREQ_300/link/vivado/vpl/prj/prj.gen/my_rm/bd/ulp/ip/ulp_buffer_NeuroRing_1_SynapseStreamLeft_0/ulp_buffer_NeuroRing_1_SynapseStreamLeft_0/ulp_buffer_NeuroRing_6_SynapseStreamRight_0_in_context.xdc] for cell 'buffer_NeuroRing_1_SynapseStreamLeft'
Parsing XDC File [/home/miahafiz/NeuroRing_a_2048/_x.hw.NUM_2048.CORE_10.FREQ_300/link/vivado/vpl/prj/prj.gen/my_rm/bd/ulp/ip/ulp_buffer_NeuroRing_1_SynapseStreamRight_0/ulp_buffer_NeuroRing_1_SynapseStreamRight_0/ulp_buffer_NeuroRing_6_SynapseStreamRight_0_in_context.xdc] for cell 'buffer_NeuroRing_1_SynapseStreamRight'
Finished Parsing XDC File [/home/miahafiz/NeuroRing_a_2048/_x.hw.NUM_2048.CORE_10.FREQ_300/link/vivado/vpl/prj/prj.gen/my_rm/bd/ulp/ip/ulp_buffer_NeuroRing_1_SynapseStreamRight_0/ulp_buffer_NeuroRing_1_SynapseStreamRight_0/ulp_buffer_NeuroRing_6_SynapseStreamRight_0_in_context.xdc] for cell 'buffer_NeuroRing_1_SynapseStreamRight'
Parsing XDC File [/home/miahafiz/NeuroRing_a_2048/_x.hw.NUM_2048.CORE_10.FREQ_300/link/vivado/vpl/prj/prj.gen/my_rm/bd/ulp/ip/ulp_buffer_NeuroRing_2_SynapseStreamLeft_0/ulp_buffer_NeuroRing_2_SynapseStreamLeft_0/ulp_buffer_NeuroRing_6_SynapseStreamRight_0_in_context.xdc] for cell 'buffer_NeuroRing_2_SynapseStreamLeft'
Finished Parsing XDC File [/home/miahafiz/NeuroRing_a_2048/_x.hw.NUM_2048.CORE_10.FREQ_300/link/vivado/vpl/prj/prj.gen/my_rm/bd/ulp/ip/ulp_buffer_NeuroRing_2_SynapseStreamLeft_0/ulp_buffer_NeuroRing_2_SynapseStreamLeft_0/ulp_buffer_NeuroRing_6_SynapseStreamRight_0_in_context.xdc] for cell 'buffer_NeuroRing_2_SynapseStreamLeft'
Parsing XDC File [/home/miahafiz/NeuroRing_a_2048/_x.hw.NUM_2048.CORE_10.FREQ_300/link/vivado/vpl/prj/prj.gen/my_rm/bd/ulp/ip/ulp_buffer_NeuroRing_2_SynapseStreamRight_0/ulp_buffer_NeuroRing_2_SynapseStreamRight_0/ulp_buffer_NeuroRing_6_SynapseStreamRight_0_in_context.xdc] for cell 'buffer_NeuroRing_2_SynapseStreamRight'
Finished Parsing XDC File [/home/miahafiz/NeuroRing_a_2048/_x.hw.NUM_2048.CORE_10.FREQ_300/link/vivado/vpl/prj/prj.gen/my_rm/bd/ulp/ip/ulp_buffer_NeuroRing_2_SynapseStreamRight_0/ulp_buffer_NeuroRing_2_SynapseStreamRight_0/ulp_buffer_NeuroRing_6_SynapseStreamRight_0_in_context.xdc] for cell 'buffer_NeuroRing_2_SynapseStreamRight'
Parsing XDC File [/home/miahafiz/NeuroRing_a_2048/_x.hw.NUM_2048.CORE_10.FREQ_300/link/vivado/vpl/prj/prj.gen/my_rm/bd/ulp/ip/ulp_buffer_NeuroRing_3_SynapseStreamLeft_0/ulp_buffer_NeuroRing_3_SynapseStreamLeft_0/ulp_buffer_NeuroRing_6_SynapseStreamRight_0_in_context.xdc] for cell 'buffer_NeuroRing_3_SynapseStreamLeft'
Finished Parsing XDC File [/home/miahafiz/NeuroRing_a_2048/_x.hw.NUM_2048.CORE_10.FREQ_300/link/vivado/vpl/prj/prj.gen/my_rm/bd/ulp/ip/ulp_buffer_NeuroRing_3_SynapseStreamLeft_0/ulp_buffer_NeuroRing_3_SynapseStreamLeft_0/ulp_buffer_NeuroRing_6_SynapseStreamRight_0_in_context.xdc] for cell 'buffer_NeuroRing_3_SynapseStreamLeft'
Parsing XDC File [/home/miahafiz/NeuroRing_a_2048/_x.hw.NUM_2048.CORE_10.FREQ_300/link/vivado/vpl/prj/prj.gen/my_rm/bd/ulp/ip/ulp_buffer_NeuroRing_3_SynapseStreamRight_0/ulp_buffer_NeuroRing_3_SynapseStreamRight_0/ulp_buffer_NeuroRing_6_SynapseStreamRight_0_in_context.xdc] for cell 'buffer_NeuroRing_3_SynapseStreamRight'
Finished Parsing XDC File [/home/miahafiz/NeuroRing_a_2048/_x.hw.NUM_2048.CORE_10.FREQ_300/link/vivado/vpl/prj/prj.gen/my_rm/bd/ulp/ip/ulp_buffer_NeuroRing_3_SynapseStreamRight_0/ulp_buffer_NeuroRing_3_SynapseStreamRight_0/ulp_buffer_NeuroRing_6_SynapseStreamRight_0_in_context.xdc] for cell 'buffer_NeuroRing_3_SynapseStreamRight'
Parsing XDC File [/home/miahafiz/NeuroRing_a_2048/_x.hw.NUM_2048.CORE_10.FREQ_300/link/vivado/vpl/prj/prj.gen/my_rm/bd/ulp/ip/ulp_buffer_NeuroRing_4_SynapseStreamLeft_0/ulp_buffer_NeuroRing_4_SynapseStreamLeft_0/ulp_buffer_NeuroRing_6_SynapseStreamRight_0_in_context.xdc] for cell 'buffer_NeuroRing_4_SynapseStreamLeft'
Finished Parsing XDC File [/home/miahafiz/NeuroRing_a_2048/_x.hw.NUM_2048.CORE_10.FREQ_300/link/vivado/vpl/prj/prj.gen/my_rm/bd/ulp/ip/ulp_buffer_NeuroRing_4_SynapseStreamLeft_0/ulp_buffer_NeuroRing_4_SynapseStreamLeft_0/ulp_buffer_NeuroRing_6_SynapseStreamRight_0_in_context.xdc] for cell 'buffer_NeuroRing_4_SynapseStreamLeft'
Parsing XDC File [/home/miahafiz/NeuroRing_a_2048/_x.hw.NUM_2048.CORE_10.FREQ_300/link/vivado/vpl/prj/prj.gen/my_rm/bd/ulp/ip/ulp_buffer_NeuroRing_4_SynapseStreamRight_0/ulp_buffer_NeuroRing_4_SynapseStreamRight_0/ulp_buffer_NeuroRing_6_SynapseStreamRight_0_in_context.xdc] for cell 'buffer_NeuroRing_4_SynapseStreamRight'
Finished Parsing XDC File [/home/miahafiz/NeuroRing_a_2048/_x.hw.NUM_2048.CORE_10.FREQ_300/link/vivado/vpl/prj/prj.gen/my_rm/bd/ulp/ip/ulp_buffer_NeuroRing_4_SynapseStreamRight_0/ulp_buffer_NeuroRing_4_SynapseStreamRight_0/ulp_buffer_NeuroRing_6_SynapseStreamRight_0_in_context.xdc] for cell 'buffer_NeuroRing_4_SynapseStreamRight'
Parsing XDC File [/home/miahafiz/NeuroRing_a_2048/_x.hw.NUM_2048.CORE_10.FREQ_300/link/vivado/vpl/prj/prj.gen/my_rm/bd/ulp/ip/ulp_buffer_NeuroRing_5_SynapseStreamLeft_0/ulp_buffer_NeuroRing_5_SynapseStreamLeft_0/ulp_buffer_NeuroRing_6_SynapseStreamRight_0_in_context.xdc] for cell 'buffer_NeuroRing_5_SynapseStreamLeft'
Finished Parsing XDC File [/home/miahafiz/NeuroRing_a_2048/_x.hw.NUM_2048.CORE_10.FREQ_300/link/vivado/vpl/prj/prj.gen/my_rm/bd/ulp/ip/ulp_buffer_NeuroRing_5_SynapseStreamLeft_0/ulp_buffer_NeuroRing_5_SynapseStreamLeft_0/ulp_buffer_NeuroRing_6_SynapseStreamRight_0_in_context.xdc] for cell 'buffer_NeuroRing_5_SynapseStreamLeft'
Parsing XDC File [/home/miahafiz/NeuroRing_a_2048/_x.hw.NUM_2048.CORE_10.FREQ_300/link/vivado/vpl/prj/prj.gen/my_rm/bd/ulp/ip/ulp_buffer_NeuroRing_5_SynapseStreamRight_0/ulp_buffer_NeuroRing_5_SynapseStreamRight_0/ulp_buffer_NeuroRing_6_SynapseStreamRight_0_in_context.xdc] for cell 'buffer_NeuroRing_5_SynapseStreamRight'
Finished Parsing XDC File [/home/miahafiz/NeuroRing_a_2048/_x.hw.NUM_2048.CORE_10.FREQ_300/link/vivado/vpl/prj/prj.gen/my_rm/bd/ulp/ip/ulp_buffer_NeuroRing_5_SynapseStreamRight_0/ulp_buffer_NeuroRing_5_SynapseStreamRight_0/ulp_buffer_NeuroRing_6_SynapseStreamRight_0_in_context.xdc] for cell 'buffer_NeuroRing_5_SynapseStreamRight'
Parsing XDC File [/home/miahafiz/NeuroRing_a_2048/_x.hw.NUM_2048.CORE_10.FREQ_300/link/vivado/vpl/prj/prj.gen/my_rm/bd/ulp/ip/ulp_buffer_NeuroRing_6_SynapseStreamLeft_0/ulp_buffer_NeuroRing_6_SynapseStreamLeft_0/ulp_buffer_NeuroRing_6_SynapseStreamRight_0_in_context.xdc] for cell 'buffer_NeuroRing_6_SynapseStreamLeft'
Finished Parsing XDC File [/home/miahafiz/NeuroRing_a_2048/_x.hw.NUM_2048.CORE_10.FREQ_300/link/vivado/vpl/prj/prj.gen/my_rm/bd/ulp/ip/ulp_buffer_NeuroRing_6_SynapseStreamLeft_0/ulp_buffer_NeuroRing_6_SynapseStreamLeft_0/ulp_buffer_NeuroRing_6_SynapseStreamRight_0_in_context.xdc] for cell 'buffer_NeuroRing_6_SynapseStreamLeft'
Parsing XDC File [/home/miahafiz/NeuroRing_a_2048/_x.hw.NUM_2048.CORE_10.FREQ_300/link/vivado/vpl/prj/prj.gen/my_rm/bd/ulp/ip/ulp_buffer_NeuroRing_6_SynapseStreamRight_0/ulp_buffer_NeuroRing_6_SynapseStreamRight_0/ulp_buffer_NeuroRing_6_SynapseStreamRight_0_in_context.xdc] for cell 'buffer_NeuroRing_6_SynapseStreamRight'
Finished Parsing XDC File [/home/miahafiz/NeuroRing_a_2048/_x.hw.NUM_2048.CORE_10.FREQ_300/link/vivado/vpl/prj/prj.gen/my_rm/bd/ulp/ip/ulp_buffer_NeuroRing_6_SynapseStreamRight_0/ulp_buffer_NeuroRing_6_SynapseStreamRight_0/ulp_buffer_NeuroRing_6_SynapseStreamRight_0_in_context.xdc] for cell 'buffer_NeuroRing_6_SynapseStreamRight'
Parsing XDC File [/home/miahafiz/NeuroRing_a_2048/_x.hw.NUM_2048.CORE_10.FREQ_300/link/vivado/vpl/prj/prj.gen/my_rm/bd/ulp/ip/ulp_buffer_NeuroRing_7_SynapseStreamLeft_0/ulp_buffer_NeuroRing_7_SynapseStreamLeft_0/ulp_buffer_NeuroRing_6_SynapseStreamRight_0_in_context.xdc] for cell 'buffer_NeuroRing_7_SynapseStreamLeft'
Finished Parsing XDC File [/home/miahafiz/NeuroRing_a_2048/_x.hw.NUM_2048.CORE_10.FREQ_300/link/vivado/vpl/prj/prj.gen/my_rm/bd/ulp/ip/ulp_buffer_NeuroRing_7_SynapseStreamLeft_0/ulp_buffer_NeuroRing_7_SynapseStreamLeft_0/ulp_buffer_NeuroRing_6_SynapseStreamRight_0_in_context.xdc] for cell 'buffer_NeuroRing_7_SynapseStreamLeft'
Parsing XDC File [/home/miahafiz/NeuroRing_a_2048/_x.hw.NUM_2048.CORE_10.FREQ_300/link/vivado/vpl/prj/prj.gen/my_rm/bd/ulp/ip/ulp_buffer_NeuroRing_7_SynapseStreamRight_0/ulp_buffer_NeuroRing_7_SynapseStreamRight_0/ulp_buffer_NeuroRing_6_SynapseStreamRight_0_in_context.xdc] for cell 'buffer_NeuroRing_7_SynapseStreamRight'
Finished Parsing XDC File [/home/miahafiz/NeuroRing_a_2048/_x.hw.NUM_2048.CORE_10.FREQ_300/link/vivado/vpl/prj/prj.gen/my_rm/bd/ulp/ip/ulp_buffer_NeuroRing_7_SynapseStreamRight_0/ulp_buffer_NeuroRing_7_SynapseStreamRight_0/ulp_buffer_NeuroRing_6_SynapseStreamRight_0_in_context.xdc] for cell 'buffer_NeuroRing_7_SynapseStreamRight'
Parsing XDC File [/home/miahafiz/NeuroRing_a_2048/_x.hw.NUM_2048.CORE_10.FREQ_300/link/vivado/vpl/prj/prj.gen/my_rm/bd/ulp/ip/ulp_buffer_NeuroRing_8_SynapseStreamLeft_0/ulp_buffer_NeuroRing_8_SynapseStreamLeft_0/ulp_buffer_NeuroRing_6_SynapseStreamRight_0_in_context.xdc] for cell 'buffer_NeuroRing_8_SynapseStreamLeft'
Finished Parsing XDC File [/home/miahafiz/NeuroRing_a_2048/_x.hw.NUM_2048.CORE_10.FREQ_300/link/vivado/vpl/prj/prj.gen/my_rm/bd/ulp/ip/ulp_buffer_NeuroRing_8_SynapseStreamLeft_0/ulp_buffer_NeuroRing_8_SynapseStreamLeft_0/ulp_buffer_NeuroRing_6_SynapseStreamRight_0_in_context.xdc] for cell 'buffer_NeuroRing_8_SynapseStreamLeft'
Parsing XDC File [/home/miahafiz/NeuroRing_a_2048/_x.hw.NUM_2048.CORE_10.FREQ_300/link/vivado/vpl/prj/prj.gen/my_rm/bd/ulp/ip/ulp_buffer_NeuroRing_8_SynapseStreamRight_0/ulp_buffer_NeuroRing_8_SynapseStreamRight_0/ulp_buffer_NeuroRing_6_SynapseStreamRight_0_in_context.xdc] for cell 'buffer_NeuroRing_8_SynapseStreamRight'
Finished Parsing XDC File [/home/miahafiz/NeuroRing_a_2048/_x.hw.NUM_2048.CORE_10.FREQ_300/link/vivado/vpl/prj/prj.gen/my_rm/bd/ulp/ip/ulp_buffer_NeuroRing_8_SynapseStreamRight_0/ulp_buffer_NeuroRing_8_SynapseStreamRight_0/ulp_buffer_NeuroRing_6_SynapseStreamRight_0_in_context.xdc] for cell 'buffer_NeuroRing_8_SynapseStreamRight'
Parsing XDC File [/home/miahafiz/NeuroRing_a_2048/_x.hw.NUM_2048.CORE_10.FREQ_300/link/vivado/vpl/prj/prj.gen/my_rm/bd/ulp/ip/ulp_buffer_NeuroRing_9_SynapseStreamLeft_0/ulp_buffer_NeuroRing_9_SynapseStreamLeft_0/ulp_buffer_NeuroRing_6_SynapseStreamRight_0_in_context.xdc] for cell 'buffer_NeuroRing_9_SynapseStreamLeft'
Finished Parsing XDC File [/home/miahafiz/NeuroRing_a_2048/_x.hw.NUM_2048.CORE_10.FREQ_300/link/vivado/vpl/prj/prj.gen/my_rm/bd/ulp/ip/ulp_buffer_NeuroRing_9_SynapseStreamLeft_0/ulp_buffer_NeuroRing_9_SynapseStreamLeft_0/ulp_buffer_NeuroRing_6_SynapseStreamRight_0_in_context.xdc] for cell 'buffer_NeuroRing_9_SynapseStreamLeft'
Parsing XDC File [/home/miahafiz/NeuroRing_a_2048/_x.hw.NUM_2048.CORE_10.FREQ_300/link/vivado/vpl/prj/prj.gen/my_rm/bd/ulp/ip/ulp_buffer_NeuroRing_9_SynapseStreamRight_0/ulp_buffer_NeuroRing_9_SynapseStreamRight_0/ulp_buffer_NeuroRing_6_SynapseStreamRight_0_in_context.xdc] for cell 'buffer_NeuroRing_9_SynapseStreamRight'
Finished Parsing XDC File [/home/miahafiz/NeuroRing_a_2048/_x.hw.NUM_2048.CORE_10.FREQ_300/link/vivado/vpl/prj/prj.gen/my_rm/bd/ulp/ip/ulp_buffer_NeuroRing_9_SynapseStreamRight_0/ulp_buffer_NeuroRing_9_SynapseStreamRight_0/ulp_buffer_NeuroRing_6_SynapseStreamRight_0_in_context.xdc] for cell 'buffer_NeuroRing_9_SynapseStreamRight'
Parsing XDC File [/home/miahafiz/NeuroRing_a_2048/_x.hw.NUM_2048.CORE_10.FREQ_300/link/vivado/vpl/prj/prj.gen/my_rm/bd/ulp/ip/ulp_buffer_SynapseRouter_0_SpikeOutWeight_0/ulp_buffer_SynapseRouter_0_SpikeOutWeight_0/ulp_buffer_SynapseRouter_0_SpikeOutWeight_0_in_context.xdc] for cell 'buffer_SynapseRouter_0_SpikeOutWeight'
Finished Parsing XDC File [/home/miahafiz/NeuroRing_a_2048/_x.hw.NUM_2048.CORE_10.FREQ_300/link/vivado/vpl/prj/prj.gen/my_rm/bd/ulp/ip/ulp_buffer_SynapseRouter_0_SpikeOutWeight_0/ulp_buffer_SynapseRouter_0_SpikeOutWeight_0/ulp_buffer_SynapseRouter_0_SpikeOutWeight_0_in_context.xdc] for cell 'buffer_SynapseRouter_0_SpikeOutWeight'
Parsing XDC File [/home/miahafiz/NeuroRing_a_2048/_x.hw.NUM_2048.CORE_10.FREQ_300/link/vivado/vpl/prj/prj.gen/my_rm/bd/ulp/ip/ulp_buffer_SynapseRouter_0_syn_forward_rt_left_0/ulp_buffer_SynapseRouter_0_syn_forward_rt_left_0/ulp_buffer_SynapseRouter_9_syn_forward_rt_right_0_in_context.xdc] for cell 'buffer_SynapseRouter_0_syn_forward_rt_left'
Finished Parsing XDC File [/home/miahafiz/NeuroRing_a_2048/_x.hw.NUM_2048.CORE_10.FREQ_300/link/vivado/vpl/prj/prj.gen/my_rm/bd/ulp/ip/ulp_buffer_SynapseRouter_0_syn_forward_rt_left_0/ulp_buffer_SynapseRouter_0_syn_forward_rt_left_0/ulp_buffer_SynapseRouter_9_syn_forward_rt_right_0_in_context.xdc] for cell 'buffer_SynapseRouter_0_syn_forward_rt_left'
Parsing XDC File [/home/miahafiz/NeuroRing_a_2048/_x.hw.NUM_2048.CORE_10.FREQ_300/link/vivado/vpl/prj/prj.gen/my_rm/bd/ulp/ip/ulp_buffer_SynapseRouter_0_syn_forward_rt_right_0/ulp_buffer_SynapseRouter_0_syn_forward_rt_right_0/ulp_buffer_SynapseRouter_3_syn_forward_rt_right_0_in_context.xdc] for cell 'buffer_SynapseRouter_0_syn_forward_rt_right'
Finished Parsing XDC File [/home/miahafiz/NeuroRing_a_2048/_x.hw.NUM_2048.CORE_10.FREQ_300/link/vivado/vpl/prj/prj.gen/my_rm/bd/ulp/ip/ulp_buffer_SynapseRouter_0_syn_forward_rt_right_0/ulp_buffer_SynapseRouter_0_syn_forward_rt_right_0/ulp_buffer_SynapseRouter_3_syn_forward_rt_right_0_in_context.xdc] for cell 'buffer_SynapseRouter_0_syn_forward_rt_right'
Parsing XDC File [/home/miahafiz/NeuroRing_a_2048/_x.hw.NUM_2048.CORE_10.FREQ_300/link/vivado/vpl/prj/prj.gen/my_rm/bd/ulp/ip/ulp_buffer_SynapseRouter_1_SpikeOutWeight_0/ulp_buffer_SynapseRouter_1_SpikeOutWeight_0/ulp_buffer_SynapseRouter_0_SpikeOutWeight_0_in_context.xdc] for cell 'buffer_SynapseRouter_1_SpikeOutWeight'
Finished Parsing XDC File [/home/miahafiz/NeuroRing_a_2048/_x.hw.NUM_2048.CORE_10.FREQ_300/link/vivado/vpl/prj/prj.gen/my_rm/bd/ulp/ip/ulp_buffer_SynapseRouter_1_SpikeOutWeight_0/ulp_buffer_SynapseRouter_1_SpikeOutWeight_0/ulp_buffer_SynapseRouter_0_SpikeOutWeight_0_in_context.xdc] for cell 'buffer_SynapseRouter_1_SpikeOutWeight'
Parsing XDC File [/home/miahafiz/NeuroRing_a_2048/_x.hw.NUM_2048.CORE_10.FREQ_300/link/vivado/vpl/prj/prj.gen/my_rm/bd/ulp/ip/ulp_buffer_SynapseRouter_1_syn_forward_rt_left_0/ulp_buffer_SynapseRouter_1_syn_forward_rt_left_0/ulp_buffer_SynapseRouter_3_syn_forward_rt_right_0_in_context.xdc] for cell 'buffer_SynapseRouter_1_syn_forward_rt_left'
Finished Parsing XDC File [/home/miahafiz/NeuroRing_a_2048/_x.hw.NUM_2048.CORE_10.FREQ_300/link/vivado/vpl/prj/prj.gen/my_rm/bd/ulp/ip/ulp_buffer_SynapseRouter_1_syn_forward_rt_left_0/ulp_buffer_SynapseRouter_1_syn_forward_rt_left_0/ulp_buffer_SynapseRouter_3_syn_forward_rt_right_0_in_context.xdc] for cell 'buffer_SynapseRouter_1_syn_forward_rt_left'
Parsing XDC File [/home/miahafiz/NeuroRing_a_2048/_x.hw.NUM_2048.CORE_10.FREQ_300/link/vivado/vpl/prj/prj.gen/my_rm/bd/ulp/ip/ulp_buffer_SynapseRouter_1_syn_forward_rt_right_0/ulp_buffer_SynapseRouter_1_syn_forward_rt_right_0/ulp_buffer_SynapseRouter_3_syn_forward_rt_right_0_in_context.xdc] for cell 'buffer_SynapseRouter_1_syn_forward_rt_right'
Finished Parsing XDC File [/home/miahafiz/NeuroRing_a_2048/_x.hw.NUM_2048.CORE_10.FREQ_300/link/vivado/vpl/prj/prj.gen/my_rm/bd/ulp/ip/ulp_buffer_SynapseRouter_1_syn_forward_rt_right_0/ulp_buffer_SynapseRouter_1_syn_forward_rt_right_0/ulp_buffer_SynapseRouter_3_syn_forward_rt_right_0_in_context.xdc] for cell 'buffer_SynapseRouter_1_syn_forward_rt_right'
Parsing XDC File [/home/miahafiz/NeuroRing_a_2048/_x.hw.NUM_2048.CORE_10.FREQ_300/link/vivado/vpl/prj/prj.gen/my_rm/bd/ulp/ip/ulp_buffer_SynapseRouter_2_SpikeOutWeight_0/ulp_buffer_SynapseRouter_2_SpikeOutWeight_0/ulp_buffer_SynapseRouter_0_SpikeOutWeight_0_in_context.xdc] for cell 'buffer_SynapseRouter_2_SpikeOutWeight'
Finished Parsing XDC File [/home/miahafiz/NeuroRing_a_2048/_x.hw.NUM_2048.CORE_10.FREQ_300/link/vivado/vpl/prj/prj.gen/my_rm/bd/ulp/ip/ulp_buffer_SynapseRouter_2_SpikeOutWeight_0/ulp_buffer_SynapseRouter_2_SpikeOutWeight_0/ulp_buffer_SynapseRouter_0_SpikeOutWeight_0_in_context.xdc] for cell 'buffer_SynapseRouter_2_SpikeOutWeight'
Parsing XDC File [/home/miahafiz/NeuroRing_a_2048/_x.hw.NUM_2048.CORE_10.FREQ_300/link/vivado/vpl/prj/prj.gen/my_rm/bd/ulp/ip/ulp_buffer_SynapseRouter_2_syn_forward_rt_left_0/ulp_buffer_SynapseRouter_2_syn_forward_rt_left_0/ulp_buffer_SynapseRouter_3_syn_forward_rt_right_0_in_context.xdc] for cell 'buffer_SynapseRouter_2_syn_forward_rt_left'
Finished Parsing XDC File [/home/miahafiz/NeuroRing_a_2048/_x.hw.NUM_2048.CORE_10.FREQ_300/link/vivado/vpl/prj/prj.gen/my_rm/bd/ulp/ip/ulp_buffer_SynapseRouter_2_syn_forward_rt_left_0/ulp_buffer_SynapseRouter_2_syn_forward_rt_left_0/ulp_buffer_SynapseRouter_3_syn_forward_rt_right_0_in_context.xdc] for cell 'buffer_SynapseRouter_2_syn_forward_rt_left'
Parsing XDC File [/home/miahafiz/NeuroRing_a_2048/_x.hw.NUM_2048.CORE_10.FREQ_300/link/vivado/vpl/prj/prj.gen/my_rm/bd/ulp/ip/ulp_buffer_SynapseRouter_2_syn_forward_rt_right_0/ulp_buffer_SynapseRouter_2_syn_forward_rt_right_0/ulp_buffer_SynapseRouter_3_syn_forward_rt_right_0_in_context.xdc] for cell 'buffer_SynapseRouter_2_syn_forward_rt_right'
Finished Parsing XDC File [/home/miahafiz/NeuroRing_a_2048/_x.hw.NUM_2048.CORE_10.FREQ_300/link/vivado/vpl/prj/prj.gen/my_rm/bd/ulp/ip/ulp_buffer_SynapseRouter_2_syn_forward_rt_right_0/ulp_buffer_SynapseRouter_2_syn_forward_rt_right_0/ulp_buffer_SynapseRouter_3_syn_forward_rt_right_0_in_context.xdc] for cell 'buffer_SynapseRouter_2_syn_forward_rt_right'
Parsing XDC File [/home/miahafiz/NeuroRing_a_2048/_x.hw.NUM_2048.CORE_10.FREQ_300/link/vivado/vpl/prj/prj.gen/my_rm/bd/ulp/ip/ulp_buffer_SynapseRouter_3_SpikeOutWeight_0/ulp_buffer_SynapseRouter_3_SpikeOutWeight_0/ulp_buffer_SynapseRouter_0_SpikeOutWeight_0_in_context.xdc] for cell 'buffer_SynapseRouter_3_SpikeOutWeight'
Finished Parsing XDC File [/home/miahafiz/NeuroRing_a_2048/_x.hw.NUM_2048.CORE_10.FREQ_300/link/vivado/vpl/prj/prj.gen/my_rm/bd/ulp/ip/ulp_buffer_SynapseRouter_3_SpikeOutWeight_0/ulp_buffer_SynapseRouter_3_SpikeOutWeight_0/ulp_buffer_SynapseRouter_0_SpikeOutWeight_0_in_context.xdc] for cell 'buffer_SynapseRouter_3_SpikeOutWeight'
Parsing XDC File [/home/miahafiz/NeuroRing_a_2048/_x.hw.NUM_2048.CORE_10.FREQ_300/link/vivado/vpl/prj/prj.gen/my_rm/bd/ulp/ip/ulp_buffer_SynapseRouter_3_syn_forward_rt_left_0/ulp_buffer_SynapseRouter_3_syn_forward_rt_left_0/ulp_buffer_SynapseRouter_3_syn_forward_rt_right_0_in_context.xdc] for cell 'buffer_SynapseRouter_3_syn_forward_rt_left'
Finished Parsing XDC File [/home/miahafiz/NeuroRing_a_2048/_x.hw.NUM_2048.CORE_10.FREQ_300/link/vivado/vpl/prj/prj.gen/my_rm/bd/ulp/ip/ulp_buffer_SynapseRouter_3_syn_forward_rt_left_0/ulp_buffer_SynapseRouter_3_syn_forward_rt_left_0/ulp_buffer_SynapseRouter_3_syn_forward_rt_right_0_in_context.xdc] for cell 'buffer_SynapseRouter_3_syn_forward_rt_left'
Parsing XDC File [/home/miahafiz/NeuroRing_a_2048/_x.hw.NUM_2048.CORE_10.FREQ_300/link/vivado/vpl/prj/prj.gen/my_rm/bd/ulp/ip/ulp_buffer_SynapseRouter_3_syn_forward_rt_right_0/ulp_buffer_SynapseRouter_3_syn_forward_rt_right_0/ulp_buffer_SynapseRouter_3_syn_forward_rt_right_0_in_context.xdc] for cell 'buffer_SynapseRouter_3_syn_forward_rt_right'
Finished Parsing XDC File [/home/miahafiz/NeuroRing_a_2048/_x.hw.NUM_2048.CORE_10.FREQ_300/link/vivado/vpl/prj/prj.gen/my_rm/bd/ulp/ip/ulp_buffer_SynapseRouter_3_syn_forward_rt_right_0/ulp_buffer_SynapseRouter_3_syn_forward_rt_right_0/ulp_buffer_SynapseRouter_3_syn_forward_rt_right_0_in_context.xdc] for cell 'buffer_SynapseRouter_3_syn_forward_rt_right'
Parsing XDC File [/home/miahafiz/NeuroRing_a_2048/_x.hw.NUM_2048.CORE_10.FREQ_300/link/vivado/vpl/prj/prj.gen/my_rm/bd/ulp/ip/ulp_buffer_SynapseRouter_4_SpikeOutWeight_0/ulp_buffer_SynapseRouter_4_SpikeOutWeight_0/ulp_buffer_SynapseRouter_0_SpikeOutWeight_0_in_context.xdc] for cell 'buffer_SynapseRouter_4_SpikeOutWeight'
Finished Parsing XDC File [/home/miahafiz/NeuroRing_a_2048/_x.hw.NUM_2048.CORE_10.FREQ_300/link/vivado/vpl/prj/prj.gen/my_rm/bd/ulp/ip/ulp_buffer_SynapseRouter_4_SpikeOutWeight_0/ulp_buffer_SynapseRouter_4_SpikeOutWeight_0/ulp_buffer_SynapseRouter_0_SpikeOutWeight_0_in_context.xdc] for cell 'buffer_SynapseRouter_4_SpikeOutWeight'
Parsing XDC File [/home/miahafiz/NeuroRing_a_2048/_x.hw.NUM_2048.CORE_10.FREQ_300/link/vivado/vpl/prj/prj.gen/my_rm/bd/ulp/ip/ulp_buffer_SynapseRouter_4_syn_forward_rt_left_0/ulp_buffer_SynapseRouter_4_syn_forward_rt_left_0/ulp_buffer_SynapseRouter_3_syn_forward_rt_right_0_in_context.xdc] for cell 'buffer_SynapseRouter_4_syn_forward_rt_left'
Finished Parsing XDC File [/home/miahafiz/NeuroRing_a_2048/_x.hw.NUM_2048.CORE_10.FREQ_300/link/vivado/vpl/prj/prj.gen/my_rm/bd/ulp/ip/ulp_buffer_SynapseRouter_4_syn_forward_rt_left_0/ulp_buffer_SynapseRouter_4_syn_forward_rt_left_0/ulp_buffer_SynapseRouter_3_syn_forward_rt_right_0_in_context.xdc] for cell 'buffer_SynapseRouter_4_syn_forward_rt_left'
Parsing XDC File [/home/miahafiz/NeuroRing_a_2048/_x.hw.NUM_2048.CORE_10.FREQ_300/link/vivado/vpl/prj/prj.gen/my_rm/bd/ulp/ip/ulp_buffer_SynapseRouter_4_syn_forward_rt_right_0/ulp_buffer_SynapseRouter_4_syn_forward_rt_right_0/ulp_buffer_SynapseRouter_3_syn_forward_rt_right_0_in_context.xdc] for cell 'buffer_SynapseRouter_4_syn_forward_rt_right'
Finished Parsing XDC File [/home/miahafiz/NeuroRing_a_2048/_x.hw.NUM_2048.CORE_10.FREQ_300/link/vivado/vpl/prj/prj.gen/my_rm/bd/ulp/ip/ulp_buffer_SynapseRouter_4_syn_forward_rt_right_0/ulp_buffer_SynapseRouter_4_syn_forward_rt_right_0/ulp_buffer_SynapseRouter_3_syn_forward_rt_right_0_in_context.xdc] for cell 'buffer_SynapseRouter_4_syn_forward_rt_right'
Parsing XDC File [/home/miahafiz/NeuroRing_a_2048/_x.hw.NUM_2048.CORE_10.FREQ_300/link/vivado/vpl/prj/prj.gen/my_rm/bd/ulp/ip/ulp_buffer_SynapseRouter_5_SpikeOutWeight_0/ulp_buffer_SynapseRouter_5_SpikeOutWeight_0/ulp_buffer_SynapseRouter_0_SpikeOutWeight_0_in_context.xdc] for cell 'buffer_SynapseRouter_5_SpikeOutWeight'
Finished Parsing XDC File [/home/miahafiz/NeuroRing_a_2048/_x.hw.NUM_2048.CORE_10.FREQ_300/link/vivado/vpl/prj/prj.gen/my_rm/bd/ulp/ip/ulp_buffer_SynapseRouter_5_SpikeOutWeight_0/ulp_buffer_SynapseRouter_5_SpikeOutWeight_0/ulp_buffer_SynapseRouter_0_SpikeOutWeight_0_in_context.xdc] for cell 'buffer_SynapseRouter_5_SpikeOutWeight'
Parsing XDC File [/home/miahafiz/NeuroRing_a_2048/_x.hw.NUM_2048.CORE_10.FREQ_300/link/vivado/vpl/prj/prj.gen/my_rm/bd/ulp/ip/ulp_buffer_SynapseRouter_5_syn_forward_rt_left_0/ulp_buffer_SynapseRouter_5_syn_forward_rt_left_0/ulp_buffer_SynapseRouter_3_syn_forward_rt_right_0_in_context.xdc] for cell 'buffer_SynapseRouter_5_syn_forward_rt_left'
Finished Parsing XDC File [/home/miahafiz/NeuroRing_a_2048/_x.hw.NUM_2048.CORE_10.FREQ_300/link/vivado/vpl/prj/prj.gen/my_rm/bd/ulp/ip/ulp_buffer_SynapseRouter_5_syn_forward_rt_left_0/ulp_buffer_SynapseRouter_5_syn_forward_rt_left_0/ulp_buffer_SynapseRouter_3_syn_forward_rt_right_0_in_context.xdc] for cell 'buffer_SynapseRouter_5_syn_forward_rt_left'
Parsing XDC File [/home/miahafiz/NeuroRing_a_2048/_x.hw.NUM_2048.CORE_10.FREQ_300/link/vivado/vpl/prj/prj.gen/my_rm/bd/ulp/ip/ulp_buffer_SynapseRouter_5_syn_forward_rt_right_0/ulp_buffer_SynapseRouter_5_syn_forward_rt_right_0/ulp_buffer_SynapseRouter_3_syn_forward_rt_right_0_in_context.xdc] for cell 'buffer_SynapseRouter_5_syn_forward_rt_right'
Finished Parsing XDC File [/home/miahafiz/NeuroRing_a_2048/_x.hw.NUM_2048.CORE_10.FREQ_300/link/vivado/vpl/prj/prj.gen/my_rm/bd/ulp/ip/ulp_buffer_SynapseRouter_5_syn_forward_rt_right_0/ulp_buffer_SynapseRouter_5_syn_forward_rt_right_0/ulp_buffer_SynapseRouter_3_syn_forward_rt_right_0_in_context.xdc] for cell 'buffer_SynapseRouter_5_syn_forward_rt_right'
Parsing XDC File [/home/miahafiz/NeuroRing_a_2048/_x.hw.NUM_2048.CORE_10.FREQ_300/link/vivado/vpl/prj/prj.gen/my_rm/bd/ulp/ip/ulp_buffer_SynapseRouter_6_SpikeOutWeight_0/ulp_buffer_SynapseRouter_6_SpikeOutWeight_0/ulp_buffer_SynapseRouter_0_SpikeOutWeight_0_in_context.xdc] for cell 'buffer_SynapseRouter_6_SpikeOutWeight'
Finished Parsing XDC File [/home/miahafiz/NeuroRing_a_2048/_x.hw.NUM_2048.CORE_10.FREQ_300/link/vivado/vpl/prj/prj.gen/my_rm/bd/ulp/ip/ulp_buffer_SynapseRouter_6_SpikeOutWeight_0/ulp_buffer_SynapseRouter_6_SpikeOutWeight_0/ulp_buffer_SynapseRouter_0_SpikeOutWeight_0_in_context.xdc] for cell 'buffer_SynapseRouter_6_SpikeOutWeight'
Parsing XDC File [/home/miahafiz/NeuroRing_a_2048/_x.hw.NUM_2048.CORE_10.FREQ_300/link/vivado/vpl/prj/prj.gen/my_rm/bd/ulp/ip/ulp_buffer_SynapseRouter_6_syn_forward_rt_left_0/ulp_buffer_SynapseRouter_6_syn_forward_rt_left_0/ulp_buffer_SynapseRouter_3_syn_forward_rt_right_0_in_context.xdc] for cell 'buffer_SynapseRouter_6_syn_forward_rt_left'
Finished Parsing XDC File [/home/miahafiz/NeuroRing_a_2048/_x.hw.NUM_2048.CORE_10.FREQ_300/link/vivado/vpl/prj/prj.gen/my_rm/bd/ulp/ip/ulp_buffer_SynapseRouter_6_syn_forward_rt_left_0/ulp_buffer_SynapseRouter_6_syn_forward_rt_left_0/ulp_buffer_SynapseRouter_3_syn_forward_rt_right_0_in_context.xdc] for cell 'buffer_SynapseRouter_6_syn_forward_rt_left'
Parsing XDC File [/home/miahafiz/NeuroRing_a_2048/_x.hw.NUM_2048.CORE_10.FREQ_300/link/vivado/vpl/prj/prj.gen/my_rm/bd/ulp/ip/ulp_buffer_SynapseRouter_6_syn_forward_rt_right_0/ulp_buffer_SynapseRouter_6_syn_forward_rt_right_0/ulp_buffer_SynapseRouter_3_syn_forward_rt_right_0_in_context.xdc] for cell 'buffer_SynapseRouter_6_syn_forward_rt_right'
Finished Parsing XDC File [/home/miahafiz/NeuroRing_a_2048/_x.hw.NUM_2048.CORE_10.FREQ_300/link/vivado/vpl/prj/prj.gen/my_rm/bd/ulp/ip/ulp_buffer_SynapseRouter_6_syn_forward_rt_right_0/ulp_buffer_SynapseRouter_6_syn_forward_rt_right_0/ulp_buffer_SynapseRouter_3_syn_forward_rt_right_0_in_context.xdc] for cell 'buffer_SynapseRouter_6_syn_forward_rt_right'
Parsing XDC File [/home/miahafiz/NeuroRing_a_2048/_x.hw.NUM_2048.CORE_10.FREQ_300/link/vivado/vpl/prj/prj.gen/my_rm/bd/ulp/ip/ulp_buffer_SynapseRouter_7_SpikeOutWeight_0/ulp_buffer_SynapseRouter_7_SpikeOutWeight_0/ulp_buffer_SynapseRouter_0_SpikeOutWeight_0_in_context.xdc] for cell 'buffer_SynapseRouter_7_SpikeOutWeight'
Finished Parsing XDC File [/home/miahafiz/NeuroRing_a_2048/_x.hw.NUM_2048.CORE_10.FREQ_300/link/vivado/vpl/prj/prj.gen/my_rm/bd/ulp/ip/ulp_buffer_SynapseRouter_7_SpikeOutWeight_0/ulp_buffer_SynapseRouter_7_SpikeOutWeight_0/ulp_buffer_SynapseRouter_0_SpikeOutWeight_0_in_context.xdc] for cell 'buffer_SynapseRouter_7_SpikeOutWeight'
Parsing XDC File [/home/miahafiz/NeuroRing_a_2048/_x.hw.NUM_2048.CORE_10.FREQ_300/link/vivado/vpl/prj/prj.gen/my_rm/bd/ulp/ip/ulp_buffer_SynapseRouter_7_syn_forward_rt_left_0/ulp_buffer_SynapseRouter_7_syn_forward_rt_left_0/ulp_buffer_SynapseRouter_3_syn_forward_rt_right_0_in_context.xdc] for cell 'buffer_SynapseRouter_7_syn_forward_rt_left'
Finished Parsing XDC File [/home/miahafiz/NeuroRing_a_2048/_x.hw.NUM_2048.CORE_10.FREQ_300/link/vivado/vpl/prj/prj.gen/my_rm/bd/ulp/ip/ulp_buffer_SynapseRouter_7_syn_forward_rt_left_0/ulp_buffer_SynapseRouter_7_syn_forward_rt_left_0/ulp_buffer_SynapseRouter_3_syn_forward_rt_right_0_in_context.xdc] for cell 'buffer_SynapseRouter_7_syn_forward_rt_left'
Parsing XDC File [/home/miahafiz/NeuroRing_a_2048/_x.hw.NUM_2048.CORE_10.FREQ_300/link/vivado/vpl/prj/prj.gen/my_rm/bd/ulp/ip/ulp_buffer_SynapseRouter_7_syn_forward_rt_right_0/ulp_buffer_SynapseRouter_7_syn_forward_rt_right_0/ulp_buffer_SynapseRouter_3_syn_forward_rt_right_0_in_context.xdc] for cell 'buffer_SynapseRouter_7_syn_forward_rt_right'
Finished Parsing XDC File [/home/miahafiz/NeuroRing_a_2048/_x.hw.NUM_2048.CORE_10.FREQ_300/link/vivado/vpl/prj/prj.gen/my_rm/bd/ulp/ip/ulp_buffer_SynapseRouter_7_syn_forward_rt_right_0/ulp_buffer_SynapseRouter_7_syn_forward_rt_right_0/ulp_buffer_SynapseRouter_3_syn_forward_rt_right_0_in_context.xdc] for cell 'buffer_SynapseRouter_7_syn_forward_rt_right'
Parsing XDC File [/home/miahafiz/NeuroRing_a_2048/_x.hw.NUM_2048.CORE_10.FREQ_300/link/vivado/vpl/prj/prj.gen/my_rm/bd/ulp/ip/ulp_buffer_SynapseRouter_8_SpikeOutWeight_0/ulp_buffer_SynapseRouter_8_SpikeOutWeight_0/ulp_buffer_SynapseRouter_0_SpikeOutWeight_0_in_context.xdc] for cell 'buffer_SynapseRouter_8_SpikeOutWeight'
Finished Parsing XDC File [/home/miahafiz/NeuroRing_a_2048/_x.hw.NUM_2048.CORE_10.FREQ_300/link/vivado/vpl/prj/prj.gen/my_rm/bd/ulp/ip/ulp_buffer_SynapseRouter_8_SpikeOutWeight_0/ulp_buffer_SynapseRouter_8_SpikeOutWeight_0/ulp_buffer_SynapseRouter_0_SpikeOutWeight_0_in_context.xdc] for cell 'buffer_SynapseRouter_8_SpikeOutWeight'
Parsing XDC File [/home/miahafiz/NeuroRing_a_2048/_x.hw.NUM_2048.CORE_10.FREQ_300/link/vivado/vpl/prj/prj.gen/my_rm/bd/ulp/ip/ulp_buffer_SynapseRouter_8_syn_forward_rt_left_0/ulp_buffer_SynapseRouter_8_syn_forward_rt_left_0/ulp_buffer_SynapseRouter_3_syn_forward_rt_right_0_in_context.xdc] for cell 'buffer_SynapseRouter_8_syn_forward_rt_left'
Finished Parsing XDC File [/home/miahafiz/NeuroRing_a_2048/_x.hw.NUM_2048.CORE_10.FREQ_300/link/vivado/vpl/prj/prj.gen/my_rm/bd/ulp/ip/ulp_buffer_SynapseRouter_8_syn_forward_rt_left_0/ulp_buffer_SynapseRouter_8_syn_forward_rt_left_0/ulp_buffer_SynapseRouter_3_syn_forward_rt_right_0_in_context.xdc] for cell 'buffer_SynapseRouter_8_syn_forward_rt_left'
Parsing XDC File [/home/miahafiz/NeuroRing_a_2048/_x.hw.NUM_2048.CORE_10.FREQ_300/link/vivado/vpl/prj/prj.gen/my_rm/bd/ulp/ip/ulp_buffer_SynapseRouter_8_syn_forward_rt_right_0/ulp_buffer_SynapseRouter_8_syn_forward_rt_right_0/ulp_buffer_SynapseRouter_3_syn_forward_rt_right_0_in_context.xdc] for cell 'buffer_SynapseRouter_8_syn_forward_rt_right'
Finished Parsing XDC File [/home/miahafiz/NeuroRing_a_2048/_x.hw.NUM_2048.CORE_10.FREQ_300/link/vivado/vpl/prj/prj.gen/my_rm/bd/ulp/ip/ulp_buffer_SynapseRouter_8_syn_forward_rt_right_0/ulp_buffer_SynapseRouter_8_syn_forward_rt_right_0/ulp_buffer_SynapseRouter_3_syn_forward_rt_right_0_in_context.xdc] for cell 'buffer_SynapseRouter_8_syn_forward_rt_right'
Parsing XDC File [/home/miahafiz/NeuroRing_a_2048/_x.hw.NUM_2048.CORE_10.FREQ_300/link/vivado/vpl/prj/prj.gen/my_rm/bd/ulp/ip/ulp_buffer_SynapseRouter_9_SpikeOutWeight_0/ulp_buffer_SynapseRouter_9_SpikeOutWeight_0/ulp_buffer_SynapseRouter_0_SpikeOutWeight_0_in_context.xdc] for cell 'buffer_SynapseRouter_9_SpikeOutWeight'
Finished Parsing XDC File [/home/miahafiz/NeuroRing_a_2048/_x.hw.NUM_2048.CORE_10.FREQ_300/link/vivado/vpl/prj/prj.gen/my_rm/bd/ulp/ip/ulp_buffer_SynapseRouter_9_SpikeOutWeight_0/ulp_buffer_SynapseRouter_9_SpikeOutWeight_0/ulp_buffer_SynapseRouter_0_SpikeOutWeight_0_in_context.xdc] for cell 'buffer_SynapseRouter_9_SpikeOutWeight'
Parsing XDC File [/home/miahafiz/NeuroRing_a_2048/_x.hw.NUM_2048.CORE_10.FREQ_300/link/vivado/vpl/prj/prj.gen/my_rm/bd/ulp/ip/ulp_buffer_SynapseRouter_9_syn_forward_rt_left_0/ulp_buffer_SynapseRouter_9_syn_forward_rt_left_0/ulp_buffer_SynapseRouter_3_syn_forward_rt_right_0_in_context.xdc] for cell 'buffer_SynapseRouter_9_syn_forward_rt_left'
Finished Parsing XDC File [/home/miahafiz/NeuroRing_a_2048/_x.hw.NUM_2048.CORE_10.FREQ_300/link/vivado/vpl/prj/prj.gen/my_rm/bd/ulp/ip/ulp_buffer_SynapseRouter_9_syn_forward_rt_left_0/ulp_buffer_SynapseRouter_9_syn_forward_rt_left_0/ulp_buffer_SynapseRouter_3_syn_forward_rt_right_0_in_context.xdc] for cell 'buffer_SynapseRouter_9_syn_forward_rt_left'
Parsing XDC File [/home/miahafiz/NeuroRing_a_2048/_x.hw.NUM_2048.CORE_10.FREQ_300/link/vivado/vpl/prj/prj.gen/my_rm/bd/ulp/ip/ulp_buffer_SynapseRouter_9_syn_forward_rt_right_0/ulp_buffer_SynapseRouter_9_syn_forward_rt_right_0/ulp_buffer_SynapseRouter_9_syn_forward_rt_right_0_in_context.xdc] for cell 'buffer_SynapseRouter_9_syn_forward_rt_right'
Finished Parsing XDC File [/home/miahafiz/NeuroRing_a_2048/_x.hw.NUM_2048.CORE_10.FREQ_300/link/vivado/vpl/prj/prj.gen/my_rm/bd/ulp/ip/ulp_buffer_SynapseRouter_9_syn_forward_rt_right_0/ulp_buffer_SynapseRouter_9_syn_forward_rt_right_0/ulp_buffer_SynapseRouter_9_syn_forward_rt_right_0_in_context.xdc] for cell 'buffer_SynapseRouter_9_syn_forward_rt_right'
Parsing XDC File [/home/miahafiz/NeuroRing_a_2048/_x.hw.NUM_2048.CORE_10.FREQ_300/link/vivado/vpl/prj/prj.gen/my_rm/bd/ulp/ip/ulp_buffer_krnl_aurora_0_rx_axis_0/ulp_buffer_krnl_aurora_0_rx_axis_0/ulp_buffer_krnl_aurora_1_rx_axis_0_in_context.xdc] for cell 'buffer_krnl_aurora_0_rx_axis'
Finished Parsing XDC File [/home/miahafiz/NeuroRing_a_2048/_x.hw.NUM_2048.CORE_10.FREQ_300/link/vivado/vpl/prj/prj.gen/my_rm/bd/ulp/ip/ulp_buffer_krnl_aurora_0_rx_axis_0/ulp_buffer_krnl_aurora_0_rx_axis_0/ulp_buffer_krnl_aurora_1_rx_axis_0_in_context.xdc] for cell 'buffer_krnl_aurora_0_rx_axis'
Parsing XDC File [/home/miahafiz/NeuroRing_a_2048/_x.hw.NUM_2048.CORE_10.FREQ_300/link/vivado/vpl/prj/prj.gen/my_rm/bd/ulp/ip/ulp_buffer_krnl_aurora_1_rx_axis_0/ulp_buffer_krnl_aurora_1_rx_axis_0/ulp_buffer_krnl_aurora_1_rx_axis_0_in_context.xdc] for cell 'buffer_krnl_aurora_1_rx_axis'
Finished Parsing XDC File [/home/miahafiz/NeuroRing_a_2048/_x.hw.NUM_2048.CORE_10.FREQ_300/link/vivado/vpl/prj/prj.gen/my_rm/bd/ulp/ip/ulp_buffer_krnl_aurora_1_rx_axis_0/ulp_buffer_krnl_aurora_1_rx_axis_0/ulp_buffer_krnl_aurora_1_rx_axis_0_in_context.xdc] for cell 'buffer_krnl_aurora_1_rx_axis'
Parsing XDC File [/home/miahafiz/NeuroRing_a_2048/_x.hw.NUM_2048.CORE_10.FREQ_300/link/vivado/vpl/prj/prj.gen/my_rm/bd/ulp/ip/ulp_hmss_0_0/ulp_hmss_0_0/ulp_hmss_0_0_in_context.xdc] for cell 'hmss_0'
Finished Parsing XDC File [/home/miahafiz/NeuroRing_a_2048/_x.hw.NUM_2048.CORE_10.FREQ_300/link/vivado/vpl/prj/prj.gen/my_rm/bd/ulp/ip/ulp_hmss_0_0/ulp_hmss_0_0/ulp_hmss_0_0_in_context.xdc] for cell 'hmss_0'
Parsing XDC File [/home/miahafiz/NeuroRing_a_2048/_x.hw.NUM_2048.CORE_10.FREQ_300/link/vivado/vpl/prj/prj.gen/my_rm/bd/ulp/ip/ulp_ii_level0_wire_0/ulp_ii_level0_wire_0/ulp_ii_level0_wire_0_in_context.xdc] for cell 'ii_level0_wire'
create_clock: Time (s): cpu = 00:00:08 ; elapsed = 00:00:08 . Memory (MB): peak = 4617.395 ; gain = 0.000 ; free physical = 44450 ; free virtual = 90894
Finished Parsing XDC File [/home/miahafiz/NeuroRing_a_2048/_x.hw.NUM_2048.CORE_10.FREQ_300/link/vivado/vpl/prj/prj.gen/my_rm/bd/ulp/ip/ulp_ii_level0_wire_0/ulp_ii_level0_wire_0/ulp_ii_level0_wire_0_in_context.xdc] for cell 'ii_level0_wire'
Parsing XDC File [/home/miahafiz/NeuroRing_a_2048/_x.hw.NUM_2048.CORE_10.FREQ_300/link/vivado/vpl/prj/prj.gen/my_rm/bd/ulp/ip/ulp_interconnect_axilite_user_imp_auto_cc_0/ulp_interconnect_axilite_user_imp_auto_cc_0/ulp_interconnect_axilite_user_imp_auto_cc_24_in_context.xdc] for cell 'SLR0/interconnect_axilite_user/s00_couplers/auto_cc'
Finished Parsing XDC File [/home/miahafiz/NeuroRing_a_2048/_x.hw.NUM_2048.CORE_10.FREQ_300/link/vivado/vpl/prj/prj.gen/my_rm/bd/ulp/ip/ulp_interconnect_axilite_user_imp_auto_cc_0/ulp_interconnect_axilite_user_imp_auto_cc_0/ulp_interconnect_axilite_user_imp_auto_cc_24_in_context.xdc] for cell 'SLR0/interconnect_axilite_user/s00_couplers/auto_cc'
Parsing XDC File [/home/miahafiz/NeuroRing_a_2048/_x.hw.NUM_2048.CORE_10.FREQ_300/link/vivado/vpl/prj/prj.gen/my_rm/bd/ulp/ip/ulp_interconnect_axilite_user_imp_auto_cc_1/ulp_interconnect_axilite_user_imp_auto_cc_1/ulp_interconnect_axilite_user_imp_auto_cc_24_in_context.xdc] for cell 'SLR1/interconnect_axilite_user/m00_couplers/auto_cc'
Finished Parsing XDC File [/home/miahafiz/NeuroRing_a_2048/_x.hw.NUM_2048.CORE_10.FREQ_300/link/vivado/vpl/prj/prj.gen/my_rm/bd/ulp/ip/ulp_interconnect_axilite_user_imp_auto_cc_1/ulp_interconnect_axilite_user_imp_auto_cc_1/ulp_interconnect_axilite_user_imp_auto_cc_24_in_context.xdc] for cell 'SLR1/interconnect_axilite_user/m00_couplers/auto_cc'
Parsing XDC File [/home/miahafiz/NeuroRing_a_2048/_x.hw.NUM_2048.CORE_10.FREQ_300/link/vivado/vpl/prj/prj.gen/my_rm/bd/ulp/ip/ulp_interconnect_axilite_user_imp_auto_cc_10/ulp_interconnect_axilite_user_imp_auto_cc_10/ulp_interconnect_axilite_user_imp_auto_cc_5_in_context.xdc] for cell 'SLR1/interconnect_axilite_user/m09_couplers/auto_cc'
Finished Parsing XDC File [/home/miahafiz/NeuroRing_a_2048/_x.hw.NUM_2048.CORE_10.FREQ_300/link/vivado/vpl/prj/prj.gen/my_rm/bd/ulp/ip/ulp_interconnect_axilite_user_imp_auto_cc_10/ulp_interconnect_axilite_user_imp_auto_cc_10/ulp_interconnect_axilite_user_imp_auto_cc_5_in_context.xdc] for cell 'SLR1/interconnect_axilite_user/m09_couplers/auto_cc'
Parsing XDC File [/home/miahafiz/NeuroRing_a_2048/_x.hw.NUM_2048.CORE_10.FREQ_300/link/vivado/vpl/prj/prj.gen/my_rm/bd/ulp/ip/ulp_interconnect_axilite_user_imp_auto_cc_11/ulp_interconnect_axilite_user_imp_auto_cc_11/ulp_interconnect_axilite_user_imp_auto_cc_5_in_context.xdc] for cell 'SLR1/interconnect_axilite_user/m10_couplers/auto_cc'
Finished Parsing XDC File [/home/miahafiz/NeuroRing_a_2048/_x.hw.NUM_2048.CORE_10.FREQ_300/link/vivado/vpl/prj/prj.gen/my_rm/bd/ulp/ip/ulp_interconnect_axilite_user_imp_auto_cc_11/ulp_interconnect_axilite_user_imp_auto_cc_11/ulp_interconnect_axilite_user_imp_auto_cc_5_in_context.xdc] for cell 'SLR1/interconnect_axilite_user/m10_couplers/auto_cc'
Parsing XDC File [/home/miahafiz/NeuroRing_a_2048/_x.hw.NUM_2048.CORE_10.FREQ_300/link/vivado/vpl/prj/prj.gen/my_rm/bd/ulp/ip/ulp_interconnect_axilite_user_imp_auto_cc_12/ulp_interconnect_axilite_user_imp_auto_cc_12/ulp_interconnect_axilite_user_imp_auto_cc_12_in_context.xdc] for cell 'SLR1/interconnect_axilite_user/m11_couplers/auto_cc'
Finished Parsing XDC File [/home/miahafiz/NeuroRing_a_2048/_x.hw.NUM_2048.CORE_10.FREQ_300/link/vivado/vpl/prj/prj.gen/my_rm/bd/ulp/ip/ulp_interconnect_axilite_user_imp_auto_cc_12/ulp_interconnect_axilite_user_imp_auto_cc_12/ulp_interconnect_axilite_user_imp_auto_cc_12_in_context.xdc] for cell 'SLR1/interconnect_axilite_user/m11_couplers/auto_cc'
Parsing XDC File [/home/miahafiz/NeuroRing_a_2048/_x.hw.NUM_2048.CORE_10.FREQ_300/link/vivado/vpl/prj/prj.gen/my_rm/bd/ulp/ip/ulp_interconnect_axilite_user_imp_auto_cc_13/ulp_interconnect_axilite_user_imp_auto_cc_13/ulp_interconnect_axilite_user_imp_auto_cc_12_in_context.xdc] for cell 'SLR1/interconnect_axilite_user/m12_couplers/auto_cc'
Finished Parsing XDC File [/home/miahafiz/NeuroRing_a_2048/_x.hw.NUM_2048.CORE_10.FREQ_300/link/vivado/vpl/prj/prj.gen/my_rm/bd/ulp/ip/ulp_interconnect_axilite_user_imp_auto_cc_13/ulp_interconnect_axilite_user_imp_auto_cc_13/ulp_interconnect_axilite_user_imp_auto_cc_12_in_context.xdc] for cell 'SLR1/interconnect_axilite_user/m12_couplers/auto_cc'
Parsing XDC File [/home/miahafiz/NeuroRing_a_2048/_x.hw.NUM_2048.CORE_10.FREQ_300/link/vivado/vpl/prj/prj.gen/my_rm/bd/ulp/ip/ulp_interconnect_axilite_user_imp_auto_cc_14/ulp_interconnect_axilite_user_imp_auto_cc_14/ulp_interconnect_axilite_user_imp_auto_cc_12_in_context.xdc] for cell 'SLR1/interconnect_axilite_user/m13_couplers/auto_cc'
Finished Parsing XDC File [/home/miahafiz/NeuroRing_a_2048/_x.hw.NUM_2048.CORE_10.FREQ_300/link/vivado/vpl/prj/prj.gen/my_rm/bd/ulp/ip/ulp_interconnect_axilite_user_imp_auto_cc_14/ulp_interconnect_axilite_user_imp_auto_cc_14/ulp_interconnect_axilite_user_imp_auto_cc_12_in_context.xdc] for cell 'SLR1/interconnect_axilite_user/m13_couplers/auto_cc'
Parsing XDC File [/home/miahafiz/NeuroRing_a_2048/_x.hw.NUM_2048.CORE_10.FREQ_300/link/vivado/vpl/prj/prj.gen/my_rm/bd/ulp/ip/ulp_interconnect_axilite_user_imp_auto_cc_15/ulp_interconnect_axilite_user_imp_auto_cc_15/ulp_interconnect_axilite_user_imp_auto_cc_12_in_context.xdc] for cell 'SLR1/interconnect_axilite_user/m14_couplers/auto_cc'
Finished Parsing XDC File [/home/miahafiz/NeuroRing_a_2048/_x.hw.NUM_2048.CORE_10.FREQ_300/link/vivado/vpl/prj/prj.gen/my_rm/bd/ulp/ip/ulp_interconnect_axilite_user_imp_auto_cc_15/ulp_interconnect_axilite_user_imp_auto_cc_15/ulp_interconnect_axilite_user_imp_auto_cc_12_in_context.xdc] for cell 'SLR1/interconnect_axilite_user/m14_couplers/auto_cc'
Parsing XDC File [/home/miahafiz/NeuroRing_a_2048/_x.hw.NUM_2048.CORE_10.FREQ_300/link/vivado/vpl/prj/prj.gen/my_rm/bd/ulp/ip/ulp_interconnect_axilite_user_imp_auto_cc_16/ulp_interconnect_axilite_user_imp_auto_cc_16/ulp_interconnect_axilite_user_imp_auto_cc_12_in_context.xdc] for cell 'SLR1/interconnect_axilite_user/m15_couplers/auto_cc'
Finished Parsing XDC File [/home/miahafiz/NeuroRing_a_2048/_x.hw.NUM_2048.CORE_10.FREQ_300/link/vivado/vpl/prj/prj.gen/my_rm/bd/ulp/ip/ulp_interconnect_axilite_user_imp_auto_cc_16/ulp_interconnect_axilite_user_imp_auto_cc_16/ulp_interconnect_axilite_user_imp_auto_cc_12_in_context.xdc] for cell 'SLR1/interconnect_axilite_user/m15_couplers/auto_cc'
Parsing XDC File [/home/miahafiz/NeuroRing_a_2048/_x.hw.NUM_2048.CORE_10.FREQ_300/link/vivado/vpl/prj/prj.gen/my_rm/bd/ulp/ip/ulp_interconnect_axilite_user_imp_auto_cc_17/ulp_interconnect_axilite_user_imp_auto_cc_17/ulp_interconnect_axilite_user_imp_auto_cc_12_in_context.xdc] for cell 'SLR1/interconnect_axilite_user/m16_couplers/auto_cc'
Finished Parsing XDC File [/home/miahafiz/NeuroRing_a_2048/_x.hw.NUM_2048.CORE_10.FREQ_300/link/vivado/vpl/prj/prj.gen/my_rm/bd/ulp/ip/ulp_interconnect_axilite_user_imp_auto_cc_17/ulp_interconnect_axilite_user_imp_auto_cc_17/ulp_interconnect_axilite_user_imp_auto_cc_12_in_context.xdc] for cell 'SLR1/interconnect_axilite_user/m16_couplers/auto_cc'
Parsing XDC File [/home/miahafiz/NeuroRing_a_2048/_x.hw.NUM_2048.CORE_10.FREQ_300/link/vivado/vpl/prj/prj.gen/my_rm/bd/ulp/ip/ulp_interconnect_axilite_user_imp_auto_cc_18/ulp_interconnect_axilite_user_imp_auto_cc_18/ulp_interconnect_axilite_user_imp_auto_cc_12_in_context.xdc] for cell 'SLR1/interconnect_axilite_user/m17_couplers/auto_cc'
Finished Parsing XDC File [/home/miahafiz/NeuroRing_a_2048/_x.hw.NUM_2048.CORE_10.FREQ_300/link/vivado/vpl/prj/prj.gen/my_rm/bd/ulp/ip/ulp_interconnect_axilite_user_imp_auto_cc_18/ulp_interconnect_axilite_user_imp_auto_cc_18/ulp_interconnect_axilite_user_imp_auto_cc_12_in_context.xdc] for cell 'SLR1/interconnect_axilite_user/m17_couplers/auto_cc'
Parsing XDC File [/home/miahafiz/NeuroRing_a_2048/_x.hw.NUM_2048.CORE_10.FREQ_300/link/vivado/vpl/prj/prj.gen/my_rm/bd/ulp/ip/ulp_interconnect_axilite_user_imp_auto_cc_19/ulp_interconnect_axilite_user_imp_auto_cc_19/ulp_interconnect_axilite_user_imp_auto_cc_12_in_context.xdc] for cell 'SLR1/interconnect_axilite_user/m18_couplers/auto_cc'
Finished Parsing XDC File [/home/miahafiz/NeuroRing_a_2048/_x.hw.NUM_2048.CORE_10.FREQ_300/link/vivado/vpl/prj/prj.gen/my_rm/bd/ulp/ip/ulp_interconnect_axilite_user_imp_auto_cc_19/ulp_interconnect_axilite_user_imp_auto_cc_19/ulp_interconnect_axilite_user_imp_auto_cc_12_in_context.xdc] for cell 'SLR1/interconnect_axilite_user/m18_couplers/auto_cc'
Parsing XDC File [/home/miahafiz/NeuroRing_a_2048/_x.hw.NUM_2048.CORE_10.FREQ_300/link/vivado/vpl/prj/prj.gen/my_rm/bd/ulp/ip/ulp_interconnect_axilite_user_imp_auto_cc_2/ulp_interconnect_axilite_user_imp_auto_cc_2/ulp_interconnect_axilite_user_imp_auto_cc_5_in_context.xdc] for cell 'SLR1/interconnect_axilite_user/m01_couplers/auto_cc'
Finished Parsing XDC File [/home/miahafiz/NeuroRing_a_2048/_x.hw.NUM_2048.CORE_10.FREQ_300/link/vivado/vpl/prj/prj.gen/my_rm/bd/ulp/ip/ulp_interconnect_axilite_user_imp_auto_cc_2/ulp_interconnect_axilite_user_imp_auto_cc_2/ulp_interconnect_axilite_user_imp_auto_cc_5_in_context.xdc] for cell 'SLR1/interconnect_axilite_user/m01_couplers/auto_cc'
Parsing XDC File [/home/miahafiz/NeuroRing_a_2048/_x.hw.NUM_2048.CORE_10.FREQ_300/link/vivado/vpl/prj/prj.gen/my_rm/bd/ulp/ip/ulp_interconnect_axilite_user_imp_auto_cc_20/ulp_interconnect_axilite_user_imp_auto_cc_20/ulp_interconnect_axilite_user_imp_auto_cc_12_in_context.xdc] for cell 'SLR1/interconnect_axilite_user/m19_couplers/auto_cc'
Finished Parsing XDC File [/home/miahafiz/NeuroRing_a_2048/_x.hw.NUM_2048.CORE_10.FREQ_300/link/vivado/vpl/prj/prj.gen/my_rm/bd/ulp/ip/ulp_interconnect_axilite_user_imp_auto_cc_20/ulp_interconnect_axilite_user_imp_auto_cc_20/ulp_interconnect_axilite_user_imp_auto_cc_12_in_context.xdc] for cell 'SLR1/interconnect_axilite_user/m19_couplers/auto_cc'
Parsing XDC File [/home/miahafiz/NeuroRing_a_2048/_x.hw.NUM_2048.CORE_10.FREQ_300/link/vivado/vpl/prj/prj.gen/my_rm/bd/ulp/ip/ulp_interconnect_axilite_user_imp_auto_cc_21/ulp_interconnect_axilite_user_imp_auto_cc_21/ulp_interconnect_axilite_user_imp_auto_cc_12_in_context.xdc] for cell 'SLR1/interconnect_axilite_user/m20_couplers/auto_cc'
Finished Parsing XDC File [/home/miahafiz/NeuroRing_a_2048/_x.hw.NUM_2048.CORE_10.FREQ_300/link/vivado/vpl/prj/prj.gen/my_rm/bd/ulp/ip/ulp_interconnect_axilite_user_imp_auto_cc_21/ulp_interconnect_axilite_user_imp_auto_cc_21/ulp_interconnect_axilite_user_imp_auto_cc_12_in_context.xdc] for cell 'SLR1/interconnect_axilite_user/m20_couplers/auto_cc'
Parsing XDC File [/home/miahafiz/NeuroRing_a_2048/_x.hw.NUM_2048.CORE_10.FREQ_300/link/vivado/vpl/prj/prj.gen/my_rm/bd/ulp/ip/ulp_interconnect_axilite_user_imp_auto_cc_22/ulp_interconnect_axilite_user_imp_auto_cc_22/ulp_interconnect_axilite_user_imp_auto_cc_22_in_context.xdc] for cell 'SLR1/interconnect_axilite_user/m21_couplers/auto_cc'
Finished Parsing XDC File [/home/miahafiz/NeuroRing_a_2048/_x.hw.NUM_2048.CORE_10.FREQ_300/link/vivado/vpl/prj/prj.gen/my_rm/bd/ulp/ip/ulp_interconnect_axilite_user_imp_auto_cc_22/ulp_interconnect_axilite_user_imp_auto_cc_22/ulp_interconnect_axilite_user_imp_auto_cc_22_in_context.xdc] for cell 'SLR1/interconnect_axilite_user/m21_couplers/auto_cc'
Parsing XDC File [/home/miahafiz/NeuroRing_a_2048/_x.hw.NUM_2048.CORE_10.FREQ_300/link/vivado/vpl/prj/prj.gen/my_rm/bd/ulp/ip/ulp_interconnect_axilite_user_imp_auto_cc_23/ulp_interconnect_axilite_user_imp_auto_cc_23/ulp_interconnect_axilite_user_imp_auto_cc_22_in_context.xdc] for cell 'SLR1/interconnect_axilite_user/m22_couplers/auto_cc'
Finished Parsing XDC File [/home/miahafiz/NeuroRing_a_2048/_x.hw.NUM_2048.CORE_10.FREQ_300/link/vivado/vpl/prj/prj.gen/my_rm/bd/ulp/ip/ulp_interconnect_axilite_user_imp_auto_cc_23/ulp_interconnect_axilite_user_imp_auto_cc_23/ulp_interconnect_axilite_user_imp_auto_cc_22_in_context.xdc] for cell 'SLR1/interconnect_axilite_user/m22_couplers/auto_cc'
Parsing XDC File [/home/miahafiz/NeuroRing_a_2048/_x.hw.NUM_2048.CORE_10.FREQ_300/link/vivado/vpl/prj/prj.gen/my_rm/bd/ulp/ip/ulp_interconnect_axilite_user_imp_auto_cc_24/ulp_interconnect_axilite_user_imp_auto_cc_24/ulp_interconnect_axilite_user_imp_auto_cc_24_in_context.xdc] for cell 'SLR2/interconnect_axilite_user/s00_couplers/auto_cc'
Finished Parsing XDC File [/home/miahafiz/NeuroRing_a_2048/_x.hw.NUM_2048.CORE_10.FREQ_300/link/vivado/vpl/prj/prj.gen/my_rm/bd/ulp/ip/ulp_interconnect_axilite_user_imp_auto_cc_24/ulp_interconnect_axilite_user_imp_auto_cc_24/ulp_interconnect_axilite_user_imp_auto_cc_24_in_context.xdc] for cell 'SLR2/interconnect_axilite_user/s00_couplers/auto_cc'
Parsing XDC File [/home/miahafiz/NeuroRing_a_2048/_x.hw.NUM_2048.CORE_10.FREQ_300/link/vivado/vpl/prj/prj.gen/my_rm/bd/ulp/ip/ulp_interconnect_axilite_user_imp_auto_cc_3/ulp_interconnect_axilite_user_imp_auto_cc_3/ulp_interconnect_axilite_user_imp_auto_cc_5_in_context.xdc] for cell 'SLR1/interconnect_axilite_user/m02_couplers/auto_cc'
Finished Parsing XDC File [/home/miahafiz/NeuroRing_a_2048/_x.hw.NUM_2048.CORE_10.FREQ_300/link/vivado/vpl/prj/prj.gen/my_rm/bd/ulp/ip/ulp_interconnect_axilite_user_imp_auto_cc_3/ulp_interconnect_axilite_user_imp_auto_cc_3/ulp_interconnect_axilite_user_imp_auto_cc_5_in_context.xdc] for cell 'SLR1/interconnect_axilite_user/m02_couplers/auto_cc'
Parsing XDC File [/home/miahafiz/NeuroRing_a_2048/_x.hw.NUM_2048.CORE_10.FREQ_300/link/vivado/vpl/prj/prj.gen/my_rm/bd/ulp/ip/ulp_interconnect_axilite_user_imp_auto_cc_4/ulp_interconnect_axilite_user_imp_auto_cc_4/ulp_interconnect_axilite_user_imp_auto_cc_5_in_context.xdc] for cell 'SLR1/interconnect_axilite_user/m03_couplers/auto_cc'
Finished Parsing XDC File [/home/miahafiz/NeuroRing_a_2048/_x.hw.NUM_2048.CORE_10.FREQ_300/link/vivado/vpl/prj/prj.gen/my_rm/bd/ulp/ip/ulp_interconnect_axilite_user_imp_auto_cc_4/ulp_interconnect_axilite_user_imp_auto_cc_4/ulp_interconnect_axilite_user_imp_auto_cc_5_in_context.xdc] for cell 'SLR1/interconnect_axilite_user/m03_couplers/auto_cc'
Parsing XDC File [/home/miahafiz/NeuroRing_a_2048/_x.hw.NUM_2048.CORE_10.FREQ_300/link/vivado/vpl/prj/prj.gen/my_rm/bd/ulp/ip/ulp_interconnect_axilite_user_imp_auto_cc_5/ulp_interconnect_axilite_user_imp_auto_cc_5/ulp_interconnect_axilite_user_imp_auto_cc_5_in_context.xdc] for cell 'SLR1/interconnect_axilite_user/m04_couplers/auto_cc'
Finished Parsing XDC File [/home/miahafiz/NeuroRing_a_2048/_x.hw.NUM_2048.CORE_10.FREQ_300/link/vivado/vpl/prj/prj.gen/my_rm/bd/ulp/ip/ulp_interconnect_axilite_user_imp_auto_cc_5/ulp_interconnect_axilite_user_imp_auto_cc_5/ulp_interconnect_axilite_user_imp_auto_cc_5_in_context.xdc] for cell 'SLR1/interconnect_axilite_user/m04_couplers/auto_cc'
Parsing XDC File [/home/miahafiz/NeuroRing_a_2048/_x.hw.NUM_2048.CORE_10.FREQ_300/link/vivado/vpl/prj/prj.gen/my_rm/bd/ulp/ip/ulp_interconnect_axilite_user_imp_auto_cc_6/ulp_interconnect_axilite_user_imp_auto_cc_6/ulp_interconnect_axilite_user_imp_auto_cc_5_in_context.xdc] for cell 'SLR1/interconnect_axilite_user/m05_couplers/auto_cc'
Finished Parsing XDC File [/home/miahafiz/NeuroRing_a_2048/_x.hw.NUM_2048.CORE_10.FREQ_300/link/vivado/vpl/prj/prj.gen/my_rm/bd/ulp/ip/ulp_interconnect_axilite_user_imp_auto_cc_6/ulp_interconnect_axilite_user_imp_auto_cc_6/ulp_interconnect_axilite_user_imp_auto_cc_5_in_context.xdc] for cell 'SLR1/interconnect_axilite_user/m05_couplers/auto_cc'
Parsing XDC File [/home/miahafiz/NeuroRing_a_2048/_x.hw.NUM_2048.CORE_10.FREQ_300/link/vivado/vpl/prj/prj.gen/my_rm/bd/ulp/ip/ulp_interconnect_axilite_user_imp_auto_cc_7/ulp_interconnect_axilite_user_imp_auto_cc_7/ulp_interconnect_axilite_user_imp_auto_cc_5_in_context.xdc] for cell 'SLR1/interconnect_axilite_user/m06_couplers/auto_cc'
Finished Parsing XDC File [/home/miahafiz/NeuroRing_a_2048/_x.hw.NUM_2048.CORE_10.FREQ_300/link/vivado/vpl/prj/prj.gen/my_rm/bd/ulp/ip/ulp_interconnect_axilite_user_imp_auto_cc_7/ulp_interconnect_axilite_user_imp_auto_cc_7/ulp_interconnect_axilite_user_imp_auto_cc_5_in_context.xdc] for cell 'SLR1/interconnect_axilite_user/m06_couplers/auto_cc'
Parsing XDC File [/home/miahafiz/NeuroRing_a_2048/_x.hw.NUM_2048.CORE_10.FREQ_300/link/vivado/vpl/prj/prj.gen/my_rm/bd/ulp/ip/ulp_interconnect_axilite_user_imp_auto_cc_8/ulp_interconnect_axilite_user_imp_auto_cc_8/ulp_interconnect_axilite_user_imp_auto_cc_5_in_context.xdc] for cell 'SLR1/interconnect_axilite_user/m07_couplers/auto_cc'
Finished Parsing XDC File [/home/miahafiz/NeuroRing_a_2048/_x.hw.NUM_2048.CORE_10.FREQ_300/link/vivado/vpl/prj/prj.gen/my_rm/bd/ulp/ip/ulp_interconnect_axilite_user_imp_auto_cc_8/ulp_interconnect_axilite_user_imp_auto_cc_8/ulp_interconnect_axilite_user_imp_auto_cc_5_in_context.xdc] for cell 'SLR1/interconnect_axilite_user/m07_couplers/auto_cc'
Parsing XDC File [/home/miahafiz/NeuroRing_a_2048/_x.hw.NUM_2048.CORE_10.FREQ_300/link/vivado/vpl/prj/prj.gen/my_rm/bd/ulp/ip/ulp_interconnect_axilite_user_imp_auto_cc_9/ulp_interconnect_axilite_user_imp_auto_cc_9/ulp_interconnect_axilite_user_imp_auto_cc_5_in_context.xdc] for cell 'SLR1/interconnect_axilite_user/m08_couplers/auto_cc'
Finished Parsing XDC File [/home/miahafiz/NeuroRing_a_2048/_x.hw.NUM_2048.CORE_10.FREQ_300/link/vivado/vpl/prj/prj.gen/my_rm/bd/ulp/ip/ulp_interconnect_axilite_user_imp_auto_cc_9/ulp_interconnect_axilite_user_imp_auto_cc_9/ulp_interconnect_axilite_user_imp_auto_cc_5_in_context.xdc] for cell 'SLR1/interconnect_axilite_user/m08_couplers/auto_cc'
Parsing XDC File [/home/miahafiz/NeuroRing_a_2048/_x.hw.NUM_2048.CORE_10.FREQ_300/link/vivado/vpl/prj/prj.gen/my_rm/bd/ulp/ip/ulp_interconnect_axilite_user_imp_m00_regslice_0/ulp_interconnect_axilite_user_imp_m00_regslice_0/ulp_interconnect_axilite_user_imp_m00_regslice_0_in_context.xdc] for cell 'SLR1/interconnect_axilite_user/m00_couplers/m00_regslice'
Finished Parsing XDC File [/home/miahafiz/NeuroRing_a_2048/_x.hw.NUM_2048.CORE_10.FREQ_300/link/vivado/vpl/prj/prj.gen/my_rm/bd/ulp/ip/ulp_interconnect_axilite_user_imp_m00_regslice_0/ulp_interconnect_axilite_user_imp_m00_regslice_0/ulp_interconnect_axilite_user_imp_m00_regslice_0_in_context.xdc] for cell 'SLR1/interconnect_axilite_user/m00_couplers/m00_regslice'
Parsing XDC File [/home/miahafiz/NeuroRing_a_2048/_x.hw.NUM_2048.CORE_10.FREQ_300/link/vivado/vpl/prj/prj.gen/my_rm/bd/ulp/ip/ulp_interconnect_axilite_user_imp_m01_regslice_0/ulp_interconnect_axilite_user_imp_m01_regslice_0/ulp_interconnect_axilite_user_imp_m01_regslice_0_in_context.xdc] for cell 'SLR1/interconnect_axilite_user/m01_couplers/m01_regslice'
Finished Parsing XDC File [/home/miahafiz/NeuroRing_a_2048/_x.hw.NUM_2048.CORE_10.FREQ_300/link/vivado/vpl/prj/prj.gen/my_rm/bd/ulp/ip/ulp_interconnect_axilite_user_imp_m01_regslice_0/ulp_interconnect_axilite_user_imp_m01_regslice_0/ulp_interconnect_axilite_user_imp_m01_regslice_0_in_context.xdc] for cell 'SLR1/interconnect_axilite_user/m01_couplers/m01_regslice'
Parsing XDC File [/home/miahafiz/NeuroRing_a_2048/_x.hw.NUM_2048.CORE_10.FREQ_300/link/vivado/vpl/prj/prj.gen/my_rm/bd/ulp/ip/ulp_interconnect_axilite_user_imp_m02_regslice_0/ulp_interconnect_axilite_user_imp_m02_regslice_0/ulp_interconnect_axilite_user_imp_m01_regslice_0_in_context.xdc] for cell 'SLR1/interconnect_axilite_user/m02_couplers/m02_regslice'
Finished Parsing XDC File [/home/miahafiz/NeuroRing_a_2048/_x.hw.NUM_2048.CORE_10.FREQ_300/link/vivado/vpl/prj/prj.gen/my_rm/bd/ulp/ip/ulp_interconnect_axilite_user_imp_m02_regslice_0/ulp_interconnect_axilite_user_imp_m02_regslice_0/ulp_interconnect_axilite_user_imp_m01_regslice_0_in_context.xdc] for cell 'SLR1/interconnect_axilite_user/m02_couplers/m02_regslice'
Parsing XDC File [/home/miahafiz/NeuroRing_a_2048/_x.hw.NUM_2048.CORE_10.FREQ_300/link/vivado/vpl/prj/prj.gen/my_rm/bd/ulp/ip/ulp_interconnect_axilite_user_imp_m03_regslice_0/ulp_interconnect_axilite_user_imp_m03_regslice_0/ulp_interconnect_axilite_user_imp_m01_regslice_0_in_context.xdc] for cell 'SLR1/interconnect_axilite_user/m03_couplers/m03_regslice'
Finished Parsing XDC File [/home/miahafiz/NeuroRing_a_2048/_x.hw.NUM_2048.CORE_10.FREQ_300/link/vivado/vpl/prj/prj.gen/my_rm/bd/ulp/ip/ulp_interconnect_axilite_user_imp_m03_regslice_0/ulp_interconnect_axilite_user_imp_m03_regslice_0/ulp_interconnect_axilite_user_imp_m01_regslice_0_in_context.xdc] for cell 'SLR1/interconnect_axilite_user/m03_couplers/m03_regslice'
Parsing XDC File [/home/miahafiz/NeuroRing_a_2048/_x.hw.NUM_2048.CORE_10.FREQ_300/link/vivado/vpl/prj/prj.gen/my_rm/bd/ulp/ip/ulp_interconnect_axilite_user_imp_m04_regslice_0/ulp_interconnect_axilite_user_imp_m04_regslice_0/ulp_interconnect_axilite_user_imp_m01_regslice_0_in_context.xdc] for cell 'SLR1/interconnect_axilite_user/m04_couplers/m04_regslice'
Finished Parsing XDC File [/home/miahafiz/NeuroRing_a_2048/_x.hw.NUM_2048.CORE_10.FREQ_300/link/vivado/vpl/prj/prj.gen/my_rm/bd/ulp/ip/ulp_interconnect_axilite_user_imp_m04_regslice_0/ulp_interconnect_axilite_user_imp_m04_regslice_0/ulp_interconnect_axilite_user_imp_m01_regslice_0_in_context.xdc] for cell 'SLR1/interconnect_axilite_user/m04_couplers/m04_regslice'
Parsing XDC File [/home/miahafiz/NeuroRing_a_2048/_x.hw.NUM_2048.CORE_10.FREQ_300/link/vivado/vpl/prj/prj.gen/my_rm/bd/ulp/ip/ulp_interconnect_axilite_user_imp_m05_regslice_0/ulp_interconnect_axilite_user_imp_m05_regslice_0/ulp_interconnect_axilite_user_imp_m01_regslice_0_in_context.xdc] for cell 'SLR1/interconnect_axilite_user/m05_couplers/m05_regslice'
Finished Parsing XDC File [/home/miahafiz/NeuroRing_a_2048/_x.hw.NUM_2048.CORE_10.FREQ_300/link/vivado/vpl/prj/prj.gen/my_rm/bd/ulp/ip/ulp_interconnect_axilite_user_imp_m05_regslice_0/ulp_interconnect_axilite_user_imp_m05_regslice_0/ulp_interconnect_axilite_user_imp_m01_regslice_0_in_context.xdc] for cell 'SLR1/interconnect_axilite_user/m05_couplers/m05_regslice'
Parsing XDC File [/home/miahafiz/NeuroRing_a_2048/_x.hw.NUM_2048.CORE_10.FREQ_300/link/vivado/vpl/prj/prj.gen/my_rm/bd/ulp/ip/ulp_interconnect_axilite_user_imp_m06_regslice_0/ulp_interconnect_axilite_user_imp_m06_regslice_0/ulp_interconnect_axilite_user_imp_m01_regslice_0_in_context.xdc] for cell 'SLR1/interconnect_axilite_user/m06_couplers/m06_regslice'
Finished Parsing XDC File [/home/miahafiz/NeuroRing_a_2048/_x.hw.NUM_2048.CORE_10.FREQ_300/link/vivado/vpl/prj/prj.gen/my_rm/bd/ulp/ip/ulp_interconnect_axilite_user_imp_m06_regslice_0/ulp_interconnect_axilite_user_imp_m06_regslice_0/ulp_interconnect_axilite_user_imp_m01_regslice_0_in_context.xdc] for cell 'SLR1/interconnect_axilite_user/m06_couplers/m06_regslice'
Parsing XDC File [/home/miahafiz/NeuroRing_a_2048/_x.hw.NUM_2048.CORE_10.FREQ_300/link/vivado/vpl/prj/prj.gen/my_rm/bd/ulp/ip/ulp_interconnect_axilite_user_imp_m07_regslice_0/ulp_interconnect_axilite_user_imp_m07_regslice_0/ulp_interconnect_axilite_user_imp_m01_regslice_0_in_context.xdc] for cell 'SLR1/interconnect_axilite_user/m07_couplers/m07_regslice'
Finished Parsing XDC File [/home/miahafiz/NeuroRing_a_2048/_x.hw.NUM_2048.CORE_10.FREQ_300/link/vivado/vpl/prj/prj.gen/my_rm/bd/ulp/ip/ulp_interconnect_axilite_user_imp_m07_regslice_0/ulp_interconnect_axilite_user_imp_m07_regslice_0/ulp_interconnect_axilite_user_imp_m01_regslice_0_in_context.xdc] for cell 'SLR1/interconnect_axilite_user/m07_couplers/m07_regslice'
Parsing XDC File [/home/miahafiz/NeuroRing_a_2048/_x.hw.NUM_2048.CORE_10.FREQ_300/link/vivado/vpl/prj/prj.gen/my_rm/bd/ulp/ip/ulp_interconnect_axilite_user_imp_m08_regslice_0/ulp_interconnect_axilite_user_imp_m08_regslice_0/ulp_interconnect_axilite_user_imp_m01_regslice_0_in_context.xdc] for cell 'SLR1/interconnect_axilite_user/m08_couplers/m08_regslice'
Finished Parsing XDC File [/home/miahafiz/NeuroRing_a_2048/_x.hw.NUM_2048.CORE_10.FREQ_300/link/vivado/vpl/prj/prj.gen/my_rm/bd/ulp/ip/ulp_interconnect_axilite_user_imp_m08_regslice_0/ulp_interconnect_axilite_user_imp_m08_regslice_0/ulp_interconnect_axilite_user_imp_m01_regslice_0_in_context.xdc] for cell 'SLR1/interconnect_axilite_user/m08_couplers/m08_regslice'
Parsing XDC File [/home/miahafiz/NeuroRing_a_2048/_x.hw.NUM_2048.CORE_10.FREQ_300/link/vivado/vpl/prj/prj.gen/my_rm/bd/ulp/ip/ulp_interconnect_axilite_user_imp_m09_regslice_0/ulp_interconnect_axilite_user_imp_m09_regslice_0/ulp_interconnect_axilite_user_imp_m01_regslice_0_in_context.xdc] for cell 'SLR1/interconnect_axilite_user/m09_couplers/m09_regslice'
Finished Parsing XDC File [/home/miahafiz/NeuroRing_a_2048/_x.hw.NUM_2048.CORE_10.FREQ_300/link/vivado/vpl/prj/prj.gen/my_rm/bd/ulp/ip/ulp_interconnect_axilite_user_imp_m09_regslice_0/ulp_interconnect_axilite_user_imp_m09_regslice_0/ulp_interconnect_axilite_user_imp_m01_regslice_0_in_context.xdc] for cell 'SLR1/interconnect_axilite_user/m09_couplers/m09_regslice'
Parsing XDC File [/home/miahafiz/NeuroRing_a_2048/_x.hw.NUM_2048.CORE_10.FREQ_300/link/vivado/vpl/prj/prj.gen/my_rm/bd/ulp/ip/ulp_interconnect_axilite_user_imp_m10_regslice_0/ulp_interconnect_axilite_user_imp_m10_regslice_0/ulp_interconnect_axilite_user_imp_m01_regslice_0_in_context.xdc] for cell 'SLR1/interconnect_axilite_user/m10_couplers/m10_regslice'
Finished Parsing XDC File [/home/miahafiz/NeuroRing_a_2048/_x.hw.NUM_2048.CORE_10.FREQ_300/link/vivado/vpl/prj/prj.gen/my_rm/bd/ulp/ip/ulp_interconnect_axilite_user_imp_m10_regslice_0/ulp_interconnect_axilite_user_imp_m10_regslice_0/ulp_interconnect_axilite_user_imp_m01_regslice_0_in_context.xdc] for cell 'SLR1/interconnect_axilite_user/m10_couplers/m10_regslice'
Parsing XDC File [/home/miahafiz/NeuroRing_a_2048/_x.hw.NUM_2048.CORE_10.FREQ_300/link/vivado/vpl/prj/prj.gen/my_rm/bd/ulp/ip/ulp_interconnect_axilite_user_imp_m11_regslice_0/ulp_interconnect_axilite_user_imp_m11_regslice_0/ulp_interconnect_axilite_user_imp_m16_regslice_0_in_context.xdc] for cell 'SLR1/interconnect_axilite_user/m11_couplers/m11_regslice'
Finished Parsing XDC File [/home/miahafiz/NeuroRing_a_2048/_x.hw.NUM_2048.CORE_10.FREQ_300/link/vivado/vpl/prj/prj.gen/my_rm/bd/ulp/ip/ulp_interconnect_axilite_user_imp_m11_regslice_0/ulp_interconnect_axilite_user_imp_m11_regslice_0/ulp_interconnect_axilite_user_imp_m16_regslice_0_in_context.xdc] for cell 'SLR1/interconnect_axilite_user/m11_couplers/m11_regslice'
Parsing XDC File [/home/miahafiz/NeuroRing_a_2048/_x.hw.NUM_2048.CORE_10.FREQ_300/link/vivado/vpl/prj/prj.gen/my_rm/bd/ulp/ip/ulp_interconnect_axilite_user_imp_m12_regslice_0/ulp_interconnect_axilite_user_imp_m12_regslice_0/ulp_interconnect_axilite_user_imp_m16_regslice_0_in_context.xdc] for cell 'SLR1/interconnect_axilite_user/m12_couplers/m12_regslice'
Finished Parsing XDC File [/home/miahafiz/NeuroRing_a_2048/_x.hw.NUM_2048.CORE_10.FREQ_300/link/vivado/vpl/prj/prj.gen/my_rm/bd/ulp/ip/ulp_interconnect_axilite_user_imp_m12_regslice_0/ulp_interconnect_axilite_user_imp_m12_regslice_0/ulp_interconnect_axilite_user_imp_m16_regslice_0_in_context.xdc] for cell 'SLR1/interconnect_axilite_user/m12_couplers/m12_regslice'
Parsing XDC File [/home/miahafiz/NeuroRing_a_2048/_x.hw.NUM_2048.CORE_10.FREQ_300/link/vivado/vpl/prj/prj.gen/my_rm/bd/ulp/ip/ulp_interconnect_axilite_user_imp_m13_regslice_0/ulp_interconnect_axilite_user_imp_m13_regslice_0/ulp_interconnect_axilite_user_imp_m16_regslice_0_in_context.xdc] for cell 'SLR1/interconnect_axilite_user/m13_couplers/m13_regslice'
Finished Parsing XDC File [/home/miahafiz/NeuroRing_a_2048/_x.hw.NUM_2048.CORE_10.FREQ_300/link/vivado/vpl/prj/prj.gen/my_rm/bd/ulp/ip/ulp_interconnect_axilite_user_imp_m13_regslice_0/ulp_interconnect_axilite_user_imp_m13_regslice_0/ulp_interconnect_axilite_user_imp_m16_regslice_0_in_context.xdc] for cell 'SLR1/interconnect_axilite_user/m13_couplers/m13_regslice'
Parsing XDC File [/home/miahafiz/NeuroRing_a_2048/_x.hw.NUM_2048.CORE_10.FREQ_300/link/vivado/vpl/prj/prj.gen/my_rm/bd/ulp/ip/ulp_interconnect_axilite_user_imp_m14_regslice_0/ulp_interconnect_axilite_user_imp_m14_regslice_0/ulp_interconnect_axilite_user_imp_m16_regslice_0_in_context.xdc] for cell 'SLR1/interconnect_axilite_user/m14_couplers/m14_regslice'
Finished Parsing XDC File [/home/miahafiz/NeuroRing_a_2048/_x.hw.NUM_2048.CORE_10.FREQ_300/link/vivado/vpl/prj/prj.gen/my_rm/bd/ulp/ip/ulp_interconnect_axilite_user_imp_m14_regslice_0/ulp_interconnect_axilite_user_imp_m14_regslice_0/ulp_interconnect_axilite_user_imp_m16_regslice_0_in_context.xdc] for cell 'SLR1/interconnect_axilite_user/m14_couplers/m14_regslice'
Parsing XDC File [/home/miahafiz/NeuroRing_a_2048/_x.hw.NUM_2048.CORE_10.FREQ_300/link/vivado/vpl/prj/prj.gen/my_rm/bd/ulp/ip/ulp_interconnect_axilite_user_imp_m15_regslice_0/ulp_interconnect_axilite_user_imp_m15_regslice_0/ulp_interconnect_axilite_user_imp_m16_regslice_0_in_context.xdc] for cell 'SLR1/interconnect_axilite_user/m15_couplers/m15_regslice'
Finished Parsing XDC File [/home/miahafiz/NeuroRing_a_2048/_x.hw.NUM_2048.CORE_10.FREQ_300/link/vivado/vpl/prj/prj.gen/my_rm/bd/ulp/ip/ulp_interconnect_axilite_user_imp_m15_regslice_0/ulp_interconnect_axilite_user_imp_m15_regslice_0/ulp_interconnect_axilite_user_imp_m16_regslice_0_in_context.xdc] for cell 'SLR1/interconnect_axilite_user/m15_couplers/m15_regslice'
Parsing XDC File [/home/miahafiz/NeuroRing_a_2048/_x.hw.NUM_2048.CORE_10.FREQ_300/link/vivado/vpl/prj/prj.gen/my_rm/bd/ulp/ip/ulp_interconnect_axilite_user_imp_m16_regslice_0/ulp_interconnect_axilite_user_imp_m16_regslice_0/ulp_interconnect_axilite_user_imp_m16_regslice_0_in_context.xdc] for cell 'SLR1/interconnect_axilite_user/m16_couplers/m16_regslice'
Finished Parsing XDC File [/home/miahafiz/NeuroRing_a_2048/_x.hw.NUM_2048.CORE_10.FREQ_300/link/vivado/vpl/prj/prj.gen/my_rm/bd/ulp/ip/ulp_interconnect_axilite_user_imp_m16_regslice_0/ulp_interconnect_axilite_user_imp_m16_regslice_0/ulp_interconnect_axilite_user_imp_m16_regslice_0_in_context.xdc] for cell 'SLR1/interconnect_axilite_user/m16_couplers/m16_regslice'
Parsing XDC File [/home/miahafiz/NeuroRing_a_2048/_x.hw.NUM_2048.CORE_10.FREQ_300/link/vivado/vpl/prj/prj.gen/my_rm/bd/ulp/ip/ulp_interconnect_axilite_user_imp_m17_regslice_0/ulp_interconnect_axilite_user_imp_m17_regslice_0/ulp_interconnect_axilite_user_imp_m16_regslice_0_in_context.xdc] for cell 'SLR1/interconnect_axilite_user/m17_couplers/m17_regslice'
Finished Parsing XDC File [/home/miahafiz/NeuroRing_a_2048/_x.hw.NUM_2048.CORE_10.FREQ_300/link/vivado/vpl/prj/prj.gen/my_rm/bd/ulp/ip/ulp_interconnect_axilite_user_imp_m17_regslice_0/ulp_interconnect_axilite_user_imp_m17_regslice_0/ulp_interconnect_axilite_user_imp_m16_regslice_0_in_context.xdc] for cell 'SLR1/interconnect_axilite_user/m17_couplers/m17_regslice'
Parsing XDC File [/home/miahafiz/NeuroRing_a_2048/_x.hw.NUM_2048.CORE_10.FREQ_300/link/vivado/vpl/prj/prj.gen/my_rm/bd/ulp/ip/ulp_interconnect_axilite_user_imp_m18_regslice_0/ulp_interconnect_axilite_user_imp_m18_regslice_0/ulp_interconnect_axilite_user_imp_m16_regslice_0_in_context.xdc] for cell 'SLR1/interconnect_axilite_user/m18_couplers/m18_regslice'
Finished Parsing XDC File [/home/miahafiz/NeuroRing_a_2048/_x.hw.NUM_2048.CORE_10.FREQ_300/link/vivado/vpl/prj/prj.gen/my_rm/bd/ulp/ip/ulp_interconnect_axilite_user_imp_m18_regslice_0/ulp_interconnect_axilite_user_imp_m18_regslice_0/ulp_interconnect_axilite_user_imp_m16_regslice_0_in_context.xdc] for cell 'SLR1/interconnect_axilite_user/m18_couplers/m18_regslice'
Parsing XDC File [/home/miahafiz/NeuroRing_a_2048/_x.hw.NUM_2048.CORE_10.FREQ_300/link/vivado/vpl/prj/prj.gen/my_rm/bd/ulp/ip/ulp_interconnect_axilite_user_imp_m19_regslice_0/ulp_interconnect_axilite_user_imp_m19_regslice_0/ulp_interconnect_axilite_user_imp_m16_regslice_0_in_context.xdc] for cell 'SLR1/interconnect_axilite_user/m19_couplers/m19_regslice'
Finished Parsing XDC File [/home/miahafiz/NeuroRing_a_2048/_x.hw.NUM_2048.CORE_10.FREQ_300/link/vivado/vpl/prj/prj.gen/my_rm/bd/ulp/ip/ulp_interconnect_axilite_user_imp_m19_regslice_0/ulp_interconnect_axilite_user_imp_m19_regslice_0/ulp_interconnect_axilite_user_imp_m16_regslice_0_in_context.xdc] for cell 'SLR1/interconnect_axilite_user/m19_couplers/m19_regslice'
Parsing XDC File [/home/miahafiz/NeuroRing_a_2048/_x.hw.NUM_2048.CORE_10.FREQ_300/link/vivado/vpl/prj/prj.gen/my_rm/bd/ulp/ip/ulp_interconnect_axilite_user_imp_m20_regslice_0/ulp_interconnect_axilite_user_imp_m20_regslice_0/ulp_interconnect_axilite_user_imp_m16_regslice_0_in_context.xdc] for cell 'SLR1/interconnect_axilite_user/m20_couplers/m20_regslice'
Finished Parsing XDC File [/home/miahafiz/NeuroRing_a_2048/_x.hw.NUM_2048.CORE_10.FREQ_300/link/vivado/vpl/prj/prj.gen/my_rm/bd/ulp/ip/ulp_interconnect_axilite_user_imp_m20_regslice_0/ulp_interconnect_axilite_user_imp_m20_regslice_0/ulp_interconnect_axilite_user_imp_m16_regslice_0_in_context.xdc] for cell 'SLR1/interconnect_axilite_user/m20_couplers/m20_regslice'
Parsing XDC File [/home/miahafiz/NeuroRing_a_2048/_x.hw.NUM_2048.CORE_10.FREQ_300/link/vivado/vpl/prj/prj.gen/my_rm/bd/ulp/ip/ulp_interconnect_axilite_user_imp_m21_regslice_0/ulp_interconnect_axilite_user_imp_m21_regslice_0/ulp_interconnect_axilite_user_imp_m21_regslice_0_in_context.xdc] for cell 'SLR1/interconnect_axilite_user/m21_couplers/m21_regslice'
Finished Parsing XDC File [/home/miahafiz/NeuroRing_a_2048/_x.hw.NUM_2048.CORE_10.FREQ_300/link/vivado/vpl/prj/prj.gen/my_rm/bd/ulp/ip/ulp_interconnect_axilite_user_imp_m21_regslice_0/ulp_interconnect_axilite_user_imp_m21_regslice_0/ulp_interconnect_axilite_user_imp_m21_regslice_0_in_context.xdc] for cell 'SLR1/interconnect_axilite_user/m21_couplers/m21_regslice'
Parsing XDC File [/home/miahafiz/NeuroRing_a_2048/_x.hw.NUM_2048.CORE_10.FREQ_300/link/vivado/vpl/prj/prj.gen/my_rm/bd/ulp/ip/ulp_interconnect_axilite_user_imp_m22_regslice_0/ulp_interconnect_axilite_user_imp_m22_regslice_0/ulp_interconnect_axilite_user_imp_m21_regslice_0_in_context.xdc] for cell 'SLR1/interconnect_axilite_user/m22_couplers/m22_regslice'
Finished Parsing XDC File [/home/miahafiz/NeuroRing_a_2048/_x.hw.NUM_2048.CORE_10.FREQ_300/link/vivado/vpl/prj/prj.gen/my_rm/bd/ulp/ip/ulp_interconnect_axilite_user_imp_m22_regslice_0/ulp_interconnect_axilite_user_imp_m22_regslice_0/ulp_interconnect_axilite_user_imp_m21_regslice_0_in_context.xdc] for cell 'SLR1/interconnect_axilite_user/m22_couplers/m22_regslice'
Parsing XDC File [/home/miahafiz/NeuroRing_a_2048/_x.hw.NUM_2048.CORE_10.FREQ_300/link/vivado/vpl/prj/prj.gen/my_rm/bd/ulp/ip/ulp_interconnect_axilite_user_imp_s00_regslice_0/ulp_interconnect_axilite_user_imp_s00_regslice_0/ulp_interconnect_axilite_user_imp_s00_regslice_0_in_context.xdc] for cell 'SLR0/interconnect_axilite_user/s00_couplers/s00_regslice'
Finished Parsing XDC File [/home/miahafiz/NeuroRing_a_2048/_x.hw.NUM_2048.CORE_10.FREQ_300/link/vivado/vpl/prj/prj.gen/my_rm/bd/ulp/ip/ulp_interconnect_axilite_user_imp_s00_regslice_0/ulp_interconnect_axilite_user_imp_s00_regslice_0/ulp_interconnect_axilite_user_imp_s00_regslice_0_in_context.xdc] for cell 'SLR0/interconnect_axilite_user/s00_couplers/s00_regslice'
Parsing XDC File [/home/miahafiz/NeuroRing_a_2048/_x.hw.NUM_2048.CORE_10.FREQ_300/link/vivado/vpl/prj/prj.gen/my_rm/bd/ulp/ip/ulp_interconnect_axilite_user_imp_s00_regslice_1/ulp_interconnect_axilite_user_imp_s00_regslice_1/ulp_interconnect_axilite_user_imp_s00_regslice_1_in_context.xdc] for cell 'SLR1/interconnect_axilite_user/s00_couplers/s00_regslice'
Finished Parsing XDC File [/home/miahafiz/NeuroRing_a_2048/_x.hw.NUM_2048.CORE_10.FREQ_300/link/vivado/vpl/prj/prj.gen/my_rm/bd/ulp/ip/ulp_interconnect_axilite_user_imp_s00_regslice_1/ulp_interconnect_axilite_user_imp_s00_regslice_1/ulp_interconnect_axilite_user_imp_s00_regslice_1_in_context.xdc] for cell 'SLR1/interconnect_axilite_user/s00_couplers/s00_regslice'
Parsing XDC File [/home/miahafiz/NeuroRing_a_2048/_x.hw.NUM_2048.CORE_10.FREQ_300/link/vivado/vpl/prj/prj.gen/my_rm/bd/ulp/ip/ulp_interconnect_axilite_user_imp_s00_regslice_2/ulp_interconnect_axilite_user_imp_s00_regslice_2/ulp_interconnect_axilite_user_imp_s00_regslice_0_in_context.xdc] for cell 'SLR2/interconnect_axilite_user/s00_couplers/s00_regslice'
Finished Parsing XDC File [/home/miahafiz/NeuroRing_a_2048/_x.hw.NUM_2048.CORE_10.FREQ_300/link/vivado/vpl/prj/prj.gen/my_rm/bd/ulp/ip/ulp_interconnect_axilite_user_imp_s00_regslice_2/ulp_interconnect_axilite_user_imp_s00_regslice_2/ulp_interconnect_axilite_user_imp_s00_regslice_0_in_context.xdc] for cell 'SLR2/interconnect_axilite_user/s00_couplers/s00_regslice'
Parsing XDC File [/home/miahafiz/NeuroRing_a_2048/_x.hw.NUM_2048.CORE_10.FREQ_300/link/vivado/vpl/prj/prj.gen/my_rm/bd/ulp/ip/ulp_interconnect_axilite_user_imp_tier2_xbar_0_0/ulp_interconnect_axilite_user_imp_tier2_xbar_0_0/ulp_interconnect_axilite_user_imp_tier2_xbar_0_0_in_context.xdc] for cell 'SLR1/interconnect_axilite_user/tier2_xbar_0'
Finished Parsing XDC File [/home/miahafiz/NeuroRing_a_2048/_x.hw.NUM_2048.CORE_10.FREQ_300/link/vivado/vpl/prj/prj.gen/my_rm/bd/ulp/ip/ulp_interconnect_axilite_user_imp_tier2_xbar_0_0/ulp_interconnect_axilite_user_imp_tier2_xbar_0_0/ulp_interconnect_axilite_user_imp_tier2_xbar_0_0_in_context.xdc] for cell 'SLR1/interconnect_axilite_user/tier2_xbar_0'
Parsing XDC File [/home/miahafiz/NeuroRing_a_2048/_x.hw.NUM_2048.CORE_10.FREQ_300/link/vivado/vpl/prj/prj.gen/my_rm/bd/ulp/ip/ulp_interconnect_axilite_user_imp_tier2_xbar_1_0/ulp_interconnect_axilite_user_imp_tier2_xbar_1_0/ulp_interconnect_axilite_user_imp_tier2_xbar_1_0_in_context.xdc] for cell 'SLR1/interconnect_axilite_user/tier2_xbar_1'
Finished Parsing XDC File [/home/miahafiz/NeuroRing_a_2048/_x.hw.NUM_2048.CORE_10.FREQ_300/link/vivado/vpl/prj/prj.gen/my_rm/bd/ulp/ip/ulp_interconnect_axilite_user_imp_tier2_xbar_1_0/ulp_interconnect_axilite_user_imp_tier2_xbar_1_0/ulp_interconnect_axilite_user_imp_tier2_xbar_1_0_in_context.xdc] for cell 'SLR1/interconnect_axilite_user/tier2_xbar_1'
Parsing XDC File [/home/miahafiz/NeuroRing_a_2048/_x.hw.NUM_2048.CORE_10.FREQ_300/link/vivado/vpl/prj/prj.gen/my_rm/bd/ulp/ip/ulp_interconnect_axilite_user_imp_tier2_xbar_2_0/ulp_interconnect_axilite_user_imp_tier2_xbar_2_0/ulp_interconnect_axilite_user_imp_tier2_xbar_2_0_in_context.xdc] for cell 'SLR1/interconnect_axilite_user/tier2_xbar_2'
Finished Parsing XDC File [/home/miahafiz/NeuroRing_a_2048/_x.hw.NUM_2048.CORE_10.FREQ_300/link/vivado/vpl/prj/prj.gen/my_rm/bd/ulp/ip/ulp_interconnect_axilite_user_imp_tier2_xbar_2_0/ulp_interconnect_axilite_user_imp_tier2_xbar_2_0/ulp_interconnect_axilite_user_imp_tier2_xbar_2_0_in_context.xdc] for cell 'SLR1/interconnect_axilite_user/tier2_xbar_2'
Parsing XDC File [/home/miahafiz/NeuroRing_a_2048/_x.hw.NUM_2048.CORE_10.FREQ_300/link/vivado/vpl/prj/prj.gen/my_rm/bd/ulp/ip/ulp_interconnect_axilite_user_upgraded_ipi_imp_xbar_0/ulp_interconnect_axilite_user_upgraded_ipi_imp_xbar_0/ulp_interconnect_axilite_user_upgraded_ipi_imp_xbar_0_in_context.xdc] for cell 'SLR1/interconnect_axilite_user/xbar'
Finished Parsing XDC File [/home/miahafiz/NeuroRing_a_2048/_x.hw.NUM_2048.CORE_10.FREQ_300/link/vivado/vpl/prj/prj.gen/my_rm/bd/ulp/ip/ulp_interconnect_axilite_user_upgraded_ipi_imp_xbar_0/ulp_interconnect_axilite_user_upgraded_ipi_imp_xbar_0/ulp_interconnect_axilite_user_upgraded_ipi_imp_xbar_0_in_context.xdc] for cell 'SLR1/interconnect_axilite_user/xbar'
Parsing XDC File [/home/miahafiz/NeuroRing_a_2048/_x.hw.NUM_2048.CORE_10.FREQ_300/link/vivado/vpl/prj/prj.gen/my_rm/bd/ulp/ip/ulp_krnl_aurora_0_0/ulp_krnl_aurora_0_0/ulp_krnl_aurora_1_0_in_context.xdc] for cell 'krnl_aurora_0'
Finished Parsing XDC File [/home/miahafiz/NeuroRing_a_2048/_x.hw.NUM_2048.CORE_10.FREQ_300/link/vivado/vpl/prj/prj.gen/my_rm/bd/ulp/ip/ulp_krnl_aurora_0_0/ulp_krnl_aurora_0_0/ulp_krnl_aurora_1_0_in_context.xdc] for cell 'krnl_aurora_0'
Parsing XDC File [/home/miahafiz/NeuroRing_a_2048/_x.hw.NUM_2048.CORE_10.FREQ_300/link/vivado/vpl/prj/prj.gen/my_rm/bd/ulp/ip/ulp_krnl_aurora_1_0/ulp_krnl_aurora_1_0/ulp_krnl_aurora_1_0_in_context.xdc] for cell 'krnl_aurora_1'
Finished Parsing XDC File [/home/miahafiz/NeuroRing_a_2048/_x.hw.NUM_2048.CORE_10.FREQ_300/link/vivado/vpl/prj/prj.gen/my_rm/bd/ulp/ip/ulp_krnl_aurora_1_0/ulp_krnl_aurora_1_0/ulp_krnl_aurora_1_0_in_context.xdc] for cell 'krnl_aurora_1'
Parsing XDC File [/home/miahafiz/NeuroRing_a_2048/_x.hw.NUM_2048.CORE_10.FREQ_300/link/vivado/vpl/prj/prj.gen/my_rm/bd/ulp/ip/ulp_proc_sys_reset_ctrl_slr0_0/ulp_proc_sys_reset_ctrl_slr0_0/ulp_proc_sys_reset_ctrl_slr0_0_in_context.xdc] for cell 'proc_sys_reset_ctrl_slr0'
Finished Parsing XDC File [/home/miahafiz/NeuroRing_a_2048/_x.hw.NUM_2048.CORE_10.FREQ_300/link/vivado/vpl/prj/prj.gen/my_rm/bd/ulp/ip/ulp_proc_sys_reset_ctrl_slr0_0/ulp_proc_sys_reset_ctrl_slr0_0/ulp_proc_sys_reset_ctrl_slr0_0_in_context.xdc] for cell 'proc_sys_reset_ctrl_slr0'
Parsing XDC File [/home/miahafiz/NeuroRing_a_2048/_x.hw.NUM_2048.CORE_10.FREQ_300/link/vivado/vpl/prj/prj.gen/my_rm/bd/ulp/ip/ulp_proc_sys_reset_ctrl_slr1_0/ulp_proc_sys_reset_ctrl_slr1_0/ulp_proc_sys_reset_ctrl_slr1_0_in_context.xdc] for cell 'proc_sys_reset_ctrl_slr1'
Finished Parsing XDC File [/home/miahafiz/NeuroRing_a_2048/_x.hw.NUM_2048.CORE_10.FREQ_300/link/vivado/vpl/prj/prj.gen/my_rm/bd/ulp/ip/ulp_proc_sys_reset_ctrl_slr1_0/ulp_proc_sys_reset_ctrl_slr1_0/ulp_proc_sys_reset_ctrl_slr1_0_in_context.xdc] for cell 'proc_sys_reset_ctrl_slr1'
Parsing XDC File [/home/miahafiz/NeuroRing_a_2048/_x.hw.NUM_2048.CORE_10.FREQ_300/link/vivado/vpl/prj/prj.gen/my_rm/bd/ulp/ip/ulp_proc_sys_reset_ctrl_slr2_0/ulp_proc_sys_reset_ctrl_slr2_0/ulp_proc_sys_reset_ctrl_slr2_0_in_context.xdc] for cell 'proc_sys_reset_ctrl_slr2'
Finished Parsing XDC File [/home/miahafiz/NeuroRing_a_2048/_x.hw.NUM_2048.CORE_10.FREQ_300/link/vivado/vpl/prj/prj.gen/my_rm/bd/ulp/ip/ulp_proc_sys_reset_ctrl_slr2_0/ulp_proc_sys_reset_ctrl_slr2_0/ulp_proc_sys_reset_ctrl_slr2_0_in_context.xdc] for cell 'proc_sys_reset_ctrl_slr2'
Parsing XDC File [/home/miahafiz/NeuroRing_a_2048/_x.hw.NUM_2048.CORE_10.FREQ_300/link/vivado/vpl/prj/prj.gen/my_rm/bd/ulp/ip/ulp_proc_sys_reset_freerun_slr0_0/ulp_proc_sys_reset_freerun_slr0_0/ulp_proc_sys_reset_freerun_slr0_0_in_context.xdc] for cell 'proc_sys_reset_freerun_slr0'
Finished Parsing XDC File [/home/miahafiz/NeuroRing_a_2048/_x.hw.NUM_2048.CORE_10.FREQ_300/link/vivado/vpl/prj/prj.gen/my_rm/bd/ulp/ip/ulp_proc_sys_reset_freerun_slr0_0/ulp_proc_sys_reset_freerun_slr0_0/ulp_proc_sys_reset_freerun_slr0_0_in_context.xdc] for cell 'proc_sys_reset_freerun_slr0'
Parsing XDC File [/home/miahafiz/NeuroRing_a_2048/_x.hw.NUM_2048.CORE_10.FREQ_300/link/vivado/vpl/prj/prj.gen/my_rm/bd/ulp/ip/ulp_proc_sys_reset_freerun_slr1_0/ulp_proc_sys_reset_freerun_slr1_0/ulp_proc_sys_reset_freerun_slr1_0_in_context.xdc] for cell 'proc_sys_reset_freerun_slr1'
Finished Parsing XDC File [/home/miahafiz/NeuroRing_a_2048/_x.hw.NUM_2048.CORE_10.FREQ_300/link/vivado/vpl/prj/prj.gen/my_rm/bd/ulp/ip/ulp_proc_sys_reset_freerun_slr1_0/ulp_proc_sys_reset_freerun_slr1_0/ulp_proc_sys_reset_freerun_slr1_0_in_context.xdc] for cell 'proc_sys_reset_freerun_slr1'
Parsing XDC File [/home/miahafiz/NeuroRing_a_2048/_x.hw.NUM_2048.CORE_10.FREQ_300/link/vivado/vpl/prj/prj.gen/my_rm/bd/ulp/ip/ulp_proc_sys_reset_freerun_slr2_0/ulp_proc_sys_reset_freerun_slr2_0/ulp_proc_sys_reset_freerun_slr2_0_in_context.xdc] for cell 'proc_sys_reset_freerun_slr2'
Finished Parsing XDC File [/home/miahafiz/NeuroRing_a_2048/_x.hw.NUM_2048.CORE_10.FREQ_300/link/vivado/vpl/prj/prj.gen/my_rm/bd/ulp/ip/ulp_proc_sys_reset_freerun_slr2_0/ulp_proc_sys_reset_freerun_slr2_0/ulp_proc_sys_reset_freerun_slr2_0_in_context.xdc] for cell 'proc_sys_reset_freerun_slr2'
Parsing XDC File [/home/miahafiz/NeuroRing_a_2048/_x.hw.NUM_2048.CORE_10.FREQ_300/link/vivado/vpl/prj/prj.gen/my_rm/bd/ulp/ip/ulp_proc_sys_reset_kernel2_slr0_0/ulp_proc_sys_reset_kernel2_slr0_0/ulp_proc_sys_reset_kernel2_slr0_0_in_context.xdc] for cell 'proc_sys_reset_kernel2_slr0'
Finished Parsing XDC File [/home/miahafiz/NeuroRing_a_2048/_x.hw.NUM_2048.CORE_10.FREQ_300/link/vivado/vpl/prj/prj.gen/my_rm/bd/ulp/ip/ulp_proc_sys_reset_kernel2_slr0_0/ulp_proc_sys_reset_kernel2_slr0_0/ulp_proc_sys_reset_kernel2_slr0_0_in_context.xdc] for cell 'proc_sys_reset_kernel2_slr0'
Parsing XDC File [/home/miahafiz/NeuroRing_a_2048/_x.hw.NUM_2048.CORE_10.FREQ_300/link/vivado/vpl/prj/prj.gen/my_rm/bd/ulp/ip/ulp_proc_sys_reset_kernel2_slr1_0/ulp_proc_sys_reset_kernel2_slr1_0/ulp_proc_sys_reset_kernel2_slr1_0_in_context.xdc] for cell 'proc_sys_reset_kernel2_slr1'
Finished Parsing XDC File [/home/miahafiz/NeuroRing_a_2048/_x.hw.NUM_2048.CORE_10.FREQ_300/link/vivado/vpl/prj/prj.gen/my_rm/bd/ulp/ip/ulp_proc_sys_reset_kernel2_slr1_0/ulp_proc_sys_reset_kernel2_slr1_0/ulp_proc_sys_reset_kernel2_slr1_0_in_context.xdc] for cell 'proc_sys_reset_kernel2_slr1'
Parsing XDC File [/home/miahafiz/NeuroRing_a_2048/_x.hw.NUM_2048.CORE_10.FREQ_300/link/vivado/vpl/prj/prj.gen/my_rm/bd/ulp/ip/ulp_proc_sys_reset_kernel2_slr2_0/ulp_proc_sys_reset_kernel2_slr2_0/ulp_proc_sys_reset_kernel2_slr2_0_in_context.xdc] for cell 'proc_sys_reset_kernel2_slr2'
Finished Parsing XDC File [/home/miahafiz/NeuroRing_a_2048/_x.hw.NUM_2048.CORE_10.FREQ_300/link/vivado/vpl/prj/prj.gen/my_rm/bd/ulp/ip/ulp_proc_sys_reset_kernel2_slr2_0/ulp_proc_sys_reset_kernel2_slr2_0/ulp_proc_sys_reset_kernel2_slr2_0_in_context.xdc] for cell 'proc_sys_reset_kernel2_slr2'
Parsing XDC File [/home/miahafiz/NeuroRing_a_2048/_x.hw.NUM_2048.CORE_10.FREQ_300/link/vivado/vpl/prj/prj.gen/my_rm/bd/ulp/ip/ulp_proc_sys_reset_kernel_slr0_0/ulp_proc_sys_reset_kernel_slr0_0/ulp_proc_sys_reset_kernel_slr0_0_in_context.xdc] for cell 'proc_sys_reset_kernel_slr0'
Finished Parsing XDC File [/home/miahafiz/NeuroRing_a_2048/_x.hw.NUM_2048.CORE_10.FREQ_300/link/vivado/vpl/prj/prj.gen/my_rm/bd/ulp/ip/ulp_proc_sys_reset_kernel_slr0_0/ulp_proc_sys_reset_kernel_slr0_0/ulp_proc_sys_reset_kernel_slr0_0_in_context.xdc] for cell 'proc_sys_reset_kernel_slr0'
Parsing XDC File [/home/miahafiz/NeuroRing_a_2048/_x.hw.NUM_2048.CORE_10.FREQ_300/link/vivado/vpl/prj/prj.gen/my_rm/bd/ulp/ip/ulp_proc_sys_reset_kernel_slr1_0/ulp_proc_sys_reset_kernel_slr1_0/ulp_proc_sys_reset_kernel_slr1_0_in_context.xdc] for cell 'proc_sys_reset_kernel_slr1'
Finished Parsing XDC File [/home/miahafiz/NeuroRing_a_2048/_x.hw.NUM_2048.CORE_10.FREQ_300/link/vivado/vpl/prj/prj.gen/my_rm/bd/ulp/ip/ulp_proc_sys_reset_kernel_slr1_0/ulp_proc_sys_reset_kernel_slr1_0/ulp_proc_sys_reset_kernel_slr1_0_in_context.xdc] for cell 'proc_sys_reset_kernel_slr1'
Parsing XDC File [/home/miahafiz/NeuroRing_a_2048/_x.hw.NUM_2048.CORE_10.FREQ_300/link/vivado/vpl/prj/prj.gen/my_rm/bd/ulp/ip/ulp_proc_sys_reset_kernel_slr2_0/ulp_proc_sys_reset_kernel_slr2_0/ulp_proc_sys_reset_kernel_slr2_0_in_context.xdc] for cell 'proc_sys_reset_kernel_slr2'
Finished Parsing XDC File [/home/miahafiz/NeuroRing_a_2048/_x.hw.NUM_2048.CORE_10.FREQ_300/link/vivado/vpl/prj/prj.gen/my_rm/bd/ulp/ip/ulp_proc_sys_reset_kernel_slr2_0/ulp_proc_sys_reset_kernel_slr2_0/ulp_proc_sys_reset_kernel_slr2_0_in_context.xdc] for cell 'proc_sys_reset_kernel_slr2'
Parsing XDC File [/home/miahafiz/NeuroRing_a_2048/_x.hw.NUM_2048.CORE_10.FREQ_300/link/vivado/vpl/prj/prj.gen/my_rm/bd/ulp/ip/ulp_regslice_control_userpf_0/ulp_regslice_control_userpf_0/ulp_regslice_control_userpf_0_in_context.xdc] for cell 'SLR0/regslice_control_userpf'
Finished Parsing XDC File [/home/miahafiz/NeuroRing_a_2048/_x.hw.NUM_2048.CORE_10.FREQ_300/link/vivado/vpl/prj/prj.gen/my_rm/bd/ulp/ip/ulp_regslice_control_userpf_0/ulp_regslice_control_userpf_0/ulp_regslice_control_userpf_0_in_context.xdc] for cell 'SLR0/regslice_control_userpf'
Parsing XDC File [/home/miahafiz/NeuroRing_a_2048/_x.hw.NUM_2048.CORE_10.FREQ_300/link/vivado/vpl/prj/prj.gen/my_rm/bd/ulp/ip/ulp_regslice_control_userpf_1/ulp_regslice_control_userpf_1/ulp_regslice_control_userpf_1_in_context.xdc] for cell 'SLR1/regslice_control_userpf'
Finished Parsing XDC File [/home/miahafiz/NeuroRing_a_2048/_x.hw.NUM_2048.CORE_10.FREQ_300/link/vivado/vpl/prj/prj.gen/my_rm/bd/ulp/ip/ulp_regslice_control_userpf_1/ulp_regslice_control_userpf_1/ulp_regslice_control_userpf_1_in_context.xdc] for cell 'SLR1/regslice_control_userpf'
Parsing XDC File [/home/miahafiz/NeuroRing_a_2048/_x.hw.NUM_2048.CORE_10.FREQ_300/link/vivado/vpl/prj/prj.gen/my_rm/bd/ulp/ip/ulp_regslice_control_userpf_2/ulp_regslice_control_userpf_2/ulp_regslice_control_userpf_2_in_context.xdc] for cell 'SLR2/regslice_control_userpf'
Finished Parsing XDC File [/home/miahafiz/NeuroRing_a_2048/_x.hw.NUM_2048.CORE_10.FREQ_300/link/vivado/vpl/prj/prj.gen/my_rm/bd/ulp/ip/ulp_regslice_control_userpf_2/ulp_regslice_control_userpf_2/ulp_regslice_control_userpf_2_in_context.xdc] for cell 'SLR2/regslice_control_userpf'
Parsing XDC File [/home/miahafiz/NeuroRing_a_2048/_x.hw.NUM_2048.CORE_10.FREQ_300/link/vivado/vpl/prj/prj.gen/my_rm/bd/ulp/ip/ulp_ulp_cmp_0/ulp_ulp_cmp_0/ulp_ulp_cmp_0_in_context.xdc] for cell 'ulp_cmp'
Finished Parsing XDC File [/home/miahafiz/NeuroRing_a_2048/_x.hw.NUM_2048.CORE_10.FREQ_300/link/vivado/vpl/prj/prj.gen/my_rm/bd/ulp/ip/ulp_ulp_cmp_0/ulp_ulp_cmp_0/ulp_ulp_cmp_0_in_context.xdc] for cell 'ulp_cmp'
Parsing XDC File [/home/miahafiz/NeuroRing_a_2048/_x.hw.NUM_2048.CORE_10.FREQ_300/link/vivado/vpl/prj/prj.gen/my_rm/bd/ulp/ip/ulp_ulp_ucs_0/ulp_ulp_ucs_0/ulp_ulp_ucs_0_in_context.xdc] for cell 'ulp_ucs'
Finished Parsing XDC File [/home/miahafiz/NeuroRing_a_2048/_x.hw.NUM_2048.CORE_10.FREQ_300/link/vivado/vpl/prj/prj.gen/my_rm/bd/ulp/ip/ulp_ulp_ucs_0/ulp_ulp_ucs_0/ulp_ulp_ucs_0_in_context.xdc] for cell 'ulp_ucs'
Parsing XDC File [/home/miahafiz/NeuroRing_a_2048/_x.hw.NUM_2048.CORE_10.FREQ_300/link/vivado/vpl/prj/prj.gen/my_rm/bd/ulp/ulp_ooc.xdc]
Finished Parsing XDC File [/home/miahafiz/NeuroRing_a_2048/_x.hw.NUM_2048.CORE_10.FREQ_300/link/vivado/vpl/prj/prj.gen/my_rm/bd/ulp/ulp_ooc.xdc]
Parsing XDC File [/home/miahafiz/NeuroRing_a_2048/_x.hw.NUM_2048.CORE_10.FREQ_300/link/vivado/vpl/prj/prj.runs/my_rm_synth_1/dont_touch.xdc]
Finished Parsing XDC File [/home/miahafiz/NeuroRing_a_2048/_x.hw.NUM_2048.CORE_10.FREQ_300/link/vivado/vpl/prj/prj.runs/my_rm_synth_1/dont_touch.xdc]
Parsing XDC File [/home/miahafiz/NeuroRing_a_2048/_x.hw.NUM_2048.CORE_10.FREQ_300/link/vivado/vpl/output/ulp_ooc_copy.xdc]
WARNING: [Constraints 18-619] A clock with name 'blp_s_aclk_ctrl_00' already exists, overwriting the previous clock with the same name. [/home/miahafiz/NeuroRing_a_2048/_x.hw.NUM_2048.CORE_10.FREQ_300/link/vivado/vpl/output/ulp_ooc_copy.xdc:9]
WARNING: [Constraints 18-619] A clock with name 'blp_s_aclk_freerun_ref_00' already exists, overwriting the previous clock with the same name. [/home/miahafiz/NeuroRing_a_2048/_x.hw.NUM_2048.CORE_10.FREQ_300/link/vivado/vpl/output/ulp_ooc_copy.xdc:10]
WARNING: [Constraints 18-619] A clock with name 'blp_s_aclk_pcie_00' already exists, overwriting the previous clock with the same name. [/home/miahafiz/NeuroRing_a_2048/_x.hw.NUM_2048.CORE_10.FREQ_300/link/vivado/vpl/output/ulp_ooc_copy.xdc:11]
Finished Parsing XDC File [/home/miahafiz/NeuroRing_a_2048/_x.hw.NUM_2048.CORE_10.FREQ_300/link/vivado/vpl/output/ulp_ooc_copy.xdc]
Completed Processing XDC Constraints

Netlist sorting complete. Time (s): cpu = 00:00:00 ; elapsed = 00:00:00 . Memory (MB): peak = 4617.395 ; gain = 0.000 ; free physical = 44086 ; free virtual = 90530
INFO: [Project 1-111] Unisim Transformation Summary:
No Unisim elements were transformed.

Constraint Validation Runtime : Time (s): cpu = 00:00:00.34 ; elapsed = 00:00:00.37 . Memory (MB): peak = 4617.395 ; gain = 0.000 ; free physical = 44086 ; free virtual = 90527
INFO: [Designutils 20-5008] Incremental synthesis strategy off
---------------------------------------------------------------------------------
Finished Constraint Validation : Time (s): cpu = 00:00:35 ; elapsed = 00:00:45 . Memory (MB): peak = 4617.395 ; gain = 0.000 ; free physical = 46831 ; free virtual = 93275
---------------------------------------------------------------------------------
---------------------------------------------------------------------------------
Start Loading Part and Timing Information
---------------------------------------------------------------------------------
Loading part: xcu55c-fsvh2892-2L-e
INFO: [Synth 8-6742] Reading net delay rules and data
---------------------------------------------------------------------------------
Finished Loading Part and Timing Information : Time (s): cpu = 00:00:35 ; elapsed = 00:00:45 . Memory (MB): peak = 4617.395 ; gain = 0.000 ; free physical = 46830 ; free virtual = 93274
---------------------------------------------------------------------------------
---------------------------------------------------------------------------------
Start Applying 'set_property' XDC Constraints
---------------------------------------------------------------------------------
---------------------------------------------------------------------------------
Finished applying 'set_property' XDC Constraints : Time (s): cpu = 00:00:36 ; elapsed = 00:00:46 . Memory (MB): peak = 4617.395 ; gain = 0.000 ; free physical = 46768 ; free virtual = 93212
---------------------------------------------------------------------------------
---------------------------------------------------------------------------------
Finished RTL Optimization Phase 2 : Time (s): cpu = 00:00:37 ; elapsed = 00:00:47 . Memory (MB): peak = 4617.395 ; gain = 0.000 ; free physical = 46667 ; free virtual = 93114
---------------------------------------------------------------------------------
---------------------------------------------------------------------------------
Start RTL Component Statistics 
---------------------------------------------------------------------------------
Detailed RTL Component Info : 
---------------------------------------------------------------------------------
Finished RTL Component Statistics 
---------------------------------------------------------------------------------
---------------------------------------------------------------------------------
Start Part Resource Summary
---------------------------------------------------------------------------------
Part Resources:
DSPs: 9024 (col length:94)
BRAMs: 4032 (col length: RAMB18 288 RAMB36 144)
---------------------------------------------------------------------------------
Finished Part Resource Summary
---------------------------------------------------------------------------------
---------------------------------------------------------------------------------
Start Cross Boundary and Area Optimization
---------------------------------------------------------------------------------
WARNING: [Synth 8-7080] Parallel synthesis criteria is not met
---------------------------------------------------------------------------------
Finished Cross Boundary and Area Optimization : Time (s): cpu = 00:00:39 ; elapsed = 00:00:50 . Memory (MB): peak = 4617.395 ; gain = 0.000 ; free physical = 46439 ; free virtual = 92886
---------------------------------------------------------------------------------
---------------------------------------------------------------------------------
Start Applying XDC Timing Constraints
---------------------------------------------------------------------------------
WARNING: [Synth 8-565] redefining clock 'blp_s_aclk_ctrl_00'
WARNING: [Synth 8-565] redefining clock 'blp_s_aclk_freerun_ref_00'
WARNING: [Synth 8-565] redefining clock 'blp_s_aclk_pcie_00'
---------------------------------------------------------------------------------
Finished Applying XDC Timing Constraints : Time (s): cpu = 00:00:48 ; elapsed = 00:00:59 . Memory (MB): peak = 4617.395 ; gain = 0.000 ; free physical = 43871 ; free virtual = 90318
---------------------------------------------------------------------------------
---------------------------------------------------------------------------------
Start Timing Optimization
---------------------------------------------------------------------------------
---------------------------------------------------------------------------------
Finished Timing Optimization : Time (s): cpu = 00:00:48 ; elapsed = 00:00:59 . Memory (MB): peak = 4617.395 ; gain = 0.000 ; free physical = 43807 ; free virtual = 90254
---------------------------------------------------------------------------------
---------------------------------------------------------------------------------
Start Technology Mapping
---------------------------------------------------------------------------------
---------------------------------------------------------------------------------
Finished Technology Mapping : Time (s): cpu = 00:00:49 ; elapsed = 00:01:00 . Memory (MB): peak = 4617.395 ; gain = 0.000 ; free physical = 43797 ; free virtual = 90244
---------------------------------------------------------------------------------
---------------------------------------------------------------------------------
Start IO Insertion
---------------------------------------------------------------------------------
---------------------------------------------------------------------------------
Start Flattening Before IO Insertion
---------------------------------------------------------------------------------
---------------------------------------------------------------------------------
Finished Flattening Before IO Insertion
---------------------------------------------------------------------------------
---------------------------------------------------------------------------------
Start Final Netlist Cleanup
---------------------------------------------------------------------------------
---------------------------------------------------------------------------------
Finished Final Netlist Cleanup
---------------------------------------------------------------------------------
---------------------------------------------------------------------------------
Finished IO Insertion : Time (s): cpu = 00:00:53 ; elapsed = 00:01:05 . Memory (MB): peak = 4617.395 ; gain = 0.000 ; free physical = 48169 ; free virtual = 94615
---------------------------------------------------------------------------------
---------------------------------------------------------------------------------
Start Renaming Generated Instances
---------------------------------------------------------------------------------
---------------------------------------------------------------------------------
Finished Renaming Generated Instances : Time (s): cpu = 00:00:53 ; elapsed = 00:01:05 . Memory (MB): peak = 4617.395 ; gain = 0.000 ; free physical = 48160 ; free virtual = 94606
---------------------------------------------------------------------------------
---------------------------------------------------------------------------------
Start Rebuilding User Hierarchy
---------------------------------------------------------------------------------
---------------------------------------------------------------------------------
Finished Rebuilding User Hierarchy : Time (s): cpu = 00:00:53 ; elapsed = 00:01:05 . Memory (MB): peak = 4617.395 ; gain = 0.000 ; free physical = 48077 ; free virtual = 94523
---------------------------------------------------------------------------------
---------------------------------------------------------------------------------
Start Renaming Generated Ports
---------------------------------------------------------------------------------
---------------------------------------------------------------------------------
Finished Renaming Generated Ports : Time (s): cpu = 00:00:54 ; elapsed = 00:01:05 . Memory (MB): peak = 4617.395 ; gain = 0.000 ; free physical = 48062 ; free virtual = 94508
---------------------------------------------------------------------------------
---------------------------------------------------------------------------------
Start Handling Custom Attributes
---------------------------------------------------------------------------------
---------------------------------------------------------------------------------
Finished Handling Custom Attributes : Time (s): cpu = 00:00:54 ; elapsed = 00:01:05 . Memory (MB): peak = 4617.395 ; gain = 0.000 ; free physical = 48036 ; free virtual = 94482
---------------------------------------------------------------------------------
---------------------------------------------------------------------------------
Start Renaming Generated Nets
---------------------------------------------------------------------------------
---------------------------------------------------------------------------------
Finished Renaming Generated Nets : Time (s): cpu = 00:00:54 ; elapsed = 00:01:05 . Memory (MB): peak = 4617.395 ; gain = 0.000 ; free physical = 48007 ; free virtual = 94453
---------------------------------------------------------------------------------
---------------------------------------------------------------------------------
Start Writing Synthesis Report
---------------------------------------------------------------------------------

Report BlackBoxes: 
+------+------------------------------------------------------+----------+
|      |BlackBox name                                         |Instances |
+------+------------------------------------------------------+----------+
|1     |ulp_NeuroRing_0_0                                     |         1|
|2     |ulp_NeuroRing_1_0                                     |         1|
|3     |ulp_NeuroRing_2_0                                     |         1|
|4     |ulp_NeuroRing_3_0                                     |         1|
|5     |ulp_NeuroRing_4_0                                     |         1|
|6     |ulp_NeuroRing_5_0                                     |         1|
|7     |ulp_NeuroRing_6_0                                     |         1|
|8     |ulp_NeuroRing_7_0                                     |         1|
|9     |ulp_NeuroRing_8_0                                     |         1|
|10    |ulp_NeuroRing_9_0                                     |         1|
|11    |ulp_SynapseRouter_0_0                                 |         1|
|12    |ulp_SynapseRouter_1_0                                 |         1|
|13    |ulp_SynapseRouter_2_0                                 |         1|
|14    |ulp_SynapseRouter_3_0                                 |         1|
|15    |ulp_SynapseRouter_4_0                                 |         1|
|16    |ulp_SynapseRouter_5_0                                 |         1|
|17    |ulp_SynapseRouter_6_0                                 |         1|
|18    |ulp_SynapseRouter_7_0                                 |         1|
|19    |ulp_SynapseRouter_8_0                                 |         1|
|20    |ulp_SynapseRouter_9_0                                 |         1|
|21    |ulp_axi_ic_ctrl_mgmt_slr1_upgraded_ipi_imp_xbar_0     |         1|
|22    |ulp_axi_vip_data_0                                    |         1|
|23    |ulp_buffer_NeuroRing_0_SynapseStreamLeft_0            |         1|
|24    |ulp_buffer_NeuroRing_0_SynapseStreamRight_0           |         1|
|25    |ulp_buffer_NeuroRing_1_SynapseStreamLeft_0            |         1|
|26    |ulp_buffer_NeuroRing_1_SynapseStreamRight_0           |         1|
|27    |ulp_buffer_NeuroRing_2_SynapseStreamLeft_0            |         1|
|28    |ulp_buffer_NeuroRing_2_SynapseStreamRight_0           |         1|
|29    |ulp_buffer_NeuroRing_3_SynapseStreamLeft_0            |         1|
|30    |ulp_buffer_NeuroRing_3_SynapseStreamRight_0           |         1|
|31    |ulp_buffer_NeuroRing_4_SynapseStreamLeft_0            |         1|
|32    |ulp_buffer_NeuroRing_4_SynapseStreamRight_0           |         1|
|33    |ulp_buffer_NeuroRing_5_SynapseStreamLeft_0            |         1|
|34    |ulp_buffer_NeuroRing_5_SynapseStreamRight_0           |         1|
|35    |ulp_buffer_NeuroRing_6_SynapseStreamLeft_0            |         1|
|36    |ulp_buffer_NeuroRing_6_SynapseStreamRight_0           |         1|
|37    |ulp_buffer_NeuroRing_7_SynapseStreamLeft_0            |         1|
|38    |ulp_buffer_NeuroRing_7_SynapseStreamRight_0           |         1|
|39    |ulp_buffer_NeuroRing_8_SynapseStreamLeft_0            |         1|
|40    |ulp_buffer_NeuroRing_8_SynapseStreamRight_0           |         1|
|41    |ulp_buffer_NeuroRing_9_SynapseStreamLeft_0            |         1|
|42    |ulp_buffer_NeuroRing_9_SynapseStreamRight_0           |         1|
|43    |ulp_buffer_SynapseRouter_0_SpikeOutWeight_0           |         1|
|44    |ulp_buffer_SynapseRouter_0_syn_forward_rt_left_0      |         1|
|45    |ulp_buffer_SynapseRouter_0_syn_forward_rt_right_0     |         1|
|46    |ulp_buffer_SynapseRouter_1_SpikeOutWeight_0           |         1|
|47    |ulp_buffer_SynapseRouter_1_syn_forward_rt_left_0      |         1|
|48    |ulp_buffer_SynapseRouter_1_syn_forward_rt_right_0     |         1|
|49    |ulp_buffer_SynapseRouter_2_SpikeOutWeight_0           |         1|
|50    |ulp_buffer_SynapseRouter_2_syn_forward_rt_left_0      |         1|
|51    |ulp_buffer_SynapseRouter_2_syn_forward_rt_right_0     |         1|
|52    |ulp_buffer_SynapseRouter_3_SpikeOutWeight_0           |         1|
|53    |ulp_buffer_SynapseRouter_3_syn_forward_rt_left_0      |         1|
|54    |ulp_buffer_SynapseRouter_3_syn_forward_rt_right_0     |         1|
|55    |ulp_buffer_SynapseRouter_4_SpikeOutWeight_0           |         1|
|56    |ulp_buffer_SynapseRouter_4_syn_forward_rt_left_0      |         1|
|57    |ulp_buffer_SynapseRouter_4_syn_forward_rt_right_0     |         1|
|58    |ulp_buffer_SynapseRouter_5_SpikeOutWeight_0           |         1|
|59    |ulp_buffer_SynapseRouter_5_syn_forward_rt_left_0      |         1|
|60    |ulp_buffer_SynapseRouter_5_syn_forward_rt_right_0     |         1|
|61    |ulp_buffer_SynapseRouter_6_SpikeOutWeight_0           |         1|
|62    |ulp_buffer_SynapseRouter_6_syn_forward_rt_left_0      |         1|
|63    |ulp_buffer_SynapseRouter_6_syn_forward_rt_right_0     |         1|
|64    |ulp_buffer_SynapseRouter_7_SpikeOutWeight_0           |         1|
|65    |ulp_buffer_SynapseRouter_7_syn_forward_rt_left_0      |         1|
|66    |ulp_buffer_SynapseRouter_7_syn_forward_rt_right_0     |         1|
|67    |ulp_buffer_SynapseRouter_8_SpikeOutWeight_0           |         1|
|68    |ulp_buffer_SynapseRouter_8_syn_forward_rt_left_0      |         1|
|69    |ulp_buffer_SynapseRouter_8_syn_forward_rt_right_0     |         1|
|70    |ulp_buffer_SynapseRouter_9_SpikeOutWeight_0           |         1|
|71    |ulp_buffer_SynapseRouter_9_syn_forward_rt_left_0      |         1|
|72    |ulp_buffer_SynapseRouter_9_syn_forward_rt_right_0     |         1|
|73    |ulp_buffer_krnl_aurora_0_rx_axis_0                    |         1|
|74    |ulp_buffer_krnl_aurora_1_rx_axis_0                    |         1|
|75    |ulp_hmss_0_0                                          |         1|
|76    |ulp_ii_level0_wire_0                                  |         1|
|77    |ulp_krnl_aurora_0_0                                   |         1|
|78    |ulp_krnl_aurora_1_0                                   |         1|
|79    |ulp_proc_sys_reset_ctrl_slr0_0                        |         1|
|80    |ulp_proc_sys_reset_ctrl_slr1_0                        |         1|
|81    |ulp_proc_sys_reset_ctrl_slr2_0                        |         1|
|82    |ulp_proc_sys_reset_freerun_slr0_0                     |         1|
|83    |ulp_proc_sys_reset_freerun_slr1_0                     |         1|
|84    |ulp_proc_sys_reset_freerun_slr2_0                     |         1|
|85    |ulp_proc_sys_reset_kernel2_slr0_0                     |         1|
|86    |ulp_proc_sys_reset_kernel2_slr1_0                     |         1|
|87    |ulp_proc_sys_reset_kernel2_slr2_0                     |         1|
|88    |ulp_proc_sys_reset_kernel_slr0_0                      |         1|
|89    |ulp_proc_sys_reset_kernel_slr1_0                      |         1|
|90    |ulp_proc_sys_reset_kernel_slr2_0                      |         1|
|91    |ulp_ulp_cmp_0                                         |         1|
|92    |ulp_ulp_ucs_0                                         |         1|
|93    |ulp_axi_gpio_null_0                                   |         1|
|94    |ulp_axi_vip_ctrl_userpf_0                             |         1|
|95    |ulp_interconnect_axilite_user_imp_auto_cc_0           |         1|
|96    |ulp_interconnect_axilite_user_imp_s00_regslice_0      |         1|
|97    |ulp_regslice_control_userpf_0                         |         1|
|98    |ulp_axi_gpio_null_1                                   |         1|
|99    |ulp_axi_vip_ctrl_userpf_1                             |         1|
|100   |ulp_interconnect_axilite_user_imp_tier2_xbar_0_0      |         1|
|101   |ulp_interconnect_axilite_user_imp_tier2_xbar_1_0      |         1|
|102   |ulp_interconnect_axilite_user_imp_tier2_xbar_2_0      |         1|
|103   |ulp_interconnect_axilite_user_upgraded_ipi_imp_xbar_0 |         1|
|104   |ulp_interconnect_axilite_user_imp_auto_cc_1           |         1|
|105   |ulp_interconnect_axilite_user_imp_m00_regslice_0      |         1|
|106   |ulp_interconnect_axilite_user_imp_auto_cc_2           |         1|
|107   |ulp_interconnect_axilite_user_imp_m01_regslice_0      |         1|
|108   |ulp_interconnect_axilite_user_imp_auto_cc_3           |         1|
|109   |ulp_interconnect_axilite_user_imp_m02_regslice_0      |         1|
|110   |ulp_interconnect_axilite_user_imp_auto_cc_4           |         1|
|111   |ulp_interconnect_axilite_user_imp_m03_regslice_0      |         1|
|112   |ulp_interconnect_axilite_user_imp_auto_cc_5           |         1|
|113   |ulp_interconnect_axilite_user_imp_m04_regslice_0      |         1|
|114   |ulp_interconnect_axilite_user_imp_auto_cc_6           |         1|
|115   |ulp_interconnect_axilite_user_imp_m05_regslice_0      |         1|
|116   |ulp_interconnect_axilite_user_imp_auto_cc_7           |         1|
|117   |ulp_interconnect_axilite_user_imp_m06_regslice_0      |         1|
|118   |ulp_interconnect_axilite_user_imp_auto_cc_8           |         1|
|119   |ulp_interconnect_axilite_user_imp_m07_regslice_0      |         1|
|120   |ulp_interconnect_axilite_user_imp_auto_cc_9           |         1|
|121   |ulp_interconnect_axilite_user_imp_m08_regslice_0      |         1|
|122   |ulp_interconnect_axilite_user_imp_auto_cc_10          |         1|
|123   |ulp_interconnect_axilite_user_imp_m09_regslice_0      |         1|
|124   |ulp_interconnect_axilite_user_imp_auto_cc_11          |         1|
|125   |ulp_interconnect_axilite_user_imp_m10_regslice_0      |         1|
|126   |ulp_interconnect_axilite_user_imp_auto_cc_12          |         1|
|127   |ulp_interconnect_axilite_user_imp_m11_regslice_0      |         1|
|128   |ulp_interconnect_axilite_user_imp_auto_cc_13          |         1|
|129   |ulp_interconnect_axilite_user_imp_m12_regslice_0      |         1|
|130   |ulp_interconnect_axilite_user_imp_auto_cc_14          |         1|
|131   |ulp_interconnect_axilite_user_imp_m13_regslice_0      |         1|
|132   |ulp_interconnect_axilite_user_imp_auto_cc_15          |         1|
|133   |ulp_interconnect_axilite_user_imp_m14_regslice_0      |         1|
|134   |ulp_interconnect_axilite_user_imp_auto_cc_16          |         1|
|135   |ulp_interconnect_axilite_user_imp_m15_regslice_0      |         1|
|136   |ulp_interconnect_axilite_user_imp_auto_cc_17          |         1|
|137   |ulp_interconnect_axilite_user_imp_m16_regslice_0      |         1|
|138   |ulp_interconnect_axilite_user_imp_auto_cc_18          |         1|
|139   |ulp_interconnect_axilite_user_imp_m17_regslice_0      |         1|
|140   |ulp_interconnect_axilite_user_imp_auto_cc_19          |         1|
|141   |ulp_interconnect_axilite_user_imp_m18_regslice_0      |         1|
|142   |ulp_interconnect_axilite_user_imp_auto_cc_20          |         1|
|143   |ulp_interconnect_axilite_user_imp_m19_regslice_0      |         1|
|144   |ulp_interconnect_axilite_user_imp_auto_cc_21          |         1|
|145   |ulp_interconnect_axilite_user_imp_m20_regslice_0      |         1|
|146   |ulp_interconnect_axilite_user_imp_auto_cc_22          |         1|
|147   |ulp_interconnect_axilite_user_imp_m21_regslice_0      |         1|
|148   |ulp_interconnect_axilite_user_imp_auto_cc_23          |         1|
|149   |ulp_interconnect_axilite_user_imp_m22_regslice_0      |         1|
|150   |ulp_interconnect_axilite_user_imp_s00_regslice_1      |         1|
|151   |ulp_regslice_control_userpf_1                         |         1|
|152   |ulp_axi_gpio_null_2                                   |         1|
|153   |ulp_axi_vip_ctrl_userpf_2                             |         1|
|154   |ulp_interconnect_axilite_user_imp_auto_cc_24          |         1|
|155   |ulp_interconnect_axilite_user_imp_s00_regslice_2      |         1|
|156   |ulp_regslice_control_userpf_2                         |         1|
+------+------------------------------------------------------+----------+

Report Cell Usage: 
+------+----------------------------------------------------+------+
|      |Cell                                                |Count |
+------+----------------------------------------------------+------+
|1     |ulp_NeuroRing_0                                     |     1|
|2     |ulp_NeuroRing_1                                     |     1|
|3     |ulp_NeuroRing_2                                     |     1|
|4     |ulp_NeuroRing_3                                     |     1|
|5     |ulp_NeuroRing_4                                     |     1|
|6     |ulp_NeuroRing_5                                     |     1|
|7     |ulp_NeuroRing_6                                     |     1|
|8     |ulp_NeuroRing_7                                     |     1|
|9     |ulp_NeuroRing_8                                     |     1|
|10    |ulp_NeuroRing_9                                     |     1|
|11    |ulp_SynapseRouter_0                                 |     1|
|12    |ulp_SynapseRouter_1                                 |     1|
|13    |ulp_SynapseRouter_2                                 |     1|
|14    |ulp_SynapseRouter_3                                 |     1|
|15    |ulp_SynapseRouter_4                                 |     1|
|16    |ulp_SynapseRouter_5                                 |     1|
|17    |ulp_SynapseRouter_6                                 |     1|
|18    |ulp_SynapseRouter_7                                 |     1|
|19    |ulp_SynapseRouter_8                                 |     1|
|20    |ulp_SynapseRouter_9                                 |     1|
|21    |ulp_axi_gpio_null                                   |     3|
|24    |ulp_axi_ic_ctrl_mgmt_slr1_upgraded_ipi_imp_xbar     |     1|
|25    |ulp_axi_vip_ctrl_userpf                             |     3|
|28    |ulp_axi_vip_data                                    |     1|
|29    |ulp_buffer_NeuroRing_0_SynapseStreamLeft            |     1|
|30    |ulp_buffer_NeuroRing_0_SynapseStreamRight           |     1|
|31    |ulp_buffer_NeuroRing_1_SynapseStreamLeft            |     1|
|32    |ulp_buffer_NeuroRing_1_SynapseStreamRight           |     1|
|33    |ulp_buffer_NeuroRing_2_SynapseStreamLeft            |     1|
|34    |ulp_buffer_NeuroRing_2_SynapseStreamRight           |     1|
|35    |ulp_buffer_NeuroRing_3_SynapseStreamLeft            |     1|
|36    |ulp_buffer_NeuroRing_3_SynapseStreamRight           |     1|
|37    |ulp_buffer_NeuroRing_4_SynapseStreamLeft            |     1|
|38    |ulp_buffer_NeuroRing_4_SynapseStreamRight           |     1|
|39    |ulp_buffer_NeuroRing_5_SynapseStreamLeft            |     1|
|40    |ulp_buffer_NeuroRing_5_SynapseStreamRight           |     1|
|41    |ulp_buffer_NeuroRing_6_SynapseStreamLeft            |     1|
|42    |ulp_buffer_NeuroRing_6_SynapseStreamRight           |     1|
|43    |ulp_buffer_NeuroRing_7_SynapseStreamLeft            |     1|
|44    |ulp_buffer_NeuroRing_7_SynapseStreamRight           |     1|
|45    |ulp_buffer_NeuroRing_8_SynapseStreamLeft            |     1|
|46    |ulp_buffer_NeuroRing_8_SynapseStreamRight           |     1|
|47    |ulp_buffer_NeuroRing_9_SynapseStreamLeft            |     1|
|48    |ulp_buffer_NeuroRing_9_SynapseStreamRight           |     1|
|49    |ulp_buffer_SynapseRouter_0_SpikeOutWeight           |     1|
|50    |ulp_buffer_SynapseRouter_0_syn_forward_rt_left      |     1|
|51    |ulp_buffer_SynapseRouter_0_syn_forward_rt_right     |     1|
|52    |ulp_buffer_SynapseRouter_1_SpikeOutWeight           |     1|
|53    |ulp_buffer_SynapseRouter_1_syn_forward_rt_left      |     1|
|54    |ulp_buffer_SynapseRouter_1_syn_forward_rt_right     |     1|
|55    |ulp_buffer_SynapseRouter_2_SpikeOutWeight           |     1|
|56    |ulp_buffer_SynapseRouter_2_syn_forward_rt_left      |     1|
|57    |ulp_buffer_SynapseRouter_2_syn_forward_rt_right     |     1|
|58    |ulp_buffer_SynapseRouter_3_SpikeOutWeight           |     1|
|59    |ulp_buffer_SynapseRouter_3_syn_forward_rt_left      |     1|
|60    |ulp_buffer_SynapseRouter_3_syn_forward_rt_right     |     1|
|61    |ulp_buffer_SynapseRouter_4_SpikeOutWeight           |     1|
|62    |ulp_buffer_SynapseRouter_4_syn_forward_rt_left      |     1|
|63    |ulp_buffer_SynapseRouter_4_syn_forward_rt_right     |     1|
|64    |ulp_buffer_SynapseRouter_5_SpikeOutWeight           |     1|
|65    |ulp_buffer_SynapseRouter_5_syn_forward_rt_left      |     1|
|66    |ulp_buffer_SynapseRouter_5_syn_forward_rt_right     |     1|
|67    |ulp_buffer_SynapseRouter_6_SpikeOutWeight           |     1|
|68    |ulp_buffer_SynapseRouter_6_syn_forward_rt_left      |     1|
|69    |ulp_buffer_SynapseRouter_6_syn_forward_rt_right     |     1|
|70    |ulp_buffer_SynapseRouter_7_SpikeOutWeight           |     1|
|71    |ulp_buffer_SynapseRouter_7_syn_forward_rt_left      |     1|
|72    |ulp_buffer_SynapseRouter_7_syn_forward_rt_right     |     1|
|73    |ulp_buffer_SynapseRouter_8_SpikeOutWeight           |     1|
|74    |ulp_buffer_SynapseRouter_8_syn_forward_rt_left      |     1|
|75    |ulp_buffer_SynapseRouter_8_syn_forward_rt_right     |     1|
|76    |ulp_buffer_SynapseRouter_9_SpikeOutWeight           |     1|
|77    |ulp_buffer_SynapseRouter_9_syn_forward_rt_left      |     1|
|78    |ulp_buffer_SynapseRouter_9_syn_forward_rt_right     |     1|
|79    |ulp_buffer_krnl_aurora_0_rx_axis                    |     1|
|80    |ulp_buffer_krnl_aurora_1_rx_axis                    |     1|
|81    |ulp_hmss_0                                          |     1|
|82    |ulp_ii_level0_wire                                  |     1|
|83    |ulp_interconnect_axilite_user_imp_auto_cc           |    25|
|108   |ulp_interconnect_axilite_user_imp_m00_regslice      |     1|
|109   |ulp_interconnect_axilite_user_imp_m01_regslice      |     1|
|110   |ulp_interconnect_axilite_user_imp_m02_regslice      |     1|
|111   |ulp_interconnect_axilite_user_imp_m03_regslice      |     1|
|112   |ulp_interconnect_axilite_user_imp_m04_regslice      |     1|
|113   |ulp_interconnect_axilite_user_imp_m05_regslice      |     1|
|114   |ulp_interconnect_axilite_user_imp_m06_regslice      |     1|
|115   |ulp_interconnect_axilite_user_imp_m07_regslice      |     1|
|116   |ulp_interconnect_axilite_user_imp_m08_regslice      |     1|
|117   |ulp_interconnect_axilite_user_imp_m09_regslice      |     1|
|118   |ulp_interconnect_axilite_user_imp_m10_regslice      |     1|
|119   |ulp_interconnect_axilite_user_imp_m11_regslice      |     1|
|120   |ulp_interconnect_axilite_user_imp_m12_regslice      |     1|
|121   |ulp_interconnect_axilite_user_imp_m13_regslice      |     1|
|122   |ulp_interconnect_axilite_user_imp_m14_regslice      |     1|
|123   |ulp_interconnect_axilite_user_imp_m15_regslice      |     1|
|124   |ulp_interconnect_axilite_user_imp_m16_regslice      |     1|
|125   |ulp_interconnect_axilite_user_imp_m17_regslice      |     1|
|126   |ulp_interconnect_axilite_user_imp_m18_regslice      |     1|
|127   |ulp_interconnect_axilite_user_imp_m19_regslice      |     1|
|128   |ulp_interconnect_axilite_user_imp_m20_regslice      |     1|
|129   |ulp_interconnect_axilite_user_imp_m21_regslice      |     1|
|130   |ulp_interconnect_axilite_user_imp_m22_regslice      |     1|
|131   |ulp_interconnect_axilite_user_imp_s00_regslice      |     3|
|134   |ulp_interconnect_axilite_user_imp_tier2_xbar_0      |     1|
|135   |ulp_interconnect_axilite_user_imp_tier2_xbar_1      |     1|
|136   |ulp_interconnect_axilite_user_imp_tier2_xbar_2      |     1|
|137   |ulp_interconnect_axilite_user_upgraded_ipi_imp_xbar |     1|
|138   |ulp_krnl_aurora_0                                   |     1|
|139   |ulp_krnl_aurora_1                                   |     1|
|140   |ulp_proc_sys_reset_ctrl_slr0                        |     1|
|141   |ulp_proc_sys_reset_ctrl_slr1                        |     1|
|142   |ulp_proc_sys_reset_ctrl_slr2                        |     1|
|143   |ulp_proc_sys_reset_freerun_slr0                     |     1|
|144   |ulp_proc_sys_reset_freerun_slr1                     |     1|
|145   |ulp_proc_sys_reset_freerun_slr2                     |     1|
|146   |ulp_proc_sys_reset_kernel2_slr0                     |     1|
|147   |ulp_proc_sys_reset_kernel2_slr1                     |     1|
|148   |ulp_proc_sys_reset_kernel2_slr2                     |     1|
|149   |ulp_proc_sys_reset_kernel_slr0                      |     1|
|150   |ulp_proc_sys_reset_kernel_slr1                      |     1|
|151   |ulp_proc_sys_reset_kernel_slr2                      |     1|
|152   |ulp_regslice_control_userpf                         |     3|
|155   |ulp_ulp_cmp                                         |     1|
|156   |ulp_ulp_ucs                                         |     1|
+------+----------------------------------------------------+------+
---------------------------------------------------------------------------------
Finished Writing Synthesis Report : Time (s): cpu = 00:00:54 ; elapsed = 00:01:05 . Memory (MB): peak = 4617.395 ; gain = 0.000 ; free physical = 48004 ; free virtual = 94450
---------------------------------------------------------------------------------
Synthesis finished with 0 errors, 0 critical warnings and 81 warnings.
Synthesis Optimization Runtime : Time (s): cpu = 00:00:36 ; elapsed = 00:00:40 . Memory (MB): peak = 4617.395 ; gain = 0.000 ; free physical = 47691 ; free virtual = 94137
Synthesis Optimization Complete : Time (s): cpu = 00:00:54 ; elapsed = 00:01:06 . Memory (MB): peak = 4617.395 ; gain = 0.000 ; free physical = 47688 ; free virtual = 94134
INFO: [Project 1-571] Translating synthesized netlist
Netlist sorting complete. Time (s): cpu = 00:00:00.31 ; elapsed = 00:00:00.31 . Memory (MB): peak = 4617.395 ; gain = 0.000 ; free physical = 44820 ; free virtual = 91266
INFO: [Project 1-570] Preparing netlist for logic optimization
INFO: [Opt 31-138] Pushed 0 inverter(s) to 0 load pin(s).
Netlist sorting complete. Time (s): cpu = 00:00:00 ; elapsed = 00:00:00.01 . Memory (MB): peak = 4617.395 ; gain = 0.000 ; free physical = 44172 ; free virtual = 90650
INFO: [Project 1-111] Unisim Transformation Summary:
No Unisim elements were transformed.

Synth Design complete | Checksum: c40eacde
INFO: [Common 17-83] Releasing license: Synthesis
228 Infos, 269 Warnings, 0 Critical Warnings and 0 Errors encountered.
synth_design completed successfully
synth_design: Time (s): cpu = 00:01:21 ; elapsed = 00:01:38 . Memory (MB): peak = 4617.395 ; gain = 2669.270 ; free physical = 43806 ; free virtual = 90253
INFO: [Common 17-2834] synth_design peak Physical Memory [PSS] (MB): overall = 3524.906; main = 3460.887; forked = 186.489
INFO: [Common 17-2834] synth_design peak Virtual Memory [VSS] (MB): overall = 5349.141; main = 4483.047; forked = 955.207
INFO: [Coretcl 2-1174] Renamed 29 cell refs.
INFO: [Common 17-1381] The checkpoint '/home/miahafiz/NeuroRing_a_2048/_x.hw.NUM_2048.CORE_10.FREQ_300/link/vivado/vpl/prj/prj.runs/my_rm_synth_1/ulp.dcp' has been generated.
INFO: [Common 17-206] Exiting Vivado at Fri Feb 27 13:31:29 2026...
